state,year,race,pop
Alabama (01),1990,American Indian or Alaska Native,16224
Alabama (01),1990,Asian or Pacific Islander,21869
Alabama (01),1990,Black or African American,1024198
Alabama (01),1990,White,2987764
Alabama (01),1991,American Indian or Alaska Native,17015
Alabama (01),1991,Asian or Pacific Islander,23082
Alabama (01),1991,Black or African American,1040280
Alabama (01),1991,White,3018779
Alabama (01),1992,American Indian or Alaska Native,17357
Alabama (01),1992,Asian or Pacific Islander,24350
Alabama (01),1992,Black or African American,1060627
Alabama (01),1992,White,3051680
Alabama (01),1993,American Indian or Alaska Native,18002
Alabama (01),1993,Asian or Pacific Islander,26272
Alabama (01),1993,Black or African American,1081479
Alabama (01),1993,White,3088449
Alabama (01),1994,American Indian or Alaska Native,18566
Alabama (01),1994,Asian or Pacific Islander,27681
Alabama (01),1994,Black or African American,1099593
Alabama (01),1994,White,3114389
Alabama (01),1995,American Indian or Alaska Native,19386
Alabama (01),1995,Asian or Pacific Islander,29288
Alabama (01),1995,Black or African American,1114033
Alabama (01),1995,White,3134093
Alabama (01),1996,American Indian or Alaska Native,20493
Alabama (01),1996,Asian or Pacific Islander,30558
Alabama (01),1996,Black or African American,1125093
Alabama (01),1996,White,3154959
Alabama (01),1997,American Indian or Alaska Native,21229
Alabama (01),1997,Asian or Pacific Islander,31743
Alabama (01),1997,Black or African American,1140120
Alabama (01),1997,White,3174843
Alabama (01),1998,American Indian or Alaska Native,21783
Alabama (01),1998,Asian or Pacific Islander,32630
Alabama (01),1998,Black or African American,1152248
Alabama (01),1998,White,3198040
Alabama (01),1999,American Indian or Alaska Native,22666
Alabama (01),1999,Asian or Pacific Islander,33494
Alabama (01),1999,Black or African American,1162673
Alabama (01),1999,White,3211308
Alabama (01),2000,American Indian or Alaska Native,25139
Alabama (01),2000,Asian or Pacific Islander,36561
Alabama (01),2000,Black or African American,1170617
Alabama (01),2000,White,3219856
Alabama (01),2001,American Indian or Alaska Native,26010
Alabama (01),2001,Asian or Pacific Islander,38517
Alabama (01),2001,Black or African American,1177479
Alabama (01),2001,White,3225628
Alabama (01),2002,American Indian or Alaska Native,27003
Alabama (01),2002,Asian or Pacific Islander,40783
Alabama (01),2002,Black or African American,1182591
Alabama (01),2002,White,3229712
Alabama (01),2003,American Indian or Alaska Native,28065
Alabama (01),2003,Asian or Pacific Islander,43407
Alabama (01),2003,Black or African American,1190183
Alabama (01),2003,White,3241836
Alabama (01),2004,American Indian or Alaska Native,28974
Alabama (01),2004,Asian or Pacific Islander,46752
Alabama (01),2004,Black or African American,1199192
Alabama (01),2004,White,3255811
Alabama (01),2005,American Indian or Alaska Native,29957
Alabama (01),2005,Asian or Pacific Islander,49897
Alabama (01),2005,Black or African American,1210903
Alabama (01),2005,White,3279048
Alabama (01),2006,American Indian or Alaska Native,31165
Alabama (01),2006,Asian or Pacific Islander,53122
Alabama (01),2006,Black or African American,1230534
Alabama (01),2006,White,3314160
Alabama (01),2007,American Indian or Alaska Native,32273
Alabama (01),2007,Asian or Pacific Islander,56067
Alabama (01),2007,Black or African American,1243867
Alabama (01),2007,White,3340633
Alabama (01),2008,American Indian or Alaska Native,33518
Alabama (01),2008,Asian or Pacific Islander,58975
Alabama (01),2008,Black or African American,1259177
Alabama (01),2008,White,3366536
Alabama (01),2009,American Indian or Alaska Native,34844
Alabama (01),2009,Asian or Pacific Islander,62645
Alabama (01),2009,Black or African American,1271247
Alabama (01),2009,White,3389202
Alabama (01),2010,American Indian or Alaska Native,35778
Alabama (01),2010,Asian or Pacific Islander,65197
Alabama (01),2010,Black or African American,1281608
Alabama (01),2010,White,3402854
Alabama (01),2011,American Indian or Alaska Native,35770
Alabama (01),2011,Asian or Pacific Islander,67090
Alabama (01),2011,Black or African American,1288355
Alabama (01),2011,White,3407854
Alabama (01),2012,American Indian or Alaska Native,35921
Alabama (01),2012,Asian or Pacific Islander,70522
Alabama (01),2012,Black or African American,1298130
Alabama (01),2012,White,3411015
Alabama (01),2013,American Indian or Alaska Native,35987
Alabama (01),2013,Asian or Pacific Islander,72955
Alabama (01),2013,Black or African American,1307809
Alabama (01),2013,White,3413330
Alabama (01),2014,American Indian or Alaska Native,36229
Alabama (01),2014,Asian or Pacific Islander,75072
Alabama (01),2014,Black or African American,1314912
Alabama (01),2014,White,3415586
Alabama (01),2015,American Indian or Alaska Native,36544
Alabama (01),2015,Asian or Pacific Islander,77463
Alabama (01),2015,Black or African American,1322623
Alabama (01),2015,White,3415717
Alabama (01),2016,American Indian or Alaska Native,36847
Alabama (01),2016,Asian or Pacific Islander,80027
Alabama (01),2016,Black or African American,1327937
Alabama (01),2016,White,3418714
Alabama (01),2017,American Indian or Alaska Native,37168
Alabama (01),2017,Asian or Pacific Islander,82037
Alabama (01),2017,Black or African American,1332866
Alabama (01),2017,White,3422415
Alabama (01),2018,American Indian or Alaska Native,37734
Alabama (01),2018,Asian or Pacific Islander,83530
Alabama (01),2018,Black or African American,1337780
Alabama (01),2018,White,3428637
Alabama (01),2019,American Indian or Alaska Native,38256
Alabama (01),2019,Asian or Pacific Islander,85143
Alabama (01),2019,Black or African American,1342306
Alabama (01),2019,White,3437480
Alaska (02),1990,American Indian or Alaska Native,87214
Alaska (02),1990,Asian or Pacific Islander,20135
Alaska (02),1990,Black or African American,22665
Alaska (02),1990,White,423276
Alaska (02),1991,American Indian or Alaska Native,89608
Alaska (02),1991,Asian or Pacific Islander,21194
Alaska (02),1991,Black or African American,23030
Alaska (02),1991,White,436361
Alaska (02),1992,American Indian or Alaska Native,92191
Alaska (02),1992,Asian or Pacific Islander,22509
Alaska (02),1992,Black or African American,24744
Alaska (02),1992,White,449292
Alaska (02),1993,American Indian or Alaska Native,94088
Alaska (02),1993,Asian or Pacific Islander,23773
Alaska (02),1993,Black or African American,26578
Alaska (02),1993,White,454995
Alaska (02),1994,American Indian or Alaska Native,95764
Alaska (02),1994,Asian or Pacific Islander,24741
Alaska (02),1994,Black or African American,26129
Alaska (02),1994,White,456674
Alaska (02),1995,American Indian or Alaska Native,96969
Alaska (02),1995,Asian or Pacific Islander,25624
Alaska (02),1995,Black or African American,24854
Alaska (02),1995,White,456965
Alaska (02),1996,American Indian or Alaska Native,99390
Alaska (02),1996,Asian or Pacific Islander,26947
Alaska (02),1996,Black or African American,24463
Alaska (02),1996,White,457769
Alaska (02),1997,American Indian or Alaska Native,101459
Alaska (02),1997,Asian or Pacific Islander,28249
Alaska (02),1997,Black or African American,25352
Alaska (02),1997,White,457908
Alaska (02),1998,American Indian or Alaska Native,103986
Alaska (02),1998,Asian or Pacific Islander,29196
Alaska (02),1998,Black or African American,26195
Alaska (02),1998,White,460556
Alaska (02),1999,American Indian or Alaska Native,105727
Alaska (02),1999,Asian or Pacific Islander,30390
Alaska (02),1999,Black or African American,26610
Alaska (02),1999,White,462052
Alaska (02),2000,American Indian or Alaska Native,107966
Alaska (02),2000,Asian or Pacific Islander,32194
Alaska (02),2000,Black or African American,26707
Alaska (02),2000,White,461096
Alaska (02),2001,American Indian or Alaska Native,108715
Alaska (02),2001,Asian or Pacific Islander,33834
Alaska (02),2001,Black or African American,27347
Alaska (02),2001,White,463818
Alaska (02),2002,American Indian or Alaska Native,109756
Alaska (02),2002,Asian or Pacific Islander,35716
Alaska (02),2002,Black or African American,28157
Alaska (02),2002,White,468708
Alaska (02),2003,American Indian or Alaska Native,110936
Alaska (02),2003,Asian or Pacific Islander,37741
Alaska (02),2003,Black or African American,28196
Alaska (02),2003,White,471541
Alaska (02),2004,American Indian or Alaska Native,112721
Alaska (02),2004,Asian or Pacific Islander,39436
Alaska (02),2004,Black or African American,28663
Alaska (02),2004,White,478466
Alaska (02),2005,American Indian or Alaska Native,114256
Alaska (02),2005,Asian or Pacific Islander,41227
Alaska (02),2005,Black or African American,28771
Alaska (02),2005,White,482692
Alaska (02),2006,American Indian or Alaska Native,115621
Alaska (02),2006,Asian or Pacific Islander,42649
Alaska (02),2006,Black or African American,29078
Alaska (02),2006,White,487954
Alaska (02),2007,American Indian or Alaska Native,116298
Alaska (02),2007,Asian or Pacific Islander,43997
Alaska (02),2007,Black or African American,29592
Alaska (02),2007,White,490413
Alaska (02),2008,American Indian or Alaska Native,117376
Alaska (02),2008,Asian or Pacific Islander,46039
Alaska (02),2008,Black or African American,30075
Alaska (02),2008,White,493965
Alaska (02),2009,American Indian or Alaska Native,119327
Alaska (02),2009,Asian or Pacific Islander,49128
Alaska (02),2009,Black or African American,30573
Alaska (02),2009,White,499867
Alaska (02),2010,American Indian or Alaska Native,120933
Alaska (02),2010,Asian or Pacific Islander,51496
Alaska (02),2010,Black or African American,31799
Alaska (02),2010,White,509682
Alaska (02),2011,American Indian or Alaska Native,122430
Alaska (02),2011,Asian or Pacific Islander,53360
Alaska (02),2011,Black or African American,32777
Alaska (02),2011,White,513561
Alaska (02),2012,American Indian or Alaska Native,123675
Alaska (02),2012,Asian or Pacific Islander,55448
Alaska (02),2012,Black or African American,34102
Alaska (02),2012,White,517218
Alaska (02),2013,American Indian or Alaska Native,124896
Alaska (02),2013,Asian or Pacific Islander,57703
Alaska (02),2013,Black or African American,34957
Alaska (02),2013,White,519512
Alaska (02),2014,American Indian or Alaska Native,125830
Alaska (02),2014,Asian or Pacific Islander,58469
Alaska (02),2014,Black or African American,34938
Alaska (02),2014,White,517046
Alaska (02),2015,American Indian or Alaska Native,126751
Alaska (02),2015,Asian or Pacific Islander,59788
Alaska (02),2015,Black or African American,35086
Alaska (02),2015,White,515873
Alaska (02),2016,American Indian or Alaska Native,127667
Alaska (02),2016,Asian or Pacific Islander,61798
Alaska (02),2016,Black or African American,35879
Alaska (02),2016,White,516112
Alaska (02),2017,American Indian or Alaska Native,128125
Alaska (02),2017,Asian or Pacific Islander,63664
Alaska (02),2017,Black or African American,36213
Alaska (02),2017,White,511698
Alaska (02),2018,American Indian or Alaska Native,128287
Alaska (02),2018,Asian or Pacific Islander,63630
Alaska (02),2018,Black or African American,36259
Alaska (02),2018,White,506963
Alaska (02),2019,American Indian or Alaska Native,128261
Alaska (02),2019,Asian or Pacific Islander,63853
Alaska (02),2019,Black or African American,35955
Alaska (02),2019,White,503476
Arizona (04),1990,American Indian or Alaska Native,215940
Arizona (04),1990,Asian or Pacific Islander,59175
Arizona (04),1990,Black or African American,115796
Arizona (04),1990,White,3293186
Arizona (04),1991,American Indian or Alaska Native,222457
Arizona (04),1991,Asian or Pacific Islander,63684
Arizona (04),1991,Black or African American,121994
Arizona (04),1991,White,3380441
Arizona (04),1992,American Indian or Alaska Native,229298
Arizona (04),1992,Asian or Pacific Islander,68132
Arizona (04),1992,Black or African American,127617
Arizona (04),1992,White,3490693
Arizona (04),1993,American Indian or Alaska Native,237276
Arizona (04),1993,Asian or Pacific Islander,74247
Arizona (04),1993,Black or African American,133252
Arizona (04),1993,White,3620665
Arizona (04),1994,American Indian or Alaska Native,243930
Arizona (04),1994,Asian or Pacific Islander,80476
Arizona (04),1994,Black or African American,141948
Arizona (04),1994,White,3778735
Arizona (04),1995,American Indian or Alaska Native,253174
Arizona (04),1995,Asian or Pacific Islander,87113
Arizona (04),1995,Black or African American,150424
Arizona (04),1995,White,3941788
Arizona (04),1996,American Indian or Alaska Native,259560
Arizona (04),1996,Asian or Pacific Islander,93555
Arizona (04),1996,Black or African American,157868
Arizona (04),1996,White,4075957
Arizona (04),1997,American Indian or Alaska Native,265399
Arizona (04),1997,Asian or Pacific Islander,99329
Arizona (04),1997,Black or African American,164445
Arizona (04),1997,White,4207817
Arizona (04),1998,American Indian or Alaska Native,269706
Arizona (04),1998,Asian or Pacific Islander,104688
Arizona (04),1998,Black or African American,171440
Arizona (04),1998,White,4337508
Arizona (04),1999,American Indian or Alaska Native,275286
Arizona (04),1999,Asian or Pacific Islander,110336
Arizona (04),1999,Black or African American,177619
Arizona (04),1999,White,4460582
Arizona (04),2000,American Indian or Alaska Native,280002
Arizona (04),2000,Asian or Pacific Islander,116826
Arizona (04),2000,Black or African American,184843
Arizona (04),2000,White,4578915
Arizona (04),2001,American Indian or Alaska Native,284705
Arizona (04),2001,Asian or Pacific Islander,125272
Arizona (04),2001,Black or African American,194201
Arizona (04),2001,White,4669299
Arizona (04),2002,American Indian or Alaska Native,291458
Arizona (04),2002,Asian or Pacific Islander,134342
Arizona (04),2002,Black or African American,204176
Arizona (04),2002,White,4766279
Arizona (04),2003,American Indian or Alaska Native,298633
Arizona (04),2003,Asian or Pacific Islander,143220
Arizona (04),2003,Black or African American,213993
Arizona (04),2003,White,4854518
Arizona (04),2004,American Indian or Alaska Native,306256
Arizona (04),2004,Asian or Pacific Islander,153388
Arizona (04),2004,Black or African American,226956
Arizona (04),2004,White,4965804
Arizona (04),2005,American Indian or Alaska Native,316197
Arizona (04),2005,Asian or Pacific Islander,167814
Arizona (04),2005,Black or African American,243074
Arizona (04),2005,White,5111992
Arizona (04),2006,American Indian or Alaska Native,327058
Arizona (04),2006,Asian or Pacific Islander,184455
Arizona (04),2006,Black or African American,262150
Arizona (04),2006,White,5255478
Arizona (04),2007,American Indian or Alaska Native,336800
Arizona (04),2007,Asian or Pacific Islander,197939
Arizona (04),2007,Black or African American,278537
Arizona (04),2007,White,5354405
Arizona (04),2008,American Indian or Alaska Native,346539
Arizona (04),2008,Asian or Pacific Islander,209252
Arizona (04),2008,Black or African American,294617
Arizona (04),2008,White,5429954
Arizona (04),2009,American Indian or Alaska Native,353144
Arizona (04),2009,Asian or Pacific Islander,217943
Arizona (04),2009,Black or African American,308020
Arizona (04),2009,White,5464047
Arizona (04),2010,American Indian or Alaska Native,359627
Arizona (04),2010,Asian or Pacific Islander,225678
Arizona (04),2010,Black or African American,317786
Arizona (04),2010,White,5504081
Arizona (04),2011,American Indian or Alaska Native,365402
Arizona (04),2011,Asian or Pacific Islander,235495
Arizona (04),2011,Black or African American,326429
Arizona (04),2011,White,5545317
Arizona (04),2012,American Indian or Alaska Native,372022
Arizona (04),2012,Asian or Pacific Islander,245321
Arizona (04),2012,Black or African American,336982
Arizona (04),2012,White,5600653
Arizona (04),2013,American Indian or Alaska Native,377955
Arizona (04),2013,Asian or Pacific Islander,255933
Arizona (04),2013,Black or African American,347108
Arizona (04),2013,White,5651768
Arizona (04),2014,American Indian or Alaska Native,384281
Arizona (04),2014,Asian or Pacific Islander,267742
Arizona (04),2014,Black or African American,358667
Arizona (04),2014,White,5719723
Arizona (04),2015,American Indian or Alaska Native,389911
Arizona (04),2015,Asian or Pacific Islander,277476
Arizona (04),2015,Black or African American,371720
Arizona (04),2015,White,5790569
Arizona (04),2016,American Indian or Alaska Native,396308
Arizona (04),2016,Asian or Pacific Islander,289908
Arizona (04),2016,Black or African American,386497
Arizona (04),2016,White,5868359
Arizona (04),2017,American Indian or Alaska Native,402483
Arizona (04),2017,Asian or Pacific Islander,298907
Arizona (04),2017,Black or African American,399318
Arizona (04),2017,White,5943300
Arizona (04),2018,American Indian or Alaska Native,408333
Arizona (04),2018,Asian or Pacific Islander,306466
Arizona (04),2018,Black or African American,413472
Arizona (04),2018,White,6029753
Arizona (04),2019,American Indian or Alaska Native,414011
Arizona (04),2019,Asian or Pacific Islander,317182
Arizona (04),2019,Black or African American,428589
Arizona (04),2019,White,6118935
Arkansas (05),1990,American Indian or Alaska Native,12356
Arkansas (05),1990,Asian or Pacific Islander,12249
Arkansas (05),1990,Black or African American,375370
Arkansas (05),1990,White,1956611
Arkansas (05),1991,American Indian or Alaska Native,12598
Arkansas (05),1991,Asian or Pacific Islander,12690
Arkansas (05),1991,Black or African American,380194
Arkansas (05),1991,White,1977662
Arkansas (05),1992,American Indian or Alaska Native,13177
Arkansas (05),1992,Asian or Pacific Islander,13243
Arkansas (05),1992,Black or African American,386732
Arkansas (05),1992,White,2002832
Arkansas (05),1993,American Indian or Alaska Native,13456
Arkansas (05),1993,Asian or Pacific Islander,14545
Arkansas (05),1993,Black or African American,393794
Arkansas (05),1993,White,2034508
Arkansas (05),1994,American Indian or Alaska Native,13657
Arkansas (05),1994,Asian or Pacific Islander,15564
Arkansas (05),1994,Black or African American,398538
Arkansas (05),1994,White,2066260
Arkansas (05),1995,American Indian or Alaska Native,14317
Arkansas (05),1995,Asian or Pacific Islander,16974
Arkansas (05),1995,Black or African American,404627
Arkansas (05),1995,White,2099481
Arkansas (05),1996,American Indian or Alaska Native,15325
Arkansas (05),1996,Asian or Pacific Islander,18264
Arkansas (05),1996,Black or African American,411450
Arkansas (05),1996,White,2127070
Arkansas (05),1997,American Indian or Alaska Native,16028
Arkansas (05),1997,Asian or Pacific Islander,19615
Arkansas (05),1997,Black or African American,416292
Arkansas (05),1997,White,2149156
Arkansas (05),1998,American Indian or Alaska Native,17040
Arkansas (05),1998,Asian or Pacific Islander,20350
Arkansas (05),1998,Black or African American,420780
Arkansas (05),1998,White,2168119
Arkansas (05),1999,American Indian or Alaska Native,18045
Arkansas (05),1999,Asian or Pacific Islander,21433
Arkansas (05),1999,Black or African American,424438
Arkansas (05),1999,White,2187944
Arkansas (05),2000,American Indian or Alaska Native,20037
Arkansas (05),2000,Asian or Pacific Islander,24539
Arkansas (05),2000,Black or African American,427259
Arkansas (05),2000,White,2206753
Arkansas (05),2001,American Indian or Alaska Native,20829
Arkansas (05),2001,Asian or Pacific Islander,26157
Arkansas (05),2001,Black or African American,429929
Arkansas (05),2001,White,2214656
Arkansas (05),2002,American Indian or Alaska Native,21526
Arkansas (05),2002,Asian or Pacific Islander,27954
Arkansas (05),2002,Black or African American,432330
Arkansas (05),2002,White,2224117
Arkansas (05),2003,American Indian or Alaska Native,22277
Arkansas (05),2003,Asian or Pacific Islander,30087
Arkansas (05),2003,Black or African American,435025
Arkansas (05),2003,White,2237427
Arkansas (05),2004,American Indian or Alaska Native,23054
Arkansas (05),2004,Asian or Pacific Islander,32575
Arkansas (05),2004,Black or African American,438712
Arkansas (05),2004,White,2255345
Arkansas (05),2005,American Indian or Alaska Native,24240
Arkansas (05),2005,Asian or Pacific Islander,35186
Arkansas (05),2005,Black or African American,442674
Arkansas (05),2005,White,2278997
Arkansas (05),2006,American Indian or Alaska Native,25108
Arkansas (05),2006,Asian or Pacific Islander,37822
Arkansas (05),2006,Black or African American,450382
Arkansas (05),2006,White,2308449
Arkansas (05),2007,American Indian or Alaska Native,26220
Arkansas (05),2007,Asian or Pacific Islander,40045
Arkansas (05),2007,Black or African American,453433
Arkansas (05),2007,White,2328952
Arkansas (05),2008,American Indian or Alaska Native,27242
Arkansas (05),2008,Asian or Pacific Islander,42091
Arkansas (05),2008,Black or African American,458375
Arkansas (05),2008,White,2346846
Arkansas (05),2009,American Indian or Alaska Native,28106
Arkansas (05),2009,Asian or Pacific Islander,44948
Arkansas (05),2009,Black or African American,462207
Arkansas (05),2009,White,2361582
Arkansas (05),2010,American Indian or Alaska Native,29137
Arkansas (05),2010,Asian or Pacific Islander,47569
Arkansas (05),2010,Black or African American,467413
Arkansas (05),2010,White,2377845
Arkansas (05),2011,American Indian or Alaska Native,29584
Arkansas (05),2011,Asian or Pacific Islander,50406
Arkansas (05),2011,Black or African American,470809
Arkansas (05),2011,White,2389868
Arkansas (05),2012,American Indian or Alaska Native,30310
Arkansas (05),2012,Asian or Pacific Islander,53402
Arkansas (05),2012,Black or African American,473044
Arkansas (05),2012,White,2395408
Arkansas (05),2013,American Indian or Alaska Native,30611
Arkansas (05),2013,Asian or Pacific Islander,54788
Arkansas (05),2013,Black or African American,475770
Arkansas (05),2013,White,2398231
Arkansas (05),2014,American Indian or Alaska Native,31130
Arkansas (05),2014,Asian or Pacific Islander,56662
Arkansas (05),2014,Black or African American,478239
Arkansas (05),2014,White,2401361
Arkansas (05),2015,American Indian or Alaska Native,31656
Arkansas (05),2015,Asian or Pacific Islander,58902
Arkansas (05),2015,Black or African American,481670
Arkansas (05),2015,White,2405820
Arkansas (05),2016,American Indian or Alaska Native,32470
Arkansas (05),2016,Asian or Pacific Islander,61784
Arkansas (05),2016,Black or African American,485205
Arkansas (05),2016,White,2410459
Arkansas (05),2017,American Indian or Alaska Native,33263
Arkansas (05),2017,Asian or Pacific Islander,63991
Arkansas (05),2017,Black or African American,487511
Arkansas (05),2017,White,2416580
Arkansas (05),2018,American Indian or Alaska Native,33923
Arkansas (05),2018,Asian or Pacific Islander,64929
Arkansas (05),2018,Black or African American,489481
Arkansas (05),2018,White,2421400
Arkansas (05),2019,American Indian or Alaska Native,34366
Arkansas (05),2019,Asian or Pacific Islander,66421
Arkansas (05),2019,Black or African American,491009
Arkansas (05),2019,White,2426008
California (06),1990,American Indian or Alaska Native,290666
California (06),1990,Asian or Pacific Islander,2992240
California (06),1990,Black or African American,2322371
California (06),1990,White,24354238
California (06),1991,American Indian or Alaska Native,304866
California (06),1991,Asian or Pacific Islander,3129673
California (06),1991,Black or African American,2361537
California (06),1991,White,24674660
California (06),1992,American Indian or Alaska Native,320375
California (06),1992,Asian or Pacific Islander,3271912
California (06),1992,Black or African American,2394610
California (06),1992,White,24987762
California (06),1993,American Indian or Alaska Native,335651
California (06),1993,Asian or Pacific Islander,3401428
California (06),1993,Black or African American,2406609
California (06),1993,White,25131240
California (06),1994,American Indian or Alaska Native,351450
California (06),1994,Asian or Pacific Islander,3507001
California (06),1994,Black or African American,2411731
California (06),1994,White,25214253
California (06),1995,American Indian or Alaska Native,367482
California (06),1995,Asian or Pacific Islander,3612456
California (06),1995,Black or African American,2418634
California (06),1995,White,25298010
California (06),1996,American Indian or Alaska Native,386136
California (06),1996,Asian or Pacific Islander,3713344
California (06),1996,Black or African American,2434897
California (06),1996,White,25484457
California (06),1997,American Indian or Alaska Native,406190
California (06),1997,Asian or Pacific Islander,3829335
California (06),1997,Black or African American,2455408
California (06),1997,White,25795077
California (06),1998,American Indian or Alaska Native,429045
California (06),1998,Asian or Pacific Islander,3939259
California (06),1998,Black or African American,2477681
California (06),1998,White,26141690
California (06),1999,American Indian or Alaska Native,453029
California (06),1999,Asian or Pacific Islander,4051272
California (06),1999,Black or African American,2502469
California (06),1999,White,26492434
California (06),2000,American Indian or Alaska Native,477508
California (06),2000,Asian or Pacific Islander,4175057
California (06),2000,Black or African American,2523792
California (06),2000,White,26811620
California (06),2001,American Indian or Alaska Native,495065
California (06),2001,Asian or Pacific Islander,4338380
California (06),2001,Black or African American,2547829
California (06),2001,White,27098184
California (06),2002,American Indian or Alaska Native,513001
California (06),2002,Asian or Pacific Islander,4482498
California (06),2002,Black or African American,2567326
California (06),2002,White,27309018
California (06),2003,American Indian or Alaska Native,534792
California (06),2003,Asian or Pacific Islander,4621258
California (06),2003,Black or African American,2585567
California (06),2003,White,27511542
California (06),2004,American Indian or Alaska Native,557610
California (06),2004,Asian or Pacific Islander,4750147
California (06),2004,Black or African American,2603152
California (06),2004,White,27663667
California (06),2005,American Indian or Alaska Native,581877
California (06),2005,Asian or Pacific Islander,4884264
California (06),2005,Black or African American,2615407
California (06),2005,White,27746395
California (06),2006,American Indian or Alaska Native,607308
California (06),2006,Asian or Pacific Islander,5013374
California (06),2006,Black or African American,2626937
California (06),2006,White,27773583
California (06),2007,American Indian or Alaska Native,636353
California (06),2007,Asian or Pacific Islander,5142253
California (06),2007,Black or African American,2639369
California (06),2007,White,27832336
California (06),2008,American Indian or Alaska Native,669667
California (06),2008,Asian or Pacific Islander,5281970
California (06),2008,Black or African American,2662354
California (06),2008,White,27990346
California (06),2009,American Indian or Alaska Native,709279
California (06),2009,Asian or Pacific Islander,5412716
California (06),2009,Black or African American,2691724
California (06),2009,White,28147510
California (06),2010,American Indian or Alaska Native,740467
California (06),2010,Asian or Pacific Islander,5540075
California (06),2010,Black or African American,2722120
California (06),2010,White,28316840
California (06),2011,American Indian or Alaska Native,744796
California (06),2011,Asian or Pacific Islander,5659511
California (06),2011,Black or African American,2738686
California (06),2011,White,28495376
California (06),2012,American Indian or Alaska Native,749043
California (06),2012,Asian or Pacific Islander,5778558
California (06),2012,Black or African American,2754119
California (06),2012,White,28667080
California (06),2013,American Indian or Alaska Native,753163
California (06),2013,Asian or Pacific Islander,5914292
California (06),2013,Black or African American,2767158
California (06),2013,White,28826174
California (06),2014,American Indian or Alaska Native,757617
California (06),2014,Asian or Pacific Islander,6060095
California (06),2014,Black or African American,2787262
California (06),2014,White,28991998
California (06),2015,American Indian or Alaska Native,762053
California (06),2015,Asian or Pacific Islander,6218978
California (06),2015,Black or African American,2804202
California (06),2015,White,29132812
California (06),2016,American Indian or Alaska Native,765961
California (06),2016,Asian or Pacific Islander,6357089
California (06),2016,Black or African American,2817388
California (06),2016,White,29226679
California (06),2017,American Indian or Alaska Native,769444
California (06),2017,Asian or Pacific Islander,6483326
California (06),2017,Black or African American,2830727
California (06),2017,White,29275000
California (06),2018,American Indian or Alaska Native,773103
California (06),2018,Asian or Pacific Islander,6581310
California (06),2018,Black or African American,2841953
California (06),2018,White,29265222
California (06),2019,American Indian or Alaska Native,776684
California (06),2019,Asian or Pacific Islander,6678634
California (06),2019,Black or African American,2853140
California (06),2019,White,29203765
Colorado (08),1990,American Indian or Alaska Native,31030
Colorado (08),1990,Asian or Pacific Islander,62147
Colorado (08),1990,Black or African American,136626
Colorado (08),1990,White,3077815
Colorado (08),1991,American Indian or Alaska Native,32561
Colorado (08),1991,Asian or Pacific Islander,65000
Colorado (08),1991,Black or African American,142090
Colorado (08),1991,White,3147468
Colorado (08),1992,American Indian or Alaska Native,34617
Colorado (08),1992,Asian or Pacific Islander,69730
Colorado (08),1992,Black or African American,147912
Colorado (08),1992,White,3243680
Colorado (08),1993,American Indian or Alaska Native,37006
Colorado (08),1993,Asian or Pacific Islander,74805
Colorado (08),1993,Black or African American,153962
Colorado (08),1993,White,3347961
Colorado (08),1994,American Indian or Alaska Native,39086
Colorado (08),1994,Asian or Pacific Islander,79495
Colorado (08),1994,Black or African American,158896
Colorado (08),1994,White,3446691
Colorado (08),1995,American Indian or Alaska Native,41429
Colorado (08),1995,Asian or Pacific Islander,84806
Colorado (08),1995,Black or African American,162559
Colorado (08),1995,White,3537859
Colorado (08),1996,American Indian or Alaska Native,44062
Colorado (08),1996,Asian or Pacific Islander,89343
Colorado (08),1996,Black or African American,166672
Colorado (08),1996,White,3619895
Colorado (08),1997,American Indian or Alaska Native,46536
Colorado (08),1997,Asian or Pacific Islander,94562
Colorado (08),1997,Black or African American,171306
Colorado (08),1997,White,3705889
Colorado (08),1998,American Indian or Alaska Native,49668
Colorado (08),1998,Asian or Pacific Islander,100529
Colorado (08),1998,Black or African American,177472
Colorado (08),1998,White,3788970
Colorado (08),1999,American Indian or Alaska Native,53067
Colorado (08),1999,Asian or Pacific Islander,106980
Colorado (08),1999,Black or African American,183070
Colorado (08),1999,White,3882901
Colorado (08),2000,American Indian or Alaska Native,57949
Colorado (08),2000,Asian or Pacific Islander,115175
Colorado (08),2000,Black or African American,189870
Colorado (08),2000,White,3963927
Colorado (08),2001,American Indian or Alaska Native,61132
Colorado (08),2001,Asian or Pacific Islander,122046
Colorado (08),2001,Black or African American,196376
Colorado (08),2001,White,4046133
Colorado (08),2002,American Indian or Alaska Native,63879
Colorado (08),2002,Asian or Pacific Islander,127631
Colorado (08),2002,Black or African American,201149
Colorado (08),2002,White,4097747
Colorado (08),2003,American Indian or Alaska Native,65942
Colorado (08),2003,Asian or Pacific Islander,132111
Colorado (08),2003,Black or African American,203049
Colorado (08),2003,White,4127630
Colorado (08),2004,American Indian or Alaska Native,68901
Colorado (08),2004,Asian or Pacific Islander,136838
Colorado (08),2004,Black or African American,208322
Colorado (08),2004,White,4160952
Colorado (08),2005,American Indian or Alaska Native,72029
Colorado (08),2005,Asian or Pacific Islander,141835
Colorado (08),2005,Black or African American,211476
Colorado (08),2005,White,4206548
Colorado (08),2006,American Indian or Alaska Native,75455
Colorado (08),2006,Asian or Pacific Islander,147694
Colorado (08),2006,Black or African American,218810
Colorado (08),2006,White,4278464
Colorado (08),2007,American Indian or Alaska Native,79271
Colorado (08),2007,Asian or Pacific Islander,153365
Colorado (08),2007,Black or African American,224746
Colorado (08),2007,White,4346486
Colorado (08),2008,American Indian or Alaska Native,84116
Colorado (08),2008,Asian or Pacific Islander,159295
Colorado (08),2008,Black or African American,231792
Colorado (08),2008,White,4414527
Colorado (08),2009,American Indian or Alaska Native,88634
Colorado (08),2009,Asian or Pacific Islander,165687
Colorado (08),2009,Black or African American,239309
Colorado (08),2009,White,4478565
Colorado (08),2010,American Indian or Alaska Native,93307
Colorado (08),2010,Asian or Pacific Islander,172560
Colorado (08),2010,Black or African American,247217
Colorado (08),2010,White,4534265
Colorado (08),2011,American Indian or Alaska Native,94951
Colorado (08),2011,Asian or Pacific Islander,178804
Colorado (08),2011,Black or African American,252749
Colorado (08),2011,White,4594604
Colorado (08),2012,American Indian or Alaska Native,96230
Colorado (08),2012,Asian or Pacific Islander,185609
Colorado (08),2012,Black or African American,259203
Colorado (08),2012,White,4651605
Colorado (08),2013,American Indian or Alaska Native,98200
Colorado (08),2013,Asian or Pacific Islander,192512
Colorado (08),2013,Black or African American,266349
Colorado (08),2013,White,4711974
Colorado (08),2014,American Indian or Alaska Native,100033
Colorado (08),2014,Asian or Pacific Islander,199698
Colorado (08),2014,Black or African American,274338
Colorado (08),2014,White,4776032
Colorado (08),2015,American Indian or Alaska Native,102513
Colorado (08),2015,Asian or Pacific Islander,209192
Colorado (08),2015,Black or African American,282762
Colorado (08),2015,White,4856156
Colorado (08),2016,American Indian or Alaska Native,104720
Colorado (08),2016,Asian or Pacific Islander,216995
Colorado (08),2016,Black or African American,289999
Colorado (08),2016,White,4927501
Colorado (08),2017,American Indian or Alaska Native,106750
Colorado (08),2017,Asian or Pacific Islander,223993
Colorado (08),2017,Black or African American,295636
Colorado (08),2017,White,4985506
Colorado (08),2018,American Indian or Alaska Native,108949
Colorado (08),2018,Asian or Pacific Islander,231983
Colorado (08),2018,Black or African American,302938
Colorado (08),2018,White,5047417
Colorado (08),2019,American Indian or Alaska Native,110781
Colorado (08),2019,Asian or Pacific Islander,239239
Colorado (08),2019,Black or African American,309178
Colorado (08),2019,White,5099538
Connecticut (09),1990,American Indian or Alaska Native,6996
Connecticut (09),1990,Asian or Pacific Islander,52382
Connecticut (09),1990,Black or African American,283440
Connecticut (09),1990,White,2949149
Connecticut (09),1991,American Indian or Alaska Native,7377
Connecticut (09),1991,Asian or Pacific Islander,56626
Connecticut (09),1991,Black or African American,291762
Connecticut (09),1991,White,2947130
Connecticut (09),1992,American Indian or Alaska Native,7777
Connecticut (09),1992,Asian or Pacific Islander,60299
Connecticut (09),1992,Black or African American,296477
Connecticut (09),1992,White,2936159
Connecticut (09),1993,American Indian or Alaska Native,8279
Connecticut (09),1993,Asian or Pacific Islander,64228
Connecticut (09),1993,Black or African American,303637
Connecticut (09),1993,White,2933031
Connecticut (09),1994,American Indian or Alaska Native,8695
Connecticut (09),1994,Asian or Pacific Islander,67442
Connecticut (09),1994,Black or African American,308487
Connecticut (09),1994,White,2931497
Connecticut (09),1995,American Indian or Alaska Native,9219
Connecticut (09),1995,Asian or Pacific Islander,71417
Connecticut (09),1995,Black or African American,313387
Connecticut (09),1995,White,2930121
Connecticut (09),1996,American Indian or Alaska Native,9867
Connecticut (09),1996,Asian or Pacific Islander,74664
Connecticut (09),1996,Black or African American,319188
Connecticut (09),1996,White,2932966
Connecticut (09),1997,American Indian or Alaska Native,10525
Connecticut (09),1997,Asian or Pacific Islander,78799
Connecticut (09),1997,Black or African American,325427
Connecticut (09),1997,White,2934597
Connecticut (09),1998,American Indian or Alaska Native,11021
Connecticut (09),1998,Asian or Pacific Islander,82871
Connecticut (09),1998,Black or African American,333828
Connecticut (09),1998,White,2937632
Connecticut (09),1999,American Indian or Alaska Native,11760
Connecticut (09),1999,Asian or Pacific Islander,88065
Connecticut (09),1999,Black or African American,341801
Connecticut (09),1999,White,2944775
Connecticut (09),2000,American Indian or Alaska Native,12874
Connecticut (09),2000,Asian or Pacific Islander,93037
Connecticut (09),2000,Black or African American,349054
Connecticut (09),2000,White,2956812
Connecticut (09),2001,American Indian or Alaska Native,13527
Connecticut (09),2001,Asian or Pacific Islander,98640
Connecticut (09),2001,Black or African American,355440
Connecticut (09),2001,White,2965228
Connecticut (09),2002,American Indian or Alaska Native,14173
Connecticut (09),2002,Asian or Pacific Islander,105615
Connecticut (09),2002,Black or African American,363022
Connecticut (09),2002,White,2975939
Connecticut (09),2003,American Indian or Alaska Native,15016
Connecticut (09),2003,Asian or Pacific Islander,112765
Connecticut (09),2003,Black or African American,370417
Connecticut (09),2003,White,2986138
Connecticut (09),2004,American Indian or Alaska Native,15550
Connecticut (09),2004,Asian or Pacific Islander,118414
Connecticut (09),2004,Black or African American,375875
Connecticut (09),2004,White,2986255
Connecticut (09),2005,American Indian or Alaska Native,16184
Connecticut (09),2005,Asian or Pacific Islander,124478
Connecticut (09),2005,Black or African American,381552
Connecticut (09),2005,White,2984742
Connecticut (09),2006,American Indian or Alaska Native,16916
Connecticut (09),2006,Asian or Pacific Islander,130310
Connecticut (09),2006,Black or African American,388120
Connecticut (09),2006,White,2982114
Connecticut (09),2007,American Indian or Alaska Native,17626
Connecticut (09),2007,Asian or Pacific Islander,135691
Connecticut (09),2007,Black or African American,394640
Connecticut (09),2007,White,2979313
Connecticut (09),2008,American Indian or Alaska Native,18438
Connecticut (09),2008,Asian or Pacific Islander,141482
Connecticut (09),2008,Black or African American,401643
Connecticut (09),2008,White,2984016
Connecticut (09),2009,American Indian or Alaska Native,19258
Connecticut (09),2009,Asian or Pacific Islander,146808
Connecticut (09),2009,Black or African American,409897
Connecticut (09),2009,White,2985844
Connecticut (09),2010,American Indian or Alaska Native,20128
Connecticut (09),2010,Asian or Pacific Islander,152269
Connecticut (09),2010,Black or African American,417412
Connecticut (09),2010,White,2989305
Connecticut (09),2011,American Indian or Alaska Native,20575
Connecticut (09),2011,Asian or Pacific Islander,157232
Connecticut (09),2011,Black or African American,422647
Connecticut (09),2011,White,2987829
Connecticut (09),2012,American Indian or Alaska Native,21139
Connecticut (09),2012,Asian or Pacific Islander,162686
Connecticut (09),2012,Black or African American,428030
Connecticut (09),2012,White,2982692
Connecticut (09),2013,American Indian or Alaska Native,21652
Connecticut (09),2013,Asian or Pacific Islander,165104
Connecticut (09),2013,Black or African American,433740
Connecticut (09),2013,White,2974345
Connecticut (09),2014,American Indian or Alaska Native,22040
Connecticut (09),2014,Asian or Pacific Islander,171043
Connecticut (09),2014,Black or African American,438275
Connecticut (09),2014,White,2963166
Connecticut (09),2015,American Indian or Alaska Native,22403
Connecticut (09),2015,Asian or Pacific Islander,175705
Connecticut (09),2015,Black or African American,443141
Connecticut (09),2015,White,2945873
Connecticut (09),2016,American Indian or Alaska Native,22658
Connecticut (09),2016,Asian or Pacific Islander,178816
Connecticut (09),2016,Black or African American,447421
Connecticut (09),2016,White,2929246
Connecticut (09),2017,American Indian or Alaska Native,23124
Connecticut (09),2017,Asian or Pacific Islander,182148
Connecticut (09),2017,Black or African American,452742
Connecticut (09),2017,White,2915283
Connecticut (09),2018,American Indian or Alaska Native,23751
Connecticut (09),2018,Asian or Pacific Islander,185618
Connecticut (09),2018,Black or African American,458476
Connecticut (09),2018,White,2903675
Connecticut (09),2019,American Indian or Alaska Native,24261
Connecticut (09),2019,Asian or Pacific Islander,189183
Connecticut (09),2019,Black or African American,465439
Connecticut (09),2019,White,2886404
Delaware (10),1990,American Indian or Alaska Native,2064
Delaware (10),1990,Asian or Pacific Islander,9282
Delaware (10),1990,Black or African American,114248
Delaware (10),1990,White,543973
Delaware (10),1991,American Indian or Alaska Native,2161
Delaware (10),1991,Asian or Pacific Islander,10114
Delaware (10),1991,Black or African American,118601
Delaware (10),1991,White,552204
Delaware (10),1992,American Indian or Alaska Native,2365
Delaware (10),1992,Asian or Pacific Islander,11140
Delaware (10),1992,Black or African American,122479
Delaware (10),1992,White,558943
Delaware (10),1993,American Indian or Alaska Native,2501
Delaware (10),1993,Asian or Pacific Islander,11712
Delaware (10),1993,Black or African American,126379
Delaware (10),1993,White,565786
Delaware (10),1994,American Indian or Alaska Native,2613
Delaware (10),1994,Asian or Pacific Islander,12564
Delaware (10),1994,Black or African American,130516
Delaware (10),1994,White,571852
Delaware (10),1995,American Indian or Alaska Native,2680
Delaware (10),1995,Asian or Pacific Islander,13351
Delaware (10),1995,Black or African American,135172
Delaware (10),1995,White,578532
Delaware (10),1996,American Indian or Alaska Native,2771
Delaware (10),1996,Asian or Pacific Islander,13995
Delaware (10),1996,Black or African American,139520
Delaware (10),1996,White,584692
Delaware (10),1997,American Indian or Alaska Native,2895
Delaware (10),1997,Asian or Pacific Islander,14942
Delaware (10),1997,Black or African American,144294
Delaware (10),1997,White,589356
Delaware (10),1998,American Indian or Alaska Native,3035
Delaware (10),1998,Asian or Pacific Islander,15980
Delaware (10),1998,Black or African American,149003
Delaware (10),1998,White,595317
Delaware (10),1999,American Indian or Alaska Native,3103
Delaware (10),1999,Asian or Pacific Islander,17031
Delaware (10),1999,Black or African American,153643
Delaware (10),1999,White,601213
Delaware (10),2000,American Indian or Alaska Native,3340
Delaware (10),2000,Asian or Pacific Islander,18099
Delaware (10),2000,Black or African American,157960
Delaware (10),2000,White,606974
Delaware (10),2001,American Indian or Alaska Native,3695
Delaware (10),2001,Asian or Pacific Islander,19356
Delaware (10),2001,Black or African American,162206
Delaware (10),2001,White,610442
Delaware (10),2002,American Indian or Alaska Native,3932
Delaware (10),2002,Asian or Pacific Islander,20626
Delaware (10),2002,Black or African American,166583
Delaware (10),2002,White,615028
Delaware (10),2003,American Indian or Alaska Native,4323
Delaware (10),2003,Asian or Pacific Islander,22159
Delaware (10),2003,Black or African American,171022
Delaware (10),2003,White,620499
Delaware (10),2004,American Indian or Alaska Native,4567
Delaware (10),2004,Asian or Pacific Islander,23798
Delaware (10),2004,Black or African American,175605
Delaware (10),2004,White,626833
Delaware (10),2005,American Indian or Alaska Native,4924
Delaware (10),2005,Asian or Pacific Islander,25348
Delaware (10),2005,Black or African American,181480
Delaware (10),2005,White,633398
Delaware (10),2006,American Indian or Alaska Native,5255
Delaware (10),2006,Asian or Pacific Islander,26812
Delaware (10),2006,Black or African American,187148
Delaware (10),2006,White,640053
Delaware (10),2007,American Indian or Alaska Native,5526
Delaware (10),2007,Asian or Pacific Islander,28502
Delaware (10),2007,Black or African American,192615
Delaware (10),2007,White,645106
Delaware (10),2008,American Indian or Alaska Native,5901
Delaware (10),2008,Asian or Pacific Islander,29849
Delaware (10),2008,Black or African American,197813
Delaware (10),2008,White,650311
Delaware (10),2009,American Indian or Alaska Native,6270
Delaware (10),2009,Asian or Pacific Islander,31080
Delaware (10),2009,Black or African American,201775
Delaware (10),2009,White,652605
Delaware (10),2010,American Indian or Alaska Native,6555
Delaware (10),2010,Asian or Pacific Islander,31889
Delaware (10),2010,Black or African American,205533
Delaware (10),2010,White,655616
Delaware (10),2011,American Indian or Alaska Native,6593
Delaware (10),2011,Asian or Pacific Islander,33177
Delaware (10),2011,Black or African American,208778
Delaware (10),2011,White,658833
Delaware (10),2012,American Indian or Alaska Native,6546
Delaware (10),2012,Asian or Pacific Islander,34298
Delaware (10),2012,Black or African American,211591
Delaware (10),2012,White,662744
Delaware (10),2013,American Indian or Alaska Native,6610
Delaware (10),2013,Asian or Pacific Islander,36248
Delaware (10),2013,Black or African American,214564
Delaware (10),2013,White,666154
Delaware (10),2014,American Indian or Alaska Native,6650
Delaware (10),2014,Asian or Pacific Islander,37661
Delaware (10),2014,Black or African American,218064
Delaware (10),2014,White,670112
Delaware (10),2015,American Indian or Alaska Native,6680
Delaware (10),2015,Asian or Pacific Islander,39437
Delaware (10),2015,Black or African American,221849
Delaware (10),2015,White,673286
Delaware (10),2016,American Indian or Alaska Native,6740
Delaware (10),2016,Asian or Pacific Islander,40485
Delaware (10),2016,Black or African American,225435
Delaware (10),2016,White,676261
Delaware (10),2017,American Indian or Alaska Native,6934
Delaware (10),2017,Asian or Pacific Islander,41242
Delaware (10),2017,Black or African American,229030
Delaware (10),2017,White,679617
Delaware (10),2018,American Indian or Alaska Native,7192
Delaware (10),2018,Asian or Pacific Islander,42384
Delaware (10),2018,Black or African American,232885
Delaware (10),2018,White,683018
Delaware (10),2019,American Indian or Alaska Native,7310
Delaware (10),2019,Asian or Pacific Islander,43282
Delaware (10),2019,Black or African American,236868
Delaware (10),2019,White,686304
District of Columbia (11),1990,American Indian or Alaska Native,1547
District of Columbia (11),1990,Asian or Pacific Islander,11686
District of Columbia (11),1990,Black or African American,400254
District of Columbia (11),1990,White,191834
District of Columbia (11),1991,American Indian or Alaska Native,1606
District of Columbia (11),1991,Asian or Pacific Islander,13533
District of Columbia (11),1991,Black or African American,398346
District of Columbia (11),1991,White,187385
District of Columbia (11),1992,American Indian or Alaska Native,1677
District of Columbia (11),1992,Asian or Pacific Islander,15105
District of Columbia (11),1992,Black or African American,395240
District of Columbia (11),1992,White,185545
District of Columbia (11),1993,American Indian or Alaska Native,1773
District of Columbia (11),1993,Asian or Pacific Islander,15957
District of Columbia (11),1993,Black or African American,391179
District of Columbia (11),1993,White,186393
District of Columbia (11),1994,American Indian or Alaska Native,1895
District of Columbia (11),1994,Asian or Pacific Islander,16353
District of Columbia (11),1994,Black or African American,383970
District of Columbia (11),1994,White,187022
District of Columbia (11),1995,American Indian or Alaska Native,1900
District of Columbia (11),1995,Asian or Pacific Islander,16279
District of Columbia (11),1995,Black or African American,375379
District of Columbia (11),1995,White,186961
District of Columbia (11),1996,American Indian or Alaska Native,1974
District of Columbia (11),1996,Asian or Pacific Islander,15965
District of Columbia (11),1996,Black or African American,366852
District of Columbia (11),1996,White,187588
District of Columbia (11),1997,American Indian or Alaska Native,1922
District of Columbia (11),1997,Asian or Pacific Islander,15836
District of Columbia (11),1997,Black or African American,360305
District of Columbia (11),1997,White,189676
District of Columbia (11),1998,American Indian or Alaska Native,2100
District of Columbia (11),1998,Asian or Pacific Islander,16032
District of Columbia (11),1998,Black or African American,355306
District of Columbia (11),1998,White,191794
District of Columbia (11),1999,American Indian or Alaska Native,2197
District of Columbia (11),1999,Asian or Pacific Islander,16643
District of Columbia (11),1999,Black or African American,354021
District of Columbia (11),1999,White,197359
District of Columbia (11),2000,American Indian or Alaska Native,2334
District of Columbia (11),2000,Asian or Pacific Islander,17261
District of Columbia (11),2000,Black or African American,353464
District of Columbia (11),2000,White,198987
District of Columbia (11),2001,American Indian or Alaska Native,2474
District of Columbia (11),2001,Asian or Pacific Islander,17810
District of Columbia (11),2001,Black or African American,349536
District of Columbia (11),2001,White,204684
District of Columbia (11),2002,American Indian or Alaska Native,2652
District of Columbia (11),2002,Asian or Pacific Islander,18094
District of Columbia (11),2002,Black or African American,346080
District of Columbia (11),2002,White,206332
District of Columbia (11),2003,American Indian or Alaska Native,2733
District of Columbia (11),2003,Asian or Pacific Islander,18513
District of Columbia (11),2003,Black or African American,340751
District of Columbia (11),2003,White,206505
District of Columbia (11),2004,American Indian or Alaska Native,2941
District of Columbia (11),2004,Asian or Pacific Islander,19264
District of Columbia (11),2004,Black or African American,335297
District of Columbia (11),2004,White,210252
District of Columbia (11),2005,American Indian or Alaska Native,3088
District of Columbia (11),2005,Asian or Pacific Islander,19165
District of Columbia (11),2005,Black or African American,329329
District of Columbia (11),2005,White,215554
District of Columbia (11),2006,American Indian or Alaska Native,3323
District of Columbia (11),2006,Asian or Pacific Islander,21030
District of Columbia (11),2006,Black or African American,325064
District of Columbia (11),2006,White,221264
District of Columbia (11),2007,American Indian or Alaska Native,3510
District of Columbia (11),2007,Asian or Pacific Islander,20754
District of Columbia (11),2007,Black or African American,321494
District of Columbia (11),2007,White,228646
District of Columbia (11),2008,American Indian or Alaska Native,3690
District of Columbia (11),2008,Asian or Pacific Islander,22734
District of Columbia (11),2008,Black or African American,318392
District of Columbia (11),2008,White,235420
District of Columbia (11),2009,American Indian or Alaska Native,4035
District of Columbia (11),2009,Asian or Pacific Islander,23028
District of Columbia (11),2009,Black or African American,317978
District of Columbia (11),2009,White,247187
District of Columbia (11),2010,American Indian or Alaska Native,4008
District of Columbia (11),2010,Asian or Pacific Islander,24886
District of Columbia (11),2010,Black or African American,318396
District of Columbia (11),2010,White,257936
District of Columbia (11),2011,American Indian or Alaska Native,4164
District of Columbia (11),2011,Asian or Pacific Islander,25934
District of Columbia (11),2011,Black or African American,321734
District of Columbia (11),2011,White,267968
District of Columbia (11),2012,American Indian or Alaska Native,4297
District of Columbia (11),2012,Asian or Pacific Islander,27126
District of Columbia (11),2012,Black or African American,325429
District of Columbia (11),2012,White,278072
District of Columbia (11),2013,American Indian or Alaska Native,4665
District of Columbia (11),2013,Asian or Pacific Islander,28423
District of Columbia (11),2013,Black or African American,330673
District of Columbia (11),2013,White,286820
District of Columbia (11),2014,American Indian or Alaska Native,4785
District of Columbia (11),2014,Asian or Pacific Islander,29447
District of Columbia (11),2014,Black or African American,333511
District of Columbia (11),2014,White,294585
District of Columbia (11),2015,American Indian or Alaska Native,4884
District of Columbia (11),2015,Asian or Pacific Islander,31038
District of Columbia (11),2015,Black or African American,335887
District of Columbia (11),2015,White,303591
District of Columbia (11),2016,American Indian or Alaska Native,4976
District of Columbia (11),2016,Asian or Pacific Islander,32420
District of Columbia (11),2016,Black or African American,337202
District of Columbia (11),2016,White,311217
District of Columbia (11),2017,American Indian or Alaska Native,4978
District of Columbia (11),2017,Asian or Pacific Islander,33693
District of Columbia (11),2017,Black or African American,337569
District of Columbia (11),2017,White,318666
District of Columbia (11),2018,American Indian or Alaska Native,5002
District of Columbia (11),2018,Asian or Pacific Islander,34579
District of Columbia (11),2018,Black or African American,337257
District of Columbia (11),2018,White,324709
District of Columbia (11),2019,American Indian or Alaska Native,5054
District of Columbia (11),2019,Asian or Pacific Islander,35370
District of Columbia (11),2019,Black or African American,334846
District of Columbia (11),2019,White,330479
Florida (12),1990,American Indian or Alaska Native,37187
Florida (12),1990,Asian or Pacific Islander,159135
Florida (12),1990,Black or African American,1794796
Florida (12),1990,White,11042189
Florida (12),1991,American Indian or Alaska Native,39832
Florida (12),1991,Asian or Pacific Islander,173675
Florida (12),1991,Black or African American,1863284
Florida (12),1991,White,11293007
Florida (12),1992,American Indian or Alaska Native,42022
Florida (12),1992,Asian or Pacific Islander,187239
Florida (12),1992,Black or African American,1933726
Florida (12),1992,White,11487566
Florida (12),1993,American Indian or Alaska Native,44469
Florida (12),1993,Asian or Pacific Islander,203062
Florida (12),1993,Black or African American,1998531
Florida (12),1993,White,11681123
Florida (12),1994,American Indian or Alaska Native,46691
Florida (12),1994,Asian or Pacific Islander,218221
Florida (12),1994,Black or African American,2070713
Florida (12),1994,White,11903819
Florida (12),1995,American Indian or Alaska Native,49266
Florida (12),1995,Asian or Pacific Islander,235108
Florida (12),1995,Black or African American,2137543
Florida (12),1995,White,12115958
Florida (12),1996,American Indian or Alaska Native,51939
Florida (12),1996,Asian or Pacific Islander,251653
Florida (12),1996,Black or African American,2206135
Florida (12),1996,White,12343633
Florida (12),1997,American Indian or Alaska Native,55175
Florida (12),1997,Asian or Pacific Islander,269312
Florida (12),1997,Black or African American,2282637
Florida (12),1997,White,12579180
Florida (12),1998,American Indian or Alaska Native,58007
Florida (12),1998,Asian or Pacific Islander,285201
Florida (12),1998,Black or African American,2351227
Florida (12),1998,White,12792124
Florida (12),1999,American Indian or Alaska Native,60913
Florida (12),1999,Asian or Pacific Islander,300702
Florida (12),1999,Black or African American,2419083
Florida (12),1999,White,12978723
Florida (12),2000,American Indian or Alaska Native,66007
Florida (12),2000,Asian or Pacific Islander,319911
Florida (12),2000,Black or African American,2480129
Florida (12),2000,White,13181468
Florida (12),2001,American Indian or Alaska Native,70444
Florida (12),2001,Asian or Pacific Islander,340453
Florida (12),2001,Black or African American,2553214
Florida (12),2001,White,13392855
Florida (12),2002,American Indian or Alaska Native,74505
Florida (12),2002,Asian or Pacific Islander,363758
Florida (12),2002,Black or African American,2627531
Florida (12),2002,White,13623576
Florida (12),2003,American Indian or Alaska Native,78291
Florida (12),2003,Asian or Pacific Islander,387049
Florida (12),2003,Black or African American,2700143
Florida (12),2003,White,13838602
Florida (12),2004,American Indian or Alaska Native,81982
Florida (12),2004,Asian or Pacific Islander,414998
Florida (12),2004,Black or African American,2786446
Florida (12),2004,White,14131892
Florida (12),2005,American Indian or Alaska Native,85745
Florida (12),2005,Asian or Pacific Islander,445860
Florida (12),2005,Black or African American,2881786
Florida (12),2005,White,14428647
Florida (12),2006,American Indian or Alaska Native,89957
Florida (12),2006,Asian or Pacific Islander,473540
Florida (12),2006,Black or African American,2969250
Florida (12),2006,White,14634243
Florida (12),2007,American Indian or Alaska Native,93162
Florida (12),2007,Asian or Pacific Islander,494671
Florida (12),2007,Black or African American,3029024
Florida (12),2007,White,14750985
Florida (12),2008,American Indian or Alaska Native,95642
Florida (12),2008,Asian or Pacific Islander,512331
Florida (12),2008,Black or African American,3086395
Florida (12),2008,White,14832937
Florida (12),2009,American Indian or Alaska Native,97488
Florida (12),2009,Asian or Pacific Islander,527477
Florida (12),2009,Black or African American,3133488
Florida (12),2009,White,14894191
Florida (12),2010,American Indian or Alaska Native,99541
Florida (12),2010,Asian or Pacific Islander,543674
Florida (12),2010,Black or African American,3187521
Florida (12),2010,White,15014801
Florida (12),2011,American Indian or Alaska Native,101561
Florida (12),2011,Asian or Pacific Islander,560876
Florida (12),2011,Black or African American,3256140
Florida (12),2011,White,15134660
Florida (12),2012,American Indian or Alaska Native,103964
Florida (12),2012,Asian or Pacific Islander,579014
Florida (12),2012,Black or African American,3324305
Florida (12),2012,White,15290539
Florida (12),2013,American Indian or Alaska Native,105540
Florida (12),2013,Asian or Pacific Islander,597259
Florida (12),2013,Black or African American,3385196
Florida (12),2013,White,15457626
Florida (12),2014,American Indian or Alaska Native,107797
Florida (12),2014,Asian or Pacific Islander,617268
Florida (12),2014,Black or African American,3451951
Florida (12),2014,White,15668895
Florida (12),2015,American Indian or Alaska Native,110757
Florida (12),2015,Asian or Pacific Islander,639884
Florida (12),2015,Black or African American,3522953
Florida (12),2015,White,15935448
Florida (12),2016,American Indian or Alaska Native,113689
Florida (12),2016,Asian or Pacific Islander,666110
Florida (12),2016,Black or African American,3598428
Florida (12),2016,White,16235250
Florida (12),2017,American Indian or Alaska Native,116318
Florida (12),2017,Asian or Pacific Islander,690393
Florida (12),2017,Black or African American,3669629
Florida (12),2017,White,16487273
Florida (12),2018,American Indian or Alaska Native,119126
Florida (12),2018,Asian or Pacific Islander,708713
Florida (12),2018,Black or African American,3726225
Florida (12),2018,White,16690253
Florida (12),2019,American Indian or Alaska Native,121803
Florida (12),2019,Asian or Pacific Islander,726986
Florida (12),2019,Black or African American,3774446
Florida (12),2019,White,16854502
Georgia (13),1990,American Indian or Alaska Native,12817
Georgia (13),1990,Asian or Pacific Islander,77339
Georgia (13),1990,Black or African American,1763068
Georgia (13),1990,White,4659378
Georgia (13),1991,American Indian or Alaska Native,13123
Georgia (13),1991,Asian or Pacific Islander,84460
Georgia (13),1991,Black or African American,1815668
Georgia (13),1991,White,4739754
Georgia (13),1992,American Indian or Alaska Native,13925
Georgia (13),1992,Asian or Pacific Islander,93374
Georgia (13),1992,Black or African American,1874193
Georgia (13),1992,White,4835711
Georgia (13),1993,American Indian or Alaska Native,14753
Georgia (13),1993,Asian or Pacific Islander,103011
Georgia (13),1993,Black or African American,1936471
Georgia (13),1993,White,4924005
Georgia (13),1994,American Indian or Alaska Native,15472
Georgia (13),1994,Asian or Pacific Islander,114261
Georgia (13),1994,Black or African American,2004326
Georgia (13),1994,White,5023106
Georgia (13),1995,American Indian or Alaska Native,16413
Georgia (13),1995,Asian or Pacific Islander,126097
Georgia (13),1995,Black or African American,2066958
Georgia (13),1995,White,5118945
Georgia (13),1996,American Indian or Alaska Native,17680
Georgia (13),1996,Asian or Pacific Islander,137434
Georgia (13),1996,Black or African American,2132804
Georgia (13),1996,White,5213151
Georgia (13),1997,American Indian or Alaska Native,18588
Georgia (13),1997,Asian or Pacific Islander,149740
Georgia (13),1997,Black or African American,2202649
Georgia (13),1997,White,5314122
Georgia (13),1998,American Indian or Alaska Native,20053
Georgia (13),1998,Asian or Pacific Islander,162853
Georgia (13),1998,Black or African American,2271997
Georgia (13),1998,White,5408633
Georgia (13),1999,American Indian or Alaska Native,21483
Georgia (13),1999,Asian or Pacific Islander,177250
Georgia (13),1999,Black or African American,2343624
Georgia (13),1999,White,5503608
Georgia (13),2000,American Indian or Alaska Native,26542
Georgia (13),2000,Asian or Pacific Islander,195893
Georgia (13),2000,Black or African American,2410079
Georgia (13),2000,White,5594789
Georgia (13),2001,American Indian or Alaska Native,29086
Georgia (13),2001,Asian or Pacific Islander,211322
Georgia (13),2001,Black or African American,2468186
Georgia (13),2001,White,5668444
Georgia (13),2002,American Indian or Alaska Native,31629
Georgia (13),2002,Asian or Pacific Islander,226700
Georgia (13),2002,Black or African American,2522522
Georgia (13),2002,White,5727405
Georgia (13),2003,American Indian or Alaska Native,33967
Georgia (13),2003,Asian or Pacific Islander,240749
Georgia (13),2003,Black or African American,2571491
Georgia (13),2003,White,5776586
Georgia (13),2004,American Indian or Alaska Native,36528
Georgia (13),2004,Asian or Pacific Islander,256011
Georgia (13),2004,Black or African American,2635336
Georgia (13),2004,White,5841377
Georgia (13),2005,American Indian or Alaska Native,39047
Georgia (13),2005,Asian or Pacific Islander,273073
Georgia (13),2005,Black or African American,2702396
Georgia (13),2005,White,5911406
Georgia (13),2006,American Indian or Alaska Native,42276
Georgia (13),2006,Asian or Pacific Islander,293130
Georgia (13),2006,Black or African American,2805927
Georgia (13),2006,White,6014480
Georgia (13),2007,American Indian or Alaska Native,45109
Georgia (13),2007,Asian or Pacific Islander,310982
Georgia (13),2007,Black or African American,2891925
Georgia (13),2007,White,6101972
Georgia (13),2008,American Indian or Alaska Native,48540
Georgia (13),2008,Asian or Pacific Islander,327759
Georgia (13),2008,Black or African American,2962628
Georgia (13),2008,White,6165916
Georgia (13),2009,American Indian or Alaska Native,51638
Georgia (13),2009,Asian or Pacific Islander,342019
Georgia (13),2009,Black or African American,3023009
Georgia (13),2009,White,6204180
Georgia (13),2010,American Indian or Alaska Native,53984
Georgia (13),2010,Asian or Pacific Islander,355937
Georgia (13),2010,Black or African American,3070744
Georgia (13),2010,White,6231216
Georgia (13),2011,American Indian or Alaska Native,54356
Georgia (13),2011,Asian or Pacific Islander,368806
Georgia (13),2011,Black or African American,3122954
Georgia (13),2011,White,6256315
Georgia (13),2012,American Indian or Alaska Native,55174
Georgia (13),2012,Asian or Pacific Islander,385470
Georgia (13),2012,Black or African American,3170070
Georgia (13),2012,White,6290716
Georgia (13),2013,American Indian or Alaska Native,55631
Georgia (13),2013,Asian or Pacific Islander,401490
Georgia (13),2013,Black or African American,3211700
Georgia (13),2013,White,6303658
Georgia (13),2014,American Indian or Alaska Native,56271
Georgia (13),2014,Asian or Pacific Islander,416345
Georgia (13),2014,Black or African American,3264134
Georgia (13),2014,White,6330528
Georgia (13),2015,American Indian or Alaska Native,57176
Georgia (13),2015,Asian or Pacific Islander,434090
Georgia (13),2015,Black or African American,3321256
Georgia (13),2015,White,6365925
Georgia (13),2016,American Indian or Alaska Native,58911
Georgia (13),2016,Asian or Pacific Islander,455827
Georgia (13),2016,Black or African American,3381419
Georgia (13),2016,White,6405733
Georgia (13),2017,American Indian or Alaska Native,59931
Georgia (13),2017,Asian or Pacific Islander,473149
Georgia (13),2017,Black or African American,3438718
Georgia (13),2017,White,6438532
Georgia (13),2018,American Indian or Alaska Native,61236
Georgia (13),2018,Asian or Pacific Islander,487832
Georgia (13),2018,Black or African American,3493534
Georgia (13),2018,White,6468529
Georgia (13),2019,American Indian or Alaska Native,62594
Georgia (13),2019,Asian or Pacific Islander,503548
Georgia (13),2019,Black or African American,3549778
Georgia (13),2019,White,6501503
Hawaii (15),1990,American Indian or Alaska Native,5407
Hawaii (15),1990,Asian or Pacific Islander,702805
Hawaii (15),1990,Black or African American,27844
Hawaii (15),1990,White,377435
Hawaii (15),1991,American Indian or Alaska Native,5368
Hawaii (15),1991,Asian or Pacific Islander,718182
Hawaii (15),1991,Black or African American,29892
Hawaii (15),1991,White,383312
Hawaii (15),1992,American Indian or Alaska Native,5379
Hawaii (15),1992,Asian or Pacific Islander,733318
Hawaii (15),1992,Black or African American,32746
Hawaii (15),1992,White,387170
Hawaii (15),1993,American Indian or Alaska Native,5346
Hawaii (15),1993,Asian or Pacific Islander,749753
Hawaii (15),1993,Black or African American,32613
Hawaii (15),1993,White,385126
Hawaii (15),1994,American Indian or Alaska Native,5227
Hawaii (15),1994,Asian or Pacific Islander,764954
Hawaii (15),1994,Black or African American,33375
Hawaii (15),1994,White,383980
Hawaii (15),1995,American Indian or Alaska Native,5128
Hawaii (15),1995,Asian or Pacific Islander,777233
Hawaii (15),1995,Black or African American,33451
Hawaii (15),1995,White,381042
Hawaii (15),1996,American Indian or Alaska Native,5069
Hawaii (15),1996,Asian or Pacific Islander,788529
Hawaii (15),1996,Black or African American,33121
Hawaii (15),1996,White,377036
Hawaii (15),1997,American Indian or Alaska Native,5150
Hawaii (15),1997,Asian or Pacific Islander,800027
Hawaii (15),1997,Black or African American,32799
Hawaii (15),1997,White,373664
Hawaii (15),1998,American Indian or Alaska Native,5032
Hawaii (15),1998,Asian or Pacific Islander,808038
Hawaii (15),1998,Black or African American,32631
Hawaii (15),1998,White,369532
Hawaii (15),1999,American Indian or Alaska Native,4677
Hawaii (15),1999,Asian or Pacific Islander,811734
Hawaii (15),1999,Black or African American,31161
Hawaii (15),1999,White,362728
Hawaii (15),2000,American Indian or Alaska Native,4294
Hawaii (15),2000,Asian or Pacific Islander,819877
Hawaii (15),2000,Black or African American,30408
Hawaii (15),2000,White,358940
Hawaii (15),2001,American Indian or Alaska Native,4733
Hawaii (15),2001,Asian or Pacific Islander,823147
Hawaii (15),2001,Black or African American,32533
Hawaii (15),2001,White,365535
Hawaii (15),2002,American Indian or Alaska Native,5024
Hawaii (15),2002,Asian or Pacific Islander,828889
Hawaii (15),2002,Black or African American,33918
Hawaii (15),2002,White,371782
Hawaii (15),2003,American Indian or Alaska Native,5207
Hawaii (15),2003,Asian or Pacific Islander,837056
Hawaii (15),2003,Black or African American,33385
Hawaii (15),2003,White,375506
Hawaii (15),2004,American Indian or Alaska Native,5369
Hawaii (15),2004,Asian or Pacific Islander,852273
Hawaii (15),2004,Black or African American,32914
Hawaii (15),2004,White,383013
Hawaii (15),2005,American Indian or Alaska Native,5557
Hawaii (15),2005,Asian or Pacific Islander,861818
Hawaii (15),2005,Black or African American,33769
Hawaii (15),2005,White,391585
Hawaii (15),2006,American Indian or Alaska Native,5794
Hawaii (15),2006,Asian or Pacific Islander,870882
Hawaii (15),2006,Black or African American,33889
Hawaii (15),2006,White,399166
Hawaii (15),2007,American Indian or Alaska Native,5728
Hawaii (15),2007,Asian or Pacific Islander,879253
Hawaii (15),2007,Black or African American,32822
Hawaii (15),2007,White,397872
Hawaii (15),2008,American Indian or Alaska Native,5844
Hawaii (15),2008,Asian or Pacific Islander,889527
Hawaii (15),2008,Black or African American,33067
Hawaii (15),2008,White,403775
Hawaii (15),2009,American Indian or Alaska Native,5974
Hawaii (15),2009,Asian or Pacific Islander,900614
Hawaii (15),2009,Black or African American,33296
Hawaii (15),2009,White,406833
Hawaii (15),2010,American Indian or Alaska Native,6040
Hawaii (15),2010,Asian or Pacific Islander,911977
Hawaii (15),2010,Black or African American,34148
Hawaii (15),2010,White,411798
Hawaii (15),2011,American Indian or Alaska Native,6142
Hawaii (15),2011,Asian or Pacific Islander,920379
Hawaii (15),2011,Black or African American,36323
Hawaii (15),2011,White,416485
Hawaii (15),2012,American Indian or Alaska Native,6245
Hawaii (15),2012,Asian or Pacific Islander,927762
Hawaii (15),2012,Black or African American,38144
Hawaii (15),2012,White,422653
Hawaii (15),2013,American Indian or Alaska Native,6390
Hawaii (15),2013,Asian or Pacific Islander,932545
Hawaii (15),2013,Black or African American,39395
Hawaii (15),2013,White,429913
Hawaii (15),2014,American Indian or Alaska Native,6545
Hawaii (15),2014,Asian or Pacific Islander,934379
Hawaii (15),2014,Black or African American,40510
Hawaii (15),2014,White,433104
Hawaii (15),2015,American Indian or Alaska Native,6607
Hawaii (15),2015,Asian or Pacific Islander,937100
Hawaii (15),2015,Black or African American,41763
Hawaii (15),2015,White,436582
Hawaii (15),2016,American Indian or Alaska Native,6520
Hawaii (15),2016,Asian or Pacific Islander,940275
Hawaii (15),2016,Black or African American,42831
Hawaii (15),2016,White,437933
Hawaii (15),2017,American Indian or Alaska Native,6447
Hawaii (15),2017,Asian or Pacific Islander,939295
Hawaii (15),2017,Black or African American,43262
Hawaii (15),2017,White,435389
Hawaii (15),2018,American Indian or Alaska Native,6520
Hawaii (15),2018,Asian or Pacific Islander,938121
Hawaii (15),2018,Black or African American,43407
Hawaii (15),2018,White,432545
Hawaii (15),2019,American Indian or Alaska Native,6504
Hawaii (15),2019,Asian or Pacific Islander,937458
Hawaii (15),2019,Black or African American,43387
Hawaii (15),2019,White,428523
Idaho (16),1990,American Indian or Alaska Native,14568
Idaho (16),1990,Asian or Pacific Islander,9335
Idaho (16),1990,Black or African American,3330
Idaho (16),1990,White,985151
Idaho (16),1991,American Indian or Alaska Native,14746
Idaho (16),1991,Asian or Pacific Islander,9659
Idaho (16),1991,Black or African American,3739
Idaho (16),1991,White,1013172
Idaho (16),1992,American Indian or Alaska Native,15092
Idaho (16),1992,Asian or Pacific Islander,10123
Idaho (16),1992,Black or African American,4075
Idaho (16),1992,White,1042395
Idaho (16),1993,American Indian or Alaska Native,15623
Idaho (16),1993,Asian or Pacific Islander,10572
Idaho (16),1993,Black or African American,4634
Idaho (16),1993,White,1077939
Idaho (16),1994,American Indian or Alaska Native,15932
Idaho (16),1994,Asian or Pacific Islander,10925
Idaho (16),1994,Black or African American,4826
Idaho (16),1994,White,1113457
Idaho (16),1995,American Indian or Alaska Native,16418
Idaho (16),1995,Asian or Pacific Islander,11592
Idaho (16),1995,Black or African American,5253
Idaho (16),1995,White,1144059
Idaho (16),1996,American Indian or Alaska Native,16947
Idaho (16),1996,Asian or Pacific Islander,12121
Idaho (16),1996,Black or African American,5366
Idaho (16),1996,White,1168649
Idaho (16),1997,American Indian or Alaska Native,17840
Idaho (16),1997,Asian or Pacific Islander,12755
Idaho (16),1997,Black or African American,5388
Idaho (16),1997,White,1192537
Idaho (16),1998,American Indian or Alaska Native,18637
Idaho (16),1998,Asian or Pacific Islander,13447
Idaho (16),1998,Black or African American,5907
Idaho (16),1998,White,1214339
Idaho (16),1999,American Indian or Alaska Native,19325
Idaho (16),1999,Asian or Pacific Islander,14097
Idaho (16),1999,Black or African American,6243
Idaho (16),1999,White,1236009
Idaho (16),2000,American Indian or Alaska Native,20681
Idaho (16),2000,Asian or Pacific Islander,15465
Idaho (16),2000,Black or African American,7683
Idaho (16),2000,White,1255601
Idaho (16),2001,American Indian or Alaska Native,21349
Idaho (16),2001,Asian or Pacific Islander,16356
Idaho (16),2001,Black or African American,8553
Idaho (16),2001,White,1273704
Idaho (16),2002,American Indian or Alaska Native,22053
Idaho (16),2002,Asian or Pacific Islander,17102
Idaho (16),2002,Black or African American,9279
Idaho (16),2002,White,1291938
Idaho (16),2003,American Indian or Alaska Native,22713
Idaho (16),2003,Asian or Pacific Islander,18102
Idaho (16),2003,Black or African American,9994
Idaho (16),2003,White,1312571
Idaho (16),2004,American Indian or Alaska Native,23461
Idaho (16),2004,Asian or Pacific Islander,19138
Idaho (16),2004,Black or African American,10823
Idaho (16),2004,White,1338380
Idaho (16),2005,American Indian or Alaska Native,24664
Idaho (16),2005,Asian or Pacific Islander,20513
Idaho (16),2005,Black or African American,11770
Idaho (16),2005,White,1371294
Idaho (16),2006,American Indian or Alaska Native,25683
Idaho (16),2006,Asian or Pacific Islander,21828
Idaho (16),2006,Black or African American,12702
Idaho (16),2006,White,1408456
Idaho (16),2007,American Indian or Alaska Native,26818
Idaho (16),2007,Asian or Pacific Islander,23410
Idaho (16),2007,Black or African American,13628
Idaho (16),2007,White,1441249
Idaho (16),2008,American Indian or Alaska Native,28001
Idaho (16),2008,Asian or Pacific Islander,24332
Idaho (16),2008,Black or African American,14244
Idaho (16),2008,White,1467743
Idaho (16),2009,American Indian or Alaska Native,28928
Idaho (16),2009,Asian or Pacific Islander,25292
Idaho (16),2009,Black or African American,15054
Idaho (16),2009,White,1485165
Idaho (16),2010,American Indian or Alaska Native,29952
Idaho (16),2010,Asian or Pacific Islander,25908
Idaho (16),2010,Black or African American,15368
Idaho (16),2010,White,1499518
Idaho (16),2011,American Indian or Alaska Native,30694
Idaho (16),2011,Asian or Pacific Islander,27004
Idaho (16),2011,Black or African American,16162
Idaho (16),2011,White,1510050
Idaho (16),2012,American Indian or Alaska Native,31163
Idaho (16),2012,Asian or Pacific Islander,27815
Idaho (16),2012,Black or African American,16621
Idaho (16),2012,White,1519725
Idaho (16),2013,American Indian or Alaska Native,31876
Idaho (16),2013,Asian or Pacific Islander,28554
Idaho (16),2013,Black or African American,17424
Idaho (16),2013,White,1533352
Idaho (16),2014,American Indian or Alaska Native,32527
Idaho (16),2014,Asian or Pacific Islander,29576
Idaho (16),2014,Black or African American,18223
Idaho (16),2014,White,1550786
Idaho (16),2015,American Indian or Alaska Native,33385
Idaho (16),2015,Asian or Pacific Islander,31087
Idaho (16),2015,Black or African American,19083
Idaho (16),2015,White,1567504
Idaho (16),2016,American Indian or Alaska Native,34174
Idaho (16),2016,Asian or Pacific Islander,33030
Idaho (16),2016,Black or African American,20246
Idaho (16),2016,White,1594930
Idaho (16),2017,American Indian or Alaska Native,34823
Idaho (16),2017,Asian or Pacific Islander,34388
Idaho (16),2017,Black or African American,21309
Idaho (16),2017,White,1627195
Idaho (16),2018,American Indian or Alaska Native,35510
Idaho (16),2018,Asian or Pacific Islander,35356
Idaho (16),2018,Black or African American,22162
Idaho (16),2018,White,1657508
Idaho (16),2019,American Indian or Alaska Native,36276
Idaho (16),2019,Asian or Pacific Islander,36559
Idaho (16),2019,Black or African American,23148
Idaho (16),2019,White,1691082
Illinois (17),1990,American Indian or Alaska Native,23384
Illinois (17),1990,Asian or Pacific Islander,295654
Illinois (17),1990,Black or African American,1711998
Illinois (17),1990,White,9422280
Illinois (17),1991,American Indian or Alaska Native,24707
Illinois (17),1991,Asian or Pacific Islander,311030
Illinois (17),1991,Black or African American,1739538
Illinois (17),1991,White,9493689
Illinois (17),1992,American Indian or Alaska Native,26019
Illinois (17),1992,Asian or Pacific Islander,327165
Illinois (17),1992,Black or African American,1770909
Illinois (17),1992,White,9570091
Illinois (17),1993,American Indian or Alaska Native,27515
Illinois (17),1993,Asian or Pacific Islander,343999
Illinois (17),1993,Black or African American,1801467
Illinois (17),1993,White,9636598
Illinois (17),1994,American Indian or Alaska Native,28988
Illinois (17),1994,Asian or Pacific Islander,360032
Illinois (17),1994,Black or African American,1826784
Illinois (17),1994,White,9696781
Illinois (17),1995,American Indian or Alaska Native,30524
Illinois (17),1995,Asian or Pacific Islander,375186
Illinois (17),1995,Black or African American,1849927
Illinois (17),1995,White,9752800
Illinois (17),1996,American Indian or Alaska Native,32570
Illinois (17),1996,Asian or Pacific Islander,391980
Illinois (17),1996,Black or African American,1868813
Illinois (17),1996,White,9808634
Illinois (17),1997,American Indian or Alaska Native,34486
Illinois (17),1997,Asian or Pacific Islander,408018
Illinois (17),1997,Black or African American,1887497
Illinois (17),1997,White,9855714
Illinois (17),1998,American Indian or Alaska Native,36942
Illinois (17),1998,Asian or Pacific Islander,425414
Illinois (17),1998,Black or African American,1903979
Illinois (17),1998,White,9905512
Illinois (17),1999,American Indian or Alaska Native,39586
Illinois (17),1999,Asian or Pacific Islander,444409
Illinois (17),1999,Black or African American,1923260
Illinois (17),1999,White,9951765
Illinois (17),2000,American Indian or Alaska Native,44175
Illinois (17),2000,Asian or Pacific Islander,465619
Illinois (17),2000,Black or African American,1936532
Illinois (17),2000,White,9987835
Illinois (17),2001,American Indian or Alaska Native,47869
Illinois (17),2001,Asian or Pacific Islander,484828
Illinois (17),2001,Black or African American,1940249
Illinois (17),2001,White,10015499
Illinois (17),2002,American Indian or Alaska Native,51366
Illinois (17),2002,Asian or Pacific Islander,503613
Illinois (17),2002,Black or African American,1942243
Illinois (17),2002,White,10028334
Illinois (17),2003,American Indian or Alaska Native,55196
Illinois (17),2003,Asian or Pacific Islander,521161
Illinois (17),2003,Black or African American,1942340
Illinois (17),2003,White,10037309
Illinois (17),2004,American Indian or Alaska Native,59253
Illinois (17),2004,Asian or Pacific Islander,538214
Illinois (17),2004,Black or African American,1944473
Illinois (17),2004,White,10047833
Illinois (17),2005,American Indian or Alaska Native,63271
Illinois (17),2005,Asian or Pacific Islander,555402
Illinois (17),2005,Black or African American,1944853
Illinois (17),2005,White,10046377
Illinois (17),2006,American Indian or Alaska Native,67580
Illinois (17),2006,Asian or Pacific Islander,574103
Illinois (17),2006,Black or African American,1947836
Illinois (17),2006,White,10054436
Illinois (17),2007,American Indian or Alaska Native,72021
Illinois (17),2007,Asian or Pacific Islander,594345
Illinois (17),2007,Black or African American,1951157
Illinois (17),2007,White,10078343
Illinois (17),2008,American Indian or Alaska Native,76818
Illinois (17),2008,Asian or Pacific Islander,612326
Illinois (17),2008,Black or African American,1955231
Illinois (17),2008,White,10102663
Illinois (17),2009,American Indian or Alaska Native,82361
Illinois (17),2009,Asian or Pacific Islander,629853
Illinois (17),2009,Black or African American,1960826
Illinois (17),2009,White,10123738
Illinois (17),2010,American Indian or Alaska Native,86358
Illinois (17),2010,Asian or Pacific Islander,645638
Illinois (17),2010,Black or African American,1967194
Illinois (17),2010,White,10141313
Illinois (17),2011,American Indian or Alaska Native,86532
Illinois (17),2011,Asian or Pacific Islander,666816
Illinois (17),2011,Black or African American,1968255
Illinois (17),2011,White,10145851
Illinois (17),2012,American Indian or Alaska Native,86907
Illinois (17),2012,Asian or Pacific Islander,688382
Illinois (17),2012,Black or African American,1968982
Illinois (17),2012,White,10138239
Illinois (17),2013,American Indian or Alaska Native,87026
Illinois (17),2013,Asian or Pacific Islander,710980
Illinois (17),2013,Black or African American,1969870
Illinois (17),2013,White,10127253
Illinois (17),2014,American Indian or Alaska Native,87336
Illinois (17),2014,Asian or Pacific Islander,728697
Illinois (17),2014,Black or African American,1967751
Illinois (17),2014,White,10100709
Illinois (17),2015,American Indian or Alaska Native,87496
Illinois (17),2015,Asian or Pacific Islander,745441
Illinois (17),2015,Black or African American,1963546
Illinois (17),2015,White,10062430
Illinois (17),2016,American Indian or Alaska Native,87616
Illinois (17),2016,Asian or Pacific Islander,758031
Illinois (17),2016,Black or African American,1955394
Illinois (17),2016,White,10019486
Illinois (17),2017,American Indian or Alaska Native,87567
Illinois (17),2017,Asian or Pacific Islander,772988
Illinois (17),2017,Black or African American,1946001
Illinois (17),2017,White,9972272
Illinois (17),2018,American Indian or Alaska Native,88106
Illinois (17),2018,Asian or Pacific Islander,783468
Illinois (17),2018,Black or African American,1938706
Illinois (17),2018,White,9912791
Illinois (17),2019,American Indian or Alaska Native,88948
Illinois (17),2019,Asian or Pacific Islander,793915
Illinois (17),2019,Black or African American,1934399
Illinois (17),2019,White,9854559
Indiana (18),1990,American Indian or Alaska Native,12202
Indiana (18),1990,Asian or Pacific Islander,37989
Indiana (18),1990,Black or African American,435339
Indiana (18),1990,White,5072268
Indiana (18),1991,American Indian or Alaska Native,12412
Indiana (18),1991,Asian or Pacific Islander,39622
Indiana (18),1991,Black or African American,444543
Indiana (18),1991,White,5119811
Indiana (18),1992,American Indian or Alaska Native,12756
Indiana (18),1992,Asian or Pacific Islander,41583
Indiana (18),1992,Black or African American,455577
Indiana (18),1992,White,5164631
Indiana (18),1993,American Indian or Alaska Native,13146
Indiana (18),1993,Asian or Pacific Islander,44124
Indiana (18),1993,Black or African American,466171
Indiana (18),1993,White,5215578
Indiana (18),1994,American Indian or Alaska Native,13639
Indiana (18),1994,Asian or Pacific Islander,46542
Indiana (18),1994,Black or African American,476804
Indiana (18),1994,White,5256541
Indiana (18),1995,American Indian or Alaska Native,13961
Indiana (18),1995,Asian or Pacific Islander,49472
Indiana (18),1995,Black or African American,486870
Indiana (18),1995,White,5301156
Indiana (18),1996,American Indian or Alaska Native,14722
Indiana (18),1996,Asian or Pacific Islander,52776
Indiana (18),1996,Black or African American,495311
Indiana (18),1996,White,5343204
Indiana (18),1997,American Indian or Alaska Native,15282
Indiana (18),1997,Asian or Pacific Islander,55340
Indiana (18),1997,Black or African American,506723
Indiana (18),1997,White,5377922
Indiana (18),1998,American Indian or Alaska Native,16123
Indiana (18),1998,Asian or Pacific Islander,57988
Indiana (18),1998,Black or African American,516405
Indiana (18),1998,White,5408365
Indiana (18),1999,American Indian or Alaska Native,17099
Indiana (18),1999,Asian or Pacific Islander,62772
Indiana (18),1999,Black or African American,525172
Indiana (18),1999,White,5439927
Indiana (18),2000,American Indian or Alaska Native,19423
Indiana (18),2000,Asian or Pacific Islander,68820
Indiana (18),2000,Black or African American,535729
Indiana (18),2000,White,5467894
Indiana (18),2001,American Indian or Alaska Native,20272
Indiana (18),2001,Asian or Pacific Islander,73286
Indiana (18),2001,Black or African American,545974
Indiana (18),2001,White,5488228
Indiana (18),2002,American Indian or Alaska Native,21238
Indiana (18),2002,Asian or Pacific Islander,77917
Indiana (18),2002,Black or African American,555017
Indiana (18),2002,White,5501795
Indiana (18),2003,American Indian or Alaska Native,21975
Indiana (18),2003,Asian or Pacific Islander,82932
Indiana (18),2003,Black or African American,565411
Indiana (18),2003,White,5526320
Indiana (18),2004,American Indian or Alaska Native,22851
Indiana (18),2004,Asian or Pacific Islander,87942
Indiana (18),2004,Black or African American,575734
Indiana (18),2004,White,5546480
Indiana (18),2005,American Indian or Alaska Native,23684
Indiana (18),2005,Asian or Pacific Islander,93447
Indiana (18),2005,Black or African American,586943
Indiana (18),2005,White,5574542
Indiana (18),2006,American Indian or Alaska Native,24852
Indiana (18),2006,Asian or Pacific Islander,99018
Indiana (18),2006,Black or African American,600368
Indiana (18),2006,White,5608431
Indiana (18),2007,American Indian or Alaska Native,25791
Indiana (18),2007,Asian or Pacific Islander,104153
Indiana (18),2007,Black or African American,612333
Indiana (18),2007,White,5637322
Indiana (18),2008,American Indian or Alaska Native,26987
Indiana (18),2008,Asian or Pacific Islander,108824
Indiana (18),2008,Black or African American,624185
Indiana (18),2008,White,5664810
Indiana (18),2009,American Indian or Alaska Native,28112
Indiana (18),2009,Asian or Pacific Islander,114215
Indiana (18),2009,Black or African American,635234
Indiana (18),2009,White,5681764
Indiana (18),2010,American Indian or Alaska Native,28946
Indiana (18),2010,Asian or Pacific Islander,119534
Indiana (18),2010,Black or African American,645695
Indiana (18),2010,White,5696257
Indiana (18),2011,American Indian or Alaska Native,29351
Indiana (18),2011,Asian or Pacific Islander,126832
Indiana (18),2011,Black or African American,653502
Indiana (18),2011,White,5706843
Indiana (18),2012,American Indian or Alaska Native,29731
Indiana (18),2012,Asian or Pacific Islander,134777
Indiana (18),2012,Black or African American,660413
Indiana (18),2012,White,5712782
Indiana (18),2013,American Indian or Alaska Native,30278
Indiana (18),2013,Asian or Pacific Islander,142235
Indiana (18),2013,Black or African American,669232
Indiana (18),2013,White,5726968
Indiana (18),2014,American Indian or Alaska Native,30725
Indiana (18),2014,Asian or Pacific Islander,149459
Indiana (18),2014,Black or African American,677144
Indiana (18),2014,White,5736316
Indiana (18),2015,American Indian or Alaska Native,31071
Indiana (18),2015,Asian or Pacific Islander,156131
Indiana (18),2015,Black or African American,684364
Indiana (18),2015,White,5736856
Indiana (18),2016,American Indian or Alaska Native,31488
Indiana (18),2016,Asian or Pacific Islander,165164
Indiana (18),2016,Black or African American,693776
Indiana (18),2016,White,5743876
Indiana (18),2017,American Indian or Alaska Native,32081
Indiana (18),2017,Asian or Pacific Islander,171688
Indiana (18),2017,Black or African American,703272
Indiana (18),2017,White,5751037
Indiana (18),2018,American Indian or Alaska Native,32953
Indiana (18),2018,Asian or Pacific Islander,181815
Indiana (18),2018,Black or African American,715146
Indiana (18),2018,White,5765583
Indiana (18),2019,American Indian or Alaska Native,33645
Indiana (18),2019,Asian or Pacific Islander,191638
Indiana (18),2019,Black or African American,726166
Indiana (18),2019,White,5780770
Iowa (19),1990,American Indian or Alaska Native,6921
Iowa (19),1990,Asian or Pacific Islander,25083
Iowa (19),1990,Black or African American,48262
Iowa (19),1990,White,2700752
Iowa (19),1991,American Indian or Alaska Native,7092
Iowa (19),1991,Asian or Pacific Islander,26623
Iowa (19),1991,Black or African American,50139
Iowa (19),1991,White,2713759
Iowa (19),1992,American Indian or Alaska Native,7150
Iowa (19),1992,Asian or Pacific Islander,28196
Iowa (19),1992,Black or African American,52209
Iowa (19),1992,White,2730846
Iowa (19),1993,American Indian or Alaska Native,7290
Iowa (19),1993,Asian or Pacific Islander,29982
Iowa (19),1993,Black or African American,54181
Iowa (19),1993,White,2745519
Iowa (19),1994,American Indian or Alaska Native,7528
Iowa (19),1994,Asian or Pacific Islander,31370
Iowa (19),1994,Black or African American,56139
Iowa (19),1994,White,2755709
Iowa (19),1995,American Indian or Alaska Native,7691
Iowa (19),1995,Asian or Pacific Islander,33025
Iowa (19),1995,Black or African American,57654
Iowa (19),1995,White,2769003
Iowa (19),1996,American Indian or Alaska Native,7871
Iowa (19),1996,Asian or Pacific Islander,34164
Iowa (19),1996,Black or African American,59519
Iowa (19),1996,White,2778447
Iowa (19),1997,American Indian or Alaska Native,8110
Iowa (19),1997,Asian or Pacific Islander,34997
Iowa (19),1997,Black or African American,61087
Iowa (19),1997,White,2786925
Iowa (19),1998,American Indian or Alaska Native,8282
Iowa (19),1998,Asian or Pacific Islander,35566
Iowa (19),1998,Black or African American,63173
Iowa (19),1998,White,2795851
Iowa (19),1999,American Indian or Alaska Native,8532
Iowa (19),1999,Asian or Pacific Islander,37343
Iowa (19),1999,Black or African American,65291
Iowa (19),1999,White,2806468
Iowa (19),2000,American Indian or Alaska Native,10382
Iowa (19),2000,Asian or Pacific Islander,40863
Iowa (19),2000,Black or African American,70592
Iowa (19),2000,White,2807230
Iowa (19),2001,American Indian or Alaska Native,10898
Iowa (19),2001,Asian or Pacific Islander,42078
Iowa (19),2001,Black or African American,73183
Iowa (19),2001,White,2805838
Iowa (19),2002,American Indian or Alaska Native,11386
Iowa (19),2002,Asian or Pacific Islander,43552
Iowa (19),2002,Black or African American,75770
Iowa (19),2002,White,2803526
Iowa (19),2003,American Indian or Alaska Native,11815
Iowa (19),2003,Asian or Pacific Islander,45533
Iowa (19),2003,Black or African American,78647
Iowa (19),2003,White,2806004
Iowa (19),2004,American Indian or Alaska Native,12318
Iowa (19),2004,Asian or Pacific Islander,47388
Iowa (19),2004,Black or African American,81906
Iowa (19),2004,White,2812023
Iowa (19),2005,American Indian or Alaska Native,12699
Iowa (19),2005,Asian or Pacific Islander,49164
Iowa (19),2005,Black or African American,85616
Iowa (19),2005,White,2816975
Iowa (19),2006,American Indian or Alaska Native,13243
Iowa (19),2006,Asian or Pacific Islander,51062
Iowa (19),2006,Black or African American,90031
Iowa (19),2006,White,2828308
Iowa (19),2007,American Indian or Alaska Native,13910
Iowa (19),2007,Asian or Pacific Islander,52940
Iowa (19),2007,Black or African American,94830
Iowa (19),2007,White,2837532
Iowa (19),2008,American Indian or Alaska Native,14455
Iowa (19),2008,Asian or Pacific Islander,54739
Iowa (19),2008,Black or African American,99622
Iowa (19),2008,White,2847918
Iowa (19),2009,American Indian or Alaska Native,15048
Iowa (19),2009,Asian or Pacific Islander,57321
Iowa (19),2009,Black or African American,104045
Iowa (19),2009,White,2856456
Iowa (19),2010,American Indian or Alaska Native,15522
Iowa (19),2010,Asian or Pacific Islander,60369
Iowa (19),2010,Black or African American,108459
Iowa (19),2010,White,2866395
Iowa (19),2011,American Indian or Alaska Native,16000
Iowa (19),2011,Asian or Pacific Islander,65334
Iowa (19),2011,Black or African American,111800
Iowa (19),2011,White,2873202
Iowa (19),2012,American Indian or Alaska Native,16326
Iowa (19),2012,Asian or Pacific Islander,69333
Iowa (19),2012,Black or African American,114888
Iowa (19),2012,White,2875643
Iowa (19),2013,American Indian or Alaska Native,16953
Iowa (19),2013,Asian or Pacific Islander,74498
Iowa (19),2013,Black or African American,120402
Iowa (19),2013,White,2881144
Iowa (19),2014,American Indian or Alaska Native,17439
Iowa (19),2014,Asian or Pacific Islander,79498
Iowa (19),2014,Black or African American,126163
Iowa (19),2014,White,2886250
Iowa (19),2015,American Indian or Alaska Native,17836
Iowa (19),2015,Asian or Pacific Islander,82726
Iowa (19),2015,Black or African American,131510
Iowa (19),2015,White,2888888
Iowa (19),2016,American Indian or Alaska Native,18203
Iowa (19),2016,Asian or Pacific Islander,86068
Iowa (19),2016,Black or African American,136767
Iowa (19),2016,White,2890333
Iowa (19),2017,American Indian or Alaska Native,18534
Iowa (19),2017,Asian or Pacific Islander,89740
Iowa (19),2017,Black or African American,142733
Iowa (19),2017,White,2890543
Iowa (19),2018,American Indian or Alaska Native,18966
Iowa (19),2018,Asian or Pacific Islander,91823
Iowa (19),2018,Black or African American,147018
Iowa (19),2018,White,2890811
Iowa (19),2019,American Indian or Alaska Native,19279
Iowa (19),2019,Asian or Pacific Islander,93459
Iowa (19),2019,Black or African American,150737
Iowa (19),2019,White,2891595
Kansas (20),1990,American Indian or Alaska Native,22457
Kansas (20),1990,Asian or Pacific Islander,32012
Kansas (20),1990,Black or African American,144681
Kansas (20),1990,White,2282199
Kansas (20),1991,American Indian or Alaska Native,22664
Kansas (20),1991,Asian or Pacific Islander,33354
Kansas (20),1991,Black or African American,146550
Kansas (20),1991,White,2296154
Kansas (20),1992,American Indian or Alaska Native,23313
Kansas (20),1992,Asian or Pacific Islander,35278
Kansas (20),1992,Black or African American,151693
Kansas (20),1992,White,2322111
Kansas (20),1993,American Indian or Alaska Native,23741
Kansas (20),1993,Asian or Pacific Islander,36767
Kansas (20),1993,Black or African American,153165
Kansas (20),1993,White,2342874
Kansas (20),1994,American Indian or Alaska Native,24666
Kansas (20),1994,Asian or Pacific Islander,39284
Kansas (20),1994,Black or African American,155163
Kansas (20),1994,White,2361400
Kansas (20),1995,American Indian or Alaska Native,25289
Kansas (20),1995,Asian or Pacific Islander,41340
Kansas (20),1995,Black or African American,156575
Kansas (20),1995,White,2377804
Kansas (20),1996,American Indian or Alaska Native,25999
Kansas (20),1996,Asian or Pacific Islander,43046
Kansas (20),1996,Black or African American,157016
Kansas (20),1996,White,2388493
Kansas (20),1997,American Indian or Alaska Native,26599
Kansas (20),1997,Asian or Pacific Islander,44903
Kansas (20),1997,Black or African American,158557
Kansas (20),1997,White,2405233
Kansas (20),1998,American Indian or Alaska Native,27500
Kansas (20),1998,Asian or Pacific Islander,47309
Kansas (20),1998,Black or African American,162176
Kansas (20),1998,White,2423613
Kansas (20),1999,American Indian or Alaska Native,28531
Kansas (20),1999,Asian or Pacific Islander,49690
Kansas (20),1999,Black or African American,164954
Kansas (20),1999,White,2435163
Kansas (20),2000,American Indian or Alaska Native,30885
Kansas (20),2000,Asian or Pacific Islander,53613
Kansas (20),2000,Black or African American,168056
Kansas (20),2000,White,2441127
Kansas (20),2001,American Indian or Alaska Native,31627
Kansas (20),2001,Asian or Pacific Islander,56109
Kansas (20),2001,Black or African American,169671
Kansas (20),2001,White,2444755
Kansas (20),2002,American Indian or Alaska Native,32562
Kansas (20),2002,Asian or Pacific Islander,59040
Kansas (20),2002,Black or African American,171790
Kansas (20),2002,White,2450143
Kansas (20),2003,American Indian or Alaska Native,33351
Kansas (20),2003,Asian or Pacific Islander,61822
Kansas (20),2003,Black or African American,173096
Kansas (20),2003,White,2454735
Kansas (20),2004,American Indian or Alaska Native,34199
Kansas (20),2004,Asian or Pacific Islander,63886
Kansas (20),2004,Black or African American,175310
Kansas (20),2004,White,2460978
Kansas (20),2005,American Indian or Alaska Native,35217
Kansas (20),2005,Asian or Pacific Islander,66128
Kansas (20),2005,Black or African American,176749
Kansas (20),2005,White,2467205
Kansas (20),2006,American Indian or Alaska Native,36071
Kansas (20),2006,Asian or Pacific Islander,67959
Kansas (20),2006,Black or African American,180509
Kansas (20),2006,White,2478392
Kansas (20),2007,American Indian or Alaska Native,36902
Kansas (20),2007,Asian or Pacific Islander,70412
Kansas (20),2007,Black or African American,183812
Kansas (20),2007,White,2492659
Kansas (20),2008,American Indian or Alaska Native,38037
Kansas (20),2008,Asian or Pacific Islander,73191
Kansas (20),2008,Black or African American,188485
Kansas (20),2008,White,2508363
Kansas (20),2009,American Indian or Alaska Native,39620
Kansas (20),2009,Asian or Pacific Islander,75929
Kansas (20),2009,Black or African American,192058
Kansas (20),2009,White,2525097
Kansas (20),2010,American Indian or Alaska Native,40691
Kansas (20),2010,Asian or Pacific Islander,78687
Kansas (20),2010,Black or African American,196459
Kansas (20),2010,White,2542353
Kansas (20),2011,American Indian or Alaska Native,41004
Kansas (20),2011,Asian or Pacific Islander,81808
Kansas (20),2011,Black or African American,198407
Kansas (20),2011,White,2548006
Kansas (20),2012,American Indian or Alaska Native,41387
Kansas (20),2012,Asian or Pacific Islander,84792
Kansas (20),2012,Black or African American,201653
Kansas (20),2012,White,2557425
Kansas (20),2013,American Indian or Alaska Native,41780
Kansas (20),2013,Asian or Pacific Islander,88075
Kansas (20),2013,Black or African American,203085
Kansas (20),2013,White,2560272
Kansas (20),2014,American Indian or Alaska Native,41957
Kansas (20),2014,Asian or Pacific Islander,91221
Kansas (20),2014,Black or African American,204716
Kansas (20),2014,White,2562581
Kansas (20),2015,American Indian or Alaska Native,41973
Kansas (20),2015,Asian or Pacific Islander,95773
Kansas (20),2015,Black or African American,206307
Kansas (20),2015,White,2564958
Kansas (20),2016,American Indian or Alaska Native,42115
Kansas (20),2016,Asian or Pacific Islander,99093
Kansas (20),2016,Black or African American,206390
Kansas (20),2016,White,2563246
Kansas (20),2017,American Indian or Alaska Native,42259
Kansas (20),2017,Asian or Pacific Islander,99931
Kansas (20),2017,Black or African American,206063
Kansas (20),2017,White,2560465
Kansas (20),2018,American Indian or Alaska Native,42620
Kansas (20),2018,Asian or Pacific Islander,102165
Kansas (20),2018,Black or African American,206723
Kansas (20),2018,White,2559851
Kansas (20),2019,American Indian or Alaska Native,43179
Kansas (20),2019,Asian or Pacific Islander,103940
Kansas (20),2019,Black or African American,207755
Kansas (20),2019,White,2558440
Kentucky (21),1990,American Indian or Alaska Native,4907
Kentucky (21),1990,Asian or Pacific Islander,17534
Kentucky (21),1990,Black or African American,264471
Kentucky (21),1990,White,3407136
Kentucky (21),1991,American Indian or Alaska Native,4817
Kentucky (21),1991,Asian or Pacific Islander,18487
Kentucky (21),1991,Black or African American,267149
Kentucky (21),1991,White,3431875
Kentucky (21),1992,American Indian or Alaska Native,4883
Kentucky (21),1992,Asian or Pacific Islander,19369
Kentucky (21),1992,Black or African American,271847
Kentucky (21),1992,White,3469370
Kentucky (21),1993,American Indian or Alaska Native,5138
Kentucky (21),1993,Asian or Pacific Islander,20992
Kentucky (21),1993,Black or African American,275311
Kentucky (21),1993,White,3510765
Kentucky (21),1994,American Indian or Alaska Native,5338
Kentucky (21),1994,Asian or Pacific Islander,22355
Kentucky (21),1994,Black or African American,279676
Kentucky (21),1994,White,3541719
Kentucky (21),1995,American Indian or Alaska Native,5545
Kentucky (21),1995,Asian or Pacific Islander,23728
Kentucky (21),1995,Black or African American,283800
Kentucky (21),1995,White,3574354
Kentucky (21),1996,American Indian or Alaska Native,6029
Kentucky (21),1996,Asian or Pacific Islander,25609
Kentucky (21),1996,Black or African American,287875
Kentucky (21),1996,White,3600023
Kentucky (21),1997,American Indian or Alaska Native,6288
Kentucky (21),1997,Asian or Pacific Islander,27034
Kentucky (21),1997,Black or African American,292820
Kentucky (21),1997,White,3626605
Kentucky (21),1998,American Indian or Alaska Native,6529
Kentucky (21),1998,Asian or Pacific Islander,28829
Kentucky (21),1998,Black or African American,298150
Kentucky (21),1998,White,3651883
Kentucky (21),1999,American Indian or Alaska Native,6917
Kentucky (21),1999,Asian or Pacific Islander,30657
Kentucky (21),1999,Black or African American,303644
Kentucky (21),1999,White,3676835
Kentucky (21),2000,American Indian or Alaska Native,9426
Kentucky (21),2000,Asian or Pacific Islander,34637
Kentucky (21),2000,Black or African American,309072
Kentucky (21),2000,White,3695886
Kentucky (21),2001,American Indian or Alaska Native,9844
Kentucky (21),2001,Asian or Pacific Islander,36761
Kentucky (21),2001,Black or African American,314168
Kentucky (21),2001,White,3707359
Kentucky (21),2002,American Indian or Alaska Native,10073
Kentucky (21),2002,Asian or Pacific Islander,39072
Kentucky (21),2002,Black or African American,318571
Kentucky (21),2002,White,3722159
Kentucky (21),2003,American Indian or Alaska Native,10228
Kentucky (21),2003,Asian or Pacific Islander,41345
Kentucky (21),2003,Black or African American,322254
Kentucky (21),2003,White,3743343
Kentucky (21),2004,American Indian or Alaska Native,10673
Kentucky (21),2004,Asian or Pacific Islander,43871
Kentucky (21),2004,Black or African American,328546
Kentucky (21),2004,White,3763011
Kentucky (21),2005,American Indian or Alaska Native,10999
Kentucky (21),2005,Asian or Pacific Islander,46589
Kentucky (21),2005,Black or African American,334402
Kentucky (21),2005,White,3790752
Kentucky (21),2006,American Indian or Alaska Native,11268
Kentucky (21),2006,Asian or Pacific Islander,48912
Kentucky (21),2006,Black or African American,339736
Kentucky (21),2006,White,3819323
Kentucky (21),2007,American Indian or Alaska Native,11737
Kentucky (21),2007,Asian or Pacific Islander,51251
Kentucky (21),2007,Black or African American,347061
Kentucky (21),2007,White,3846623
Kentucky (21),2008,American Indian or Alaska Native,12060
Kentucky (21),2008,Asian or Pacific Islander,53472
Kentucky (21),2008,Black or African American,352036
Kentucky (21),2008,White,3872310
Kentucky (21),2009,American Indian or Alaska Native,12486
Kentucky (21),2009,Asian or Pacific Islander,55862
Kentucky (21),2009,Black or African American,359228
Kentucky (21),2009,White,3889498
Kentucky (21),2010,American Indian or Alaska Native,12896
Kentucky (21),2010,Asian or Pacific Islander,58166
Kentucky (21),2010,Black or African American,366264
Kentucky (21),2010,White,3910855
Kentucky (21),2011,American Indian or Alaska Native,12986
Kentucky (21),2011,Asian or Pacific Islander,60628
Kentucky (21),2011,Black or African American,371945
Kentucky (21),2011,White,3924262
Kentucky (21),2012,American Indian or Alaska Native,13169
Kentucky (21),2012,Asian or Pacific Islander,63626
Kentucky (21),2012,Black or African American,376937
Kentucky (21),2012,White,3932614
Kentucky (21),2013,American Indian or Alaska Native,13384
Kentucky (21),2013,Asian or Pacific Islander,67128
Kentucky (21),2013,Black or African American,383005
Kentucky (21),2013,White,3941142
Kentucky (21),2014,American Indian or Alaska Native,13596
Kentucky (21),2014,Asian or Pacific Islander,69369
Kentucky (21),2014,Black or African American,386557
Kentucky (21),2014,White,3944827
Kentucky (21),2015,American Indian or Alaska Native,13702
Kentucky (21),2015,Asian or Pacific Islander,73084
Kentucky (21),2015,Black or African American,390409
Kentucky (21),2015,White,3948781
Kentucky (21),2016,American Indian or Alaska Native,14007
Kentucky (21),2016,Asian or Pacific Islander,76344
Kentucky (21),2016,Black or African American,395017
Kentucky (21),2016,White,3952814
Kentucky (21),2017,American Indian or Alaska Native,13969
Kentucky (21),2017,Asian or Pacific Islander,79036
Kentucky (21),2017,Black or African American,400789
Kentucky (21),2017,White,3958474
Kentucky (21),2018,American Indian or Alaska Native,14156
Kentucky (21),2018,Asian or Pacific Islander,80080
Kentucky (21),2018,Black or African American,404452
Kentucky (21),2018,White,3962465
Kentucky (21),2019,American Indian or Alaska Native,14247
Kentucky (21),2019,Asian or Pacific Islander,81475
Kentucky (21),2019,Black or African American,408675
Kentucky (21),2019,White,3963276
Louisiana (22),1990,American Indian or Alaska Native,18276
Louisiana (22),1990,Asian or Pacific Islander,41254
Louisiana (22),1990,Black or African American,1302816
Louisiana (22),1990,White,2859186
Louisiana (22),1991,American Indian or Alaska Native,18969
Louisiana (22),1991,Asian or Pacific Islander,43559
Louisiana (22),1991,Black or African American,1321819
Louisiana (22),1991,White,2868932
Louisiana (22),1992,American Indian or Alaska Native,19578
Louisiana (22),1992,Asian or Pacific Islander,45684
Louisiana (22),1992,Black or African American,1345921
Louisiana (22),1992,White,2881820
Louisiana (22),1993,American Indian or Alaska Native,20105
Louisiana (22),1993,Asian or Pacific Islander,47633
Louisiana (22),1993,Black or African American,1366339
Louisiana (22),1993,White,2882351
Louisiana (22),1994,American Indian or Alaska Native,21037
Louisiana (22),1994,Asian or Pacific Islander,49646
Louisiana (22),1994,Black or African American,1386633
Louisiana (22),1994,White,2890165
Louisiana (22),1995,American Indian or Alaska Native,21879
Louisiana (22),1995,Asian or Pacific Islander,51946
Louisiana (22),1995,Black or African American,1405899
Louisiana (22),1995,White,2899055
Louisiana (22),1996,American Indian or Alaska Native,22795
Louisiana (22),1996,Asian or Pacific Islander,54038
Louisiana (22),1996,Black or African American,1421523
Louisiana (22),1996,White,2900521
Louisiana (22),1997,American Indian or Alaska Native,23793
Louisiana (22),1997,Asian or Pacific Islander,55165
Louisiana (22),1997,Black or African American,1435689
Louisiana (22),1997,White,2906425
Louisiana (22),1998,American Indian or Alaska Native,24716
Louisiana (22),1998,Asian or Pacific Islander,56037
Louisiana (22),1998,Black or African American,1448356
Louisiana (22),1998,White,2911235
Louisiana (22),1999,American Indian or Alaska Native,25856
Louisiana (22),1999,Asian or Pacific Islander,57961
Louisiana (22),1999,Black or African American,1461433
Louisiana (22),1999,White,2915561
Louisiana (22),2000,American Indian or Alaska Native,27979
Louisiana (22),2000,Asian or Pacific Islander,61184
Louisiana (22),2000,Black or African American,1470682
Louisiana (22),2000,White,2912040
Louisiana (22),2001,American Indian or Alaska Native,28851
Louisiana (22),2001,Asian or Pacific Islander,62639
Louisiana (22),2001,Black or African American,1475975
Louisiana (22),2001,White,2910410
Louisiana (22),2002,American Indian or Alaska Native,29738
Louisiana (22),2002,Asian or Pacific Islander,64986
Louisiana (22),2002,Black or African American,1485575
Louisiana (22),2002,White,2916968
Louisiana (22),2003,American Indian or Alaska Native,30540
Louisiana (22),2003,Asian or Pacific Islander,67372
Louisiana (22),2003,Black or African American,1496609
Louisiana (22),2003,White,2926521
Louisiana (22),2004,American Indian or Alaska Native,31511
Louisiana (22),2004,Asian or Pacific Islander,70005
Louisiana (22),2004,Black or African American,1509822
Louisiana (22),2004,White,2940900
Louisiana (22),2005,American Indian or Alaska Native,32391
Louisiana (22),2005,Asian or Pacific Islander,72183
Louisiana (22),2005,Black or African American,1521031
Louisiana (22),2005,White,2951023
Louisiana (22),2006,American Indian or Alaska Native,31502
Louisiana (22),2006,Asian or Pacific Islander,67609
Louisiana (22),2006,Black or African American,1369467
Louisiana (22),2006,White,2834087
Louisiana (22),2007,American Indian or Alaska Native,32681
Louisiana (22),2007,Asian or Pacific Islander,70404
Louisiana (22),2007,Black or African American,1411396
Louisiana (22),2007,White,2861100
Louisiana (22),2008,American Indian or Alaska Native,34078
Louisiana (22),2008,Asian or Pacific Islander,73385
Louisiana (22),2008,Black or African American,1444476
Louisiana (22),2008,White,2883647
Louisiana (22),2009,American Indian or Alaska Native,35174
Louisiana (22),2009,Asian or Pacific Islander,76977
Louisiana (22),2009,Black or African American,1468988
Louisiana (22),2009,White,2910509
Louisiana (22),2010,American Indian or Alaska Native,36205
Louisiana (22),2010,Asian or Pacific Islander,79896
Louisiana (22),2010,Black or African American,1490527
Louisiana (22),2010,White,2937904
Louisiana (22),2011,American Indian or Alaska Native,36825
Louisiana (22),2011,Asian or Pacific Islander,82871
Louisiana (22),2011,Black or African American,1504638
Louisiana (22),2011,White,2951291
Louisiana (22),2012,American Indian or Alaska Native,37524
Louisiana (22),2012,Asian or Pacific Islander,84702
Louisiana (22),2012,Black or African American,1516663
Louisiana (22),2012,White,2962083
Louisiana (22),2013,American Indian or Alaska Native,38175
Louisiana (22),2013,Asian or Pacific Islander,86521
Louisiana (22),2013,Black or African American,1528698
Louisiana (22),2013,White,2971133
Louisiana (22),2014,American Indian or Alaska Native,38826
Louisiana (22),2014,Asian or Pacific Islander,87780
Louisiana (22),2014,Black or African American,1538049
Louisiana (22),2014,White,2979358
Louisiana (22),2015,American Indian or Alaska Native,39202
Louisiana (22),2015,Asian or Pacific Islander,90340
Louisiana (22),2015,Black or African American,1546664
Louisiana (22),2015,White,2988422
Louisiana (22),2016,American Indian or Alaska Native,39456
Louisiana (22),2016,Asian or Pacific Islander,92336
Louisiana (22),2016,Black or African American,1554239
Louisiana (22),2016,White,2992104
Louisiana (22),2017,American Indian or Alaska Native,39867
Louisiana (22),2017,Asian or Pacific Islander,92880
Louisiana (22),2017,Black or African American,1556945
Louisiana (22),2017,White,2980868
Louisiana (22),2018,American Indian or Alaska Native,39957
Louisiana (22),2018,Asian or Pacific Islander,93578
Louisiana (22),2018,Black or African American,1557088
Louisiana (22),2018,White,2969067
Louisiana (22),2019,American Indian or Alaska Native,40124
Louisiana (22),2019,Asian or Pacific Islander,94118
Louisiana (22),2019,Black or African American,1556514
Louisiana (22),2019,White,2958038
Maine (23),1990,American Indian or Alaska Native,5950
Maine (23),1990,Asian or Pacific Islander,6650
Maine (23),1990,Black or African American,5111
Maine (23),1990,White,1214008
Maine (23),1991,American Indian or Alaska Native,6086
Maine (23),1991,Asian or Pacific Islander,6858
Maine (23),1991,Black or African American,5246
Maine (23),1991,White,1218891
Maine (23),1992,American Indian or Alaska Native,6330
Maine (23),1992,Asian or Pacific Islander,7326
Maine (23),1992,Black or African American,5284
Maine (23),1992,White,1219568
Maine (23),1993,American Indian or Alaska Native,6472
Maine (23),1993,Asian or Pacific Islander,7493
Maine (23),1993,Black or African American,5313
Maine (23),1993,White,1223024
Maine (23),1994,American Indian or Alaska Native,6466
Maine (23),1994,Asian or Pacific Islander,7763
Maine (23),1994,Black or African American,5188
Maine (23),1994,White,1223245
Maine (23),1995,American Indian or Alaska Native,6678
Maine (23),1995,Asian or Pacific Islander,7978
Maine (23),1995,Black or African American,5563
Maine (23),1995,White,1223262
Maine (23),1996,American Indian or Alaska Native,6691
Maine (23),1996,Asian or Pacific Islander,8309
Maine (23),1996,Black or African American,6001
Maine (23),1996,White,1228059
Maine (23),1997,American Indian or Alaska Native,6981
Maine (23),1997,Asian or Pacific Islander,8630
Maine (23),1997,Black or African American,6641
Maine (23),1997,White,1232522
Maine (23),1998,American Indian or Alaska Native,7269
Maine (23),1998,Asian or Pacific Islander,9170
Maine (23),1998,Black or African American,7432
Maine (23),1998,White,1235256
Maine (23),1999,American Indian or Alaska Native,7575
Maine (23),1999,Asian or Pacific Islander,9712
Maine (23),1999,Black or African American,7545
Maine (23),1999,White,1241976
Maine (23),2000,American Indian or Alaska Native,8175
Maine (23),2000,Asian or Pacific Islander,10392
Maine (23),2000,Black or African American,8818
Maine (23),2000,White,1249687
Maine (23),2001,American Indian or Alaska Native,8441
Maine (23),2001,Asian or Pacific Islander,10910
Maine (23),2001,Black or African American,9944
Maine (23),2001,White,1256397
Maine (23),2002,American Indian or Alaska Native,8685
Maine (23),2002,Asian or Pacific Islander,11553
Maine (23),2002,Black or African American,11105
Maine (23),2002,White,1264617
Maine (23),2003,American Indian or Alaska Native,8944
Maine (23),2003,Asian or Pacific Islander,12129
Maine (23),2003,Black or African American,12613
Maine (23),2003,White,1272827
Maine (23),2004,American Indian or Alaska Native,9109
Maine (23),2004,Asian or Pacific Islander,12739
Maine (23),2004,Black or African American,13758
Maine (23),2004,White,1278082
Maine (23),2005,American Indian or Alaska Native,9368
Maine (23),2005,Asian or Pacific Islander,13241
Maine (23),2005,Black or African American,15087
Maine (23),2005,White,1281091
Maine (23),2006,American Indian or Alaska Native,9568
Maine (23),2006,Asian or Pacific Islander,13684
Maine (23),2006,Black or African American,16243
Maine (23),2006,White,1284124
Maine (23),2007,American Indian or Alaska Native,9852
Maine (23),2007,Asian or Pacific Islander,14021
Maine (23),2007,Black or African American,17339
Maine (23),2007,White,1285828
Maine (23),2008,American Indian or Alaska Native,10144
Maine (23),2008,Asian or Pacific Islander,14543
Maine (23),2008,Black or African American,18505
Maine (23),2008,White,1287317
Maine (23),2009,American Indian or Alaska Native,10406
Maine (23),2009,Asian or Pacific Islander,14888
Maine (23),2009,Black or African American,19452
Maine (23),2009,White,1284844
Maine (23),2010,American Indian or Alaska Native,10439
Maine (23),2010,Asian or Pacific Islander,15291
Maine (23),2010,Black or African American,19919
Maine (23),2010,White,1281980
Maine (23),2011,American Indian or Alaska Native,10571
Maine (23),2011,Asian or Pacific Islander,15864
Maine (23),2011,Black or African American,20842
Maine (23),2011,White,1281007
Maine (23),2012,American Indian or Alaska Native,10648
Maine (23),2012,Asian or Pacific Islander,16104
Maine (23),2012,Black or African American,21489
Maine (23),2012,White,1279488
Maine (23),2013,American Indian or Alaska Native,10720
Maine (23),2013,Asian or Pacific Islander,16574
Maine (23),2013,Black or African American,22213
Maine (23),2013,White,1278502
Maine (23),2014,American Indian or Alaska Native,10877
Maine (23),2014,Asian or Pacific Islander,17285
Maine (23),2014,Black or African American,23443
Maine (23),2014,White,1278908
Maine (23),2015,American Indian or Alaska Native,10984
Maine (23),2015,Asian or Pacific Islander,17407
Maine (23),2015,Black or African American,23962
Maine (23),2015,White,1275909
Maine (23),2016,American Indian or Alaska Native,11142
Maine (23),2016,Asian or Pacific Islander,18168
Maine (23),2016,Black or African American,25009
Maine (23),2016,White,1276998
Maine (23),2017,American Indian or Alaska Native,11310
Maine (23),2017,Asian or Pacific Islander,18513
Maine (23),2017,Black or African American,25782
Maine (23),2017,White,1279007
Maine (23),2018,American Indian or Alaska Native,11480
Maine (23),2018,Asian or Pacific Islander,18951
Maine (23),2018,Black or African American,26627
Maine (23),2018,White,1281999
Maine (23),2019,American Indian or Alaska Native,11655
Maine (23),2019,Asian or Pacific Islander,19378
Maine (23),2019,Black or African American,27555
Maine (23),2019,White,1285624
Maryland (24),1990,American Indian or Alaska Native,13149
Maryland (24),1990,Asian or Pacific Islander,143408
Maryland (24),1990,Black or African American,1203347
Maryland (24),1990,White,3439866
Maryland (24),1991,American Indian or Alaska Native,13698
Maryland (24),1991,Asian or Pacific Islander,152434
Maryland (24),1991,Black or African American,1238558
Maryland (24),1991,White,3462951
Maryland (24),1992,American Indian or Alaska Native,14086
Maryland (24),1992,Asian or Pacific Islander,159972
Maryland (24),1992,Black or African American,1270383
Maryland (24),1992,White,3478928
Maryland (24),1993,American Indian or Alaska Native,14780
Maryland (24),1993,Asian or Pacific Islander,169786
Maryland (24),1993,Black or African American,1303386
Maryland (24),1993,White,3483937
Maryland (24),1994,American Indian or Alaska Native,15466
Maryland (24),1994,Asian or Pacific Islander,178166
Maryland (24),1994,Black or African American,1337756
Maryland (24),1994,White,3491672
Maryland (24),1995,American Indian or Alaska Native,16159
Maryland (24),1995,Asian or Pacific Islander,185021
Maryland (24),1995,Black or African American,1371811
Maryland (24),1995,White,3497042
Maryland (24),1996,American Indian or Alaska Native,16614
Maryland (24),1996,Asian or Pacific Islander,193726
Maryland (24),1996,Black or African American,1406138
Maryland (24),1996,White,3495508
Maryland (24),1997,American Indian or Alaska Native,17225
Maryland (24),1997,Asian or Pacific Islander,203159
Maryland (24),1997,Black or African American,1438668
Maryland (24),1997,White,3498276
Maryland (24),1998,American Indian or Alaska Native,17950
Maryland (24),1998,Asian or Pacific Islander,210614
Maryland (24),1998,Black or African American,1471996
Maryland (24),1998,White,3503904
Maryland (24),1999,American Indian or Alaska Native,18471
Maryland (24),1999,Asian or Pacific Islander,220863
Maryland (24),1999,Black or African American,1503532
Maryland (24),1999,White,3511643
Maryland (24),2000,American Indian or Alaska Native,19897
Maryland (24),2000,Asian or Pacific Islander,232666
Maryland (24),2000,Black or African American,1530353
Maryland (24),2000,White,3528118
Maryland (24),2001,American Indian or Alaska Native,21485
Maryland (24),2001,Asian or Pacific Islander,244833
Maryland (24),2001,Black or African American,1561491
Maryland (24),2001,White,3546882
Maryland (24),2002,American Indian or Alaska Native,23115
Maryland (24),2002,Asian or Pacific Islander,257597
Maryland (24),2002,Black or African American,1592833
Maryland (24),2002,White,3566844
Maryland (24),2003,American Indian or Alaska Native,24635
Maryland (24),2003,Asian or Pacific Islander,270259
Maryland (24),2003,Black or African American,1621856
Maryland (24),2003,White,3579519
Maryland (24),2004,American Indian or Alaska Native,26193
Maryland (24),2004,Asian or Pacific Islander,282937
Maryland (24),2004,Black or African American,1652016
Maryland (24),2004,White,3585789
Maryland (24),2005,American Indian or Alaska Native,27857
Maryland (24),2005,Asian or Pacific Islander,295829
Maryland (24),2005,Black or African American,1680707
Maryland (24),2005,White,3587986
Maryland (24),2006,American Indian or Alaska Native,29485
Maryland (24),2006,Asian or Pacific Islander,307699
Maryland (24),2006,Black or African American,1705298
Maryland (24),2006,White,3584885
Maryland (24),2007,American Indian or Alaska Native,31172
Maryland (24),2007,Asian or Pacific Islander,319141
Maryland (24),2007,Black or African American,1724204
Maryland (24),2007,White,3578891
Maryland (24),2008,American Indian or Alaska Native,32783
Maryland (24),2008,Asian or Pacific Islander,330748
Maryland (24),2008,Black or African American,1741767
Maryland (24),2008,White,3579667
Maryland (24),2009,American Indian or Alaska Native,34813
Maryland (24),2009,Asian or Pacific Islander,343110
Maryland (24),2009,Black or African American,1764644
Maryland (24),2009,White,3587821
Maryland (24),2010,American Indian or Alaska Native,36391
Maryland (24),2010,Asian or Pacific Islander,356758
Maryland (24),2010,Black or African American,1789321
Maryland (24),2010,White,3606175
Maryland (24),2011,American Indian or Alaska Native,36870
Maryland (24),2011,Asian or Pacific Islander,368483
Maryland (24),2011,Black or African American,1810663
Maryland (24),2011,White,3623403
Maryland (24),2012,American Indian or Alaska Native,37479
Maryland (24),2012,Asian or Pacific Islander,380606
Maryland (24),2012,Black or African American,1830146
Maryland (24),2012,White,3638761
Maryland (24),2013,American Indian or Alaska Native,38015
Maryland (24),2013,Asian or Pacific Islander,391001
Maryland (24),2013,Black or African American,1849027
Maryland (24),2013,White,3645145
Maryland (24),2014,American Indian or Alaska Native,38873
Maryland (24),2014,Asian or Pacific Islander,401569
Maryland (24),2014,Black or African American,1868906
Maryland (24),2014,White,3647935
Maryland (24),2015,American Indian or Alaska Native,39941
Maryland (24),2015,Asian or Pacific Islander,412664
Maryland (24),2015,Black or African American,1888452
Maryland (24),2015,White,3644505
Maryland (24),2016,American Indian or Alaska Native,40705
Maryland (24),2016,Asian or Pacific Islander,421033
Maryland (24),2016,Black or African American,1903506
Maryland (24),2016,White,3638079
Maryland (24),2017,American Indian or Alaska Native,41566
Maryland (24),2017,Asian or Pacific Islander,430127
Maryland (24),2017,Black or African American,1919644
Maryland (24),2017,White,3632531
Maryland (24),2018,American Indian or Alaska Native,42329
Maryland (24),2018,Asian or Pacific Islander,435655
Maryland (24),2018,Black or African American,1932102
Maryland (24),2018,White,3625716
Maryland (24),2019,American Indian or Alaska Native,42948
Maryland (24),2019,Asian or Pacific Islander,441092
Maryland (24),2019,Black or African American,1944767
Maryland (24),2019,White,3616873
Massachusetts (25),1990,American Indian or Alaska Native,12952
Massachusetts (25),1990,Asian or Pacific Islander,147717
Massachusetts (25),1990,Black or African American,328341
Massachusetts (25),1990,White,5533629
Massachusetts (25),1991,American Indian or Alaska Native,13520
Massachusetts (25),1991,Asian or Pacific Islander,157888
Massachusetts (25),1991,Black or African American,337565
Massachusetts (25),1991,White,5509497
Massachusetts (25),1992,American Indian or Alaska Native,14115
Massachusetts (25),1992,Asian or Pacific Islander,167341
Massachusetts (25),1992,Black or African American,347268
Massachusetts (25),1992,White,5499985
Massachusetts (25),1993,American Indian or Alaska Native,14689
Massachusetts (25),1993,Asian or Pacific Islander,178250
Massachusetts (25),1993,Black or African American,357301
Massachusetts (25),1993,White,5510329
Massachusetts (25),1994,American Indian or Alaska Native,15270
Massachusetts (25),1994,Asian or Pacific Islander,187883
Massachusetts (25),1994,Black or African American,365072
Massachusetts (25),1994,White,5527016
Massachusetts (25),1995,American Indian or Alaska Native,16036
Massachusetts (25),1995,Asian or Pacific Islander,198438
Massachusetts (25),1995,Black or African American,372244
Massachusetts (25),1995,White,5554727
Massachusetts (25),1996,American Indian or Alaska Native,16738
Massachusetts (25),1996,Asian or Pacific Islander,209530
Massachusetts (25),1996,Black or African American,380476
Massachusetts (25),1996,White,5573012
Massachusetts (25),1997,American Indian or Alaska Native,17823
Massachusetts (25),1997,Asian or Pacific Islander,222014
Massachusetts (25),1997,Black or African American,392930
Massachusetts (25),1997,White,5593291
Massachusetts (25),1998,American Indian or Alaska Native,18733
Massachusetts (25),1998,Asian or Pacific Islander,234138
Massachusetts (25),1998,Black or African American,405072
Massachusetts (25),1998,White,5613895
Massachusetts (25),1999,American Indian or Alaska Native,19709
Massachusetts (25),1999,Asian or Pacific Islander,247991
Massachusetts (25),1999,Black or African American,416891
Massachusetts (25),1999,White,5632754
Massachusetts (25),2000,American Indian or Alaska Native,20914
Massachusetts (25),2000,Asian or Pacific Islander,262720
Massachusetts (25),2000,Black or African American,428547
Massachusetts (25),2000,White,5648923
Massachusetts (25),2001,American Indian or Alaska Native,22400
Massachusetts (25),2001,Asian or Pacific Islander,278609
Massachusetts (25),2001,Black or African American,441594
Massachusetts (25),2001,White,5655031
Massachusetts (25),2002,American Indian or Alaska Native,23692
Massachusetts (25),2002,Asian or Pacific Islander,291477
Massachusetts (25),2002,Black or African American,453484
Massachusetts (25),2002,White,5648553
Massachusetts (25),2003,American Indian or Alaska Native,25049
Massachusetts (25),2003,Asian or Pacific Islander,302516
Massachusetts (25),2003,Black or African American,464146
Massachusetts (25),2003,White,5630854
Massachusetts (25),2004,American Indian or Alaska Native,26383
Massachusetts (25),2004,Asian or Pacific Islander,313272
Massachusetts (25),2004,Black or African American,472524
Massachusetts (25),2004,White,5600102
Massachusetts (25),2005,American Indian or Alaska Native,27724
Massachusetts (25),2005,Asian or Pacific Islander,323694
Massachusetts (25),2005,Black or African American,481830
Massachusetts (25),2005,White,5570042
Massachusetts (25),2006,American Indian or Alaska Native,29090
Massachusetts (25),2006,Asian or Pacific Islander,334515
Massachusetts (25),2006,Black or African American,492621
Massachusetts (25),2006,White,5553858
Massachusetts (25),2007,American Indian or Alaska Native,30534
Massachusetts (25),2007,Asian or Pacific Islander,345003
Massachusetts (25),2007,Black or African American,503993
Massachusetts (25),2007,White,5552029
Massachusetts (25),2008,American Indian or Alaska Native,32135
Massachusetts (25),2008,Asian or Pacific Islander,357575
Massachusetts (25),2008,Black or African American,517040
Massachusetts (25),2008,White,5562217
Massachusetts (25),2009,American Indian or Alaska Native,33879
Massachusetts (25),2009,Asian or Pacific Islander,371539
Massachusetts (25),2009,Black or African American,530509
Massachusetts (25),2009,White,5581686
Massachusetts (25),2010,American Indian or Alaska Native,35245
Massachusetts (25),2010,Asian or Pacific Islander,385318
Massachusetts (25),2010,Black or African American,543582
Massachusetts (25),2010,White,5602162
Massachusetts (25),2011,American Indian or Alaska Native,35974
Massachusetts (25),2011,Asian or Pacific Islander,400634
Massachusetts (25),2011,Black or African American,558361
Massachusetts (25),2011,White,5618614
Massachusetts (25),2012,American Indian or Alaska Native,36793
Massachusetts (25),2012,Asian or Pacific Islander,417621
Massachusetts (25),2012,Black or African American,574911
Massachusetts (25),2012,White,5633680
Massachusetts (25),2013,American Indian or Alaska Native,37377
Massachusetts (25),2013,Asian or Pacific Islander,434069
Massachusetts (25),2013,Black or African American,591721
Massachusetts (25),2013,White,5650148
Massachusetts (25),2014,American Indian or Alaska Native,37943
Massachusetts (25),2014,Asian or Pacific Islander,451633
Massachusetts (25),2014,Black or African American,607990
Massachusetts (25),2014,White,5665030
Massachusetts (25),2015,American Indian or Alaska Native,38531
Massachusetts (25),2015,Asian or Pacific Islander,466879
Massachusetts (25),2015,Black or African American,622622
Massachusetts (25),2015,White,5666196
Massachusetts (25),2016,American Indian or Alaska Native,39035
Massachusetts (25),2016,Asian or Pacific Islander,483860
Massachusetts (25),2016,Black or African American,637537
Massachusetts (25),2016,White,5663176
Massachusetts (25),2017,American Indian or Alaska Native,39694
Massachusetts (25),2017,Asian or Pacific Islander,502105
Massachusetts (25),2017,Black or African American,653110
Massachusetts (25),2017,White,5664880
Massachusetts (25),2018,American Indian or Alaska Native,40577
Massachusetts (25),2018,Asian or Pacific Islander,513904
Massachusetts (25),2018,Black or African American,665317
Massachusetts (25),2018,White,5662837
Massachusetts (25),2019,American Indian or Alaska Native,41206
Massachusetts (25),2019,Asian or Pacific Islander,526423
Massachusetts (25),2019,Black or African American,675621
Massachusetts (25),2019,White,5649253
Michigan (26),1990,American Indian or Alaska Native,57434
Michigan (26),1990,Asian or Pacific Islander,107067
Michigan (26),1990,Black or African American,1302647
Michigan (26),1990,White,7844171
Michigan (26),1991,American Indian or Alaska Native,59011
Michigan (26),1991,Asian or Pacific Islander,113728
Michigan (26),1991,Black or African American,1325382
Michigan (26),1991,White,7902325
Michigan (26),1992,American Indian or Alaska Native,59991
Michigan (26),1992,Asian or Pacific Islander,119348
Michigan (26),1992,Black or African American,1345171
Michigan (26),1992,White,7954555
Michigan (26),1993,American Indian or Alaska Native,61193
Michigan (26),1993,Asian or Pacific Islander,125192
Michigan (26),1993,Black or African American,1364873
Michigan (26),1993,White,7988856
Michigan (26),1994,American Indian or Alaska Native,62545
Michigan (26),1994,Asian or Pacific Islander,131716
Michigan (26),1994,Black or African American,1382963
Michigan (26),1994,White,8020513
Michigan (26),1995,American Indian or Alaska Native,64432
Michigan (26),1995,Asian or Pacific Islander,141125
Michigan (26),1995,Black or African American,1401822
Michigan (26),1995,White,8068832
Michigan (26),1996,American Indian or Alaska Native,66463
Michigan (26),1996,Asian or Pacific Islander,152015
Michigan (26),1996,Black or African American,1416589
Michigan (26),1996,White,8123578
Michigan (26),1997,American Indian or Alaska Native,67978
Michigan (26),1997,Asian or Pacific Islander,161785
Michigan (26),1997,Black or African American,1428471
Michigan (26),1997,White,8150817
Michigan (26),1998,American Indian or Alaska Native,69623
Michigan (26),1998,Asian or Pacific Islander,170733
Michigan (26),1998,Black or African American,1441513
Michigan (26),1998,White,8166073
Michigan (26),1999,American Indian or Alaska Native,71513
Michigan (26),1999,Asian or Pacific Islander,183623
Michigan (26),1999,Black or African American,1455082
Michigan (26),1999,White,8186898
Michigan (26),2000,American Indian or Alaska Native,73924
Michigan (26),2000,Asian or Pacific Islander,198057
Michigan (26),2000,Black or African American,1468133
Michigan (26),2000,White,8212336
Michigan (26),2001,American Indian or Alaska Native,74950
Michigan (26),2001,Asian or Pacific Islander,208508
Michigan (26),2001,Black or African American,1477489
Michigan (26),2001,White,8230173
Michigan (26),2002,American Indian or Alaska Native,76059
Michigan (26),2002,Asian or Pacific Islander,218778
Michigan (26),2002,Black or African American,1483051
Michigan (26),2002,White,8237822
Michigan (26),2003,American Indian or Alaska Native,77143
Michigan (26),2003,Asian or Pacific Islander,229627
Michigan (26),2003,Black or African American,1488590
Michigan (26),2003,White,8245792
Michigan (26),2004,American Indian or Alaska Native,78246
Michigan (26),2004,Asian or Pacific Islander,237897
Michigan (26),2004,Black or African American,1492884
Michigan (26),2004,White,8246288
Michigan (26),2005,American Indian or Alaska Native,79359
Michigan (26),2005,Asian or Pacific Islander,245606
Michigan (26),2005,Black or African American,1494262
Michigan (26),2005,White,8231910
Michigan (26),2006,American Indian or Alaska Native,80565
Michigan (26),2006,Asian or Pacific Islander,252099
Michigan (26),2006,Black or African American,1494911
Michigan (26),2006,White,8208506
Michigan (26),2007,American Indian or Alaska Native,81448
Michigan (26),2007,Asian or Pacific Islander,256664
Michigan (26),2007,Black or African American,1492428
Michigan (26),2007,White,8170744
Michigan (26),2008,American Indian or Alaska Native,82491
Michigan (26),2008,Asian or Pacific Islander,260068
Michigan (26),2008,Black or African American,1485681
Michigan (26),2008,White,8118649
Michigan (26),2009,American Indian or Alaska Native,83957
Michigan (26),2009,Asian or Pacific Islander,263190
Michigan (26),2009,Black or African American,1481101
Michigan (26),2009,White,8073343
Michigan (26),2010,American Indian or Alaska Native,85744
Michigan (26),2010,Asian or Pacific Islander,267561
Michigan (26),2010,Black or African American,1482796
Michigan (26),2010,White,8041409
Michigan (26),2011,American Indian or Alaska Native,86445
Michigan (26),2011,Asian or Pacific Islander,278622
Michigan (26),2011,Black or African American,1484934
Michigan (26),2011,White,8032411
Michigan (26),2012,American Indian or Alaska Native,87510
Michigan (26),2012,Asian or Pacific Islander,290452
Michigan (26),2012,Black or African American,1487107
Michigan (26),2012,White,8032076
Michigan (26),2013,American Indian or Alaska Native,88133
Michigan (26),2013,Asian or Pacific Islander,303273
Michigan (26),2013,Black or African American,1486412
Michigan (26),2013,White,8035247
Michigan (26),2014,American Indian or Alaska Native,88901
Michigan (26),2014,Asian or Pacific Islander,315733
Michigan (26),2014,Black or African American,1487775
Michigan (26),2014,White,8037439
Michigan (26),2015,American Indian or Alaska Native,89475
Michigan (26),2015,Asian or Pacific Islander,326843
Michigan (26),2015,Black or African American,1487834
Michigan (26),2015,White,8027563
Michigan (26),2016,American Indian or Alaska Native,90255
Michigan (26),2016,Asian or Pacific Islander,340300
Michigan (26),2016,Black or African American,1490152
Michigan (26),2016,White,8029864
Michigan (26),2017,American Indian or Alaska Native,91215
Michigan (26),2017,Asian or Pacific Islander,352287
Michigan (26),2017,Black or African American,1492993
Michigan (26),2017,White,8036619
Michigan (26),2018,American Indian or Alaska Native,91743
Michigan (26),2018,Asian or Pacific Islander,359987
Michigan (26),2018,Black or African American,1495057
Michigan (26),2018,White,8037285
Michigan (26),2019,American Indian or Alaska Native,92670
Michigan (26),2019,Asian or Pacific Islander,366260
Michigan (26),2019,Black or African American,1497477
Michigan (26),2019,White,8030450
Minnesota (27),1990,American Indian or Alaska Native,50315
Minnesota (27),1990,Asian or Pacific Islander,79211
Minnesota (27),1990,Black or African American,96863
Minnesota (27),1990,White,4163468
Minnesota (27),1991,American Indian or Alaska Native,51262
Minnesota (27),1991,Asian or Pacific Islander,84394
Minnesota (27),1991,Black or African American,102578
Minnesota (27),1991,White,4202625
Minnesota (27),1992,American Indian or Alaska Native,52728
Minnesota (27),1992,Asian or Pacific Islander,91705
Minnesota (27),1992,Black or African American,111100
Minnesota (27),1992,White,4240039
Minnesota (27),1993,American Indian or Alaska Native,53765
Minnesota (27),1993,Asian or Pacific Islander,98178
Minnesota (27),1993,Black or African American,119757
Minnesota (27),1993,White,4284256
Minnesota (27),1994,American Indian or Alaska Native,54795
Minnesota (27),1994,Asian or Pacific Islander,105046
Minnesota (27),1994,Black or African American,129044
Minnesota (27),1994,White,4321470
Minnesota (27),1995,American Indian or Alaska Native,55814
Minnesota (27),1995,Asian or Pacific Islander,112631
Minnesota (27),1995,Black or African American,138084
Minnesota (27),1995,White,4353651
Minnesota (27),1996,American Indian or Alaska Native,56585
Minnesota (27),1996,Asian or Pacific Islander,119157
Minnesota (27),1996,Black or African American,147109
Minnesota (27),1996,White,4389976
Minnesota (27),1997,American Indian or Alaska Native,57590
Minnesota (27),1997,Asian or Pacific Islander,127894
Minnesota (27),1997,Black or African American,157212
Minnesota (27),1997,White,4420694
Minnesota (27),1998,American Indian or Alaska Native,58583
Minnesota (27),1998,Asian or Pacific Islander,136992
Minnesota (27),1998,Black or African American,169213
Minnesota (27),1998,White,4448624
Minnesota (27),1999,American Indian or Alaska Native,59955
Minnesota (27),1999,Asian or Pacific Islander,146159
Minnesota (27),1999,Black or African American,182425
Minnesota (27),1999,White,4484942
Minnesota (27),2000,American Indian or Alaska Native,62686
Minnesota (27),2000,Asian or Pacific Islander,157285
Minnesota (27),2000,Black or African American,196652
Minnesota (27),2000,White,4517069
Minnesota (27),2001,American Indian or Alaska Native,64033
Minnesota (27),2001,Asian or Pacific Islander,165126
Minnesota (27),2001,Black or African American,208738
Minnesota (27),2001,White,4544899
Minnesota (27),2002,American Indian or Alaska Native,65300
Minnesota (27),2002,Asian or Pacific Islander,172724
Minnesota (27),2002,Black or African American,219791
Minnesota (27),2002,White,4561120
Minnesota (27),2003,American Indian or Alaska Native,66605
Minnesota (27),2003,Asian or Pacific Islander,179550
Minnesota (27),2003,Black or African American,231089
Minnesota (27),2003,White,4576328
Minnesota (27),2004,American Indian or Alaska Native,68115
Minnesota (27),2004,Asian or Pacific Islander,186774
Minnesota (27),2004,Black or African American,242890
Minnesota (27),2004,White,4589934
Minnesota (27),2005,American Indian or Alaska Native,70018
Minnesota (27),2005,Asian or Pacific Islander,194207
Minnesota (27),2005,Black or African American,254634
Minnesota (27),2005,White,4600739
Minnesota (27),2006,American Indian or Alaska Native,71771
Minnesota (27),2006,Asian or Pacific Islander,202595
Minnesota (27),2006,Black or African American,268698
Minnesota (27),2006,White,4620491
Minnesota (27),2007,American Indian or Alaska Native,73720
Minnesota (27),2007,Asian or Pacific Islander,211024
Minnesota (27),2007,Black or African American,282436
Minnesota (27),2007,White,4640023
Minnesota (27),2008,American Indian or Alaska Native,75748
Minnesota (27),2008,Asian or Pacific Islander,219151
Minnesota (27),2008,Black or African American,294544
Minnesota (27),2008,White,4657575
Minnesota (27),2009,American Indian or Alaska Native,76722
Minnesota (27),2009,Asian or Pacific Islander,226790
Minnesota (27),2009,Black or African American,304750
Minnesota (27),2009,White,4672941
Minnesota (27),2010,American Indian or Alaska Native,78077
Minnesota (27),2010,Asian or Pacific Islander,234344
Minnesota (27),2010,Black or African American,314118
Minnesota (27),2010,White,4684289
Minnesota (27),2011,American Indian or Alaska Native,79807
Minnesota (27),2011,Asian or Pacific Islander,244008
Minnesota (27),2011,Black or African American,324833
Minnesota (27),2011,White,4697495
Minnesota (27),2012,American Indian or Alaska Native,81061
Minnesota (27),2012,Asian or Pacific Islander,252770
Minnesota (27),2012,Black or African American,334564
Minnesota (27),2012,White,4708248
Minnesota (27),2013,American Indian or Alaska Native,82612
Minnesota (27),2013,Asian or Pacific Islander,261252
Minnesota (27),2013,Black or African American,346141
Minnesota (27),2013,White,4723474
Minnesota (27),2014,American Indian or Alaska Native,83604
Minnesota (27),2014,Asian or Pacific Islander,270907
Minnesota (27),2014,Black or African American,360255
Minnesota (27),2014,White,4736313
Minnesota (27),2015,American Indian or Alaska Native,84917
Minnesota (27),2015,Asian or Pacific Islander,279986
Minnesota (27),2015,Black or African American,374772
Minnesota (27),2015,White,4742357
Minnesota (27),2016,American Indian or Alaska Native,85949
Minnesota (27),2016,Asian or Pacific Islander,289699
Minnesota (27),2016,Black or African American,392458
Minnesota (27),2016,White,4754638
Minnesota (27),2017,American Indian or Alaska Native,87316
Minnesota (27),2017,Asian or Pacific Islander,298199
Minnesota (27),2017,Black or African American,409456
Minnesota (27),2017,White,4771259
Minnesota (27),2018,American Indian or Alaska Native,88386
Minnesota (27),2018,Asian or Pacific Islander,305980
Minnesota (27),2018,Black or African American,424948
Minnesota (27),2018,White,4786935
Minnesota (27),2019,American Indian or Alaska Native,88978
Minnesota (27),2019,Asian or Pacific Islander,312656
Minnesota (27),2019,Black or African American,439435
Minnesota (27),2019,White,4798563
Mississippi (28),1990,American Indian or Alaska Native,7898
Mississippi (28),1990,Asian or Pacific Islander,12546
Mississippi (28),1990,Black or African American,918137
Mississippi (28),1990,White,1640316
Mississippi (28),1991,American Indian or Alaska Native,7877
Mississippi (28),1991,Asian or Pacific Islander,12723
Mississippi (28),1991,Black or African American,931092
Mississippi (28),1991,White,1647041
Mississippi (28),1992,American Indian or Alaska Native,8093
Mississippi (28),1992,Asian or Pacific Islander,13180
Mississippi (28),1992,Black or African American,946494
Mississippi (28),1992,White,1655967
Mississippi (28),1993,American Indian or Alaska Native,8634
Mississippi (28),1993,Asian or Pacific Islander,14043
Mississippi (28),1993,Black or African American,961894
Mississippi (28),1993,White,1670529
Mississippi (28),1994,American Indian or Alaska Native,8738
Mississippi (28),1994,Asian or Pacific Islander,14562
Mississippi (28),1994,Black or African American,977069
Mississippi (28),1994,White,1688623
Mississippi (28),1995,American Indian or Alaska Native,8935
Mississippi (28),1995,Asian or Pacific Islander,15498
Mississippi (28),1995,Black or African American,992365
Mississippi (28),1995,White,1705861
Mississippi (28),1996,American Indian or Alaska Native,9340
Mississippi (28),1996,Asian or Pacific Islander,16362
Mississippi (28),1996,Black or African American,1004313
Mississippi (28),1996,White,1718070
Mississippi (28),1997,American Indian or Alaska Native,9644
Mississippi (28),1997,Asian or Pacific Islander,17295
Mississippi (28),1997,Black or African American,1016239
Mississippi (28),1997,White,1733826
Mississippi (28),1998,American Indian or Alaska Native,10138
Mississippi (28),1998,Asian or Pacific Islander,17874
Mississippi (28),1998,Black or African American,1028123
Mississippi (28),1998,White,1748699
Mississippi (28),1999,American Indian or Alaska Native,10521
Mississippi (28),1999,Asian or Pacific Islander,18799
Mississippi (28),1999,Black or African American,1038253
Mississippi (28),1999,White,1760835
Mississippi (28),2000,American Indian or Alaska Native,12381
Mississippi (28),2000,Asian or Pacific Islander,21209
Mississippi (28),2000,Black or African American,1043359
Mississippi (28),2000,White,1771404
Mississippi (28),2001,American Indian or Alaska Native,12915
Mississippi (28),2001,Asian or Pacific Islander,21868
Mississippi (28),2001,Black or African American,1046375
Mississippi (28),2001,White,1771836
Mississippi (28),2002,American Indian or Alaska Native,13412
Mississippi (28),2002,Asian or Pacific Islander,22779
Mississippi (28),2002,Black or African American,1049194
Mississippi (28),2002,White,1773296
Mississippi (28),2003,American Indian or Alaska Native,13982
Mississippi (28),2003,Asian or Pacific Islander,23693
Mississippi (28),2003,Black or African American,1053803
Mississippi (28),2003,White,1776834
Mississippi (28),2004,American Indian or Alaska Native,14595
Mississippi (28),2004,Asian or Pacific Islander,24826
Mississippi (28),2004,Black or African American,1062637
Mississippi (28),2004,White,1786952
Mississippi (28),2005,American Indian or Alaska Native,15124
Mississippi (28),2005,Asian or Pacific Islander,25950
Mississippi (28),2005,Black or African American,1070369
Mississippi (28),2005,White,1794500
Mississippi (28),2006,American Indian or Alaska Native,15686
Mississippi (28),2006,Asian or Pacific Islander,26234
Mississippi (28),2006,Black or African American,1080399
Mississippi (28),2006,White,1782659
Mississippi (28),2007,American Indian or Alaska Native,16153
Mississippi (28),2007,Asian or Pacific Islander,27414
Mississippi (28),2007,Black or African American,1092496
Mississippi (28),2007,White,1792287
Mississippi (28),2008,American Indian or Alaska Native,16752
Mississippi (28),2008,Asian or Pacific Islander,28439
Mississippi (28),2008,Black or African American,1103216
Mississippi (28),2008,White,1799399
Mississippi (28),2009,American Indian or Alaska Native,17199
Mississippi (28),2009,Asian or Pacific Islander,29588
Mississippi (28),2009,Black or African American,1108721
Mississippi (28),2009,White,1803266
Mississippi (28),2010,American Indian or Alaska Native,17594
Mississippi (28),2010,Asian or Pacific Islander,30377
Mississippi (28),2010,Black or African American,1117430
Mississippi (28),2010,White,1805147
Mississippi (28),2011,American Indian or Alaska Native,17764
Mississippi (28),2011,Asian or Pacific Islander,31562
Mississippi (28),2011,Black or African American,1123324
Mississippi (28),2011,White,1806081
Mississippi (28),2012,American Indian or Alaska Native,18003
Mississippi (28),2012,Asian or Pacific Islander,32001
Mississippi (28),2012,Black or African American,1127644
Mississippi (28),2012,White,1806168
Mississippi (28),2013,American Indian or Alaska Native,18255
Mississippi (28),2013,Asian or Pacific Islander,33259
Mississippi (28),2013,Black or African American,1133160
Mississippi (28),2013,White,1804037
Mississippi (28),2014,American Indian or Alaska Native,18517
Mississippi (28),2014,Asian or Pacific Islander,34232
Mississippi (28),2014,Black or African American,1136994
Mississippi (28),2014,White,1800725
Mississippi (28),2015,American Indian or Alaska Native,18740
Mississippi (28),2015,Asian or Pacific Islander,35237
Mississippi (28),2015,Black or African American,1139323
Mississippi (28),2015,White,1795171
Mississippi (28),2016,American Indian or Alaska Native,18970
Mississippi (28),2016,Asian or Pacific Islander,35437
Mississippi (28),2016,Black or African American,1142171
Mississippi (28),2016,White,1791360
Mississippi (28),2017,American Indian or Alaska Native,19323
Mississippi (28),2017,Asian or Pacific Islander,36040
Mississippi (28),2017,Black or African American,1144315
Mississippi (28),2017,White,1788832
Mississippi (28),2018,American Indian or Alaska Native,19412
Mississippi (28),2018,Asian or Pacific Islander,36888
Mississippi (28),2018,Black or African American,1143420
Mississippi (28),2018,White,1781300
Mississippi (28),2019,American Indian or Alaska Native,19657
Mississippi (28),2019,Asian or Pacific Islander,37689
Mississippi (28),2019,Black or African American,1141493
Mississippi (28),2019,White,1777310
Missouri (29),1990,American Indian or Alaska Native,19470
Missouri (29),1990,Asian or Pacific Islander,41583
Missouri (29),1990,Black or African American,551614
Missouri (29),1990,White,4516213
Missouri (29),1991,American Indian or Alaska Native,19880
Missouri (29),1991,Asian or Pacific Islander,44034
Missouri (29),1991,Black or African American,560523
Missouri (29),1991,White,4546363
Missouri (29),1992,American Indian or Alaska Native,20727
Missouri (29),1992,Asian or Pacific Islander,47224
Missouri (29),1992,Black or African American,570748
Missouri (29),1992,White,4578402
Missouri (29),1993,American Indian or Alaska Native,21612
Missouri (29),1993,Asian or Pacific Islander,50000
Missouri (29),1993,Black or African American,582279
Missouri (29),1993,White,4617284
Missouri (29),1994,American Indian or Alaska Native,22437
Missouri (29),1994,Asian or Pacific Islander,52547
Missouri (29),1994,Black or African American,593401
Missouri (29),1994,White,4656112
Missouri (29),1995,American Indian or Alaska Native,23209
Missouri (29),1995,Asian or Pacific Islander,55093
Missouri (29),1995,Black or African American,603017
Missouri (29),1995,White,4696928
Missouri (29),1996,American Indian or Alaska Native,24438
Missouri (29),1996,Asian or Pacific Islander,58552
Missouri (29),1996,Black or African American,613411
Missouri (29),1996,White,4735152
Missouri (29),1997,American Indian or Alaska Native,25548
Missouri (29),1997,Asian or Pacific Islander,61248
Missouri (29),1997,Black or African American,624475
Missouri (29),1997,White,4769922
Missouri (29),1998,American Indian or Alaska Native,26717
Missouri (29),1998,Asian or Pacific Islander,63890
Missouri (29),1998,Black or African American,633777
Missouri (29),1998,White,4797381
Missouri (29),1999,American Indian or Alaska Native,27852
Missouri (29),1999,Asian or Pacific Islander,67104
Missouri (29),1999,Black or African American,642019
Missouri (29),1999,White,4824973
Missouri (29),2000,American Indian or Alaska Native,31542
Missouri (29),2000,Asian or Pacific Islander,73199
Missouri (29),2000,Black or African American,652894
Missouri (29),2000,White,4849650
Missouri (29),2001,American Indian or Alaska Native,32290
Missouri (29),2001,Asian or Pacific Islander,77246
Missouri (29),2001,Black or African American,661223
Missouri (29),2001,White,4870383
Missouri (29),2002,American Indian or Alaska Native,32762
Missouri (29),2002,Asian or Pacific Islander,81665
Missouri (29),2002,Black or African American,669160
Missouri (29),2002,White,4891238
Missouri (29),2003,American Indian or Alaska Native,33409
Missouri (29),2003,Asian or Pacific Islander,85814
Missouri (29),2003,Black or African American,676844
Missouri (29),2003,White,4913336
Missouri (29),2004,American Indian or Alaska Native,34237
Missouri (29),2004,Asian or Pacific Islander,90446
Missouri (29),2004,Black or African American,685468
Missouri (29),2004,White,4937590
Missouri (29),2005,American Indian or Alaska Native,34909
Missouri (29),2005,Asian or Pacific Islander,95260
Missouri (29),2005,Black or African American,694231
Missouri (29),2005,White,4965900
Missouri (29),2006,American Indian or Alaska Native,35654
Missouri (29),2006,Asian or Pacific Islander,100398
Missouri (29),2006,Black or African American,704464
Missouri (29),2006,White,5002188
Missouri (29),2007,American Indian or Alaska Native,36498
Missouri (29),2007,Asian or Pacific Islander,104971
Missouri (29),2007,Black or African American,712454
Missouri (29),2007,White,5033689
Missouri (29),2008,American Indian or Alaska Native,37457
Missouri (29),2008,Asian or Pacific Islander,109200
Missouri (29),2008,Black or African American,719723
Missouri (29),2008,White,5057536
Missouri (29),2009,American Indian or Alaska Native,38256
Missouri (29),2009,Asian or Pacific Islander,113258
Missouri (29),2009,Black or African American,728187
Missouri (29),2009,White,5081387
Missouri (29),2010,American Indian or Alaska Native,39047
Missouri (29),2010,Asian or Pacific Islander,118059
Missouri (29),2010,Black or African American,736314
Missouri (29),2010,White,5102554
Missouri (29),2011,American Indian or Alaska Native,39640
Missouri (29),2011,Asian or Pacific Islander,122897
Missouri (29),2011,Black or African American,740638
Missouri (29),2011,White,5107100
Missouri (29),2012,American Indian or Alaska Native,40294
Missouri (29),2012,Asian or Pacific Islander,126309
Missouri (29),2012,Black or African American,745146
Missouri (29),2012,White,5112618
Missouri (29),2013,American Indian or Alaska Native,40794
Missouri (29),2013,Asian or Pacific Islander,129712
Missouri (29),2013,Black or African American,750753
Missouri (29),2013,White,5119456
Missouri (29),2014,American Indian or Alaska Native,41725
Missouri (29),2014,Asian or Pacific Islander,133969
Missouri (29),2014,Black or African American,755259
Missouri (29),2014,White,5125249
Missouri (29),2015,American Indian or Alaska Native,42378
Missouri (29),2015,Asian or Pacific Islander,138879
Missouri (29),2015,Black or African American,759768
Missouri (29),2015,White,5130707
Missouri (29),2016,American Indian or Alaska Native,43115
Missouri (29),2016,Asian or Pacific Islander,142012
Missouri (29),2016,Black or African American,764069
Missouri (29),2016,White,5137939
Missouri (29),2017,American Indian or Alaska Native,44060
Missouri (29),2017,Asian or Pacific Islander,147453
Missouri (29),2017,Black or African American,767708
Missouri (29),2017,White,5147449
Missouri (29),2018,American Indian or Alaska Native,44608
Missouri (29),2018,Asian or Pacific Islander,151648
Missouri (29),2018,Black or African American,770993
Missouri (29),2018,White,5154374
Missouri (29),2019,American Indian or Alaska Native,45478
Missouri (29),2019,Asian or Pacific Islander,156501
Missouri (29),2019,Black or African American,774069
Missouri (29),2019,White,5161380
Montana (30),1990,American Indian or Alaska Native,47757
Montana (30),1990,Asian or Pacific Islander,3835
Montana (30),1990,Black or African American,2200
Montana (30),1990,White,746412
Montana (30),1991,American Indian or Alaska Native,49066
Montana (30),1991,Asian or Pacific Islander,3943
Montana (30),1991,Black or African American,2269
Montana (30),1991,White,754402
Montana (30),1992,American Indian or Alaska Native,49792
Montana (30),1992,Asian or Pacific Islander,4088
Montana (30),1992,Black or African American,2321
Montana (30),1992,White,769569
Montana (30),1993,American Indian or Alaska Native,50708
Montana (30),1993,Asian or Pacific Islander,4215
Montana (30),1993,Black or African American,2548
Montana (30),1993,White,787290
Montana (30),1994,American Indian or Alaska Native,52229
Montana (30),1994,Asian or Pacific Islander,4317
Montana (30),1994,Black or African American,2666
Montana (30),1994,White,802094
Montana (30),1995,American Indian or Alaska Native,53474
Montana (30),1995,Asian or Pacific Islander,4482
Montana (30),1995,Black or African American,2769
Montana (30),1995,White,815828
Montana (30),1996,American Indian or Alaska Native,54548
Montana (30),1996,Asian or Pacific Islander,4607
Montana (30),1996,Black or African American,2929
Montana (30),1996,White,824170
Montana (30),1997,American Indian or Alaska Native,55685
Montana (30),1997,Asian or Pacific Islander,4652
Montana (30),1997,Black or African American,2910
Montana (30),1997,White,826618
Montana (30),1998,American Indian or Alaska Native,56890
Montana (30),1998,Asian or Pacific Islander,4843
Montana (30),1998,Black or African American,3034
Montana (30),1998,White,827664
Montana (30),1999,American Indian or Alaska Native,58604
Montana (30),1999,Asian or Pacific Islander,5013
Montana (30),1999,Black or African American,3111
Montana (30),1999,White,830780
Montana (30),2000,American Indian or Alaska Native,60082
Montana (30),2000,Asian or Pacific Islander,5846
Montana (30),2000,Black or African American,4056
Montana (30),2000,White,833789
Montana (30),2001,American Indian or Alaska Native,60827
Montana (30),2001,Asian or Pacific Islander,6183
Montana (30),2001,Black or African American,4510
Montana (30),2001,White,835441
Montana (30),2002,American Indian or Alaska Native,61507
Montana (30),2002,Asian or Pacific Islander,6342
Montana (30),2002,Black or African American,4845
Montana (30),2002,White,838973
Montana (30),2003,American Indian or Alaska Native,62325
Montana (30),2003,Asian or Pacific Islander,6496
Montana (30),2003,Black or African American,5223
Montana (30),2003,White,845586
Montana (30),2004,American Indian or Alaska Native,63172
Montana (30),2004,Asian or Pacific Islander,6809
Montana (30),2004,Black or African American,5611
Montana (30),2004,White,854417
Montana (30),2005,American Indian or Alaska Native,64369
Montana (30),2005,Asian or Pacific Islander,6973
Montana (30),2005,Black or African American,5844
Montana (30),2005,White,862916
Montana (30),2006,American Indian or Alaska Native,65146
Montana (30),2006,Asian or Pacific Islander,7265
Montana (30),2006,Black or African American,6227
Montana (30),2006,White,874054
Montana (30),2007,American Indian or Alaska Native,66288
Montana (30),2007,Asian or Pacific Islander,7519
Montana (30),2007,Black or African American,6460
Montana (30),2007,White,884439
Montana (30),2008,American Indian or Alaska Native,67202
Montana (30),2008,Asian or Pacific Islander,7749
Montana (30),2008,Black or African American,6665
Montana (30),2008,White,894799
Montana (30),2009,American Indian or Alaska Native,68342
Montana (30),2009,Asian or Pacific Islander,8103
Montana (30),2009,Black or African American,6917
Montana (30),2009,White,900620
Montana (30),2010,American Indian or Alaska Native,69464
Montana (30),2010,Asian or Pacific Islander,8210
Montana (30),2010,Black or African American,7098
Montana (30),2010,White,905925
Montana (30),2011,American Indian or Alaska Native,70613
Montana (30),2011,Asian or Pacific Islander,8726
Montana (30),2011,Black or African American,7910
Montana (30),2011,White,910067
Montana (30),2012,American Indian or Alaska Native,71771
Montana (30),2012,Asian or Pacific Islander,8979
Montana (30),2012,Black or African American,8569
Montana (30),2012,White,914464
Montana (30),2013,American Indian or Alaska Native,73067
Montana (30),2013,Asian or Pacific Islander,9852
Montana (30),2013,Black or African American,8747
Montana (30),2013,White,921903
Montana (30),2014,American Indian or Alaska Native,74179
Montana (30),2014,Asian or Pacific Islander,10280
Montana (30),2014,Black or African American,8963
Montana (30),2014,White,928447
Montana (30),2015,American Indian or Alaska Native,75029
Montana (30),2015,Asian or Pacific Islander,10624
Montana (30),2015,Black or African American,9272
Montana (30),2015,White,935550
Montana (30),2016,American Indian or Alaska Native,75964
Montana (30),2016,Asian or Pacific Islander,11158
Montana (30),2016,Black or African American,9643
Montana (30),2016,White,944094
Montana (30),2017,American Indian or Alaska Native,77185
Montana (30),2017,Asian or Pacific Islander,11524
Montana (30),2017,Black or African American,10100
Montana (30),2017,White,953673
Montana (30),2018,American Indian or Alaska Native,77608
Montana (30),2018,Asian or Pacific Islander,11844
Montana (30),2018,Black or African American,10272
Montana (30),2018,White,960941
Montana (30),2019,American Indian or Alaska Native,77993
Montana (30),2019,Asian or Pacific Islander,12224
Montana (30),2019,Black or African American,10632
Montana (30),2019,White,967929
Nebraska (31),1990,American Indian or Alaska Native,12211
Nebraska (31),1990,Asian or Pacific Islander,12295
Nebraska (31),1990,Black or African American,57861
Nebraska (31),1990,White,1499293
Nebraska (31),1991,American Indian or Alaska Native,12231
Nebraska (31),1991,Asian or Pacific Islander,12948
Nebraska (31),1991,Black or African American,58992
Nebraska (31),1991,White,1511748
Nebraska (31),1992,American Indian or Alaska Native,12645
Nebraska (31),1992,Asian or Pacific Islander,14183
Nebraska (31),1992,Black or African American,60350
Nebraska (31),1992,White,1524509
Nebraska (31),1993,American Indian or Alaska Native,13112
Nebraska (31),1993,Asian or Pacific Islander,15656
Nebraska (31),1993,Black or African American,61405
Nebraska (31),1993,White,1535417
Nebraska (31),1994,American Indian or Alaska Native,13414
Nebraska (31),1994,Asian or Pacific Islander,16474
Nebraska (31),1994,Black or African American,63236
Nebraska (31),1994,White,1545917
Nebraska (31),1995,American Indian or Alaska Native,13885
Nebraska (31),1995,Asian or Pacific Islander,18221
Nebraska (31),1995,Black or African American,64814
Nebraska (31),1995,White,1560073
Nebraska (31),1996,American Indian or Alaska Native,14264
Nebraska (31),1996,Asian or Pacific Islander,19790
Nebraska (31),1996,Black or African American,66604
Nebraska (31),1996,White,1573082
Nebraska (31),1997,American Indian or Alaska Native,14534
Nebraska (31),1997,Asian or Pacific Islander,20651
Nebraska (31),1997,Black or African American,68697
Nebraska (31),1997,White,1582536
Nebraska (31),1998,American Indian or Alaska Native,14762
Nebraska (31),1998,Asian or Pacific Islander,21392
Nebraska (31),1998,Black or African American,70395
Nebraska (31),1998,White,1589268
Nebraska (31),1999,American Indian or Alaska Native,15408
Nebraska (31),1999,Asian or Pacific Islander,22594
Nebraska (31),1999,Black or African American,72024
Nebraska (31),1999,White,1594738
Nebraska (31),2000,American Indian or Alaska Native,16992
Nebraska (31),2000,Asian or Pacific Islander,25275
Nebraska (31),2000,Black or African American,74826
Nebraska (31),2000,White,1596727
Nebraska (31),2001,American Indian or Alaska Native,17791
Nebraska (31),2001,Asian or Pacific Islander,26442
Nebraska (31),2001,Black or African American,76777
Nebraska (31),2001,White,1598826
Nebraska (31),2002,American Indian or Alaska Native,18469
Nebraska (31),2002,Asian or Pacific Islander,27912
Nebraska (31),2002,Black or African American,78371
Nebraska (31),2002,White,1603540
Nebraska (31),2003,American Indian or Alaska Native,19226
Nebraska (31),2003,Asian or Pacific Islander,29290
Nebraska (31),2003,Black or African American,80408
Nebraska (31),2003,White,1609719
Nebraska (31),2004,American Indian or Alaska Native,20080
Nebraska (31),2004,Asian or Pacific Islander,30595
Nebraska (31),2004,Black or African American,82391
Nebraska (31),2004,White,1616304
Nebraska (31),2005,American Indian or Alaska Native,21032
Nebraska (31),2005,Asian or Pacific Islander,31749
Nebraska (31),2005,Black or African American,84487
Nebraska (31),2005,White,1624229
Nebraska (31),2006,American Indian or Alaska Native,22180
Nebraska (31),2006,Asian or Pacific Islander,32835
Nebraska (31),2006,Black or African American,86994
Nebraska (31),2006,White,1630684
Nebraska (31),2007,American Indian or Alaska Native,23161
Nebraska (31),2007,Asian or Pacific Islander,34018
Nebraska (31),2007,Black or African American,89065
Nebraska (31),2007,White,1637196
Nebraska (31),2008,American Indian or Alaska Native,24651
Nebraska (31),2008,Asian or Pacific Islander,35366
Nebraska (31),2008,Black or African American,91900
Nebraska (31),2008,White,1644461
Nebraska (31),2009,American Indian or Alaska Native,25202
Nebraska (31),2009,Asian or Pacific Islander,36770
Nebraska (31),2009,Black or African American,94396
Nebraska (31),2009,White,1656315
Nebraska (31),2010,American Indian or Alaska Native,26037
Nebraska (31),2010,Asian or Pacific Islander,38521
Nebraska (31),2010,Black or African American,96739
Nebraska (31),2010,White,1668245
Nebraska (31),2011,American Indian or Alaska Native,26758
Nebraska (31),2011,Asian or Pacific Islander,39883
Nebraska (31),2011,Black or African American,98591
Nebraska (31),2011,White,1675440
Nebraska (31),2012,American Indian or Alaska Native,27394
Nebraska (31),2012,Asian or Pacific Islander,42088
Nebraska (31),2012,Black or African American,100240
Nebraska (31),2012,White,1683581
Nebraska (31),2013,American Indian or Alaska Native,28044
Nebraska (31),2013,Asian or Pacific Islander,43807
Nebraska (31),2013,Black or African American,102255
Nebraska (31),2013,White,1691173
Nebraska (31),2014,American Indian or Alaska Native,29013
Nebraska (31),2014,Asian or Pacific Islander,47176
Nebraska (31),2014,Black or African American,104876
Nebraska (31),2014,White,1698256
Nebraska (31),2015,American Indian or Alaska Native,29942
Nebraska (31),2015,Asian or Pacific Islander,49880
Nebraska (31),2015,Black or African American,106871
Nebraska (31),2015,White,1704584
Nebraska (31),2016,American Indian or Alaska Native,30775
Nebraska (31),2016,Asian or Pacific Islander,53306
Nebraska (31),2016,Black or African American,109659
Nebraska (31),2016,White,1711876
Nebraska (31),2017,American Indian or Alaska Native,31528
Nebraska (31),2017,Asian or Pacific Islander,55530
Nebraska (31),2017,Black or African American,111480
Nebraska (31),2017,White,1717409
Nebraska (31),2018,American Indian or Alaska Native,31878
Nebraska (31),2018,Asian or Pacific Islander,57606
Nebraska (31),2018,Black or African American,113734
Nebraska (31),2018,White,1722396
Nebraska (31),2019,American Indian or Alaska Native,32289
Nebraska (31),2019,Asian or Pacific Islander,59410
Nebraska (31),2019,Black or African American,115754
Nebraska (31),2019,White,1726955
Nevada (32),1990,American Indian or Alaska Native,21280
Nevada (32),1990,Asian or Pacific Islander,40451
Nevada (32),1990,Black or African American,81467
Nevada (32),1990,White,1077497
Nevada (32),1991,American Indian or Alaska Native,22277
Nevada (32),1991,Asian or Pacific Islander,45212
Nevada (32),1991,Black or African American,87998
Nevada (32),1991,White,1140685
Nevada (32),1992,American Indian or Alaska Native,23028
Nevada (32),1992,Asian or Pacific Islander,49212
Nevada (32),1992,Black or African American,93558
Nevada (32),1992,White,1185569
Nevada (32),1993,American Indian or Alaska Native,23970
Nevada (32),1993,Asian or Pacific Islander,54634
Nevada (32),1993,Black or African American,98320
Nevada (32),1993,White,1234291
Nevada (32),1994,American Indian or Alaska Native,24981
Nevada (32),1994,Asian or Pacific Islander,60990
Nevada (32),1994,Black or African American,106532
Nevada (32),1994,White,1306795
Nevada (32),1995,American Indian or Alaska Native,25777
Nevada (32),1995,Asian or Pacific Islander,67791
Nevada (32),1995,Black or African American,113443
Nevada (32),1995,White,1374567
Nevada (32),1996,American Indian or Alaska Native,26403
Nevada (32),1996,Asian or Pacific Islander,75055
Nevada (32),1996,Black or African American,119873
Nevada (32),1996,White,1444989
Nevada (32),1997,American Indian or Alaska Native,27934
Nevada (32),1997,Asian or Pacific Islander,83508
Nevada (32),1997,Black or African American,128057
Nevada (32),1997,White,1524605
Nevada (32),1998,American Indian or Alaska Native,29337
Nevada (32),1998,Asian or Pacific Islander,92196
Nevada (32),1998,Black or African American,136640
Nevada (32),1998,White,1595019
Nevada (32),1999,American Indian or Alaska Native,30786
Nevada (32),1999,Asian or Pacific Islander,102327
Nevada (32),1999,Black or African American,143853
Nevada (32),1999,White,1657752
Nevada (32),2000,American Indian or Alaska Native,32064
Nevada (32),2000,Asian or Pacific Islander,113857
Nevada (32),2000,Black or African American,151556
Nevada (32),2000,White,1721264
Nevada (32),2001,American Indian or Alaska Native,33816
Nevada (32),2001,Asian or Pacific Islander,125577
Nevada (32),2001,Black or African American,161746
Nevada (32),2001,White,1777260
Nevada (32),2002,American Indian or Alaska Native,35364
Nevada (32),2002,Asian or Pacific Islander,138099
Nevada (32),2002,Black or African American,171629
Nevada (32),2002,White,1828699
Nevada (32),2003,American Indian or Alaska Native,37093
Nevada (32),2003,Asian or Pacific Islander,150442
Nevada (32),2003,Black or African American,181213
Nevada (32),2003,White,1880102
Nevada (32),2004,American Indian or Alaska Native,39104
Nevada (32),2004,Asian or Pacific Islander,165090
Nevada (32),2004,Black or African American,194114
Nevada (32),2004,White,1947914
Nevada (32),2005,American Indian or Alaska Native,41108
Nevada (32),2005,Asian or Pacific Islander,180907
Nevada (32),2005,Black or African American,207275
Nevada (32),2005,White,2002853
Nevada (32),2006,American Indian or Alaska Native,43382
Nevada (32),2006,Asian or Pacific Islander,197762
Nevada (32),2006,Black or African American,221504
Nevada (32),2006,White,2060010
Nevada (32),2007,American Indian or Alaska Native,45795
Nevada (32),2007,Asian or Pacific Islander,213624
Nevada (32),2007,Black or African American,233966
Nevada (32),2007,White,2107687
Nevada (32),2008,American Indian or Alaska Native,47597
Nevada (32),2008,Asian or Pacific Islander,226589
Nevada (32),2008,Black or African American,244200
Nevada (32),2008,White,2135244
Nevada (32),2009,American Indian or Alaska Native,48907
Nevada (32),2009,Asian or Pacific Islander,235624
Nevada (32),2009,Black or African American,251426
Nevada (32),2009,White,2148708
Nevada (32),2010,American Indian or Alaska Native,49882
Nevada (32),2010,Asian or Pacific Islander,243728
Nevada (32),2010,Black or African American,256640
Nevada (32),2010,White,2152155
Nevada (32),2011,American Indian or Alaska Native,50425
Nevada (32),2011,Asian or Pacific Islander,248511
Nevada (32),2011,Black or African American,260870
Nevada (32),2011,White,2152924
Nevada (32),2012,American Indian or Alaska Native,51312
Nevada (32),2012,Asian or Pacific Islander,255128
Nevada (32),2012,Black or African American,270525
Nevada (32),2012,White,2167031
Nevada (32),2013,American Indian or Alaska Native,52131
Nevada (32),2013,Asian or Pacific Islander,264012
Nevada (32),2013,Black or African American,276942
Nevada (32),2013,White,2182885
Nevada (32),2014,American Indian or Alaska Native,53534
Nevada (32),2014,Asian or Pacific Islander,272851
Nevada (32),2014,Black or African American,286598
Nevada (32),2014,White,2204645
Nevada (32),2015,American Indian or Alaska Native,54904
Nevada (32),2015,Asian or Pacific Islander,282629
Nevada (32),2015,Black or African American,298977
Nevada (32),2015,White,2230429
Nevada (32),2016,American Indian or Alaska Native,56352
Nevada (32),2016,Asian or Pacific Islander,292336
Nevada (32),2016,Black or African American,312985
Nevada (32),2016,White,2255890
Nevada (32),2017,American Indian or Alaska Native,57908
Nevada (32),2017,Asian or Pacific Islander,302456
Nevada (32),2017,Black or African American,327691
Nevada (32),2017,White,2281850
Nevada (32),2018,American Indian or Alaska Native,59434
Nevada (32),2018,Asian or Pacific Islander,311865
Nevada (32),2018,Black or African American,341317
Nevada (32),2018,White,2314725
Nevada (32),2019,American Indian or Alaska Native,60873
Nevada (32),2019,Asian or Pacific Islander,321630
Nevada (32),2019,Black or African American,353548
Nevada (32),2019,White,2344105
New Hampshire (33),1990,American Indian or Alaska Native,2082
New Hampshire (33),1990,Asian or Pacific Islander,9437
New Hampshire (33),1990,Black or African American,7350
New Hampshire (33),1990,White,1093515
New Hampshire (33),1991,American Indian or Alaska Native,2075
New Hampshire (33),1991,Asian or Pacific Islander,9661
New Hampshire (33),1991,Black or African American,6745
New Hampshire (33),1991,White,1091448
New Hampshire (33),1992,American Indian or Alaska Native,2140
New Hampshire (33),1992,Asian or Pacific Islander,10185
New Hampshire (33),1992,Black or African American,6985
New Hampshire (33),1992,White,1098475
New Hampshire (33),1993,American Indian or Alaska Native,2144
New Hampshire (33),1993,Asian or Pacific Islander,10905
New Hampshire (33),1993,Black or African American,7261
New Hampshire (33),1993,White,1109148
New Hampshire (33),1994,American Indian or Alaska Native,2231
New Hampshire (33),1994,Asian or Pacific Islander,11017
New Hampshire (33),1994,Black or African American,7865
New Hampshire (33),1994,White,1121448
New Hampshire (33),1995,American Indian or Alaska Native,2396
New Hampshire (33),1995,Asian or Pacific Islander,12032
New Hampshire (33),1995,Black or African American,8155
New Hampshire (33),1995,White,1134978
New Hampshire (33),1996,American Indian or Alaska Native,2597
New Hampshire (33),1996,Asian or Pacific Islander,13171
New Hampshire (33),1996,Black or African American,8825
New Hampshire (33),1996,White,1150126
New Hampshire (33),1997,American Indian or Alaska Native,2719
New Hampshire (33),1997,Asian or Pacific Islander,13883
New Hampshire (33),1997,Black or African American,9246
New Hampshire (33),1997,White,1163577
New Hampshire (33),1998,American Indian or Alaska Native,3030
New Hampshire (33),1998,Asian or Pacific Islander,14837
New Hampshire (33),1998,Black or African American,9635
New Hampshire (33),1998,White,1178439
New Hampshire (33),1999,American Indian or Alaska Native,3325
New Hampshire (33),1999,Asian or Pacific Islander,16125
New Hampshire (33),1999,Black or African American,10565
New Hampshire (33),1999,White,1192000
New Hampshire (33),2000,American Indian or Alaska Native,3684
New Hampshire (33),2000,Asian or Pacific Islander,17950
New Hampshire (33),2000,Black or African American,11612
New Hampshire (33),2000,White,1206636
New Hampshire (33),2001,American Indian or Alaska Native,3845
New Hampshire (33),2001,Asian or Pacific Islander,20061
New Hampshire (33),2001,Black or African American,12863
New Hampshire (33),2001,White,1218748
New Hampshire (33),2002,American Indian or Alaska Native,3957
New Hampshire (33),2002,Asian or Pacific Islander,21871
New Hampshire (33),2002,Black or African American,13776
New Hampshire (33),2002,White,1229485
New Hampshire (33),2003,American Indian or Alaska Native,4065
New Hampshire (33),2003,Asian or Pacific Islander,23430
New Hampshire (33),2003,Black or African American,14715
New Hampshire (33),2003,White,1237630
New Hampshire (33),2004,American Indian or Alaska Native,4169
New Hampshire (33),2004,Asian or Pacific Islander,24834
New Hampshire (33),2004,Black or African American,15590
New Hampshire (33),2004,White,1245528
New Hampshire (33),2005,American Indian or Alaska Native,4243
New Hampshire (33),2005,Asian or Pacific Islander,26441
New Hampshire (33),2005,Black or African American,16470
New Hampshire (33),2005,White,1251338
New Hampshire (33),2006,American Indian or Alaska Native,4409
New Hampshire (33),2006,Asian or Pacific Islander,27629
New Hampshire (33),2006,Black or African American,17556
New Hampshire (33),2006,White,1258795
New Hampshire (33),2007,American Indian or Alaska Native,4472
New Hampshire (33),2007,Asian or Pacific Islander,28806
New Hampshire (33),2007,Black or African American,18115
New Hampshire (33),2007,White,1261147
New Hampshire (33),2008,American Indian or Alaska Native,4615
New Hampshire (33),2008,Asian or Pacific Islander,29992
New Hampshire (33),2008,Black or African American,18948
New Hampshire (33),2008,White,1262351
New Hampshire (33),2009,American Indian or Alaska Native,4600
New Hampshire (33),2009,Asian or Pacific Islander,30988
New Hampshire (33),2009,Black or African American,19530
New Hampshire (33),2009,White,1260984
New Hampshire (33),2010,American Indian or Alaska Native,4534
New Hampshire (33),2010,Asian or Pacific Islander,31610
New Hampshire (33),2010,Black or African American,20174
New Hampshire (33),2010,White,1260444
New Hampshire (33),2011,American Indian or Alaska Native,4643
New Hampshire (33),2011,Asian or Pacific Islander,33525
New Hampshire (33),2011,Black or African American,21033
New Hampshire (33),2011,White,1261001
New Hampshire (33),2012,American Indian or Alaska Native,4722
New Hampshire (33),2012,Asian or Pacific Islander,35359
New Hampshire (33),2012,Black or African American,22017
New Hampshire (33),2012,White,1262134
New Hampshire (33),2013,American Indian or Alaska Native,4790
New Hampshire (33),2013,Asian or Pacific Islander,36915
New Hampshire (33),2013,Black or African American,22706
New Hampshire (33),2013,White,1262211
New Hampshire (33),2014,American Indian or Alaska Native,4849
New Hampshire (33),2014,Asian or Pacific Islander,38548
New Hampshire (33),2014,Black or African American,23514
New Hampshire (33),2014,White,1266430
New Hampshire (33),2015,American Indian or Alaska Native,4888
New Hampshire (33),2015,Asian or Pacific Islander,40271
New Hampshire (33),2015,Black or African American,24523
New Hampshire (33),2015,White,1266668
New Hampshire (33),2016,American Indian or Alaska Native,5013
New Hampshire (33),2016,Asian or Pacific Islander,41656
New Hampshire (33),2016,Black or African American,25896
New Hampshire (33),2016,White,1269742
New Hampshire (33),2017,American Indian or Alaska Native,5097
New Hampshire (33),2017,Asian or Pacific Islander,42379
New Hampshire (33),2017,Black or African American,26991
New Hampshire (33),2017,White,1274320
New Hampshire (33),2018,American Indian or Alaska Native,5207
New Hampshire (33),2018,Asian or Pacific Islander,42973
New Hampshire (33),2018,Black or African American,28200
New Hampshire (33),2018,White,1277085
New Hampshire (33),2019,American Indian or Alaska Native,5249
New Hampshire (33),2019,Asian or Pacific Islander,43588
New Hampshire (33),2019,Black or African American,29386
New Hampshire (33),2019,White,1281488
New Jersey (34),1990,American Indian or Alaska Native,15899
New Jersey (34),1990,Asian or Pacific Islander,280536
New Jersey (34),1990,Black or African American,1080360
New Jersey (34),1990,White,6386168
New Jersey (34),1991,American Indian or Alaska Native,16717
New Jersey (34),1991,Asian or Pacific Islander,300269
New Jersey (34),1991,Black or African American,1098903
New Jersey (34),1991,White,6398787
New Jersey (34),1992,American Indian or Alaska Native,17674
New Jersey (34),1992,Asian or Pacific Islander,322198
New Jersey (34),1992,Black or African American,1120104
New Jersey (34),1992,White,6420532
New Jersey (34),1993,American Indian or Alaska Native,18831
New Jersey (34),1993,Asian or Pacific Islander,345370
New Jersey (34),1993,Black or African American,1137820
New Jersey (34),1993,White,6446894
New Jersey (34),1994,American Indian or Alaska Native,20305
New Jersey (34),1994,Asian or Pacific Islander,366033
New Jersey (34),1994,Black or African American,1155050
New Jersey (34),1994,White,6472918
New Jersey (34),1995,American Indian or Alaska Native,21672
New Jersey (34),1995,Asian or Pacific Islander,388014
New Jersey (34),1995,Black or African American,1170159
New Jersey (34),1995,White,6503397
New Jersey (34),1996,American Indian or Alaska Native,22952
New Jersey (34),1996,Asian or Pacific Islander,411909
New Jersey (34),1996,Black or African American,1184891
New Jersey (34),1996,White,6529844
New Jersey (34),1997,American Indian or Alaska Native,24163
New Jersey (34),1997,Asian or Pacific Islander,438708
New Jersey (34),1997,Black or African American,1200550
New Jersey (34),1997,White,6555387
New Jersey (34),1998,American Indian or Alaska Native,25519
New Jersey (34),1998,Asian or Pacific Islander,464000
New Jersey (34),1998,Black or African American,1217158
New Jersey (34),1998,White,6580741
New Jersey (34),1999,American Indian or Alaska Native,26900
New Jersey (34),1999,Asian or Pacific Islander,492259
New Jersey (34),1999,Black or African American,1231242
New Jersey (34),1999,White,6609191
New Jersey (34),2000,American Indian or Alaska Native,29128
New Jersey (34),2000,Asian or Pacific Islander,520125
New Jersey (34),2000,Black or African American,1244586
New Jersey (34),2000,White,6636782
New Jersey (34),2001,American Indian or Alaska Native,31715
New Jersey (34),2001,Asian or Pacific Islander,551565
New Jersey (34),2001,Black or African American,1257274
New Jersey (34),2001,White,6652117
New Jersey (34),2002,American Indian or Alaska Native,34443
New Jersey (34),2002,Asian or Pacific Islander,582299
New Jersey (34),2002,Black or African American,1268823
New Jersey (34),2002,White,6667078
New Jersey (34),2003,American Indian or Alaska Native,37037
New Jersey (34),2003,Asian or Pacific Islander,610067
New Jersey (34),2003,Black or African American,1279601
New Jersey (34),2003,White,6674697
New Jersey (34),2004,American Indian or Alaska Native,39765
New Jersey (34),2004,Asian or Pacific Islander,635855
New Jersey (34),2004,Black or African American,1288238
New Jersey (34),2004,White,6670703
New Jersey (34),2005,American Indian or Alaska Native,42506
New Jersey (34),2005,Asian or Pacific Islander,661776
New Jersey (34),2005,Black or African American,1293607
New Jersey (34),2005,White,6654085
New Jersey (34),2006,American Indian or Alaska Native,45163
New Jersey (34),2006,Asian or Pacific Islander,684887
New Jersey (34),2006,Black or African American,1298653
New Jersey (34),2006,White,6632976
New Jersey (34),2007,American Indian or Alaska Native,48188
New Jersey (34),2007,Asian or Pacific Islander,710111
New Jersey (34),2007,Black or African American,1304334
New Jersey (34),2007,White,6615252
New Jersey (34),2008,American Indian or Alaska Native,51263
New Jersey (34),2008,Asian or Pacific Islander,736423
New Jersey (34),2008,Black or African American,1311696
New Jersey (34),2008,White,6611708
New Jersey (34),2009,American Indian or Alaska Native,55197
New Jersey (34),2009,Asian or Pacific Islander,760885
New Jersey (34),2009,Black or African American,1323532
New Jersey (34),2009,White,6615988
New Jersey (34),2010,American Indian or Alaska Native,58468
New Jersey (34),2010,Asian or Pacific Islander,782460
New Jersey (34),2010,Black or African American,1335697
New Jersey (34),2010,White,6622821
New Jersey (34),2011,American Indian or Alaska Native,59139
New Jersey (34),2011,Asian or Pacific Islander,802660
New Jersey (34),2011,Black or African American,1345145
New Jersey (34),2011,White,6621173
New Jersey (34),2012,American Indian or Alaska Native,59875
New Jersey (34),2012,Asian or Pacific Islander,819848
New Jersey (34),2012,Black or African American,1354246
New Jersey (34),2012,White,6610973
New Jersey (34),2013,American Indian or Alaska Native,60443
New Jersey (34),2013,Asian or Pacific Islander,835064
New Jersey (34),2013,Black or African American,1363708
New Jersey (34),2013,White,6597757
New Jersey (34),2014,American Indian or Alaska Native,60954
New Jersey (34),2014,Asian or Pacific Islander,849629
New Jersey (34),2014,Black or African American,1372730
New Jersey (34),2014,White,6581212
New Jersey (34),2015,American Indian or Alaska Native,61555
New Jersey (34),2015,Asian or Pacific Islander,867334
New Jersey (34),2015,Black or African American,1380460
New Jersey (34),2015,White,6558600
New Jersey (34),2016,American Indian or Alaska Native,61822
New Jersey (34),2016,Asian or Pacific Islander,884718
New Jersey (34),2016,Black or African American,1386227
New Jersey (34),2016,White,6538060
New Jersey (34),2017,American Indian or Alaska Native,62675
New Jersey (34),2017,Asian or Pacific Islander,906567
New Jersey (34),2017,Black or African American,1392195
New Jersey (34),2017,White,6524088
New Jersey (34),2018,American Indian or Alaska Native,63789
New Jersey (34),2018,Asian or Pacific Islander,917565
New Jersey (34),2018,Black or African American,1397403
New Jersey (34),2018,White,6507268
New Jersey (34),2019,American Indian or Alaska Native,65086
New Jersey (34),2019,Asian or Pacific Islander,927284
New Jersey (34),2019,Black or African American,1404990
New Jersey (34),2019,White,6484830
New Mexico (35),1990,American Indian or Alaska Native,138011
New Mexico (35),1990,Asian or Pacific Islander,15043
New Mexico (35),1990,Black or African American,31537
New Mexico (35),1990,White,1336983
New Mexico (35),1991,American Indian or Alaska Native,143236
New Mexico (35),1991,Asian or Pacific Islander,15851
New Mexico (35),1991,Black or African American,33416
New Mexico (35),1991,White,1362802
New Mexico (35),1992,American Indian or Alaska Native,148250
New Mexico (35),1992,Asian or Pacific Islander,16927
New Mexico (35),1992,Black or African American,35471
New Mexico (35),1992,White,1394794
New Mexico (35),1993,American Indian or Alaska Native,152263
New Mexico (35),1993,Asian or Pacific Islander,17955
New Mexico (35),1993,Black or African American,36971
New Mexico (35),1993,White,1429264
New Mexico (35),1994,American Indian or Alaska Native,156500
New Mexico (35),1994,Asian or Pacific Islander,19138
New Mexico (35),1994,Black or African American,38246
New Mexico (35),1994,White,1468514
New Mexico (35),1995,American Indian or Alaska Native,159524
New Mexico (35),1995,Asian or Pacific Islander,20044
New Mexico (35),1995,Black or African American,39394
New Mexico (35),1995,White,1501432
New Mexico (35),1996,American Indian or Alaska Native,164052
New Mexico (35),1996,Asian or Pacific Islander,20955
New Mexico (35),1996,Black or African American,40623
New Mexico (35),1996,White,1526696
New Mexico (35),1997,American Indian or Alaska Native,167483
New Mexico (35),1997,Asian or Pacific Islander,21733
New Mexico (35),1997,Black or African American,41632
New Mexico (35),1997,White,1543991
New Mexico (35),1998,American Indian or Alaska Native,174076
New Mexico (35),1998,Asian or Pacific Islander,22871
New Mexico (35),1998,Black or African American,41649
New Mexico (35),1998,White,1554888
New Mexico (35),1999,American Indian or Alaska Native,178885
New Mexico (35),1999,Asian or Pacific Islander,23685
New Mexico (35),1999,Black or African American,42091
New Mexico (35),1999,White,1563421
New Mexico (35),2000,American Indian or Alaska Native,185172
New Mexico (35),2000,Asian or Pacific Islander,25345
New Mexico (35),2000,Black or African American,42775
New Mexico (35),2000,White,1567912
New Mexico (35),2001,American Indian or Alaska Native,189218
New Mexico (35),2001,Asian or Pacific Islander,25959
New Mexico (35),2001,Black or African American,44060
New Mexico (35),2001,White,1572453
New Mexico (35),2002,American Indian or Alaska Native,192786
New Mexico (35),2002,Asian or Pacific Islander,27374
New Mexico (35),2002,Black or African American,45707
New Mexico (35),2002,White,1589442
New Mexico (35),2003,American Indian or Alaska Native,196291
New Mexico (35),2003,Asian or Pacific Islander,28726
New Mexico (35),2003,Black or African American,46932
New Mexico (35),2003,White,1605625
New Mexico (35),2004,American Indian or Alaska Native,199634
New Mexico (35),2004,Asian or Pacific Islander,30084
New Mexico (35),2004,Black or African American,48580
New Mexico (35),2004,White,1625510
New Mexico (35),2005,American Indian or Alaska Native,202659
New Mexico (35),2005,Asian or Pacific Islander,31443
New Mexico (35),2005,Black or African American,50040
New Mexico (35),2005,White,1648132
New Mexico (35),2006,American Indian or Alaska Native,205369
New Mexico (35),2006,Asian or Pacific Islander,32980
New Mexico (35),2006,Black or African American,51749
New Mexico (35),2006,White,1672039
New Mexico (35),2007,American Indian or Alaska Native,209060
New Mexico (35),2007,Asian or Pacific Islander,34178
New Mexico (35),2007,Black or African American,53356
New Mexico (35),2007,White,1693476
New Mexico (35),2008,American Indian or Alaska Native,213396
New Mexico (35),2008,Asian or Pacific Islander,35468
New Mexico (35),2008,Black or African American,54341
New Mexico (35),2008,White,1707457
New Mexico (35),2009,American Indian or Alaska Native,217796
New Mexico (35),2009,Asian or Pacific Islander,36931
New Mexico (35),2009,Black or African American,56276
New Mexico (35),2009,White,1725799
New Mexico (35),2010,American Indian or Alaska Native,221254
New Mexico (35),2010,Asian or Pacific Islander,38289
New Mexico (35),2010,Black or African American,58333
New Mexico (35),2010,White,1746676
New Mexico (35),2011,American Indian or Alaska Native,224720
New Mexico (35),2011,Asian or Pacific Islander,39934
New Mexico (35),2011,Black or African American,59198
New Mexico (35),2011,White,1756598
New Mexico (35),2012,American Indian or Alaska Native,227398
New Mexico (35),2012,Asian or Pacific Islander,40994
New Mexico (35),2012,Black or African American,59801
New Mexico (35),2012,White,1759116
New Mexico (35),2013,American Indian or Alaska Native,230824
New Mexico (35),2013,Asian or Pacific Islander,42081
New Mexico (35),2013,Black or African American,60706
New Mexico (35),2013,White,1758662
New Mexico (35),2014,American Indian or Alaska Native,233820
New Mexico (35),2014,Asian or Pacific Islander,42409
New Mexico (35),2014,Black or African American,61361
New Mexico (35),2014,White,1751978
New Mexico (35),2015,American Indian or Alaska Native,236939
New Mexico (35),2015,Asian or Pacific Islander,43255
New Mexico (35),2015,Black or African American,62081
New Mexico (35),2015,White,1747016
New Mexico (35),2016,American Indian or Alaska Native,239137
New Mexico (35),2016,Asian or Pacific Islander,43710
New Mexico (35),2016,Black or African American,63019
New Mexico (35),2016,White,1745764
New Mexico (35),2017,American Indian or Alaska Native,240992
New Mexico (35),2017,Asian or Pacific Islander,44070
New Mexico (35),2017,Black or African American,63671
New Mexico (35),2017,White,1743051
New Mexico (35),2018,American Indian or Alaska Native,241507
New Mexico (35),2018,Asian or Pacific Islander,44830
New Mexico (35),2018,Black or African American,64697
New Mexico (35),2018,White,1741707
New Mexico (35),2019,American Indian or Alaska Native,242463
New Mexico (35),2019,Asian or Pacific Islander,45632
New Mexico (35),2019,Black or African American,66216
New Mexico (35),2019,White,1742518
New York (36),1990,American Indian or Alaska Native,66723
New York (36),1990,Asian or Pacific Islander,718591
New York (36),1990,Black or African American,3075556
New York (36),1990,White,14159914
New York (36),1991,American Indian or Alaska Native,70156
New York (36),1991,Asian or Pacific Islander,767960
New York (36),1991,Black or African American,3115741
New York (36),1991,White,14168653
New York (36),1992,American Indian or Alaska Native,74358
New York (36),1992,Asian or Pacific Islander,816026
New York (36),1992,Black or African American,3159095
New York (36),1992,White,14197174
New York (36),1993,American Indian or Alaska Native,79458
New York (36),1993,Asian or Pacific Islander,859477
New York (36),1993,Black or African American,3206315
New York (36),1993,White,14229704
New York (36),1994,American Indian or Alaska Native,84449
New York (36),1994,Asian or Pacific Islander,897809
New York (36),1994,Black or African American,3248162
New York (36),1994,White,14229050
New York (36),1995,American Indian or Alaska Native,89493
New York (36),1995,Asian or Pacific Islander,937320
New York (36),1995,Black or African American,3284189
New York (36),1995,White,14213102
New York (36),1996,American Indian or Alaska Native,94953
New York (36),1996,Asian or Pacific Islander,983956
New York (36),1996,Black or African American,3314224
New York (36),1996,White,14195327
New York (36),1997,American Indian or Alaska Native,100800
New York (36),1997,Asian or Pacific Islander,1028924
New York (36),1997,Black or African American,3345110
New York (36),1997,White,14181712
New York (36),1998,American Indian or Alaska Native,107043
New York (36),1998,Asian or Pacific Islander,1075196
New York (36),1998,Black or African American,3378440
New York (36),1998,White,14195227
New York (36),1999,American Indian or Alaska Native,113722
New York (36),1999,Asian or Pacific Islander,1122472
New York (36),1999,Black or African American,3410768
New York (36),1999,White,14235763
New York (36),2000,American Indian or Alaska Native,121934
New York (36),2000,Asian or Pacific Islander,1169860
New York (36),2000,Black or African American,3443462
New York (36),2000,White,14266524
New York (36),2001,American Indian or Alaska Native,130396
New York (36),2001,Asian or Pacific Islander,1213384
New York (36),2001,Black or African American,3457658
New York (36),2001,White,14281400
New York (36),2002,American Indian or Alaska Native,139242
New York (36),2002,Asian or Pacific Islander,1255048
New York (36),2002,Black or African American,3467250
New York (36),2002,White,14276260
New York (36),2003,American Indian or Alaska Native,147941
New York (36),2003,Asian or Pacific Islander,1293519
New York (36),2003,Black or African American,3471007
New York (36),2003,White,14263472
New York (36),2004,American Indian or Alaska Native,156677
New York (36),2004,Asian or Pacific Islander,1327853
New York (36),2004,Black or African American,3464246
New York (36),2004,White,14222791
New York (36),2005,American Indian or Alaska Native,165480
New York (36),2005,Asian or Pacific Islander,1362726
New York (36),2005,Black or African American,3457681
New York (36),2005,White,14146723
New York (36),2006,American Indian or Alaska Native,174575
New York (36),2006,Asian or Pacific Islander,1398778
New York (36),2006,Black or African American,3453892
New York (36),2006,White,14077386
New York (36),2007,American Indian or Alaska Native,184130
New York (36),2007,Asian or Pacific Islander,1439779
New York (36),2007,Black or African American,3456802
New York (36),2007,White,14051624
New York (36),2008,American Indian or Alaska Native,195000
New York (36),2008,Asian or Pacific Islander,1485783
New York (36),2008,Black or African American,3473867
New York (36),2008,White,14057786
New York (36),2009,American Indian or Alaska Native,206557
New York (36),2009,Asian or Pacific Islander,1529520
New York (36),2009,Black or African American,3498751
New York (36),2009,White,14072238
New York (36),2010,American Indian or Alaska Native,215069
New York (36),2010,Asian or Pacific Islander,1570051
New York (36),2010,Black or African American,3530944
New York (36),2010,White,14083814
New York (36),2011,American Indian or Alaska Native,216958
New York (36),2011,Asian or Pacific Islander,1610860
New York (36),2011,Black or African American,3560339
New York (36),2011,White,14111084
New York (36),2012,American Indian or Alaska Native,219466
New York (36),2012,Asian or Pacific Islander,1650377
New York (36),2012,Black or African American,3583150
New York (36),2012,White,14119939
New York (36),2013,American Indian or Alaska Native,221078
New York (36),2013,Asian or Pacific Islander,1685412
New York (36),2013,Black or African American,3606020
New York (36),2013,White,14111937
New York (36),2014,American Indian or Alaska Native,222011
New York (36),2014,Asian or Pacific Islander,1724327
New York (36),2014,Black or African American,3619000
New York (36),2014,White,14085711
New York (36),2015,American Indian or Alaska Native,222672
New York (36),2015,Asian or Pacific Islander,1761973
New York (36),2015,Black or African American,3627873
New York (36),2015,White,14042148
New York (36),2016,American Indian or Alaska Native,223387
New York (36),2016,Asian or Pacific Islander,1795807
New York (36),2016,Black or African American,3631433
New York (36),2016,White,13982801
New York (36),2017,American Indian or Alaska Native,223220
New York (36),2017,Asian or Pacific Islander,1820859
New York (36),2017,Black or African American,3625714
New York (36),2017,White,13919779
New York (36),2018,American Indian or Alaska Native,223778
New York (36),2018,Asian or Pacific Islander,1835707
New York (36),2018,Black or African American,3618873
New York (36),2018,White,13851993
New York (36),2019,American Indian or Alaska Native,223855
New York (36),2019,Asian or Pacific Islander,1850616
New York (36),2019,Black or African American,3611420
New York (36),2019,White,13767670
North Carolina (37),1990,American Indian or Alaska Native,80627
North Carolina (37),1990,Asian or Pacific Islander,53403
North Carolina (37),1990,Black or African American,1471373
North Carolina (37),1990,White,5058613
North Carolina (37),1991,American Indian or Alaska Native,81716
North Carolina (37),1991,Asian or Pacific Islander,57382
North Carolina (37),1991,Black or African American,1504167
North Carolina (37),1991,White,5141015
North Carolina (37),1992,American Indian or Alaska Native,83566
North Carolina (37),1992,Asian or Pacific Islander,62257
North Carolina (37),1992,Black or African American,1536007
North Carolina (37),1992,White,5215384
North Carolina (37),1993,American Indian or Alaska Native,86360
North Carolina (37),1993,Asian or Pacific Islander,68439
North Carolina (37),1993,Black or African American,1572592
North Carolina (37),1993,White,5315427
North Carolina (37),1994,American Indian or Alaska Native,89119
North Carolina (37),1994,Asian or Pacific Islander,75013
North Carolina (37),1994,Black or African American,1605865
North Carolina (37),1994,White,5417401
North Carolina (37),1995,American Indian or Alaska Native,91226
North Carolina (37),1995,Asian or Pacific Islander,82535
North Carolina (37),1995,Black or African American,1639961
North Carolina (37),1995,White,5530952
North Carolina (37),1996,American Indian or Alaska Native,94173
North Carolina (37),1996,Asian or Pacific Islander,91055
North Carolina (37),1996,Black or African American,1671635
North Carolina (37),1996,White,5643807
North Carolina (37),1997,American Indian or Alaska Native,96750
North Carolina (37),1997,Asian or Pacific Islander,99075
North Carolina (37),1997,Black or African American,1703828
North Carolina (37),1997,White,5757172
North Carolina (37),1998,American Indian or Alaska Native,99144
North Carolina (37),1998,Asian or Pacific Islander,108170
North Carolina (37),1998,Black or African American,1733013
North Carolina (37),1998,White,5868795
North Carolina (37),1999,American Indian or Alaska Native,101801
North Carolina (37),1999,Asian or Pacific Islander,118069
North Carolina (37),1999,Black or African American,1758625
North Carolina (37),1999,White,5970867
North Carolina (37),2000,American Indian or Alaska Native,107289
North Carolina (37),2000,Asian or Pacific Islander,131601
North Carolina (37),2000,Black or African American,1785118
North Carolina (37),2000,White,6057606
North Carolina (37),2001,American Indian or Alaska Native,111924
North Carolina (37),2001,Asian or Pacific Islander,141623
North Carolina (37),2001,Black or African American,1814985
North Carolina (37),2001,White,6141590
North Carolina (37),2002,American Indian or Alaska Native,116503
North Carolina (37),2002,Asian or Pacific Islander,150636
North Carolina (37),2002,Black or African American,1844291
North Carolina (37),2002,White,6214771
North Carolina (37),2003,American Indian or Alaska Native,121091
North Carolina (37),2003,Asian or Pacific Islander,160226
North Carolina (37),2003,Black or African American,1869334
North Carolina (37),2003,White,6271850
North Carolina (37),2004,American Indian or Alaska Native,125786
North Carolina (37),2004,Asian or Pacific Islander,170117
North Carolina (37),2004,Black or African American,1901343
North Carolina (37),2004,White,6355906
North Carolina (37),2005,American Indian or Alaska Native,130692
North Carolina (37),2005,Asian or Pacific Islander,181273
North Carolina (37),2005,Black or African American,1936792
North Carolina (37),2005,White,6456650
North Carolina (37),2006,American Indian or Alaska Native,136103
North Carolina (37),2006,Asian or Pacific Islander,194233
North Carolina (37),2006,Black or African American,1986797
North Carolina (37),2006,White,6600137
North Carolina (37),2007,American Indian or Alaska Native,141646
North Carolina (37),2007,Asian or Pacific Islander,207602
North Carolina (37),2007,Black or African American,2035660
North Carolina (37),2007,White,6733129
North Carolina (37),2008,American Indian or Alaska Native,147170
North Carolina (37),2008,Asian or Pacific Islander,221145
North Carolina (37),2008,Black or African American,2084901
North Carolina (37),2008,White,6856233
North Carolina (37),2009,American Indian or Alaska Native,152931
North Carolina (37),2009,Asian or Pacific Islander,232059
North Carolina (37),2009,Black or African American,2125058
North Carolina (37),2009,White,6939518
North Carolina (37),2010,American Indian or Alaska Native,157336
North Carolina (37),2010,Asian or Pacific Islander,243945
North Carolina (37),2010,Black or African American,2160974
North Carolina (37),2010,White,7012068
North Carolina (37),2011,American Indian or Alaska Native,159278
North Carolina (37),2011,Asian or Pacific Islander,255024
North Carolina (37),2011,Black or African American,2188533
North Carolina (37),2011,White,7054757
North Carolina (37),2012,American Indian or Alaska Native,161588
North Carolina (37),2012,Asian or Pacific Islander,268686
North Carolina (37),2012,Black or African American,2217702
North Carolina (37),2012,White,7101500
North Carolina (37),2013,American Indian or Alaska Native,163483
North Carolina (37),2013,Asian or Pacific Islander,284615
North Carolina (37),2013,Black or African American,2248700
North Carolina (37),2013,White,7146538
North Carolina (37),2014,American Indian or Alaska Native,165593
North Carolina (37),2014,Asian or Pacific Islander,298646
North Carolina (37),2014,Black or African American,2276803
North Carolina (37),2014,White,7191845
North Carolina (37),2015,American Indian or Alaska Native,167919
North Carolina (37),2015,Asian or Pacific Islander,311968
North Carolina (37),2015,Black or African American,2303489
North Carolina (37),2015,White,7248270
North Carolina (37),2016,American Indian or Alaska Native,170438
North Carolina (37),2016,Asian or Pacific Islander,328820
North Carolina (37),2016,Black or African American,2335388
North Carolina (37),2016,White,7320142
North Carolina (37),2017,American Indian or Alaska Native,173019
North Carolina (37),2017,Asian or Pacific Islander,345560
North Carolina (37),2017,Black or African American,2365376
North Carolina (37),2017,White,7384278
North Carolina (37),2018,American Indian or Alaska Native,175131
North Carolina (37),2018,Asian or Pacific Islander,357594
North Carolina (37),2018,Black or African American,2394511
North Carolina (37),2018,White,7454379
North Carolina (37),2019,American Indian or Alaska Native,177169
North Carolina (37),2019,Asian or Pacific Islander,369134
North Carolina (37),2019,Black or African American,2421439
North Carolina (37),2019,White,7520342
North Dakota (38),1990,American Indian or Alaska Native,25507
North Dakota (38),1990,Asian or Pacific Islander,3157
North Dakota (38),1990,Black or African American,3366
North Dakota (38),1990,White,605655
North Dakota (38),1991,American Indian or Alaska Native,26142
North Dakota (38),1991,Asian or Pacific Islander,3345
North Dakota (38),1991,Black or African American,3429
North Dakota (38),1991,White,602837
North Dakota (38),1992,American Indian or Alaska Native,26783
North Dakota (38),1992,Asian or Pacific Islander,3532
North Dakota (38),1992,Black or African American,3476
North Dakota (38),1992,White,604432
North Dakota (38),1993,American Indian or Alaska Native,27155
North Dakota (38),1993,Asian or Pacific Islander,3595
North Dakota (38),1993,Black or African American,3369
North Dakota (38),1993,White,607097
North Dakota (38),1994,American Indian or Alaska Native,27955
North Dakota (38),1994,Asian or Pacific Islander,3538
North Dakota (38),1994,Black or African American,3354
North Dakota (38),1994,White,609959
North Dakota (38),1995,American Indian or Alaska Native,28533
North Dakota (38),1995,Asian or Pacific Islander,3739
North Dakota (38),1995,Black or African American,3270
North Dakota (38),1995,White,612290
North Dakota (38),1996,American Indian or Alaska Native,29483
North Dakota (38),1996,Asian or Pacific Islander,3850
North Dakota (38),1996,Black or African American,3514
North Dakota (38),1996,White,613535
North Dakota (38),1997,American Indian or Alaska Native,30063
North Dakota (38),1997,Asian or Pacific Islander,3782
North Dakota (38),1997,Black or African American,3501
North Dakota (38),1997,White,612370
North Dakota (38),1998,American Indian or Alaska Native,30859
North Dakota (38),1998,Asian or Pacific Islander,3823
North Dakota (38),1998,Black or African American,3720
North Dakota (38),1998,White,609130
North Dakota (38),1999,American Indian or Alaska Native,31503
North Dakota (38),1999,Asian or Pacific Islander,3750
North Dakota (38),1999,Black or African American,4007
North Dakota (38),1999,White,604999
North Dakota (38),2000,American Indian or Alaska Native,32758
North Dakota (38),2000,Asian or Pacific Islander,4344
North Dakota (38),2000,Black or African American,4971
North Dakota (38),2000,White,599950
North Dakota (38),2001,American Indian or Alaska Native,33149
North Dakota (38),2001,Asian or Pacific Islander,4728
North Dakota (38),2001,Black or African American,5476
North Dakota (38),2001,White,595709
North Dakota (38),2002,American Indian or Alaska Native,33695
North Dakota (38),2002,Asian or Pacific Islander,5020
North Dakota (38),2002,Black or African American,5936
North Dakota (38),2002,White,593517
North Dakota (38),2003,American Indian or Alaska Native,34227
North Dakota (38),2003,Asian or Pacific Islander,5277
North Dakota (38),2003,Black or African American,6389
North Dakota (38),2003,White,592924
North Dakota (38),2004,American Indian or Alaska Native,34974
North Dakota (38),2004,Asian or Pacific Islander,5704
North Dakota (38),2004,Black or African American,7075
North Dakota (38),2004,White,596952
North Dakota (38),2005,American Indian or Alaska Native,35578
North Dakota (38),2005,Asian or Pacific Islander,6022
North Dakota (38),2005,Black or African American,7741
North Dakota (38),2005,White,596748
North Dakota (38),2006,American Indian or Alaska Native,36431
North Dakota (38),2006,Asian or Pacific Islander,6375
North Dakota (38),2006,Black or African American,8174
North Dakota (38),2006,White,598442
North Dakota (38),2007,American Indian or Alaska Native,37093
North Dakota (38),2007,Asian or Pacific Islander,6840
North Dakota (38),2007,Black or African American,8538
North Dakota (38),2007,White,600351
North Dakota (38),2008,American Indian or Alaska Native,37875
North Dakota (38),2008,Asian or Pacific Islander,7132
North Dakota (38),2008,Black or African American,8994
North Dakota (38),2008,White,603568
North Dakota (38),2009,American Indian or Alaska Native,38513
North Dakota (38),2009,Asian or Pacific Islander,7448
North Dakota (38),2009,Black or African American,9994
North Dakota (38),2009,White,609013
North Dakota (38),2010,American Indian or Alaska Native,39334
North Dakota (38),2010,Asian or Pacific Islander,8158
North Dakota (38),2010,Black or African American,10596
North Dakota (38),2010,White,616627
North Dakota (38),2011,American Indian or Alaska Native,40287
North Dakota (38),2011,Asian or Pacific Islander,8724
North Dakota (38),2011,Black or African American,11682
North Dakota (38),2011,White,624532
North Dakota (38),2012,American Indian or Alaska Native,41220
North Dakota (38),2012,Asian or Pacific Islander,9420
North Dakota (38),2012,Black or African American,13147
North Dakota (38),2012,White,637389
North Dakota (38),2013,American Indian or Alaska Native,42465
North Dakota (38),2013,Asian or Pacific Islander,10335
North Dakota (38),2013,Black or African American,15826
North Dakota (38),2013,White,653410
North Dakota (38),2014,American Indian or Alaska Native,43443
North Dakota (38),2014,Asian or Pacific Islander,10912
North Dakota (38),2014,Black or African American,18342
North Dakota (38),2014,White,664704
North Dakota (38),2015,American Indian or Alaska Native,44535
North Dakota (38),2015,Asian or Pacific Islander,12098
North Dakota (38),2015,Black or African American,22556
North Dakota (38),2015,White,674877
North Dakota (38),2016,American Indian or Alaska Native,44978
North Dakota (38),2016,Asian or Pacific Islander,12899
North Dakota (38),2016,Black or African American,25356
North Dakota (38),2016,White,671201
North Dakota (38),2017,American Indian or Alaska Native,45159
North Dakota (38),2017,Asian or Pacific Islander,14102
North Dakota (38),2017,Black or African American,26900
North Dakota (38),2017,White,668781
North Dakota (38),2018,American Indian or Alaska Native,45461
North Dakota (38),2018,Asian or Pacific Islander,14319
North Dakota (38),2018,Black or African American,28545
North Dakota (38),2018,White,669755
North Dakota (38),2019,American Indian or Alaska Native,45799
North Dakota (38),2019,Asian or Pacific Islander,14600
North Dakota (38),2019,Black or African American,29633
North Dakota (38),2019,White,672030
Ohio (39),1990,American Indian or Alaska Native,20327
Ohio (39),1990,Asian or Pacific Islander,92545
Ohio (39),1990,Black or African American,1163105
Ohio (39),1990,White,9588185
Ohio (39),1991,American Indian or Alaska Native,20921
Ohio (39),1991,Asian or Pacific Islander,98153
Ohio (39),1991,Black or African American,1187439
Ohio (39),1991,White,9639249
Ohio (39),1992,American Indian or Alaska Native,21708
Ohio (39),1992,Asian or Pacific Islander,102827
Ohio (39),1992,Black or African American,1214495
Ohio (39),1992,White,9690401
Ohio (39),1993,American Indian or Alaska Native,22652
Ohio (39),1993,Asian or Pacific Islander,107566
Ohio (39),1993,Black or African American,1239130
Ohio (39),1993,White,9731792
Ohio (39),1994,American Indian or Alaska Native,23591
Ohio (39),1994,Asian or Pacific Islander,112114
Ohio (39),1994,Black or African American,1260858
Ohio (39),1994,White,9755892
Ohio (39),1995,American Indian or Alaska Native,24373
Ohio (39),1995,Asian or Pacific Islander,116670
Ohio (39),1995,Black or African American,1279923
Ohio (39),1995,White,9781785
Ohio (39),1996,American Indian or Alaska Native,25633
Ohio (39),1996,Asian or Pacific Islander,122962
Ohio (39),1996,Black or African American,1299584
Ohio (39),1996,White,9794648
Ohio (39),1997,American Indian or Alaska Native,26659
Ohio (39),1997,Asian or Pacific Islander,128436
Ohio (39),1997,Black or African American,1317777
Ohio (39),1997,White,9804485
Ohio (39),1998,American Indian or Alaska Native,28032
Ohio (39),1998,Asian or Pacific Islander,134203
Ohio (39),1998,Black or African American,1333730
Ohio (39),1998,White,9815571
Ohio (39),1999,American Indian or Alaska Native,29506
Ohio (39),1999,Asian or Pacific Islander,141748
Ohio (39),1999,Black or African American,1347742
Ohio (39),1999,White,9816458
Ohio (39),2000,American Indian or Alaska Native,32084
Ohio (39),2000,Asian or Pacific Islander,150403
Ohio (39),2000,Black or African American,1364281
Ohio (39),2000,White,9816775
Ohio (39),2001,American Indian or Alaska Native,32827
Ohio (39),2001,Asian or Pacific Islander,157061
Ohio (39),2001,Black or African American,1381459
Ohio (39),2001,White,9816057
Ohio (39),2002,American Indian or Alaska Native,33339
Ohio (39),2002,Asian or Pacific Islander,164477
Ohio (39),2002,Black or African American,1397560
Ohio (39),2002,White,9812513
Ohio (39),2003,American Indian or Alaska Native,33962
Ohio (39),2003,Asian or Pacific Islander,172692
Ohio (39),2003,Black or African American,1413170
Ohio (39),2003,White,9814964
Ohio (39),2004,American Indian or Alaska Native,34439
Ohio (39),2004,Asian or Pacific Islander,180109
Ohio (39),2004,Black or African American,1427023
Ohio (39),2004,White,9810680
Ohio (39),2005,American Indian or Alaska Native,35159
Ohio (39),2005,Asian or Pacific Islander,187809
Ohio (39),2005,Black or African American,1441701
Ohio (39),2005,White,9798651
Ohio (39),2006,American Indian or Alaska Native,35890
Ohio (39),2006,Asian or Pacific Islander,194518
Ohio (39),2006,Black or African American,1457396
Ohio (39),2006,White,9793409
Ohio (39),2007,American Indian or Alaska Native,36785
Ohio (39),2007,Asian or Pacific Islander,201122
Ohio (39),2007,Black or African American,1473382
Ohio (39),2007,White,9789179
Ohio (39),2008,American Indian or Alaska Native,37763
Ohio (39),2008,Asian or Pacific Islander,207654
Ohio (39),2008,Black or African American,1488002
Ohio (39),2008,White,9781972
Ohio (39),2009,American Indian or Alaska Native,38212
Ohio (39),2009,Asian or Pacific Islander,213540
Ohio (39),2009,Black or African American,1501406
Ohio (39),2009,White,9775738
Ohio (39),2010,American Indian or Alaska Native,38965
Ohio (39),2010,Asian or Pacific Islander,220401
Ohio (39),2010,Black or African American,1513661
Ohio (39),2010,White,9766309
Ohio (39),2011,American Indian or Alaska Native,39566
Ohio (39),2011,Asian or Pacific Islander,227902
Ohio (39),2011,Black or African American,1523529
Ohio (39),2011,White,9753666
Ohio (39),2012,American Indian or Alaska Native,39940
Ohio (39),2012,Asian or Pacific Islander,237052
Ohio (39),2012,Black or African American,1534115
Ohio (39),2012,White,9737816
Ohio (39),2013,American Indian or Alaska Native,40672
Ohio (39),2013,Asian or Pacific Islander,250035
Ohio (39),2013,Black or African American,1550554
Ohio (39),2013,White,9735423
Ohio (39),2014,American Indian or Alaska Native,41378
Ohio (39),2014,Asian or Pacific Islander,262824
Ohio (39),2014,Black or African American,1566575
Ohio (39),2014,White,9731923
Ohio (39),2015,American Indian or Alaska Native,41902
Ohio (39),2015,Asian or Pacific Islander,275886
Ohio (39),2015,Black or African American,1582740
Ohio (39),2015,White,9716999
Ohio (39),2016,American Indian or Alaska Native,42519
Ohio (39),2016,Asian or Pacific Islander,289651
Ohio (39),2016,Black or African American,1598390
Ohio (39),2016,White,9703810
Ohio (39),2017,American Indian or Alaska Native,43176
Ohio (39),2017,Asian or Pacific Islander,302601
Ohio (39),2017,Black or African American,1613716
Ohio (39),2017,White,9700157
Ohio (39),2018,American Indian or Alaska Native,44020
Ohio (39),2018,Asian or Pacific Islander,312401
Ohio (39),2018,Black or African American,1628354
Ohio (39),2018,White,9691566
Ohio (39),2019,American Indian or Alaska Native,44619
Ohio (39),2019,Asian or Pacific Islander,321113
Ohio (39),2019,Black or African American,1640963
Ohio (39),2019,White,9682405
Oklahoma (40),1990,American Indian or Alaska Native,258246
Oklahoma (40),1990,Asian or Pacific Islander,34450
Oklahoma (40),1990,Black or African American,236142
Oklahoma (40),1990,White,2619987
Oklahoma (40),1991,American Indian or Alaska Native,262666
Oklahoma (40),1991,Asian or Pacific Islander,35458
Oklahoma (40),1991,Black or African American,240420
Oklahoma (40),1991,White,2636896
Oklahoma (40),1992,American Indian or Alaska Native,267461
Oklahoma (40),1992,Asian or Pacific Islander,37276
Oklahoma (40),1992,Black or African American,247526
Oklahoma (40),1992,White,2668254
Oklahoma (40),1993,American Indian or Alaska Native,273301
Oklahoma (40),1993,Asian or Pacific Islander,39335
Oklahoma (40),1993,Black or African American,250522
Oklahoma (40),1993,White,2689127
Oklahoma (40),1994,American Indian or Alaska Native,278261
Oklahoma (40),1994,Asian or Pacific Islander,40863
Oklahoma (40),1994,Black or African American,253912
Oklahoma (40),1994,White,2707904
Oklahoma (40),1995,American Indian or Alaska Native,283397
Oklahoma (40),1995,Asian or Pacific Islander,42523
Oklahoma (40),1995,Black or African American,256587
Oklahoma (40),1995,White,2725701
Oklahoma (40),1996,American Indian or Alaska Native,289701
Oklahoma (40),1996,Asian or Pacific Islander,44742
Oklahoma (40),1996,Black or African American,260826
Oklahoma (40),1996,White,2744860
Oklahoma (40),1997,American Indian or Alaska Native,296256
Oklahoma (40),1997,Asian or Pacific Islander,46990
Oklahoma (40),1997,Black or African American,265613
Oklahoma (40),1997,White,2764059
Oklahoma (40),1998,American Indian or Alaska Native,301122
Oklahoma (40),1998,Asian or Pacific Islander,48913
Oklahoma (40),1998,Black or African American,271627
Oklahoma (40),1998,White,2783532
Oklahoma (40),1999,American Indian or Alaska Native,307909
Oklahoma (40),1999,Asian or Pacific Islander,52001
Oklahoma (40),1999,Black or African American,277057
Oklahoma (40),1999,White,2800181
Oklahoma (40),2000,American Indian or Alaska Native,313719
Oklahoma (40),2000,Asian or Pacific Islander,55505
Oklahoma (40),2000,Black or African American,280566
Oklahoma (40),2000,White,2804575
Oklahoma (40),2001,American Indian or Alaska Native,318918
Oklahoma (40),2001,Asian or Pacific Islander,57493
Oklahoma (40),2001,Black or African American,282978
Oklahoma (40),2001,White,2807711
Oklahoma (40),2002,American Indian or Alaska Native,325082
Oklahoma (40),2002,Asian or Pacific Islander,59900
Oklahoma (40),2002,Black or African American,285840
Oklahoma (40),2002,White,2818258
Oklahoma (40),2003,American Indian or Alaska Native,331462
Oklahoma (40),2003,Asian or Pacific Islander,61915
Oklahoma (40),2003,Black or African American,287387
Oklahoma (40),2003,White,2824128
Oklahoma (40),2004,American Indian or Alaska Native,337623
Oklahoma (40),2004,Asian or Pacific Islander,63852
Oklahoma (40),2004,Black or African American,290375
Oklahoma (40),2004,White,2833383
Oklahoma (40),2005,American Indian or Alaska Native,344806
Oklahoma (40),2005,Asian or Pacific Islander,65366
Oklahoma (40),2005,Black or African American,293204
Oklahoma (40),2005,White,2845221
Oklahoma (40),2006,American Indian or Alaska Native,353538
Oklahoma (40),2006,Asian or Pacific Islander,67954
Oklahoma (40),2006,Black or African American,299029
Oklahoma (40),2006,White,2873569
Oklahoma (40),2007,American Indian or Alaska Native,361816
Oklahoma (40),2007,Asian or Pacific Islander,70736
Oklahoma (40),2007,Black or African American,304098
Oklahoma (40),2007,White,2897699
Oklahoma (40),2008,American Indian or Alaska Native,370624
Oklahoma (40),2008,Asian or Pacific Islander,73676
Oklahoma (40),2008,Black or African American,307270
Oklahoma (40),2008,White,2917406
Oklahoma (40),2009,American Indian or Alaska Native,380066
Oklahoma (40),2009,Asian or Pacific Islander,76703
Oklahoma (40),2009,Black or African American,314025
Oklahoma (40),2009,White,2946778
Oklahoma (40),2010,American Indian or Alaska Native,389023
Oklahoma (40),2010,Asian or Pacific Islander,79683
Oklahoma (40),2010,Black or African American,320962
Oklahoma (40),2010,White,2970276
Oklahoma (40),2011,American Indian or Alaska Native,394445
Oklahoma (40),2011,Asian or Pacific Islander,83904
Oklahoma (40),2011,Black or African American,324930
Oklahoma (40),2011,White,2985100
Oklahoma (40),2012,American Indian or Alaska Native,398848
Oklahoma (40),2012,Asian or Pacific Islander,88032
Oklahoma (40),2012,Black or African American,329207
Oklahoma (40),2012,White,3002727
Oklahoma (40),2013,American Indian or Alaska Native,404390
Oklahoma (40),2013,Asian or Pacific Islander,92516
Oklahoma (40),2013,Black or African American,334914
Oklahoma (40),2013,White,3021394
Oklahoma (40),2014,American Indian or Alaska Native,409313
Oklahoma (40),2014,Asian or Pacific Islander,96854
Oklahoma (40),2014,Black or African American,339076
Oklahoma (40),2014,White,3032944
Oklahoma (40),2015,American Indian or Alaska Native,414545
Oklahoma (40),2015,Asian or Pacific Islander,102491
Oklahoma (40),2015,Black or African American,344481
Oklahoma (40),2015,White,3047983
Oklahoma (40),2016,American Indian or Alaska Native,419027
Oklahoma (40),2016,Asian or Pacific Islander,105117
Oklahoma (40),2016,Black or African American,347595
Oklahoma (40),2016,White,3054592
Oklahoma (40),2017,American Indian or Alaska Native,422958
Oklahoma (40),2017,Asian or Pacific Islander,106853
Oklahoma (40),2017,Black or African American,349573
Oklahoma (40),2017,White,3051932
Oklahoma (40),2018,American Indian or Alaska Native,425510
Oklahoma (40),2018,Asian or Pacific Islander,109357
Oklahoma (40),2018,Black or African American,351903
Oklahoma (40),2018,White,3053465
Oklahoma (40),2019,American Indian or Alaska Native,427718
Oklahoma (40),2019,Asian or Pacific Islander,112610
Oklahoma (40),2019,Black or African American,355533
Oklahoma (40),2019,White,3061110
Oregon (41),1990,American Indian or Alaska Native,40743
Oregon (41),1990,Asian or Pacific Islander,71259
Oregon (41),1990,Black or African American,47386
Oregon (41),1990,White,2700987
Oregon (41),1991,American Indian or Alaska Native,42321
Oregon (41),1991,Asian or Pacific Islander,75844
Oregon (41),1991,Black or African American,49761
Oregon (41),1991,White,2760581
Oregon (41),1992,American Indian or Alaska Native,43758
Oregon (41),1992,Asian or Pacific Islander,81072
Oregon (41),1992,Black or African American,51515
Oregon (41),1992,White,2815410
Oregon (41),1993,American Indian or Alaska Native,45181
Oregon (41),1993,Asian or Pacific Islander,86028
Oregon (41),1993,Black or African American,53484
Oregon (41),1993,White,2875674
Oregon (41),1994,American Indian or Alaska Native,46784
Oregon (41),1994,Asian or Pacific Islander,90021
Oregon (41),1994,Black or African American,55825
Oregon (41),1994,White,2928634
Oregon (41),1995,American Indian or Alaska Native,48259
Oregon (41),1995,Asian or Pacific Islander,95535
Oregon (41),1995,Black or African American,58341
Oregon (41),1995,White,2982234
Oregon (41),1996,American Indian or Alaska Native,49854
Oregon (41),1996,Asian or Pacific Islander,101251
Oregon (41),1996,Black or African American,60756
Oregon (41),1996,White,3035250
Oregon (41),1997,American Indian or Alaska Native,51716
Oregon (41),1997,Asian or Pacific Islander,106724
Oregon (41),1997,Black or African American,62188
Oregon (41),1997,White,3083682
Oregon (41),1998,American Indian or Alaska Native,53455
Oregon (41),1998,Asian or Pacific Islander,112309
Oregon (41),1998,Black or African American,64508
Oregon (41),1998,White,3122177
Oregon (41),1999,American Indian or Alaska Native,55338
Oregon (41),1999,Asian or Pacific Islander,117978
Oregon (41),1999,Black or African American,66369
Oregon (41),1999,White,3154256
Oregon (41),2000,American Indian or Alaska Native,57175
Oregon (41),2000,Asian or Pacific Islander,124279
Oregon (41),2000,Black or African American,69705
Oregon (41),2000,White,3178549
Oregon (41),2001,American Indian or Alaska Native,59046
Oregon (41),2001,Asian or Pacific Islander,130093
Oregon (41),2001,Black or African American,72006
Oregon (41),2001,White,3206792
Oregon (41),2002,American Indian or Alaska Native,60964
Oregon (41),2002,Asian or Pacific Islander,135841
Oregon (41),2002,Black or African American,74540
Oregon (41),2002,White,3242079
Oregon (41),2003,American Indian or Alaska Native,62997
Oregon (41),2003,Asian or Pacific Islander,140874
Oregon (41),2003,Black or African American,76251
Oregon (41),2003,White,3267254
Oregon (41),2004,American Indian or Alaska Native,65060
Oregon (41),2004,Asian or Pacific Islander,144791
Oregon (41),2004,Black or African American,77674
Oregon (41),2004,White,3281938
Oregon (41),2005,American Indian or Alaska Native,67611
Oregon (41),2005,Asian or Pacific Islander,150553
Oregon (41),2005,Black or African American,80011
Oregon (41),2005,White,3315027
Oregon (41),2006,American Indian or Alaska Native,70114
Oregon (41),2006,Asian or Pacific Islander,157178
Oregon (41),2006,Black or African American,83196
Oregon (41),2006,White,3360395
Oregon (41),2007,American Indian or Alaska Native,73230
Oregon (41),2007,Asian or Pacific Islander,163331
Oregon (41),2007,Black or African American,86203
Oregon (41),2007,White,3399653
Oregon (41),2008,American Indian or Alaska Native,76399
Oregon (41),2008,Asian or Pacific Islander,168566
Oregon (41),2008,Black or African American,89386
Oregon (41),2008,White,3434397
Oregon (41),2009,American Indian or Alaska Native,79533
Oregon (41),2009,Asian or Pacific Islander,174455
Oregon (41),2009,Black or African American,92275
Oregon (41),2009,White,3462337
Oregon (41),2010,American Indian or Alaska Native,81982
Oregon (41),2010,Asian or Pacific Islander,179935
Oregon (41),2010,Black or African American,94934
Oregon (41),2010,White,3480640
Oregon (41),2011,American Indian or Alaska Native,83135
Oregon (41),2011,Asian or Pacific Islander,188643
Oregon (41),2011,Black or African American,97243
Oregon (41),2011,White,3503015
Oregon (41),2012,American Indian or Alaska Native,84353
Oregon (41),2012,Asian or Pacific Islander,194794
Oregon (41),2012,Black or African American,99354
Oregon (41),2012,White,3520500
Oregon (41),2013,American Indian or Alaska Native,85159
Oregon (41),2013,Asian or Pacific Islander,199562
Oregon (41),2013,Black or African American,101509
Oregon (41),2013,White,3536238
Oregon (41),2014,American Indian or Alaska Native,86468
Oregon (41),2014,Asian or Pacific Islander,208036
Oregon (41),2014,Black or African American,104958
Oregon (41),2014,White,3563782
Oregon (41),2015,American Indian or Alaska Native,88024
Oregon (41),2015,Asian or Pacific Islander,216051
Oregon (41),2015,Black or African American,108460
Oregon (41),2015,White,3603257
Oregon (41),2016,American Indian or Alaska Native,90023
Oregon (41),2016,Asian or Pacific Islander,229355
Oregon (41),2016,Black or African American,112812
Oregon (41),2016,White,3657786
Oregon (41),2017,American Indian or Alaska Native,91729
Oregon (41),2017,Asian or Pacific Islander,237805
Oregon (41),2017,Black or African American,116270
Oregon (41),2017,White,3697821
Oregon (41),2018,American Indian or Alaska Native,93338
Oregon (41),2018,Asian or Pacific Islander,244306
Oregon (41),2018,Black or African American,119642
Oregon (41),2018,White,3724600
Oregon (41),2019,American Indian or Alaska Native,94617
Oregon (41),2019,Asian or Pacific Islander,250417
Oregon (41),2019,Black or African American,123019
Oregon (41),2019,White,3749684
Pennsylvania (42),1990,American Indian or Alaska Native,14940
Pennsylvania (42),1990,Asian or Pacific Islander,141643
Pennsylvania (42),1990,Black or African American,1110238
Pennsylvania (42),1990,White,10636478
Pennsylvania (42),1991,American Indian or Alaska Native,15261
Pennsylvania (42),1991,Asian or Pacific Islander,151095
Pennsylvania (42),1991,Black or African American,1131434
Pennsylvania (42),1991,White,10684374
Pennsylvania (42),1992,American Indian or Alaska Native,15781
Pennsylvania (42),1992,Asian or Pacific Islander,160778
Pennsylvania (42),1992,Black or African American,1156140
Pennsylvania (42),1992,White,10716751
Pennsylvania (42),1993,American Indian or Alaska Native,16318
Pennsylvania (42),1993,Asian or Pacific Islander,169764
Pennsylvania (42),1993,Black or African American,1179523
Pennsylvania (42),1993,White,10754119
Pennsylvania (42),1994,American Indian or Alaska Native,16952
Pennsylvania (42),1994,Asian or Pacific Islander,179132
Pennsylvania (42),1994,Black or African American,1198702
Pennsylvania (42),1994,White,10771264
Pennsylvania (42),1995,American Indian or Alaska Native,17585
Pennsylvania (42),1995,Asian or Pacific Islander,188265
Pennsylvania (42),1995,Black or African American,1215312
Pennsylvania (42),1995,White,10777241
Pennsylvania (42),1996,American Indian or Alaska Native,18291
Pennsylvania (42),1996,Asian or Pacific Islander,199268
Pennsylvania (42),1996,Black or African American,1230865
Pennsylvania (42),1996,White,10772040
Pennsylvania (42),1997,American Indian or Alaska Native,18941
Pennsylvania (42),1997,Asian or Pacific Islander,207779
Pennsylvania (42),1997,Black or African American,1245495
Pennsylvania (42),1997,White,10755599
Pennsylvania (42),1998,American Indian or Alaska Native,20124
Pennsylvania (42),1998,Asian or Pacific Islander,217464
Pennsylvania (42),1998,Black or African American,1262645
Pennsylvania (42),1998,White,10745439
Pennsylvania (42),1999,American Indian or Alaska Native,21170
Pennsylvania (42),1999,Asian or Pacific Islander,228127
Pennsylvania (42),1999,Black or African American,1279925
Pennsylvania (42),1999,White,10734583
Pennsylvania (42),2000,American Indian or Alaska Native,23515
Pennsylvania (42),2000,Asian or Pacific Islander,241499
Pennsylvania (42),2000,Black or African American,1296937
Pennsylvania (42),2000,White,10722222
Pennsylvania (42),2001,American Indian or Alaska Native,25802
Pennsylvania (42),2001,Asian or Pacific Islander,253927
Pennsylvania (42),2001,Black or African American,1311557
Pennsylvania (42),2001,White,10707684
Pennsylvania (42),2002,American Indian or Alaska Native,27959
Pennsylvania (42),2002,Asian or Pacific Islander,268041
Pennsylvania (42),2002,Black or African American,1329750
Pennsylvania (42),2002,White,10705281
Pennsylvania (42),2003,American Indian or Alaska Native,30221
Pennsylvania (42),2003,Asian or Pacific Islander,282881
Pennsylvania (42),2003,Black or African American,1349739
Pennsylvania (42),2003,White,10711817
Pennsylvania (42),2004,American Indian or Alaska Native,32610
Pennsylvania (42),2004,Asian or Pacific Islander,297339
Pennsylvania (42),2004,Black or African American,1372319
Pennsylvania (42),2004,White,10708454
Pennsylvania (42),2005,American Indian or Alaska Native,34919
Pennsylvania (42),2005,Asian or Pacific Islander,312561
Pennsylvania (42),2005,Black or African American,1395186
Pennsylvania (42),2005,White,10707324
Pennsylvania (42),2006,American Indian or Alaska Native,37299
Pennsylvania (42),2006,Asian or Pacific Islander,328092
Pennsylvania (42),2006,Black or African American,1421259
Pennsylvania (42),2006,White,10724159
Pennsylvania (42),2007,American Indian or Alaska Native,40012
Pennsylvania (42),2007,Asian or Pacific Islander,342928
Pennsylvania (42),2007,Black or African American,1445762
Pennsylvania (42),2007,White,10735235
Pennsylvania (42),2008,American Indian or Alaska Native,42692
Pennsylvania (42),2008,Asian or Pacific Islander,356895
Pennsylvania (42),2008,Black or African American,1469600
Pennsylvania (42),2008,White,10743098
Pennsylvania (42),2009,American Indian or Alaska Native,45429
Pennsylvania (42),2009,Asian or Pacific Islander,370947
Pennsylvania (42),2009,Black or African American,1492281
Pennsylvania (42),2009,White,10758201
Pennsylvania (42),2010,American Indian or Alaska Native,47470
Pennsylvania (42),2010,Asian or Pacific Islander,385298
Pennsylvania (42),2010,Black or African American,1510514
Pennsylvania (42),2010,White,10767878
Pennsylvania (42),2011,American Indian or Alaska Native,48832
Pennsylvania (42),2011,Asian or Pacific Islander,400774
Pennsylvania (42),2011,Black or African American,1529392
Pennsylvania (42),2011,White,10766817
Pennsylvania (42),2012,American Indian or Alaska Native,50190
Pennsylvania (42),2012,Asian or Pacific Islander,414900
Pennsylvania (42),2012,Black or African American,1546911
Pennsylvania (42),2012,White,10755117
Pennsylvania (42),2013,American Indian or Alaska Native,51511
Pennsylvania (42),2013,Asian or Pacific Islander,429984
Pennsylvania (42),2013,Black or African American,1562934
Pennsylvania (42),2013,White,10731880
Pennsylvania (42),2014,American Indian or Alaska Native,52783
Pennsylvania (42),2014,Asian or Pacific Islander,446056
Pennsylvania (42),2014,Black or African American,1577128
Pennsylvania (42),2014,White,10712346
Pennsylvania (42),2015,American Indian or Alaska Native,54217
Pennsylvania (42),2015,Asian or Pacific Islander,459125
Pennsylvania (42),2015,Black or African American,1589453
Pennsylvania (42),2015,White,10682031
Pennsylvania (42),2016,American Indian or Alaska Native,55741
Pennsylvania (42),2016,Asian or Pacific Islander,473709
Pennsylvania (42),2016,Black or African American,1603361
Pennsylvania (42),2016,White,10649464
Pennsylvania (42),2017,American Indian or Alaska Native,57134
Pennsylvania (42),2017,Asian or Pacific Islander,488408
Pennsylvania (42),2017,Black or African American,1617306
Pennsylvania (42),2017,White,10624793
Pennsylvania (42),2018,American Indian or Alaska Native,58584
Pennsylvania (42),2018,Asian or Pacific Islander,501608
Pennsylvania (42),2018,Black or African American,1631910
Pennsylvania (42),2018,White,10608820
Pennsylvania (42),2019,American Indian or Alaska Native,59781
Pennsylvania (42),2019,Asian or Pacific Islander,514851
Pennsylvania (42),2019,Black or African American,1643677
Pennsylvania (42),2019,White,10583680
Rhode Island (44),1990,American Indian or Alaska Native,4207
Rhode Island (44),1990,Asian or Pacific Islander,19097
Rhode Island (44),1990,Black or African American,43674
Rhode Island (44),1990,White,939017
Rhode Island (44),1991,American Indian or Alaska Native,4339
Rhode Island (44),1991,Asian or Pacific Islander,19909
Rhode Island (44),1991,Black or African American,45425
Rhode Island (44),1991,White,940976
Rhode Island (44),1992,American Indian or Alaska Native,4463
Rhode Island (44),1992,Asian or Pacific Islander,20520
Rhode Island (44),1992,Black or African American,47047
Rhode Island (44),1992,White,940551
Rhode Island (44),1993,American Indian or Alaska Native,4656
Rhode Island (44),1993,Asian or Pacific Islander,21172
Rhode Island (44),1993,Black or African American,48790
Rhode Island (44),1993,White,940495
Rhode Island (44),1994,American Indian or Alaska Native,4840
Rhode Island (44),1994,Asian or Pacific Islander,21977
Rhode Island (44),1994,Black or African American,50578
Rhode Island (44),1994,White,938565
Rhode Island (44),1995,American Indian or Alaska Native,5059
Rhode Island (44),1995,Asian or Pacific Islander,22667
Rhode Island (44),1995,Black or African American,52450
Rhode Island (44),1995,White,936826
Rhode Island (44),1996,American Indian or Alaska Native,5302
Rhode Island (44),1996,Asian or Pacific Islander,23382
Rhode Island (44),1996,Black or African American,54398
Rhode Island (44),1996,White,937811
Rhode Island (44),1997,American Indian or Alaska Native,5560
Rhode Island (44),1997,Asian or Pacific Islander,24309
Rhode Island (44),1997,Black or African American,56657
Rhode Island (44),1997,White,938827
Rhode Island (44),1998,American Indian or Alaska Native,5924
Rhode Island (44),1998,Asian or Pacific Islander,25437
Rhode Island (44),1998,Black or African American,59143
Rhode Island (44),1998,White,940651
Rhode Island (44),1999,American Indian or Alaska Native,6235
Rhode Island (44),1999,Asian or Pacific Islander,26477
Rhode Island (44),1999,Black or African American,62303
Rhode Island (44),1999,White,945387
Rhode Island (44),2000,American Indian or Alaska Native,6742
Rhode Island (44),2000,Asian or Pacific Islander,27967
Rhode Island (44),2000,Black or African American,65323
Rhode Island (44),2000,White,950236
Rhode Island (44),2001,American Indian or Alaska Native,7112
Rhode Island (44),2001,Asian or Pacific Islander,28982
Rhode Island (44),2001,Black or African American,67729
Rhode Island (44),2001,White,953319
Rhode Island (44),2002,American Indian or Alaska Native,7540
Rhode Island (44),2002,Asian or Pacific Islander,30338
Rhode Island (44),2002,Black or African American,70465
Rhode Island (44),2002,White,957652
Rhode Island (44),2003,American Indian or Alaska Native,7991
Rhode Island (44),2003,Asian or Pacific Islander,31454
Rhode Island (44),2003,Black or African American,73027
Rhode Island (44),2003,White,958870
Rhode Island (44),2004,American Indian or Alaska Native,8325
Rhode Island (44),2004,Asian or Pacific Islander,32336
Rhode Island (44),2004,Black or African American,75540
Rhode Island (44),2004,White,958378
Rhode Island (44),2005,American Indian or Alaska Native,8759
Rhode Island (44),2005,Asian or Pacific Islander,32907
Rhode Island (44),2005,Black or African American,77032
Rhode Island (44),2005,White,949218
Rhode Island (44),2006,American Indian or Alaska Native,9140
Rhode Island (44),2006,Asian or Pacific Islander,33170
Rhode Island (44),2006,Black or African American,78412
Rhode Island (44),2006,White,942374
Rhode Island (44),2007,American Indian or Alaska Native,9325
Rhode Island (44),2007,Asian or Pacific Islander,33563
Rhode Island (44),2007,Black or African American,80091
Rhode Island (44),2007,White,934336
Rhode Island (44),2008,American Indian or Alaska Native,9707
Rhode Island (44),2008,Asian or Pacific Islander,34312
Rhode Island (44),2008,Black or African American,81603
Rhode Island (44),2008,White,929381
Rhode Island (44),2009,American Indian or Alaska Native,10192
Rhode Island (44),2009,Asian or Pacific Islander,34975
Rhode Island (44),2009,Black or African American,83320
Rhode Island (44),2009,White,925159
Rhode Island (44),2010,American Indian or Alaska Native,10594
Rhode Island (44),2010,Asian or Pacific Islander,35813
Rhode Island (44),2010,Black or African American,85000
Rhode Island (44),2010,White,922552
Rhode Island (44),2011,American Indian or Alaska Native,10798
Rhode Island (44),2011,Asian or Pacific Islander,37324
Rhode Island (44),2011,Black or African American,87025
Rhode Island (44),2011,White,918502
Rhode Island (44),2012,American Indian or Alaska Native,11170
Rhode Island (44),2012,Asian or Pacific Islander,38455
Rhode Island (44),2012,Black or African American,88330
Rhode Island (44),2012,White,916666
Rhode Island (44),2013,American Indian or Alaska Native,11386
Rhode Island (44),2013,Asian or Pacific Islander,39197
Rhode Island (44),2013,Black or African American,90399
Rhode Island (44),2013,White,914099
Rhode Island (44),2014,American Indian or Alaska Native,11613
Rhode Island (44),2014,Asian or Pacific Islander,40228
Rhode Island (44),2014,Black or African American,92291
Rhode Island (44),2014,White,911804
Rhode Island (44),2015,American Indian or Alaska Native,11997
Rhode Island (44),2015,Asian or Pacific Islander,41282
Rhode Island (44),2015,Black or African American,94176
Rhode Island (44),2015,White,908610
Rhode Island (44),2016,American Indian or Alaska Native,12247
Rhode Island (44),2016,Asian or Pacific Islander,42171
Rhode Island (44),2016,Black or African American,96118
Rhode Island (44),2016,White,906234
Rhode Island (44),2017,American Indian or Alaska Native,12507
Rhode Island (44),2017,Asian or Pacific Islander,42293
Rhode Island (44),2017,Black or African American,97708
Rhode Island (44),2017,White,903165
Rhode Island (44),2018,American Indian or Alaska Native,12737
Rhode Island (44),2018,Asian or Pacific Islander,43329
Rhode Island (44),2018,Black or African American,99970
Rhode Island (44),2018,White,902251
Rhode Island (44),2019,American Indian or Alaska Native,12862
Rhode Island (44),2019,Asian or Pacific Islander,44144
Rhode Island (44),2019,Black or African American,101969
Rhode Island (44),2019,White,900386
South Carolina (45),1990,American Indian or Alaska Native,8182
South Carolina (45),1990,Asian or Pacific Islander,22711
South Carolina (45),1990,Black or African American,1046915
South Carolina (45),1990,White,2423347
South Carolina (45),1991,American Indian or Alaska Native,8497
South Carolina (45),1991,Asian or Pacific Islander,23725
South Carolina (45),1991,Black or African American,1070158
South Carolina (45),1991,White,2468024
South Carolina (45),1992,American Indian or Alaska Native,8746
South Carolina (45),1992,Asian or Pacific Islander,24432
South Carolina (45),1992,Black or African American,1089628
South Carolina (45),1992,White,2497658
South Carolina (45),1993,American Indian or Alaska Native,9116
South Carolina (45),1993,Asian or Pacific Islander,26076
South Carolina (45),1993,Black or African American,1107974
South Carolina (45),1993,White,2520148
South Carolina (45),1994,American Indian or Alaska Native,9454
South Carolina (45),1994,Asian or Pacific Islander,27005
South Carolina (45),1994,Black or African American,1123727
South Carolina (45),1994,White,2545211
South Carolina (45),1995,American Indian or Alaska Native,10189
South Carolina (45),1995,Asian or Pacific Islander,29275
South Carolina (45),1995,Black or African American,1138558
South Carolina (45),1995,White,2570560
South Carolina (45),1996,American Indian or Alaska Native,10831
South Carolina (45),1996,Asian or Pacific Islander,31465
South Carolina (45),1996,Black or African American,1152086
South Carolina (45),1996,White,2601818
South Carolina (45),1997,American Indian or Alaska Native,11841
South Carolina (45),1997,Asian or Pacific Islander,34418
South Carolina (45),1997,Black or African American,1168026
South Carolina (45),1997,White,2645411
South Carolina (45),1998,American Indian or Alaska Native,12478
South Carolina (45),1998,Asian or Pacific Islander,36139
South Carolina (45),1998,Black or African American,1181039
South Carolina (45),1998,White,2689579
South Carolina (45),1999,American Indian or Alaska Native,13624
South Carolina (45),1999,Asian or Pacific Islander,38565
South Carolina (45),1999,Black or African American,1192652
South Carolina (45),1999,White,2729841
South Carolina (45),2000,American Indian or Alaska Native,15448
South Carolina (45),2000,Asian or Pacific Islander,42160
South Carolina (45),2000,Black or African American,1204830
South Carolina (45),2000,White,2761785
South Carolina (45),2001,American Indian or Alaska Native,16511
South Carolina (45),2001,Asian or Pacific Islander,44257
South Carolina (45),2001,Black or African American,1214753
South Carolina (45),2001,White,2789474
South Carolina (45),2002,American Indian or Alaska Native,17598
South Carolina (45),2002,Asian or Pacific Islander,46807
South Carolina (45),2002,Black or African American,1222658
South Carolina (45),2002,White,2820732
South Carolina (45),2003,American Indian or Alaska Native,18512
South Carolina (45),2003,Asian or Pacific Islander,49565
South Carolina (45),2003,Black or African American,1231581
South Carolina (45),2003,White,2850639
South Carolina (45),2004,American Indian or Alaska Native,19636
South Carolina (45),2004,Asian or Pacific Islander,52533
South Carolina (45),2004,Black or African American,1244041
South Carolina (45),2004,White,2894711
South Carolina (45),2005,American Indian or Alaska Native,20689
South Carolina (45),2005,Asian or Pacific Islander,55640
South Carolina (45),2005,Black or African American,1255105
South Carolina (45),2005,White,2938716
South Carolina (45),2006,American Indian or Alaska Native,22035
South Carolina (45),2006,Asian or Pacific Islander,58926
South Carolina (45),2006,Black or African American,1273536
South Carolina (45),2006,White,3003350
South Carolina (45),2007,American Indian or Alaska Native,23463
South Carolina (45),2007,Asian or Pacific Islander,62508
South Carolina (45),2007,Black or African American,1289462
South Carolina (45),2007,White,3068677
South Carolina (45),2008,American Indian or Alaska Native,25048
South Carolina (45),2008,Asian or Pacific Islander,65865
South Carolina (45),2008,Black or African American,1308465
South Carolina (45),2008,White,3129618
South Carolina (45),2009,American Indian or Alaska Native,25980
South Carolina (45),2009,Asian or Pacific Islander,68552
South Carolina (45),2009,Black or African American,1320564
South Carolina (45),2009,White,3174776
South Carolina (45),2010,American Indian or Alaska Native,26756
South Carolina (45),2010,Asian or Pacific Islander,71090
South Carolina (45),2010,Black or African American,1332315
South Carolina (45),2010,White,3205488
South Carolina (45),2011,American Indian or Alaska Native,27106
South Carolina (45),2011,Asian or Pacific Islander,74012
South Carolina (45),2011,Black or African American,1340062
South Carolina (45),2011,White,3230814
South Carolina (45),2012,American Indian or Alaska Native,27472
South Carolina (45),2012,Asian or Pacific Islander,77486
South Carolina (45),2012,Black or African American,1350398
South Carolina (45),2012,White,3261998
South Carolina (45),2013,American Indian or Alaska Native,27814
South Carolina (45),2013,Asian or Pacific Islander,80421
South Carolina (45),2013,Black or African American,1361290
South Carolina (45),2013,White,3294555
South Carolina (45),2014,American Indian or Alaska Native,28200
South Carolina (45),2014,Asian or Pacific Islander,84465
South Carolina (45),2014,Black or African American,1372807
South Carolina (45),2014,White,3338145
South Carolina (45),2015,American Indian or Alaska Native,28786
South Carolina (45),2015,Asian or Pacific Islander,88848
South Carolina (45),2015,Black or African American,1385583
South Carolina (45),2015,White,3388721
South Carolina (45),2016,American Indian or Alaska Native,29415
South Carolina (45),2016,Asian or Pacific Islander,93338
South Carolina (45),2016,Black or African American,1397385
South Carolina (45),2016,White,3437830
South Carolina (45),2017,American Indian or Alaska Native,29902
South Carolina (45),2017,Asian or Pacific Islander,97839
South Carolina (45),2017,Black or African American,1407451
South Carolina (45),2017,White,3486076
South Carolina (45),2018,American Indian or Alaska Native,30424
South Carolina (45),2018,Asian or Pacific Islander,102624
South Carolina (45),2018,Black or African American,1417646
South Carolina (45),2018,White,3533462
South Carolina (45),2019,American Indian or Alaska Native,31053
South Carolina (45),2019,Asian or Pacific Islander,107522
South Carolina (45),2019,Black or African American,1428188
South Carolina (45),2019,White,3581951
South Dakota (46),1990,American Indian or Alaska Native,50595
South Dakota (46),1990,Asian or Pacific Islander,2886
South Dakota (46),1990,Black or African American,3090
South Dakota (46),1990,White,640530
South Dakota (46),1991,American Indian or Alaska Native,51675
South Dakota (46),1991,Asian or Pacific Islander,3061
South Dakota (46),1991,Black or African American,3167
South Dakota (46),1991,White,645766
South Dakota (46),1992,American Indian or Alaska Native,53349
South Dakota (46),1992,Asian or Pacific Islander,3282
South Dakota (46),1992,Black or African American,3487
South Dakota (46),1992,White,652683
South Dakota (46),1993,American Indian or Alaska Native,54267
South Dakota (46),1993,Asian or Pacific Islander,3331
South Dakota (46),1993,Black or African American,3479
South Dakota (46),1993,White,661083
South Dakota (46),1994,American Indian or Alaska Native,55059
South Dakota (46),1994,Asian or Pacific Islander,3469
South Dakota (46),1994,Black or African American,3657
South Dakota (46),1994,White,668605
South Dakota (46),1995,American Indian or Alaska Native,56176
South Dakota (46),1995,Asian or Pacific Islander,3616
South Dakota (46),1995,Black or African American,3444
South Dakota (46),1995,White,674690
South Dakota (46),1996,American Indian or Alaska Native,58289
South Dakota (46),1996,Asian or Pacific Islander,3885
South Dakota (46),1996,Black or African American,4047
South Dakota (46),1996,White,675993
South Dakota (46),1997,American Indian or Alaska Native,59882
South Dakota (46),1997,Asian or Pacific Islander,3972
South Dakota (46),1997,Black or African American,4162
South Dakota (46),1997,White,676207
South Dakota (46),1998,American Indian or Alaska Native,61049
South Dakota (46),1998,Asian or Pacific Islander,4036
South Dakota (46),1998,Black or African American,4528
South Dakota (46),1998,White,676446
South Dakota (46),1999,American Indian or Alaska Native,63171
South Dakota (46),1999,Asian or Pacific Islander,4296
South Dakota (46),1999,Black or African American,4749
South Dakota (46),1999,White,678197
South Dakota (46),2000,American Indian or Alaska Native,65324
South Dakota (46),2000,Asian or Pacific Islander,5152
South Dakota (46),2000,Black or African American,6185
South Dakota (46),2000,White,679183
South Dakota (46),2001,American Indian or Alaska Native,66230
South Dakota (46),2001,Asian or Pacific Islander,5469
South Dakota (46),2001,Black or African American,6886
South Dakota (46),2001,White,679387
South Dakota (46),2002,American Indian or Alaska Native,67133
South Dakota (46),2002,Asian or Pacific Islander,5799
South Dakota (46),2002,Black or African American,7573
South Dakota (46),2002,White,679515
South Dakota (46),2003,American Indian or Alaska Native,68275
South Dakota (46),2003,Asian or Pacific Islander,6171
South Dakota (46),2003,Black or African American,8188
South Dakota (46),2003,White,681095
South Dakota (46),2004,American Indian or Alaska Native,69565
South Dakota (46),2004,Asian or Pacific Islander,6563
South Dakota (46),2004,Black or African American,8828
South Dakota (46),2004,White,685440
South Dakota (46),2005,American Indian or Alaska Native,70603
South Dakota (46),2005,Asian or Pacific Islander,6873
South Dakota (46),2005,Black or African American,9547
South Dakota (46),2005,White,688470
South Dakota (46),2006,American Indian or Alaska Native,71942
South Dakota (46),2006,Asian or Pacific Islander,7308
South Dakota (46),2006,Black or African American,10173
South Dakota (46),2006,White,693610
South Dakota (46),2007,American Indian or Alaska Native,73358
South Dakota (46),2007,Asian or Pacific Islander,7698
South Dakota (46),2007,Black or African American,11082
South Dakota (46),2007,White,699485
South Dakota (46),2008,American Indian or Alaska Native,74790
South Dakota (46),2008,Asian or Pacific Islander,7918
South Dakota (46),2008,Black or African American,11798
South Dakota (46),2008,White,704618
South Dakota (46),2009,American Indian or Alaska Native,76035
South Dakota (46),2009,Asian or Pacific Islander,8755
South Dakota (46),2009,Black or African American,12745
South Dakota (46),2009,White,709532
South Dakota (46),2010,American Indian or Alaska Native,77274
South Dakota (46),2010,Asian or Pacific Islander,9053
South Dakota (46),2010,Black or African American,13772
South Dakota (46),2010,White,716067
South Dakota (46),2011,American Indian or Alaska Native,78502
South Dakota (46),2011,Asian or Pacific Islander,9671
South Dakota (46),2011,Black or African American,14748
South Dakota (46),2011,White,720658
South Dakota (46),2012,American Indian or Alaska Native,79782
South Dakota (46),2012,Asian or Pacific Islander,10891
South Dakota (46),2012,Black or African American,17048
South Dakota (46),2012,White,725845
South Dakota (46),2013,American Indian or Alaska Native,80916
South Dakota (46),2013,Asian or Pacific Islander,11459
South Dakota (46),2013,Black or African American,18137
South Dakota (46),2013,White,731804
South Dakota (46),2014,American Indian or Alaska Native,81859
South Dakota (46),2014,Asian or Pacific Islander,11935
South Dakota (46),2014,Black or African American,18765
South Dakota (46),2014,White,736570
South Dakota (46),2015,American Indian or Alaska Native,82778
South Dakota (46),2015,Asian or Pacific Islander,12737
South Dakota (46),2015,Black or African American,19651
South Dakota (46),2015,White,738822
South Dakota (46),2016,American Indian or Alaska Native,83915
South Dakota (46),2016,Asian or Pacific Islander,14117
South Dakota (46),2016,Black or African American,21564
South Dakota (46),2016,White,743400
South Dakota (46),2017,American Indian or Alaska Native,84790
South Dakota (46),2017,Asian or Pacific Islander,15421
South Dakota (46),2017,Black or African American,23575
South Dakota (46),2017,White,749082
South Dakota (46),2018,American Indian or Alaska Native,85347
South Dakota (46),2018,Asian or Pacific Islander,15353
South Dakota (46),2018,Black or African American,24217
South Dakota (46),2018,White,753781
South Dakota (46),2019,American Indian or Alaska Native,85302
South Dakota (46),2019,Asian or Pacific Islander,15537
South Dakota (46),2019,Black or African American,24868
South Dakota (46),2019,White,758952
Tennessee (47),1990,American Indian or Alaska Native,9587
Tennessee (47),1990,Asian or Pacific Islander,32094
Tennessee (47),1990,Black or African American,782830
Tennessee (47),1990,White,4069981
Tennessee (47),1991,American Indian or Alaska Native,9825
Tennessee (47),1991,Asian or Pacific Islander,33932
Tennessee (47),1991,Black or African American,798638
Tennessee (47),1991,White,4124192
Tennessee (47),1992,American Indian or Alaska Native,10132
Tennessee (47),1992,Asian or Pacific Islander,36195
Tennessee (47),1992,Black or African American,818018
Tennessee (47),1992,White,4185397
Tennessee (47),1993,American Indian or Alaska Native,10720
Tennessee (47),1993,Asian or Pacific Islander,39396
Tennessee (47),1993,Black or African American,839270
Tennessee (47),1993,White,4248198
Tennessee (47),1994,American Indian or Alaska Native,11330
Tennessee (47),1994,Asian or Pacific Islander,42971
Tennessee (47),1994,Black or African American,858370
Tennessee (47),1994,White,4318767
Tennessee (47),1995,American Indian or Alaska Native,11806
Tennessee (47),1995,Asian or Pacific Islander,46571
Tennessee (47),1995,Black or African American,875270
Tennessee (47),1995,White,4393289
Tennessee (47),1996,American Indian or Alaska Native,12622
Tennessee (47),1996,Asian or Pacific Islander,50356
Tennessee (47),1996,Black or African American,892896
Tennessee (47),1996,White,4460769
Tennessee (47),1997,American Indian or Alaska Native,13193
Tennessee (47),1997,Asian or Pacific Islander,52975
Tennessee (47),1997,Black or African American,908434
Tennessee (47),1997,White,4524631
Tennessee (47),1998,American Indian or Alaska Native,13684
Tennessee (47),1998,Asian or Pacific Islander,56059
Tennessee (47),1998,Black or African American,924468
Tennessee (47),1998,White,4575834
Tennessee (47),1999,American Indian or Alaska Native,14433
Tennessee (47),1999,Asian or Pacific Islander,59155
Tennessee (47),1999,Black or African American,939791
Tennessee (47),1999,White,4625327
Tennessee (47),2000,American Indian or Alaska Native,17151
Tennessee (47),2000,Asian or Pacific Islander,65370
Tennessee (47),2000,Black or African American,953877
Tennessee (47),2000,White,4667321
Tennessee (47),2001,American Indian or Alaska Native,18369
Tennessee (47),2001,Asian or Pacific Islander,68608
Tennessee (47),2001,Black or African American,967178
Tennessee (47),2001,White,4696634
Tennessee (47),2002,American Indian or Alaska Native,19274
Tennessee (47),2002,Asian or Pacific Islander,72591
Tennessee (47),2002,Black or African American,980256
Tennessee (47),2002,White,4723797
Tennessee (47),2003,American Indian or Alaska Native,20160
Tennessee (47),2003,Asian or Pacific Islander,76668
Tennessee (47),2003,Black or African American,993443
Tennessee (47),2003,White,4757541
Tennessee (47),2004,American Indian or Alaska Native,21280
Tennessee (47),2004,Asian or Pacific Islander,81290
Tennessee (47),2004,Black or African American,1009077
Tennessee (47),2004,White,4799162
Tennessee (47),2005,American Indian or Alaska Native,22303
Tennessee (47),2005,Asian or Pacific Islander,86159
Tennessee (47),2005,Black or African American,1026372
Tennessee (47),2005,White,4856223
Tennessee (47),2006,American Indian or Alaska Native,23415
Tennessee (47),2006,Asian or Pacific Islander,91243
Tennessee (47),2006,Black or African American,1047600
Tennessee (47),2006,White,4926508
Tennessee (47),2007,American Indian or Alaska Native,25402
Tennessee (47),2007,Asian or Pacific Islander,96100
Tennessee (47),2007,Black or African American,1062187
Tennessee (47),2007,White,4992038
Tennessee (47),2008,American Indian or Alaska Native,26659
Tennessee (47),2008,Asian or Pacific Islander,99772
Tennessee (47),2008,Black or African American,1074684
Tennessee (47),2008,White,5046296
Tennessee (47),2009,American Indian or Alaska Native,27852
Tennessee (47),2009,Asian or Pacific Islander,103812
Tennessee (47),2009,Black or African American,1087674
Tennessee (47),2009,White,5086681
Tennessee (47),2010,American Indian or Alaska Native,28332
Tennessee (47),2010,Asian or Pacific Islander,107473
Tennessee (47),2010,Black or African American,1100926
Tennessee (47),2010,White,5118580
Tennessee (47),2011,American Indian or Alaska Native,28926
Tennessee (47),2011,Asian or Pacific Islander,112689
Tennessee (47),2011,Black or African American,1113845
Tennessee (47),2011,White,5143831
Tennessee (47),2012,American Indian or Alaska Native,29743
Tennessee (47),2012,Asian or Pacific Islander,117433
Tennessee (47),2012,Black or African American,1130168
Tennessee (47),2012,White,5176554
Tennessee (47),2013,American Indian or Alaska Native,30318
Tennessee (47),2013,Asian or Pacific Islander,122045
Tennessee (47),2013,Black or African American,1141286
Tennessee (47),2013,White,5200691
Tennessee (47),2014,American Indian or Alaska Native,31014
Tennessee (47),2014,Asian or Pacific Islander,125983
Tennessee (47),2014,Black or African American,1153458
Tennessee (47),2014,White,5230768
Tennessee (47),2015,American Indian or Alaska Native,31736
Tennessee (47),2015,Asian or Pacific Islander,130813
Tennessee (47),2015,Black or African American,1164590
Tennessee (47),2015,White,5264031
Tennessee (47),2016,American Indian or Alaska Native,32536
Tennessee (47),2016,Asian or Pacific Islander,135223
Tennessee (47),2016,Black or African American,1175339
Tennessee (47),2016,White,5302912
Tennessee (47),2017,American Indian or Alaska Native,33454
Tennessee (47),2017,Asian or Pacific Islander,140260
Tennessee (47),2017,Black or African American,1188258
Tennessee (47),2017,White,5346827
Tennessee (47),2018,American Indian or Alaska Native,34372
Tennessee (47),2018,Asian or Pacific Islander,146091
Tennessee (47),2018,Black or African American,1199502
Tennessee (47),2018,White,5391666
Tennessee (47),2019,American Indian or Alaska Native,35296
Tennessee (47),2019,Asian or Pacific Islander,151946
Tennessee (47),2019,Black or African American,1209147
Tennessee (47),2019,White,5432785
Texas (48),1990,American Indian or Alaska Native,71086
Texas (48),1990,Asian or Pacific Islander,334032
Texas (48),1990,Black or African American,2055356
Texas (48),1990,White,14596281
Texas (48),1991,American Indian or Alaska Native,75749
Texas (48),1991,Asian or Pacific Islander,358767
Texas (48),1991,Black or African American,2097163
Texas (48),1991,White,14866326
Texas (48),1992,American Indian or Alaska Native,81452
Texas (48),1992,Asian or Pacific Islander,387832
Texas (48),1992,Black or African American,2140131
Texas (48),1992,White,15150323
Texas (48),1993,American Indian or Alaska Native,87666
Texas (48),1993,Asian or Pacific Islander,417479
Texas (48),1993,Black or African American,2190589
Texas (48),1993,White,15465878
Texas (48),1994,American Indian or Alaska Native,93978
Texas (48),1994,Asian or Pacific Islander,444937
Texas (48),1994,Black or African American,2239106
Texas (48),1994,White,15786041
Texas (48),1995,American Indian or Alaska Native,100736
Texas (48),1995,Asian or Pacific Islander,474106
Texas (48),1995,Black or African American,2292393
Texas (48),1995,White,16091516
Texas (48),1996,American Indian or Alaska Native,109062
Texas (48),1996,Asian or Pacific Islander,507137
Texas (48),1996,Black or African American,2335740
Texas (48),1996,White,16388403
Texas (48),1997,American Indian or Alaska Native,117310
Texas (48),1997,Asian or Pacific Islander,538531
Texas (48),1997,Black or African American,2377071
Texas (48),1997,White,16707405
Texas (48),1998,American Indian or Alaska Native,126040
Texas (48),1998,Asian or Pacific Islander,568864
Texas (48),1998,Black or African American,2419724
Texas (48),1998,White,17042903
Texas (48),1999,American Indian or Alaska Native,135363
Texas (48),1999,Asian or Pacific Islander,602951
Texas (48),1999,Black or African American,2461293
Texas (48),1999,White,17358613
Texas (48),2000,American Indian or Alaska Native,152791
Texas (48),2000,Asian or Pacific Islander,643582
Texas (48),2000,Black or African American,2498467
Texas (48),2000,White,17649659
Texas (48),2001,American Indian or Alaska Native,161234
Texas (48),2001,Asian or Pacific Islander,684712
Texas (48),2001,Black or African American,2551645
Texas (48),2001,White,17922031
Texas (48),2002,American Indian or Alaska Native,169564
Texas (48),2002,Asian or Pacific Islander,726265
Texas (48),2002,Black or African American,2602237
Texas (48),2002,White,18192259
Texas (48),2003,American Indian or Alaska Native,178367
Texas (48),2003,Asian or Pacific Islander,764885
Texas (48),2003,Black or African American,2646739
Texas (48),2003,White,18440940
Texas (48),2004,American Indian or Alaska Native,188400
Texas (48),2004,Asian or Pacific Islander,802430
Texas (48),2004,Black or African American,2697339
Texas (48),2004,White,18705854
Texas (48),2005,American Indian or Alaska Native,199396
Texas (48),2005,Asian or Pacific Islander,844072
Texas (48),2005,Black or African American,2753898
Texas (48),2005,White,18980757
Texas (48),2006,American Indian or Alaska Native,212915
Texas (48),2006,Asian or Pacific Islander,895701
Texas (48),2006,Black or African American,2904002
Texas (48),2006,White,19346962
Texas (48),2007,American Indian or Alaska Native,227411
Texas (48),2007,Asian or Pacific Islander,948153
Texas (48),2007,Black or African American,2962118
Texas (48),2007,White,19694301
Texas (48),2008,American Indian or Alaska Native,243884
Texas (48),2008,Asian or Pacific Islander,1000104
Texas (48),2008,Black or African American,3027152
Texas (48),2008,White,20037899
Texas (48),2009,American Indian or Alaska Native,261852
Texas (48),2009,Asian or Pacific Islander,1051726
Texas (48),2009,Black or African American,3101293
Texas (48),2009,White,20386890
Texas (48),2010,American Indian or Alaska Native,276710
Texas (48),2010,Asian or Pacific Islander,1099659
Texas (48),2010,Black or African American,3169783
Texas (48),2010,White,20695819
Texas (48),2011,American Indian or Alaska Native,281627
Texas (48),2011,Asian or Pacific Islander,1146185
Texas (48),2011,Black or African American,3231490
Texas (48),2011,White,20986327
Texas (48),2012,American Indian or Alaska Native,287067
Texas (48),2012,Asian or Pacific Islander,1201999
Texas (48),2012,Black or African American,3305462
Texas (48),2012,White,21289953
Texas (48),2013,American Indian or Alaska Native,292585
Texas (48),2013,Asian or Pacific Islander,1260651
Texas (48),2013,Black or African American,3376863
Texas (48),2013,White,21550167
Texas (48),2014,American Indian or Alaska Native,298792
Texas (48),2014,Asian or Pacific Islander,1334395
Texas (48),2014,Black or African American,3461107
Texas (48),2014,White,21870039
Texas (48),2015,American Indian or Alaska Native,304824
Texas (48),2015,Asian or Pacific Islander,1412205
Texas (48),2015,Black or African American,3551557
Texas (48),2015,White,22201470
Texas (48),2016,American Indian or Alaska Native,310170
Texas (48),2016,Asian or Pacific Islander,1479871
Texas (48),2016,Black or African American,3638427
Texas (48),2016,White,22485942
Texas (48),2017,American Indian or Alaska Native,315063
Texas (48),2017,Asian or Pacific Islander,1542631
Texas (48),2017,Black or African American,3719641
Texas (48),2017,White,22717938
Texas (48),2018,American Indian or Alaska Native,321010
Texas (48),2018,Asian or Pacific Islander,1591190
Texas (48),2018,Black or African American,3794158
Texas (48),2018,White,22922308
Texas (48),2019,American Indian or Alaska Native,327573
Texas (48),2019,Asian or Pacific Islander,1642328
Texas (48),2019,Black or African American,3873093
Texas (48),2019,White,23152887
Utah (49),1990,American Indian or Alaska Native,25315
Utah (49),1990,Asian or Pacific Islander,34361
Utah (49),1990,Black or African American,12085
Utah (49),1990,White,1659462
Utah (49),1991,American Indian or Alaska Native,26180
Utah (49),1991,Asian or Pacific Islander,36614
Utah (49),1991,Black or African American,12857
Utah (49),1991,White,1704129
Utah (49),1992,American Indian or Alaska Native,26787
Utah (49),1992,Asian or Pacific Islander,39044
Utah (49),1992,Black or African American,13840
Utah (49),1992,White,1757128
Utah (49),1993,American Indian or Alaska Native,27680
Utah (49),1993,Asian or Pacific Islander,41535
Utah (49),1993,Black or African American,14659
Utah (49),1993,White,1814530
Utah (49),1994,American Indian or Alaska Native,29153
Utah (49),1994,Asian or Pacific Islander,44764
Utah (49),1994,Black or African American,15822
Utah (49),1994,White,1870707
Utah (49),1995,American Indian or Alaska Native,29795
Utah (49),1995,Asian or Pacific Islander,47183
Utah (49),1995,Black or African American,16794
Utah (49),1995,White,1920407
Utah (49),1996,American Indian or Alaska Native,30303
Utah (49),1996,Asian or Pacific Islander,49610
Utah (49),1996,Black or African American,17828
Utah (49),1996,White,1970235
Utah (49),1997,American Indian or Alaska Native,30989
Utah (49),1997,Asian or Pacific Islander,52346
Utah (49),1997,Black or African American,19058
Utah (49),1997,White,2017391
Utah (49),1998,American Indian or Alaska Native,31960
Utah (49),1998,Asian or Pacific Islander,54707
Utah (49),1998,Black or African American,20190
Utah (49),1998,White,2059104
Utah (49),1999,American Indian or Alaska Native,32689
Utah (49),1999,Asian or Pacific Islander,56931
Utah (49),1999,Black or African American,21374
Utah (49),1999,White,2092488
Utah (49),2000,American Indian or Alaska Native,33898
Utah (49),2000,Asian or Pacific Islander,60207
Utah (49),2000,Black or African American,23349
Utah (49),2000,White,2127048
Utah (49),2001,American Indian or Alaska Native,34428
Utah (49),2001,Asian or Pacific Islander,63224
Utah (49),2001,Black or African American,25050
Utah (49),2001,White,2161013
Utah (49),2002,American Indian or Alaska Native,35334
Utah (49),2002,Asian or Pacific Islander,66002
Utah (49),2002,Black or African American,26645
Utah (49),2002,White,2196834
Utah (49),2003,American Indian or Alaska Native,35962
Utah (49),2003,Asian or Pacific Islander,68652
Utah (49),2003,Black or African American,27680
Utah (49),2003,White,2227843
Utah (49),2004,American Indian or Alaska Native,36748
Utah (49),2004,Asian or Pacific Islander,71531
Utah (49),2004,Black or African American,29165
Utah (49),2004,White,2264136
Utah (49),2005,American Indian or Alaska Native,37974
Utah (49),2005,Asian or Pacific Islander,74665
Utah (49),2005,Black or African American,31217
Utah (49),2005,White,2313863
Utah (49),2006,American Indian or Alaska Native,39434
Utah (49),2006,Asian or Pacific Islander,78392
Utah (49),2006,Black or African American,33424
Utah (49),2006,White,2374257
Utah (49),2007,American Indian or Alaska Native,41360
Utah (49),2007,Asian or Pacific Islander,82365
Utah (49),2007,Black or African American,36225
Utah (49),2007,White,2437796
Utah (49),2008,American Indian or Alaska Native,43023
Utah (49),2008,Asian or Pacific Islander,86772
Utah (49),2008,Black or African American,38231
Utah (49),2008,White,2495003
Utah (49),2009,American Indian or Alaska Native,44616
Utah (49),2009,Asian or Pacific Islander,91122
Utah (49),2009,Black or African American,40659
Utah (49),2009,White,2547024
Utah (49),2010,American Indian or Alaska Native,46158
Utah (49),2010,Asian or Pacific Islander,94862
Utah (49),2010,Black or African American,42709
Utah (49),2010,White,2591603
Utah (49),2011,American Indian or Alaska Native,47080
Utah (49),2011,Asian or Pacific Islander,98003
Utah (49),2011,Black or African American,43971
Utah (49),2011,White,2625330
Utah (49),2012,American Indian or Alaska Native,48261
Utah (49),2012,Asian or Pacific Islander,102432
Utah (49),2012,Black or African American,45695
Utah (49),2012,White,2656987
Utah (49),2013,American Indian or Alaska Native,49459
Utah (49),2013,Asian or Pacific Islander,106155
Utah (49),2013,Black or African American,47285
Utah (49),2013,White,2694741
Utah (49),2014,American Indian or Alaska Native,50596
Utah (49),2014,Asian or Pacific Islander,109818
Utah (49),2014,Black or African American,48675
Utah (49),2014,White,2727790
Utah (49),2015,American Indian or Alaska Native,51757
Utah (49),2015,Asian or Pacific Islander,113711
Utah (49),2015,Black or African American,50148
Utah (49),2015,White,2766219
Utah (49),2016,American Indian or Alaska Native,52923
Utah (49),2016,Asian or Pacific Islander,119152
Utah (49),2016,Black or African American,52857
Utah (49),2016,White,2816936
Utah (49),2017,American Indian or Alaska Native,54187
Utah (49),2017,Asian or Pacific Islander,124876
Utah (49),2017,Black or African American,55762
Utah (49),2017,White,2866217
Utah (49),2018,American Indian or Alaska Native,55199
Utah (49),2018,Asian or Pacific Islander,129848
Utah (49),2018,Black or African American,58118
Utah (49),2018,White,2910385
Utah (49),2019,American Indian or Alaska Native,56461
Utah (49),2019,Asian or Pacific Islander,135124
Utah (49),2019,Black or African American,60833
Utah (49),2019,White,2953540
Vermont (50),1990,American Indian or Alaska Native,1588
Vermont (50),1990,Asian or Pacific Islander,3186
Vermont (50),1990,Black or African American,1890
Vermont (50),1990,White,558134
Vermont (50),1991,American Indian or Alaska Native,1596
Vermont (50),1991,Asian or Pacific Islander,3351
Vermont (50),1991,Black or African American,1956
Vermont (50),1991,White,561703
Vermont (50),1992,American Indian or Alaska Native,1619
Vermont (50),1992,Asian or Pacific Islander,3644
Vermont (50),1992,Black or African American,2220
Vermont (50),1992,White,565268
Vermont (50),1993,American Indian or Alaska Native,1715
Vermont (50),1993,Asian or Pacific Islander,3966
Vermont (50),1993,Black or African American,2784
Vermont (50),1993,White,569283
Vermont (50),1994,American Indian or Alaska Native,1886
Vermont (50),1994,Asian or Pacific Islander,4256
Vermont (50),1994,Black or African American,2742
Vermont (50),1994,White,574952
Vermont (50),1995,American Indian or Alaska Native,1983
Vermont (50),1995,Asian or Pacific Islander,4584
Vermont (50),1995,Black or African American,2936
Vermont (50),1995,White,579500
Vermont (50),1996,American Indian or Alaska Native,2051
Vermont (50),1996,Asian or Pacific Islander,4857
Vermont (50),1996,Black or African American,3311
Vermont (50),1996,White,583482
Vermont (50),1997,American Indian or Alaska Native,2341
Vermont (50),1997,Asian or Pacific Islander,5080
Vermont (50),1997,Black or African American,3249
Vermont (50),1997,White,586569
Vermont (50),1998,American Indian or Alaska Native,2405
Vermont (50),1998,Asian or Pacific Islander,5249
Vermont (50),1998,Black or African American,3381
Vermont (50),1998,White,589381
Vermont (50),1999,American Indian or Alaska Native,2478
Vermont (50),1999,Asian or Pacific Islander,5313
Vermont (50),1999,Black or African American,3535
Vermont (50),1999,White,593357
Vermont (50),2000,American Indian or Alaska Native,2996
Vermont (50),2000,Asian or Pacific Islander,5846
Vermont (50),2000,Black or African American,4140
Vermont (50),2000,White,596636
Vermont (50),2001,American Indian or Alaska Native,3039
Vermont (50),2001,Asian or Pacific Islander,6211
Vermont (50),2001,Black or African American,4590
Vermont (50),2001,White,598383
Vermont (50),2002,American Indian or Alaska Native,2991
Vermont (50),2002,Asian or Pacific Islander,6619
Vermont (50),2002,Black or African American,4945
Vermont (50),2002,White,600887
Vermont (50),2003,American Indian or Alaska Native,2964
Vermont (50),2003,Asian or Pacific Islander,6934
Vermont (50),2003,Black or African American,5430
Vermont (50),2003,White,602530
Vermont (50),2004,American Indian or Alaska Native,3001
Vermont (50),2004,Asian or Pacific Islander,7161
Vermont (50),2004,Black or African American,5862
Vermont (50),2004,White,603896
Vermont (50),2005,American Indian or Alaska Native,2985
Vermont (50),2005,Asian or Pacific Islander,7473
Vermont (50),2005,Black or African American,6377
Vermont (50),2005,White,604380
Vermont (50),2006,American Indian or Alaska Native,3019
Vermont (50),2006,Asian or Pacific Islander,7846
Vermont (50),2006,Black or African American,6911
Vermont (50),2006,White,605116
Vermont (50),2007,American Indian or Alaska Native,3002
Vermont (50),2007,Asian or Pacific Islander,8230
Vermont (50),2007,Black or African American,7264
Vermont (50),2007,White,604985
Vermont (50),2008,American Indian or Alaska Native,3039
Vermont (50),2008,Asian or Pacific Islander,8261
Vermont (50),2008,Black or African American,7759
Vermont (50),2008,White,605092
Vermont (50),2009,American Indian or Alaska Native,3098
Vermont (50),2009,Asian or Pacific Islander,8606
Vermont (50),2009,Black or African American,8372
Vermont (50),2009,White,604741
Vermont (50),2010,American Indian or Alaska Native,3011
Vermont (50),2010,Asian or Pacific Islander,8790
Vermont (50),2010,Black or African American,8519
Vermont (50),2010,White,605559
Vermont (50),2011,American Indian or Alaska Native,3070
Vermont (50),2011,Asian or Pacific Islander,9398
Vermont (50),2011,Black or African American,8940
Vermont (50),2011,White,605641
Vermont (50),2012,American Indian or Alaska Native,3053
Vermont (50),2012,Asian or Pacific Islander,9672
Vermont (50),2012,Black or African American,9167
Vermont (50),2012,White,604198
Vermont (50),2013,American Indian or Alaska Native,3046
Vermont (50),2013,Asian or Pacific Islander,9985
Vermont (50),2013,Black or African American,9523
Vermont (50),2013,White,603656
Vermont (50),2014,American Indian or Alaska Native,3061
Vermont (50),2014,Asian or Pacific Islander,10285
Vermont (50),2014,Black or African American,9785
Vermont (50),2014,White,602083
Vermont (50),2015,American Indian or Alaska Native,3090
Vermont (50),2015,Asian or Pacific Islander,11375
Vermont (50),2015,Black or African American,10230
Vermont (50),2015,White,600521
Vermont (50),2016,American Indian or Alaska Native,3117
Vermont (50),2016,Asian or Pacific Islander,11873
Vermont (50),2016,Black or African American,10502
Vermont (50),2016,White,598165
Vermont (50),2017,American Indian or Alaska Native,3149
Vermont (50),2017,Asian or Pacific Islander,12678
Vermont (50),2017,Black or African American,10825
Vermont (50),2017,White,597692
Vermont (50),2018,American Indian or Alaska Native,3198
Vermont (50),2018,Asian or Pacific Islander,12746
Vermont (50),2018,Black or African American,11095
Vermont (50),2018,White,597319
Vermont (50),2019,American Indian or Alaska Native,3194
Vermont (50),2019,Asian or Pacific Islander,12920
Vermont (50),2019,Black or African American,11449
Vermont (50),2019,White,596426
Virginia (51),1990,American Indian or Alaska Native,14835
Virginia (51),1990,Asian or Pacific Islander,162792
Virginia (51),1990,Black or African American,1174876
Virginia (51),1990,White,4864381
Virginia (51),1991,American Indian or Alaska Native,15292
Virginia (51),1991,Asian or Pacific Islander,172718
Virginia (51),1991,Black or African American,1202194
Virginia (51),1991,White,4911013
Virginia (51),1992,American Indian or Alaska Native,16014
Virginia (51),1992,Asian or Pacific Islander,184664
Virginia (51),1992,Black or African American,1238551
Virginia (51),1992,White,4975078
Virginia (51),1993,American Indian or Alaska Native,16690
Virginia (51),1993,Asian or Pacific Islander,195141
Virginia (51),1993,Black or African American,1268404
Virginia (51),1993,White,5029395
Virginia (51),1994,American Indian or Alaska Native,17338
Virginia (51),1994,Asian or Pacific Islander,204507
Virginia (51),1994,Black or African American,1294734
Virginia (51),1994,White,5076560
Virginia (51),1995,American Indian or Alaska Native,17669
Virginia (51),1995,Asian or Pacific Islander,216801
Virginia (51),1995,Black or African American,1319225
Virginia (51),1995,White,5116998
Virginia (51),1996,American Indian or Alaska Native,18686
Virginia (51),1996,Asian or Pacific Islander,229915
Virginia (51),1996,Black or African American,1342874
Virginia (51),1996,White,5159409
Virginia (51),1997,American Indian or Alaska Native,19475
Virginia (51),1997,Asian or Pacific Islander,243819
Virginia (51),1997,Black or African American,1367796
Virginia (51),1997,White,5198093
Virginia (51),1998,American Indian or Alaska Native,20537
Virginia (51),1998,Asian or Pacific Islander,257016
Virginia (51),1998,Black or African American,1392692
Virginia (51),1998,White,5230673
Virginia (51),1999,American Indian or Alaska Native,21741
Virginia (51),1999,Asian or Pacific Islander,273732
Virginia (51),1999,Black or African American,1422517
Virginia (51),1999,White,5282184
Virginia (51),2000,American Indian or Alaska Native,25675
Virginia (51),2000,Asian or Pacific Islander,294156
Virginia (51),2000,Black or African American,1445626
Virginia (51),2000,White,5340360
Virginia (51),2001,American Indian or Alaska Native,27837
Virginia (51),2001,Asian or Pacific Islander,313207
Virginia (51),2001,Black or African American,1462901
Virginia (51),2001,White,5394417
Virginia (51),2002,American Indian or Alaska Native,29806
Virginia (51),2002,Asian or Pacific Islander,332353
Virginia (51),2002,Black or African American,1480645
Virginia (51),2002,White,5444069
Virginia (51),2003,American Indian or Alaska Native,31689
Virginia (51),2003,Asian or Pacific Islander,351495
Virginia (51),2003,Black or African American,1496240
Virginia (51),2003,White,5487553
Virginia (51),2004,American Indian or Alaska Native,33746
Virginia (51),2004,Asian or Pacific Islander,372253
Virginia (51),2004,Black or African American,1519571
Virginia (51),2004,White,5550005
Virginia (51),2005,American Indian or Alaska Native,35677
Virginia (51),2005,Asian or Pacific Islander,394694
Virginia (51),2005,Black or African American,1541027
Virginia (51),2005,White,5605707
Virginia (51),2006,American Indian or Alaska Native,37767
Virginia (51),2006,Asian or Pacific Islander,415502
Virginia (51),2006,Black or African American,1565510
Virginia (51),2006,White,5654946
Virginia (51),2007,American Indian or Alaska Native,39779
Virginia (51),2007,Asian or Pacific Islander,435854
Virginia (51),2007,Black or African American,1583256
Virginia (51),2007,White,5692111
Virginia (51),2008,American Indian or Alaska Native,41989
Virginia (51),2008,Asian or Pacific Islander,455516
Virginia (51),2008,Black or African American,1602530
Virginia (51),2008,White,5733461
Virginia (51),2009,American Indian or Alaska Native,44517
Virginia (51),2009,Asian or Pacific Islander,475414
Virginia (51),2009,Black or African American,1623781
Virginia (51),2009,White,5782225
Virginia (51),2010,American Indian or Alaska Native,46488
Virginia (51),2010,Asian or Pacific Islander,496088
Virginia (51),2010,Black or African American,1645738
Virginia (51),2010,White,5835385
Virginia (51),2011,American Indian or Alaska Native,47126
Virginia (51),2011,Asian or Pacific Islander,513453
Virginia (51),2011,Black or African American,1659472
Virginia (51),2011,White,5881104
Virginia (51),2012,American Indian or Alaska Native,47628
Virginia (51),2012,Asian or Pacific Islander,533105
Virginia (51),2012,Black or African American,1676569
Virginia (51),2012,White,5927778
Virginia (51),2013,American Indian or Alaska Native,48230
Virginia (51),2013,Asian or Pacific Islander,549840
Virginia (51),2013,Black or African American,1692721
Virginia (51),2013,White,5961636
Virginia (51),2014,American Indian or Alaska Native,48826
Virginia (51),2014,Asian or Pacific Islander,569086
Virginia (51),2014,Black or African American,1709203
Virginia (51),2014,White,5983878
Virginia (51),2015,American Indian or Alaska Native,49418
Virginia (51),2015,Asian or Pacific Islander,588391
Virginia (51),2015,Black or African American,1725836
Virginia (51),2015,White,5998163
Virginia (51),2016,American Indian or Alaska Native,50206
Virginia (51),2016,Asian or Pacific Islander,606553
Virginia (51),2016,Black or African American,1739928
Virginia (51),2016,White,6013419
Virginia (51),2017,American Indian or Alaska Native,50894
Virginia (51),2017,Asian or Pacific Islander,624627
Virginia (51),2017,Black or African American,1755580
Virginia (51),2017,White,6032486
Virginia (51),2018,American Indian or Alaska Native,51669
Virginia (51),2018,Asian or Pacific Islander,636755
Virginia (51),2018,Black or African American,1769094
Virginia (51),2018,White,6043768
Virginia (51),2019,American Indian or Alaska Native,52419
Virginia (51),2019,Asian or Pacific Islander,648345
Virginia (51),2019,Black or African American,1781520
Virginia (51),2019,White,6053235
Washington (53),1990,American Indian or Alaska Native,87942
Washington (53),1990,Asian or Pacific Islander,219638
Washington (53),1990,Black or African American,154374
Washington (53),1990,White,4441089
Washington (53),1991,American Indian or Alaska Native,90502
Washington (53),1991,Asian or Pacific Islander,233737
Washington (53),1991,Black or African American,161116
Washington (53),1991,White,4540269
Washington (53),1992,American Indian or Alaska Native,93266
Washington (53),1992,Asian or Pacific Islander,250073
Washington (53),1992,Black or African American,169408
Washington (53),1992,White,4648010
Washington (53),1993,American Indian or Alaska Native,95614
Washington (53),1993,Asian or Pacific Islander,266478
Washington (53),1993,Black or African American,175390
Washington (53),1993,White,4741360
Washington (53),1994,American Indian or Alaska Native,97892
Washington (53),1994,Asian or Pacific Islander,282648
Washington (53),1994,Black or African American,182652
Washington (53),1994,White,4811969
Washington (53),1995,American Indian or Alaska Native,100307
Washington (53),1995,Asian or Pacific Islander,299346
Washington (53),1995,Black or African American,190801
Washington (53),1995,White,4890573
Washington (53),1996,American Indian or Alaska Native,102378
Washington (53),1996,Asian or Pacific Islander,315218
Washington (53),1996,Black or African American,199460
Washington (53),1996,White,4952697
Washington (53),1997,American Indian or Alaska Native,104529
Washington (53),1997,Asian or Pacific Islander,333141
Washington (53),1997,Black or African American,208977
Washington (53),1997,White,5028100
Washington (53),1998,American Indian or Alaska Native,107633
Washington (53),1998,Asian or Pacific Islander,353858
Washington (53),1998,Black or African American,215228
Washington (53),1998,White,5092843
Washington (53),1999,American Indian or Alaska Native,110034
Washington (53),1999,Asian or Pacific Islander,371604
Washington (53),1999,Black or African American,222319
Washington (53),1999,White,5138607
Washington (53),2000,American Indian or Alaska Native,112353
Washington (53),2000,Asian or Pacific Islander,390003
Washington (53),2000,Black or African American,231593
Washington (53),2000,White,5176563
Washington (53),2001,American Indian or Alaska Native,115121
Washington (53),2001,Asian or Pacific Islander,408480
Washington (53),2001,Black or African American,239036
Washington (53),2001,White,5223085
Washington (53),2002,American Indian or Alaska Native,117689
Washington (53),2002,Asian or Pacific Islander,426682
Washington (53),2002,Black or African American,245869
Washington (53),2002,White,5262109
Washington (53),2003,American Indian or Alaska Native,120618
Washington (53),2003,Asian or Pacific Islander,443413
Washington (53),2003,Black or African American,250925
Washington (53),2003,White,5289159
Washington (53),2004,American Indian or Alaska Native,124543
Washington (53),2004,Asian or Pacific Islander,461698
Washington (53),2004,Black or African American,257470
Washington (53),2004,White,5334934
Washington (53),2005,American Indian or Alaska Native,127959
Washington (53),2005,Asian or Pacific Islander,481562
Washington (53),2005,Black or African American,264736
Washington (53),2005,White,5383048
Washington (53),2006,American Indian or Alaska Native,131727
Washington (53),2006,Asian or Pacific Islander,505829
Washington (53),2006,Black or African American,275137
Washington (53),2006,White,5458060
Washington (53),2007,American Indian or Alaska Native,136097
Washington (53),2007,Asian or Pacific Islander,527842
Washington (53),2007,Black or African American,283382
Washington (53),2007,White,5514266
Washington (53),2008,American Indian or Alaska Native,140912
Washington (53),2008,Asian or Pacific Islander,549453
Washington (53),2008,Black or African American,294548
Washington (53),2008,White,5577318
Washington (53),2009,American Indian or Alaska Native,144735
Washington (53),2009,Asian or Pacific Islander,571869
Washington (53),2009,Black or African American,305941
Washington (53),2009,White,5644881
Washington (53),2010,American Indian or Alaska Native,148456
Washington (53),2010,Asian or Pacific Islander,591395
Washington (53),2010,Black or African American,313342
Washington (53),2010,White,5689637
Washington (53),2011,American Indian or Alaska Native,151812
Washington (53),2011,Asian or Pacific Islander,613683
Washington (53),2011,Black or African American,323798
Washington (53),2011,White,5737334
Washington (53),2012,American Indian or Alaska Native,154932
Washington (53),2012,Asian or Pacific Islander,635342
Washington (53),2012,Black or African American,334428
Washington (53),2012,White,5772356
Washington (53),2013,American Indian or Alaska Native,157930
Washington (53),2013,Asian or Pacific Islander,657244
Washington (53),2013,Black or African American,343162
Washington (53),2013,White,5805649
Washington (53),2014,American Indian or Alaska Native,161288
Washington (53),2014,Asian or Pacific Islander,686376
Washington (53),2014,Black or African American,352490
Washington (53),2014,White,5854501
Washington (53),2015,American Indian or Alaska Native,164606
Washington (53),2015,Asian or Pacific Islander,718629
Washington (53),2015,Black or African American,363344
Washington (53),2015,White,5917078
Washington (53),2016,American Indian or Alaska Native,168069
Washington (53),2016,Asian or Pacific Islander,751842
Washington (53),2016,Black or African American,376423
Washington (53),2016,White,5998437
Washington (53),2017,American Indian or Alaska Native,171891
Washington (53),2017,Asian or Pacific Islander,789157
Washington (53),2017,Black or African American,389979
Washington (53),2017,White,6072335
Washington (53),2018,American Indian or Alaska Native,174111
Washington (53),2018,Asian or Pacific Islander,824285
Washington (53),2018,Black or African American,402735
Washington (53),2018,White,6122738
Washington (53),2019,American Indian or Alaska Native,176019
Washington (53),2019,Asian or Pacific Islander,858662
Washington (53),2019,Black or African American,414916
Washington (53),2019,White,6165296
West Virginia (54),1990,American Indian or Alaska Native,1944
West Virginia (54),1990,Asian or Pacific Islander,7084
West Virginia (54),1990,Black or African American,56068
West Virginia (54),1990,White,1727452
West Virginia (54),1991,American Indian or Alaska Native,2071
West Virginia (54),1991,Asian or Pacific Islander,7444
West Virginia (54),1991,Black or African American,55983
West Virginia (54),1991,White,1733237
West Virginia (54),1992,American Indian or Alaska Native,2115
West Virginia (54),1992,Asian or Pacific Islander,7803
West Virginia (54),1992,Black or African American,56046
West Virginia (54),1992,White,1740487
West Virginia (54),1993,American Indian or Alaska Native,2237
West Virginia (54),1993,Asian or Pacific Islander,8287
West Virginia (54),1993,Black or African American,56949
West Virginia (54),1993,White,1750066
West Virginia (54),1994,American Indian or Alaska Native,2223
West Virginia (54),1994,Asian or Pacific Islander,8275
West Virginia (54),1994,Black or African American,57638
West Virginia (54),1994,White,1752285
West Virginia (54),1995,American Indian or Alaska Native,2212
West Virginia (54),1995,Asian or Pacific Islander,8290
West Virginia (54),1995,Black or African American,58464
West Virginia (54),1995,White,1754734
West Virginia (54),1996,American Indian or Alaska Native,2354
West Virginia (54),1996,Asian or Pacific Islander,8612
West Virginia (54),1996,Black or African American,59041
West Virginia (54),1996,White,1752801
West Virginia (54),1997,American Indian or Alaska Native,2398
West Virginia (54),1997,Asian or Pacific Islander,8706
West Virginia (54),1997,Black or African American,59365
West Virginia (54),1997,White,1748644
West Virginia (54),1998,American Indian or Alaska Native,2529
West Virginia (54),1998,Asian or Pacific Islander,9139
West Virginia (54),1998,Black or African American,59966
West Virginia (54),1998,White,1743975
West Virginia (54),1999,American Indian or Alaska Native,2525
West Virginia (54),1999,Asian or Pacific Islander,9403
West Virginia (54),1999,Black or African American,59775
West Virginia (54),1999,White,1740096
West Virginia (54),2000,American Indian or Alaska Native,3744
West Virginia (54),2000,Asian or Pacific Islander,10794
West Virginia (54),2000,Black or African American,60967
West Virginia (54),2000,White,1731516
West Virginia (54),2001,American Indian or Alaska Native,3775
West Virginia (54),2001,Asian or Pacific Islander,11057
West Virginia (54),2001,Black or African American,61171
West Virginia (54),2001,White,1725478
West Virginia (54),2002,American Indian or Alaska Native,3820
West Virginia (54),2002,Asian or Pacific Islander,11346
West Virginia (54),2002,Black or African American,61832
West Virginia (54),2002,White,1728416
West Virginia (54),2003,American Indian or Alaska Native,3818
West Virginia (54),2003,Asian or Pacific Islander,11827
West Virginia (54),2003,Black or African American,62866
West Virginia (54),2003,White,1733784
West Virginia (54),2004,American Indian or Alaska Native,3887
West Virginia (54),2004,Asian or Pacific Islander,12299
West Virginia (54),2004,Black or African American,63682
West Virginia (54),2004,White,1736570
West Virginia (54),2005,American Indian or Alaska Native,3961
West Virginia (54),2005,Asian or Pacific Islander,12486
West Virginia (54),2005,Black or African American,64664
West Virginia (54),2005,White,1739381
West Virginia (54),2006,American Indian or Alaska Native,4013
West Virginia (54),2006,Asian or Pacific Islander,13028
West Virginia (54),2006,Black or African American,66217
West Virginia (54),2006,White,1744654
West Virginia (54),2007,American Indian or Alaska Native,4090
West Virginia (54),2007,Asian or Pacific Islander,13354
West Virginia (54),2007,Black or African American,67505
West Virginia (54),2007,White,1749103
West Virginia (54),2008,American Indian or Alaska Native,4211
West Virginia (54),2008,Asian or Pacific Islander,13671
West Virginia (54),2008,Black or African American,68836
West Virginia (54),2008,White,1753592
West Virginia (54),2009,American Indian or Alaska Native,4260
West Virginia (54),2009,Asian or Pacific Islander,14146
West Virginia (54),2009,Black or African American,70465
West Virginia (54),2009,White,1758904
West Virginia (54),2010,American Indian or Alaska Native,4127
West Virginia (54),2010,Asian or Pacific Islander,14393
West Virginia (54),2010,Black or African American,71564
West Virginia (54),2010,White,1764155
West Virginia (54),2011,American Indian or Alaska Native,4246
West Virginia (54),2011,Asian or Pacific Islander,15386
West Virginia (54),2011,Black or African American,72471
West Virginia (54),2011,White,1764198
West Virginia (54),2012,American Indian or Alaska Native,4361
West Virginia (54),2012,Asian or Pacific Islander,15889
West Virginia (54),2012,Black or African American,73044
West Virginia (54),2012,White,1763578
West Virginia (54),2013,American Indian or Alaska Native,4449
West Virginia (54),2013,Asian or Pacific Islander,16240
West Virginia (54),2013,Black or African American,73897
West Virginia (54),2013,White,1759328
West Virginia (54),2014,American Indian or Alaska Native,4523
West Virginia (54),2014,Asian or Pacific Islander,16654
West Virginia (54),2014,Black or African American,74389
West Virginia (54),2014,White,1753923
West Virginia (54),2015,American Indian or Alaska Native,4596
West Virginia (54),2015,Asian or Pacific Islander,16971
West Virginia (54),2015,Black or African American,74695
West Virginia (54),2015,White,1745788
West Virginia (54),2016,American Indian or Alaska Native,4660
West Virginia (54),2016,Asian or Pacific Islander,17423
West Virginia (54),2016,Black or African American,74656
West Virginia (54),2016,White,1734284
West Virginia (54),2017,American Indian or Alaska Native,4700
West Virginia (54),2017,Asian or Pacific Islander,17252
West Virginia (54),2017,Black or African American,74551
West Virginia (54),2017,White,1720501
West Virginia (54),2018,American Indian or Alaska Native,4683
West Virginia (54),2018,Asian or Pacific Islander,17025
West Virginia (54),2018,Black or African American,74716
West Virginia (54),2018,White,1707867
West Virginia (54),2019,American Indian or Alaska Native,4751
West Virginia (54),2019,Asian or Pacific Islander,16858
West Virginia (54),2019,Black or African American,74683
West Virginia (54),2019,White,1695855
Wisconsin (55),1990,American Indian or Alaska Native,40255
Wisconsin (55),1990,Asian or Pacific Islander,54377
Wisconsin (55),1990,Black or African American,248027
Wisconsin (55),1990,White,4561903
Wisconsin (55),1991,American Indian or Alaska Native,41340
Wisconsin (55),1991,Asian or Pacific Islander,57827
Wisconsin (55),1991,Black or African American,256644
Wisconsin (55),1991,White,4608532
Wisconsin (55),1992,American Indian or Alaska Native,42172
Wisconsin (55),1992,Asian or Pacific Islander,61870
Wisconsin (55),1992,Black or African American,264916
Wisconsin (55),1992,White,4656440
Wisconsin (55),1993,American Indian or Alaska Native,43379
Wisconsin (55),1993,Asian or Pacific Islander,66334
Wisconsin (55),1993,Black or African American,272844
Wisconsin (55),1993,White,4702332
Wisconsin (55),1994,American Indian or Alaska Native,44630
Wisconsin (55),1994,Asian or Pacific Islander,70306
Wisconsin (55),1994,Black or African American,281134
Wisconsin (55),1994,White,4737608
Wisconsin (55),1995,American Indian or Alaska Native,45659
Wisconsin (55),1995,Asian or Pacific Islander,74319
Wisconsin (55),1995,Black or African American,288815
Wisconsin (55),1995,White,4776043
Wisconsin (55),1996,American Indian or Alaska Native,47109
Wisconsin (55),1996,Asian or Pacific Islander,78336
Wisconsin (55),1996,Black or African American,297086
Wisconsin (55),1996,White,4807455
Wisconsin (55),1997,American Indian or Alaska Native,48079
Wisconsin (55),1997,Asian or Pacific Islander,82421
Wisconsin (55),1997,Black or African American,302926
Wisconsin (55),1997,White,4832787
Wisconsin (55),1998,American Indian or Alaska Native,49041
Wisconsin (55),1998,Asian or Pacific Islander,86463
Wisconsin (55),1998,Black or African American,308348
Wisconsin (55),1998,White,4853821
Wisconsin (55),1999,American Indian or Alaska Native,50536
Wisconsin (55),1999,Asian or Pacific Islander,92311
Wisconsin (55),1999,Black or African American,315230
Wisconsin (55),1999,White,4874589
Wisconsin (55),2000,American Indian or Alaska Native,52933
Wisconsin (55),2000,Asian or Pacific Islander,98607
Wisconsin (55),2000,Black or African American,323897
Wisconsin (55),2000,White,4898562
Wisconsin (55),2001,American Indian or Alaska Native,54118
Wisconsin (55),2001,Asian or Pacific Islander,103055
Wisconsin (55),2001,Black or African American,331554
Wisconsin (55),2001,White,4918108
Wisconsin (55),2002,American Indian or Alaska Native,55528
Wisconsin (55),2002,Asian or Pacific Islander,107700
Wisconsin (55),2002,Black or African American,339499
Wisconsin (55),2002,White,4942435
Wisconsin (55),2003,American Indian or Alaska Native,56937
Wisconsin (55),2003,Asian or Pacific Islander,112146
Wisconsin (55),2003,Black or African American,346353
Wisconsin (55),2003,White,4963767
Wisconsin (55),2004,American Indian or Alaska Native,58298
Wisconsin (55),2004,Asian or Pacific Islander,116408
Wisconsin (55),2004,Black or African American,352749
Wisconsin (55),2004,White,4986571
Wisconsin (55),2005,American Indian or Alaska Native,59895
Wisconsin (55),2005,Asian or Pacific Islander,120677
Wisconsin (55),2005,Black or African American,359771
Wisconsin (55),2005,White,5005823
Wisconsin (55),2006,American Indian or Alaska Native,61283
Wisconsin (55),2006,Asian or Pacific Islander,125123
Wisconsin (55),2006,Black or African American,367132
Wisconsin (55),2006,White,5024117
Wisconsin (55),2007,American Indian or Alaska Native,63113
Wisconsin (55),2007,Asian or Pacific Islander,129485
Wisconsin (55),2007,Black or African American,374709
Wisconsin (55),2007,White,5043468
Wisconsin (55),2008,American Indian or Alaska Native,64716
Wisconsin (55),2008,Asian or Pacific Islander,134081
Wisconsin (55),2008,Black or African American,381998
Wisconsin (55),2008,White,5060201
Wisconsin (55),2009,American Indian or Alaska Native,66166
Wisconsin (55),2009,Asian or Pacific Islander,138569
Wisconsin (55),2009,Black or African American,389316
Wisconsin (55),2009,White,5075213
Wisconsin (55),2010,American Indian or Alaska Native,67872
Wisconsin (55),2010,Asian or Pacific Islander,142637
Wisconsin (55),2010,Black or African American,395749
Wisconsin (55),2010,White,5084217
Wisconsin (55),2011,American Indian or Alaska Native,69092
Wisconsin (55),2011,Asian or Pacific Islander,147679
Wisconsin (55),2011,Black or African American,400569
Wisconsin (55),2011,White,5087948
Wisconsin (55),2012,American Indian or Alaska Native,70198
Wisconsin (55),2012,Asian or Pacific Islander,152995
Wisconsin (55),2012,Black or African American,404501
Wisconsin (55),2012,White,5092266
Wisconsin (55),2013,American Indian or Alaska Native,71151
Wisconsin (55),2013,Asian or Pacific Islander,159845
Wisconsin (55),2013,Black or African American,408014
Wisconsin (55),2013,White,5097744
Wisconsin (55),2014,American Indian or Alaska Native,72114
Wisconsin (55),2014,Asian or Pacific Islander,166058
Wisconsin (55),2014,Black or African American,412307
Wisconsin (55),2014,White,5101046
Wisconsin (55),2015,American Indian or Alaska Native,73120
Wisconsin (55),2015,Asian or Pacific Islander,172309
Wisconsin (55),2015,Black or African American,415970
Wisconsin (55),2015,White,5099541
Wisconsin (55),2016,American Indian or Alaska Native,74278
Wisconsin (55),2016,Asian or Pacific Islander,177952
Wisconsin (55),2016,Black or African American,419598
Wisconsin (55),2016,White,5100800
Wisconsin (55),2017,American Indian or Alaska Native,75381
Wisconsin (55),2017,Asian or Pacific Islander,183216
Wisconsin (55),2017,Black or African American,424050
Wisconsin (55),2017,White,5107539
Wisconsin (55),2018,American Indian or Alaska Native,76223
Wisconsin (55),2018,Asian or Pacific Islander,185818
Wisconsin (55),2018,Black or African American,427480
Wisconsin (55),2018,White,5117885
Wisconsin (55),2019,American Indian or Alaska Native,77185
Wisconsin (55),2019,Asian or Pacific Islander,188865
Wisconsin (55),2019,Black or African American,429528
Wisconsin (55),2019,White,5126856
Wyoming (56),1990,American Indian or Alaska Native,9506
Wyoming (56),1990,Asian or Pacific Islander,2692
Wyoming (56),1990,Black or African American,3586
Wyoming (56),1990,White,437906
Wyoming (56),1991,American Indian or Alaska Native,9804
Wyoming (56),1991,Asian or Pacific Islander,2708
Wyoming (56),1991,Black or African American,3629
Wyoming (56),1991,White,443119
Wyoming (56),1992,American Indian or Alaska Native,10100
Wyoming (56),1992,Asian or Pacific Islander,2682
Wyoming (56),1992,Black or African American,3865
Wyoming (56),1992,White,449604
Wyoming (56),1993,American Indian or Alaska Native,10559
Wyoming (56),1993,Asian or Pacific Islander,2793
Wyoming (56),1993,Black or African American,3789
Wyoming (56),1993,White,455940
Wyoming (56),1994,American Indian or Alaska Native,10635
Wyoming (56),1994,Asian or Pacific Islander,2825
Wyoming (56),1994,Black or African American,3810
Wyoming (56),1994,White,463013
Wyoming (56),1995,American Indian or Alaska Native,10638
Wyoming (56),1995,Asian or Pacific Islander,2808
Wyoming (56),1995,Black or African American,3936
Wyoming (56),1995,White,467778
Wyoming (56),1996,American Indian or Alaska Native,10917
Wyoming (56),1996,Asian or Pacific Islander,2906
Wyoming (56),1996,Black or African American,4040
Wyoming (56),1996,White,470304
Wyoming (56),1997,American Indian or Alaska Native,10896
Wyoming (56),1997,Asian or Pacific Islander,3020
Wyoming (56),1997,Black or African American,3924
Wyoming (56),1997,White,471612
Wyoming (56),1998,American Indian or Alaska Native,11148
Wyoming (56),1998,Asian or Pacific Islander,3001
Wyoming (56),1998,Black or African American,4164
Wyoming (56),1998,White,472474
Wyoming (56),1999,American Indian or Alaska Native,11689
Wyoming (56),1999,Asian or Pacific Islander,3102
Wyoming (56),1999,Black or African American,4250
Wyoming (56),1999,White,472739
Wyoming (56),2000,American Indian or Alaska Native,12208
Wyoming (56),2000,Asian or Pacific Islander,3524
Wyoming (56),2000,Black or African American,4720
Wyoming (56),2000,White,473848
Wyoming (56),2001,American Indian or Alaska Native,12646
Wyoming (56),2001,Asian or Pacific Islander,3732
Wyoming (56),2001,Black or African American,5030
Wyoming (56),2001,White,473249
Wyoming (56),2002,American Indian or Alaska Native,12905
Wyoming (56),2002,Asian or Pacific Islander,3940
Wyoming (56),2002,Black or African American,5234
Wyoming (56),2002,White,477938
Wyoming (56),2003,American Indian or Alaska Native,13013
Wyoming (56),2003,Asian or Pacific Islander,4094
Wyoming (56),2003,Black or African American,5386
Wyoming (56),2003,White,480960
Wyoming (56),2004,American Indian or Alaska Native,13333
Wyoming (56),2004,Asian or Pacific Islander,4251
Wyoming (56),2004,Black or African American,5634
Wyoming (56),2004,White,485888
Wyoming (56),2005,American Indian or Alaska Native,13608
Wyoming (56),2005,Asian or Pacific Islander,4432
Wyoming (56),2005,Black or African American,5845
Wyoming (56),2005,White,490272
Wyoming (56),2006,American Indian or Alaska Native,14140
Wyoming (56),2006,Asian or Pacific Islander,4762
Wyoming (56),2006,Black or African American,6055
Wyoming (56),2006,White,497710
Wyoming (56),2007,American Indian or Alaska Native,14709
Wyoming (56),2007,Asian or Pacific Islander,4955
Wyoming (56),2007,Black or African American,6455
Wyoming (56),2007,White,508757
Wyoming (56),2008,American Indian or Alaska Native,15245
Wyoming (56),2008,Asian or Pacific Islander,5239
Wyoming (56),2008,Black or African American,6502
Wyoming (56),2008,White,519057
Wyoming (56),2009,American Indian or Alaska Native,15669
Wyoming (56),2009,Asian or Pacific Islander,5607
Wyoming (56),2009,Black or African American,7133
Wyoming (56),2009,White,531442
Wyoming (56),2010,American Indian or Alaska Native,15816
Wyoming (56),2010,Asian or Pacific Islander,5766
Wyoming (56),2010,Black or African American,7075
Wyoming (56),2010,White,535830
Wyoming (56),2011,American Indian or Alaska Native,16168
Wyoming (56),2011,Asian or Pacific Islander,5872
Wyoming (56),2011,Black or African American,7474
Wyoming (56),2011,White,537785
Wyoming (56),2012,American Indian or Alaska Native,16569
Wyoming (56),2012,Asian or Pacific Islander,6370
Wyoming (56),2012,Black or African American,9742
Wyoming (56),2012,White,543624
Wyoming (56),2013,American Indian or Alaska Native,16861
Wyoming (56),2013,Asian or Pacific Islander,6576
Wyoming (56),2013,Black or African American,10798
Wyoming (56),2013,White,547887
Wyoming (56),2014,American Indian or Alaska Native,17207
Wyoming (56),2014,Asian or Pacific Islander,6618
Wyoming (56),2014,Black or African American,10122
Wyoming (56),2014,White,548584
Wyoming (56),2015,American Indian or Alaska Native,17353
Wyoming (56),2015,Asian or Pacific Islander,6899
Wyoming (56),2015,Black or African American,9809
Wyoming (56),2015,White,551552
Wyoming (56),2016,American Indian or Alaska Native,17380
Wyoming (56),2016,Asian or Pacific Islander,7137
Wyoming (56),2016,Black or African American,9819
Wyoming (56),2016,White,549879
Wyoming (56),2017,American Indian or Alaska Native,17332
Wyoming (56),2017,Asian or Pacific Islander,7379
Wyoming (56),2017,Black or African American,9898
Wyoming (56),2017,White,544322
Wyoming (56),2018,American Indian or Alaska Native,17464
Wyoming (56),2018,Asian or Pacific Islander,7660
Wyoming (56),2018,Black or African American,10032
Wyoming (56),2018,White,542445
Wyoming (56),2019,American Indian or Alaska Native,17402
Wyoming (56),2019,Asian or Pacific Islander,7962
Wyoming (56),2019,Black or African American,10237
Wyoming (56),2019,White,543158
