state,year,race,pop
Alabama (01),1990,Hispanic or Latino,24107
Alabama (01),1990,Not Hispanic or Latino,4025948
Alabama (01),1991,Hispanic or Latino,25012
Alabama (01),1991,Not Hispanic or Latino,4074144
Alabama (01),1992,Hispanic or Latino,26745
Alabama (01),1992,Not Hispanic or Latino,4127269
Alabama (01),1993,Hispanic or Latino,29537
Alabama (01),1993,Not Hispanic or Latino,4184665
Alabama (01),1994,Hispanic or Latino,33152
Alabama (01),1994,Not Hispanic or Latino,4227077
Alabama (01),1995,Hispanic or Latino,37268
Alabama (01),1995,Not Hispanic or Latino,4259532
Alabama (01),1996,Hispanic or Latino,42796
Alabama (01),1996,Not Hispanic or Latino,4288307
Alabama (01),1997,Hispanic or Latino,49427
Alabama (01),1997,Not Hispanic or Latino,4318508
Alabama (01),1998,Hispanic or Latino,56899
Alabama (01),1998,Not Hispanic or Latino,4347802
Alabama (01),1999,Hispanic or Latino,65183
Alabama (01),1999,Not Hispanic or Latino,4364958
Alabama (01),2000,Hispanic or Latino,77016
Alabama (01),2000,Not Hispanic or Latino,4375157
Alabama (01),2001,Hispanic or Latino,85722
Alabama (01),2001,Not Hispanic or Latino,4381912
Alabama (01),2002,Hispanic or Latino,94179
Alabama (01),2002,Not Hispanic or Latino,4385910
Alabama (01),2003,Hispanic or Latino,103472
Alabama (01),2003,Not Hispanic or Latino,4400019
Alabama (01),2004,Hispanic or Latino,113284
Alabama (01),2004,Not Hispanic or Latino,4417445
Alabama (01),2005,Hispanic or Latino,124822
Alabama (01),2005,Not Hispanic or Latino,4444983
Alabama (01),2006,Hispanic or Latino,137842
Alabama (01),2006,Not Hispanic or Latino,4491139
Alabama (01),2007,Hispanic or Latino,150652
Alabama (01),2007,Not Hispanic or Latino,4522188
Alabama (01),2008,Hispanic or Latino,163709
Alabama (01),2008,Not Hispanic or Latino,4554497
Alabama (01),2009,Hispanic or Latino,176518
Alabama (01),2009,Not Hispanic or Latino,4581420
Alabama (01),2010,Hispanic or Latino,186188
Alabama (01),2010,Not Hispanic or Latino,4599249
Alabama (01),2011,Hispanic or Latino,189793
Alabama (01),2011,Not Hispanic or Latino,4609276
Alabama (01),2012,Hispanic or Latino,190655
Alabama (01),2012,Not Hispanic or Latino,4624933
Alabama (01),2013,Hispanic or Latino,193131
Alabama (01),2013,Not Hispanic or Latino,4636950
Alabama (01),2014,Hispanic or Latino,195674
Alabama (01),2014,Not Hispanic or Latino,4646125
Alabama (01),2015,Hispanic or Latino,199684
Alabama (01),2015,Not Hispanic or Latino,4652663
Alabama (01),2016,Hispanic or Latino,205380
Alabama (01),2016,Not Hispanic or Latino,4658145
Alabama (01),2017,Hispanic or Latino,210410
Alabama (01),2017,Not Hispanic or Latino,4664076
Alabama (01),2018,Hispanic or Latino,217191
Alabama (01),2018,Not Hispanic or Latino,4670490
Alabama (01),2019,Hispanic or Latino,223278
Alabama (01),2019,Not Hispanic or Latino,4679907
Alaska (02),1990,Hispanic or Latino,17228
Alaska (02),1990,Not Hispanic or Latino,536062
Alaska (02),1991,Hispanic or Latino,17838
Alaska (02),1991,Not Hispanic or Latino,552355
Alaska (02),1992,Hispanic or Latino,18617
Alaska (02),1992,Not Hispanic or Latino,570119
Alaska (02),1993,Hispanic or Latino,19122
Alaska (02),1993,Not Hispanic or Latino,580312
Alaska (02),1994,Hispanic or Latino,19828
Alaska (02),1994,Not Hispanic or Latino,583480
Alaska (02),1995,Hispanic or Latino,20423
Alaska (02),1995,Not Hispanic or Latino,583989
Alaska (02),1996,Hispanic or Latino,21067
Alaska (02),1996,Not Hispanic or Latino,587502
Alaska (02),1997,Hispanic or Latino,22196
Alaska (02),1997,Not Hispanic or Latino,590772
Alaska (02),1998,Hispanic or Latino,22831
Alaska (02),1998,Not Hispanic or Latino,597102
Alaska (02),1999,Hispanic or Latino,23997
Alaska (02),1999,Not Hispanic or Latino,600782
Alaska (02),2000,Hispanic or Latino,25963
Alaska (02),2000,Not Hispanic or Latino,602000
Alaska (02),2001,Hispanic or Latino,27989
Alaska (02),2001,Not Hispanic or Latino,605725
Alaska (02),2002,Hispanic or Latino,29943
Alaska (02),2002,Not Hispanic or Latino,612394
Alaska (02),2003,Hispanic or Latino,31417
Alaska (02),2003,Not Hispanic or Latino,616997
Alaska (02),2004,Hispanic or Latino,32879
Alaska (02),2004,Not Hispanic or Latino,626407
Alaska (02),2005,Hispanic or Latino,34422
Alaska (02),2005,Not Hispanic or Latino,632524
Alaska (02),2006,Hispanic or Latino,35505
Alaska (02),2006,Not Hispanic or Latino,639797
Alaska (02),2007,Hispanic or Latino,36229
Alaska (02),2007,Not Hispanic or Latino,644071
Alaska (02),2008,Hispanic or Latino,37256
Alaska (02),2008,Not Hispanic or Latino,650199
Alaska (02),2009,Hispanic or Latino,38232
Alaska (02),2009,Not Hispanic or Latino,660663
Alaska (02),2010,Hispanic or Latino,40012
Alaska (02),2010,Not Hispanic or Latino,673898
Alaska (02),2011,Hispanic or Latino,42117
Alaska (02),2011,Not Hispanic or Latino,680011
Alaska (02),2012,Hispanic or Latino,45160
Alaska (02),2012,Not Hispanic or Latino,685283
Alaska (02),2013,Hispanic or Latino,47591
Alaska (02),2013,Not Hispanic or Latino,689477
Alaska (02),2014,Hispanic or Latino,49149
Alaska (02),2014,Not Hispanic or Latino,687134
Alaska (02),2015,Hispanic or Latino,50424
Alaska (02),2015,Not Hispanic or Latino,687074
Alaska (02),2016,Hispanic or Latino,51970
Alaska (02),2016,Not Hispanic or Latino,689486
Alaska (02),2017,Hispanic or Latino,53113
Alaska (02),2017,Not Hispanic or Latino,686587
Alaska (02),2018,Hispanic or Latino,53146
Alaska (02),2018,Not Hispanic or Latino,681993
Alaska (02),2019,Hispanic or Latino,53212
Alaska (02),2019,Not Hispanic or Latino,678333
Arizona (04),1990,Hispanic or Latino,697660
Arizona (04),1990,Not Hispanic or Latino,2986437
Arizona (04),1991,Hispanic or Latino,737846
Arizona (04),1991,Not Hispanic or Latino,3050730
Arizona (04),1992,Hispanic or Latino,787515
Arizona (04),1992,Not Hispanic or Latino,3128225
Arizona (04),1993,Hispanic or Latino,842872
Arizona (04),1993,Not Hispanic or Latino,3222568
Arizona (04),1994,Hispanic or Latino,899570
Arizona (04),1994,Not Hispanic or Latino,3345519
Arizona (04),1995,Hispanic or Latino,965163
Arizona (04),1995,Not Hispanic or Latino,3467336
Arizona (04),1996,Hispanic or Latino,1028042
Arizona (04),1996,Not Hispanic or Latino,3558898
Arizona (04),1997,Hispanic or Latino,1091765
Arizona (04),1997,Not Hispanic or Latino,3645225
Arizona (04),1998,Hispanic or Latino,1162762
Arizona (04),1998,Not Hispanic or Latino,3720580
Arizona (04),1999,Hispanic or Latino,1235716
Arizona (04),1999,Not Hispanic or Latino,3788107
Arizona (04),2000,Hispanic or Latino,1309389
Arizona (04),2000,Not Hispanic or Latino,3851197
Arizona (04),2001,Hispanic or Latino,1366916
Arizona (04),2001,Not Hispanic or Latino,3906561
Arizona (04),2002,Hispanic or Latino,1426437
Arizona (04),2002,Not Hispanic or Latino,3969818
Arizona (04),2003,Hispanic or Latino,1480908
Arizona (04),2003,Not Hispanic or Latino,4029456
Arizona (04),2004,Hispanic or Latino,1541006
Arizona (04),2004,Not Hispanic or Latino,4111398
Arizona (04),2005,Hispanic or Latino,1618339
Arizona (04),2005,Not Hispanic or Latino,4220738
Arizona (04),2006,Hispanic or Latino,1701963
Arizona (04),2006,Not Hispanic or Latino,4327178
Arizona (04),2007,Hispanic or Latino,1773645
Arizona (04),2007,Not Hispanic or Latino,4394036
Arizona (04),2008,Hispanic or Latino,1830866
Arizona (04),2008,Not Hispanic or Latino,4449496
Arizona (04),2009,Hispanic or Latino,1866820
Arizona (04),2009,Not Hispanic or Latino,4476334
Arizona (04),2010,Hispanic or Latino,1903434
Arizona (04),2010,Not Hispanic or Latino,4503738
Arizona (04),2011,Hispanic or Latino,1936182
Arizona (04),2011,Not Hispanic or Latino,4536461
Arizona (04),2012,Hispanic or Latino,1974553
Arizona (04),2012,Not Hispanic or Latino,4580425
Arizona (04),2013,Hispanic or Latino,2013458
Arizona (04),2013,Not Hispanic or Latino,4619306
Arizona (04),2014,Hispanic or Latino,2058718
Arizona (04),2014,Not Hispanic or Latino,4671695
Arizona (04),2015,Hispanic or Latino,2108105
Arizona (04),2015,Not Hispanic or Latino,4721571
Arizona (04),2016,Hispanic or Latino,2157992
Arizona (04),2016,Not Hispanic or Latino,4783080
Arizona (04),2017,Hispanic or Latino,2207774
Arizona (04),2017,Not Hispanic or Latino,4836234
Arizona (04),2018,Hispanic or Latino,2258856
Arizona (04),2018,Not Hispanic or Latino,4899168
Arizona (04),2019,Hispanic or Latino,2310590
Arizona (04),2019,Not Hispanic or Latino,4968127
Arkansas (05),1990,Hispanic or Latino,19208
Arkansas (05),1990,Not Hispanic or Latino,2337378
Arkansas (05),1991,Hispanic or Latino,21067
Arkansas (05),1991,Not Hispanic or Latino,2362077
Arkansas (05),1992,Hispanic or Latino,23129
Arkansas (05),1992,Not Hispanic or Latino,2392855
Arkansas (05),1993,Hispanic or Latino,26801
Arkansas (05),1993,Not Hispanic or Latino,2429502
Arkansas (05),1994,Hispanic or Latino,31346
Arkansas (05),1994,Not Hispanic or Latino,2462673
Arkansas (05),1995,Hispanic or Latino,38738
Arkansas (05),1995,Not Hispanic or Latino,2496661
Arkansas (05),1996,Hispanic or Latino,48681
Arkansas (05),1996,Not Hispanic or Latino,2523428
Arkansas (05),1997,Hispanic or Latino,55831
Arkansas (05),1997,Not Hispanic or Latino,2545260
Arkansas (05),1998,Hispanic or Latino,64811
Arkansas (05),1998,Not Hispanic or Latino,2561478
Arkansas (05),1999,Hispanic or Latino,74627
Arkansas (05),1999,Not Hispanic or Latino,2577233
Arkansas (05),2000,Hispanic or Latino,87804
Arkansas (05),2000,Not Hispanic or Latino,2590784
Arkansas (05),2001,Hispanic or Latino,96526
Arkansas (05),2001,Not Hispanic or Latino,2595045
Arkansas (05),2002,Hispanic or Latino,105694
Arkansas (05),2002,Not Hispanic or Latino,2600233
Arkansas (05),2003,Hispanic or Latino,115624
Arkansas (05),2003,Not Hispanic or Latino,2609192
Arkansas (05),2004,Hispanic or Latino,125103
Arkansas (05),2004,Not Hispanic or Latino,2624583
Arkansas (05),2005,Hispanic or Latino,137148
Arkansas (05),2005,Not Hispanic or Latino,2643949
Arkansas (05),2006,Hispanic or Latino,149583
Arkansas (05),2006,Not Hispanic or Latino,2672178
Arkansas (05),2007,Hispanic or Latino,160397
Arkansas (05),2007,Not Hispanic or Latino,2688253
Arkansas (05),2008,Hispanic or Latino,170231
Arkansas (05),2008,Not Hispanic or Latino,2704323
Arkansas (05),2009,Hispanic or Latino,179039
Arkansas (05),2009,Not Hispanic or Latino,2717804
Arkansas (05),2010,Hispanic or Latino,187482
Arkansas (05),2010,Not Hispanic or Latino,2734482
Arkansas (05),2011,Hispanic or Latino,193593
Arkansas (05),2011,Not Hispanic or Latino,2747074
Arkansas (05),2012,Hispanic or Latino,199112
Arkansas (05),2012,Not Hispanic or Latino,2753052
Arkansas (05),2013,Hispanic or Latino,203956
Arkansas (05),2013,Not Hispanic or Latino,2755444
Arkansas (05),2014,Hispanic or Latino,208394
Arkansas (05),2014,Not Hispanic or Latino,2758998
Arkansas (05),2015,Hispanic or Latino,213648
Arkansas (05),2015,Not Hispanic or Latino,2764400
Arkansas (05),2016,Hispanic or Latino,219388
Arkansas (05),2016,Not Hispanic or Latino,2770530
Arkansas (05),2017,Hispanic or Latino,226085
Arkansas (05),2017,Not Hispanic or Latino,2775260
Arkansas (05),2018,Hispanic or Latino,231674
Arkansas (05),2018,Not Hispanic or Latino,2778059
Arkansas (05),2019,Hispanic or Latino,236631
Arkansas (05),2019,Not Hispanic or Latino,2781173
California (06),1990,Hispanic or Latino,7779607
California (06),1990,Not Hispanic or Latino,22179908
California (06),1991,Hispanic or Latino,8092243
California (06),1991,Not Hispanic or Latino,22378493
California (06),1992,Hispanic or Latino,8421511
California (06),1992,Not Hispanic or Latino,22553148
California (06),1993,Hispanic or Latino,8751621
California (06),1993,Not Hispanic or Latino,22523307
California (06),1994,Hispanic or Latino,9053073
California (06),1994,Not Hispanic or Latino,22431362
California (06),1995,Hispanic or Latino,9316255
California (06),1995,Not Hispanic or Latino,22380327
California (06),1996,Hispanic or Latino,9617003
California (06),1996,Not Hispanic or Latino,22401831
California (06),1997,Hispanic or Latino,9958475
California (06),1997,Not Hispanic or Latino,22527535
California (06),1998,Hispanic or Latino,10318932
California (06),1998,Not Hispanic or Latino,22668743
California (06),1999,Hispanic or Latino,10682606
California (06),1999,Not Hispanic or Latino,22816598
California (06),2000,Hispanic or Latino,11054553
California (06),2000,Not Hispanic or Latino,22933424
California (06),2001,Hispanic or Latino,11383962
California (06),2001,Not Hispanic or Latino,23095496
California (06),2002,Hispanic or Latino,11705795
California (06),2002,Not Hispanic or Latino,23166048
California (06),2003,Hispanic or Latino,12030015
California (06),2003,Not Hispanic or Latino,23223144
California (06),2004,Hispanic or Latino,12335567
California (06),2004,Not Hispanic or Latino,23239009
California (06),2005,Hispanic or Latino,12619831
California (06),2005,Not Hispanic or Latino,23208112
California (06),2006,Hispanic or Latino,12876105
California (06),2006,Not Hispanic or Latino,23145097
California (06),2007,Hispanic or Latino,13136305
California (06),2007,Not Hispanic or Latino,23114006
California (06),2008,Hispanic or Latino,13447993
California (06),2008,Not Hispanic or Latino,23156344
California (06),2009,Hispanic or Latino,13759867
California (06),2009,Not Hispanic or Latino,23201362
California (06),2010,Hispanic or Latino,14062621
California (06),2010,Not Hispanic or Latino,23256881
California (06),2011,Hispanic or Latino,14275993
California (06),2011,Not Hispanic or Latino,23362376
California (06),2012,Hispanic or Latino,14466320
California (06),2012,Not Hispanic or Latino,23482480
California (06),2013,Hispanic or Latino,14654801
California (06),2013,Not Hispanic or Latino,23605986
California (06),2014,Hispanic or Latino,14845913
California (06),2014,Not Hispanic or Latino,23751059
California (06),2015,Hispanic or Latino,15030627
California (06),2015,Not Hispanic or Latino,23887418
California (06),2016,Hispanic or Latino,15205729
California (06),2016,Not Hispanic or Latino,23961388
California (06),2017,Hispanic or Latino,15354335
California (06),2017,Not Hispanic or Latino,24004162
California (06),2018,Hispanic or Latino,15472859
California (06),2018,Not Hispanic or Latino,23988729
California (06),2019,Hispanic or Latino,15574880
California (06),2019,Not Hispanic or Latino,23937343
Colorado (08),1990,Hispanic or Latino,429571
Colorado (08),1990,Not Hispanic or Latino,2878047
Colorado (08),1991,Hispanic or Latino,448315
Colorado (08),1991,Not Hispanic or Latino,2938804
Colorado (08),1992,Hispanic or Latino,471616
Colorado (08),1992,Not Hispanic or Latino,3024323
Colorado (08),1993,Hispanic or Latino,499975
Colorado (08),1993,Not Hispanic or Latino,3113759
Colorado (08),1994,Hispanic or Latino,526626
Colorado (08),1994,Not Hispanic or Latino,3197542
Colorado (08),1995,Hispanic or Latino,555987
Colorado (08),1995,Not Hispanic or Latino,3270666
Colorado (08),1996,Hispanic or Latino,587035
Colorado (08),1996,Not Hispanic or Latino,3332937
Colorado (08),1997,Hispanic or Latino,622436
Colorado (08),1997,Not Hispanic or Latino,3395857
Colorado (08),1998,Hispanic or Latino,658967
Colorado (08),1998,Not Hispanic or Latino,3457672
Colorado (08),1999,Hispanic or Latino,702024
Colorado (08),1999,Not Hispanic or Latino,3523994
Colorado (08),2000,Hispanic or Latino,745292
Colorado (08),2000,Not Hispanic or Latino,3581629
Colorado (08),2001,Hispanic or Latino,783269
Colorado (08),2001,Not Hispanic or Latino,3642418
Colorado (08),2002,Hispanic or Latino,817023
Colorado (08),2002,Not Hispanic or Latino,3673383
Colorado (08),2003,Hispanic or Latino,842340
Colorado (08),2003,Not Hispanic or Latino,3686392
Colorado (08),2004,Hispanic or Latino,864744
Colorado (08),2004,Not Hispanic or Latino,3710269
Colorado (08),2005,Hispanic or Latino,892419
Colorado (08),2005,Not Hispanic or Latino,3739469
Colorado (08),2006,Hispanic or Latino,923306
Colorado (08),2006,Not Hispanic or Latino,3797117
Colorado (08),2007,Hispanic or Latino,954181
Colorado (08),2007,Not Hispanic or Latino,3849687
Colorado (08),2008,Hispanic or Latino,984899
Colorado (08),2008,Not Hispanic or Latino,3904831
Colorado (08),2009,Hispanic or Latino,1015491
Colorado (08),2009,Not Hispanic or Latino,3956704
Colorado (08),2010,Hispanic or Latino,1044599
Colorado (08),2010,Not Hispanic or Latino,4002750
Colorado (08),2011,Hispanic or Latino,1069640
Colorado (08),2011,Not Hispanic or Latino,4051468
Colorado (08),2012,Hispanic or Latino,1088484
Colorado (08),2012,Not Hispanic or Latino,4104163
Colorado (08),2013,Hispanic or Latino,1108713
Colorado (08),2013,Not Hispanic or Latino,4160322
Colorado (08),2014,Hispanic or Latino,1131352
Colorado (08),2014,Not Hispanic or Latino,4218749
Colorado (08),2015,Hispanic or Latino,1158247
Colorado (08),2015,Not Hispanic or Latino,4292376
Colorado (08),2016,Hispanic or Latino,1182806
Colorado (08),2016,Not Hispanic or Latino,4356409
Colorado (08),2017,Hispanic or Latino,1206753
Colorado (08),2017,Not Hispanic or Latino,4405132
Colorado (08),2018,Hispanic or Latino,1233748
Colorado (08),2018,Not Hispanic or Latino,4457539
Colorado (08),2019,Hispanic or Latino,1256904
Colorado (08),2019,Not Hispanic or Latino,4501832
Connecticut (09),1990,Hispanic or Latino,214806
Connecticut (09),1990,Not Hispanic or Latino,3077161
Connecticut (09),1991,Hispanic or Latino,224821
Connecticut (09),1991,Not Hispanic or Latino,3078074
Connecticut (09),1992,Hispanic or Latino,232553
Connecticut (09),1992,Not Hispanic or Latino,3068159
Connecticut (09),1993,Hispanic or Latino,242454
Connecticut (09),1993,Not Hispanic or Latino,3066721
Connecticut (09),1994,Hispanic or Latino,251248
Connecticut (09),1994,Not Hispanic or Latino,3064873
Connecticut (09),1995,Hispanic or Latino,260348
Connecticut (09),1995,Not Hispanic or Latino,3063796
Connecticut (09),1996,Hispanic or Latino,271880
Connecticut (09),1996,Not Hispanic or Latino,3064805
Connecticut (09),1997,Hispanic or Latino,283793
Connecticut (09),1997,Not Hispanic or Latino,3065555
Connecticut (09),1998,Hispanic or Latino,294955
Connecticut (09),1998,Not Hispanic or Latino,3070397
Connecticut (09),1999,Hispanic or Latino,308549
Connecticut (09),1999,Not Hispanic or Latino,3077852
Connecticut (09),2000,Hispanic or Latino,323852
Connecticut (09),2000,Not Hispanic or Latino,3087925
Connecticut (09),2001,Hispanic or Latino,338119
Connecticut (09),2001,Not Hispanic or Latino,3094716
Connecticut (09),2002,Hispanic or Latino,353717
Connecticut (09),2002,Not Hispanic or Latino,3105032
Connecticut (09),2003,Hispanic or Latino,369302
Connecticut (09),2003,Not Hispanic or Latino,3115034
Connecticut (09),2004,Hispanic or Latino,382912
Connecticut (09),2004,Not Hispanic or Latino,3113182
Connecticut (09),2005,Hispanic or Latino,396323
Connecticut (09),2005,Not Hispanic or Latino,3110633
Connecticut (09),2006,Hispanic or Latino,412867
Connecticut (09),2006,Not Hispanic or Latino,3104593
Connecticut (09),2007,Hispanic or Latino,429328
Connecticut (09),2007,Not Hispanic or Latino,3097942
Connecticut (09),2008,Hispanic or Latino,446776
Connecticut (09),2008,Not Hispanic or Latino,3098803
Connecticut (09),2009,Hispanic or Latino,465486
Connecticut (09),2009,Not Hispanic or Latino,3096321
Connecticut (09),2010,Hispanic or Latino,482457
Connecticut (09),2010,Not Hispanic or Latino,3096657
Connecticut (09),2011,Hispanic or Latino,497029
Connecticut (09),2011,Not Hispanic or Latino,3091254
Connecticut (09),2012,Hispanic or Latino,511357
Connecticut (09),2012,Not Hispanic or Latino,3083190
Connecticut (09),2013,Hispanic or Latino,524303
Connecticut (09),2013,Not Hispanic or Latino,3070538
Connecticut (09),2014,Hispanic or Latino,536662
Connecticut (09),2014,Not Hispanic or Latino,3057862
Connecticut (09),2015,Hispanic or Latino,547726
Connecticut (09),2015,Not Hispanic or Latino,3039396
Connecticut (09),2016,Hispanic or Latino,559495
Connecticut (09),2016,Not Hispanic or Latino,3018646
Connecticut (09),2017,Hispanic or Latino,573197
Connecticut (09),2017,Not Hispanic or Latino,3000100
Connecticut (09),2018,Hispanic or Latino,589825
Connecticut (09),2018,Not Hispanic or Latino,2981695
Connecticut (09),2019,Hispanic or Latino,600955
Connecticut (09),2019,Not Hispanic or Latino,2964332
Delaware (10),1990,Hispanic or Latino,16031
Delaware (10),1990,Not Hispanic or Latino,653536
Delaware (10),1991,Hispanic or Latino,17275
Delaware (10),1991,Not Hispanic or Latino,665805
Delaware (10),1992,Hispanic or Latino,18388
Delaware (10),1992,Not Hispanic or Latino,676539
Delaware (10),1993,Hispanic or Latino,19967
Delaware (10),1993,Not Hispanic or Latino,686411
Delaware (10),1994,Hispanic or Latino,22000
Delaware (10),1994,Not Hispanic or Latino,695545
Delaware (10),1995,Hispanic or Latino,24137
Delaware (10),1995,Not Hispanic or Latino,705598
Delaware (10),1996,Hispanic or Latino,26340
Delaware (10),1996,Not Hispanic or Latino,714638
Delaware (10),1997,Hispanic or Latino,28775
Delaware (10),1997,Not Hispanic or Latino,722712
Delaware (10),1998,Hispanic or Latino,31514
Delaware (10),1998,Not Hispanic or Latino,731821
Delaware (10),1999,Hispanic or Latino,34817
Delaware (10),1999,Not Hispanic or Latino,740173
Delaware (10),2000,Hispanic or Latino,37834
Delaware (10),2000,Not Hispanic or Latino,748539
Delaware (10),2001,Hispanic or Latino,40908
Delaware (10),2001,Not Hispanic or Latino,754791
Delaware (10),2002,Hispanic or Latino,44187
Delaware (10),2002,Not Hispanic or Latino,761982
Delaware (10),2003,Hispanic or Latino,47599
Delaware (10),2003,Not Hispanic or Latino,770404
Delaware (10),2004,Hispanic or Latino,51274
Delaware (10),2004,Not Hispanic or Latino,779529
Delaware (10),2005,Hispanic or Latino,55375
Delaware (10),2005,Not Hispanic or Latino,789775
Delaware (10),2006,Hispanic or Latino,59478
Delaware (10),2006,Not Hispanic or Latino,799790
Delaware (10),2007,Hispanic or Latino,63149
Delaware (10),2007,Not Hispanic or Latino,808600
Delaware (10),2008,Hispanic or Latino,66725
Delaware (10),2008,Not Hispanic or Latino,817149
Delaware (10),2009,Hispanic or Latino,70815
Delaware (10),2009,Not Hispanic or Latino,820915
Delaware (10),2010,Hispanic or Latino,73732
Delaware (10),2010,Not Hispanic or Latino,825861
Delaware (10),2011,Hispanic or Latino,75947
Delaware (10),2011,Not Hispanic or Latino,831434
Delaware (10),2012,Hispanic or Latino,77864
Delaware (10),2012,Not Hispanic or Latino,837315
Delaware (10),2013,Hispanic or Latino,79473
Delaware (10),2013,Not Hispanic or Latino,844103
Delaware (10),2014,Hispanic or Latino,81390
Delaware (10),2014,Not Hispanic or Latino,851097
Delaware (10),2015,Hispanic or Latino,83411
Delaware (10),2015,Not Hispanic or Latino,857841
Delaware (10),2016,Hispanic or Latino,85497
Delaware (10),2016,Not Hispanic or Latino,863424
Delaware (10),2017,Hispanic or Latino,88373
Delaware (10),2017,Not Hispanic or Latino,868450
Delaware (10),2018,Hispanic or Latino,91144
Delaware (10),2018,Not Hispanic or Latino,874335
Delaware (10),2019,Hispanic or Latino,93391
Delaware (10),2019,Not Hispanic or Latino,880373
District of Columbia (11),1990,Hispanic or Latino,32878
District of Columbia (11),1990,Not Hispanic or Latino,572443
District of Columbia (11),1991,Hispanic or Latino,34072
District of Columbia (11),1991,Not Hispanic or Latino,566798
District of Columbia (11),1992,Hispanic or Latino,35490
District of Columbia (11),1992,Not Hispanic or Latino,562077
District of Columbia (11),1993,Hispanic or Latino,37673
District of Columbia (11),1993,Not Hispanic or Latino,557629
District of Columbia (11),1994,Hispanic or Latino,39597
District of Columbia (11),1994,Not Hispanic or Latino,549643
District of Columbia (11),1995,Hispanic or Latino,40777
District of Columbia (11),1995,Not Hispanic or Latino,539742
District of Columbia (11),1996,Hispanic or Latino,41672
District of Columbia (11),1996,Not Hispanic or Latino,530707
District of Columbia (11),1997,Hispanic or Latino,42641
District of Columbia (11),1997,Not Hispanic or Latino,525098
District of Columbia (11),1998,Hispanic or Latino,43498
District of Columbia (11),1998,Not Hispanic or Latino,521734
District of Columbia (11),1999,Hispanic or Latino,44357
District of Columbia (11),1999,Not Hispanic or Latino,525863
District of Columbia (11),2000,Hispanic or Latino,45266
District of Columbia (11),2000,Not Hispanic or Latino,526780
District of Columbia (11),2001,Hispanic or Latino,46817
District of Columbia (11),2001,Not Hispanic or Latino,527687
District of Columbia (11),2002,Hispanic or Latino,47054
District of Columbia (11),2002,Not Hispanic or Latino,526104
District of Columbia (11),2003,Hispanic or Latino,47580
District of Columbia (11),2003,Not Hispanic or Latino,520922
District of Columbia (11),2004,Hispanic or Latino,48243
District of Columbia (11),2004,Not Hispanic or Latino,519511
District of Columbia (11),2005,Hispanic or Latino,48584
District of Columbia (11),2005,Not Hispanic or Latino,518552
District of Columbia (11),2006,Hispanic or Latino,48522
District of Columbia (11),2006,Not Hispanic or Latino,522159
District of Columbia (11),2007,Hispanic or Latino,48982
District of Columbia (11),2007,Not Hispanic or Latino,525422
District of Columbia (11),2008,Hispanic or Latino,50446
District of Columbia (11),2008,Not Hispanic or Latino,529790
District of Columbia (11),2009,Hispanic or Latino,53621
District of Columbia (11),2009,Not Hispanic or Latino,538607
District of Columbia (11),2010,Hispanic or Latino,55847
District of Columbia (11),2010,Not Hispanic or Latino,549379
District of Columbia (11),2011,Hispanic or Latino,59749
District of Columbia (11),2011,Not Hispanic or Latino,560051
District of Columbia (11),2012,Hispanic or Latino,63080
District of Columbia (11),2012,Not Hispanic or Latino,571844
District of Columbia (11),2013,Hispanic or Latino,66764
District of Columbia (11),2013,Not Hispanic or Latino,583817
District of Columbia (11),2014,Hispanic or Latino,69541
District of Columbia (11),2014,Not Hispanic or Latino,592787
District of Columbia (11),2015,Hispanic or Latino,72581
District of Columbia (11),2015,Not Hispanic or Latino,602819
District of Columbia (11),2016,Hispanic or Latino,74645
District of Columbia (11),2016,Not Hispanic or Latino,611170
District of Columbia (11),2017,Hispanic or Latino,76263
District of Columbia (11),2017,Not Hispanic or Latino,618643
District of Columbia (11),2018,Hispanic or Latino,77991
District of Columbia (11),2018,Not Hispanic or Latino,623556
District of Columbia (11),2019,Hispanic or Latino,79477
District of Columbia (11),2019,Not Hispanic or Latino,626272
Florida (12),1990,Hispanic or Latino,1597237
Florida (12),1990,Not Hispanic or Latino,11436070
Florida (12),1991,Hispanic or Latino,1679470
Florida (12),1991,Not Hispanic or Latino,11690328
Florida (12),1992,Hispanic or Latino,1757047
Florida (12),1992,Not Hispanic or Latino,11893506
Florida (12),1993,Hispanic or Latino,1841312
Florida (12),1993,Not Hispanic or Latino,12085873
Florida (12),1994,Hispanic or Latino,1941282
Florida (12),1994,Not Hispanic or Latino,12298162
Florida (12),1995,Hispanic or Latino,2057533
Florida (12),1995,Not Hispanic or Latino,12480342
Florida (12),1996,Hispanic or Latino,2184639
Florida (12),1996,Not Hispanic or Latino,12668721
Florida (12),1997,Hispanic or Latino,2304247
Florida (12),1997,Not Hispanic or Latino,12882057
Florida (12),1998,Hispanic or Latino,2421324
Florida (12),1998,Not Hispanic or Latino,13065235
Florida (12),1999,Hispanic or Latino,2560195
Florida (12),1999,Not Hispanic or Latino,13199226
Florida (12),2000,Hispanic or Latino,2717081
Florida (12),2000,Not Hispanic or Latino,13330434
Florida (12),2001,Hispanic or Latino,2861659
Florida (12),2001,Not Hispanic or Latino,13495307
Florida (12),2002,Hispanic or Latino,3013530
Florida (12),2002,Not Hispanic or Latino,13675840
Florida (12),2003,Hispanic or Latino,3160322
Florida (12),2003,Not Hispanic or Latino,13843763
Florida (12),2004,Hispanic or Latino,3331269
Florida (12),2004,Not Hispanic or Latino,14084049
Florida (12),2005,Hispanic or Latino,3524067
Florida (12),2005,Not Hispanic or Latino,14317971
Florida (12),2006,Hispanic or Latino,3713980
Florida (12),2006,Not Hispanic or Latino,14453010
Florida (12),2007,Hispanic or Latino,3872136
Florida (12),2007,Not Hispanic or Latino,14495706
Florida (12),2008,Hispanic or Latino,4009162
Florida (12),2008,Not Hispanic or Latino,14518143
Florida (12),2009,Hispanic or Latino,4124307
Florida (12),2009,Not Hispanic or Latino,14528337
Florida (12),2010,Hispanic or Latino,4251935
Florida (12),2010,Not Hispanic or Latino,14593602
Florida (12),2011,Hispanic or Latino,4376330
Florida (12),2011,Not Hispanic or Latino,14676907
Florida (12),2012,Hispanic or Latino,4506069
Florida (12),2012,Not Hispanic or Latino,14791753
Florida (12),2013,Hispanic or Latino,4650935
Florida (12),2013,Not Hispanic or Latino,14894686
Florida (12),2014,Hispanic or Latino,4803659
Florida (12),2014,Not Hispanic or Latino,15042252
Florida (12),2015,Hispanic or Latino,4980837
Florida (12),2015,Not Hispanic or Latino,15228205
Florida (12),2016,Hispanic or Latino,5179794
Florida (12),2016,Not Hispanic or Latino,15433683
Florida (12),2017,Hispanic or Latino,5368560
Florida (12),2017,Not Hispanic or Latino,15595053
Florida (12),2018,Hispanic or Latino,5537857
Florida (12),2018,Not Hispanic or Latino,15706460
Florida (12),2019,Hispanic or Latino,5663860
Florida (12),2019,Not Hispanic or Latino,15813877
Georgia (13),1990,Hispanic or Latino,109286
Georgia (13),1990,Not Hispanic or Latino,6403316
Georgia (13),1991,Hispanic or Latino,122962
Georgia (13),1991,Not Hispanic or Latino,6530043
Georgia (13),1992,Hispanic or Latino,139946
Georgia (13),1992,Not Hispanic or Latino,6677257
Georgia (13),1993,Hispanic or Latino,157845
Georgia (13),1993,Not Hispanic or Latino,6820395
Georgia (13),1994,Hispanic or Latino,179827
Georgia (13),1994,Not Hispanic or Latino,6977338
Georgia (13),1995,Hispanic or Latino,211332
Georgia (13),1995,Not Hispanic or Latino,7117081
Georgia (13),1996,Hispanic or Latino,246417
Georgia (13),1996,Not Hispanic or Latino,7254652
Georgia (13),1997,Hispanic or Latino,290169
Georgia (13),1997,Not Hispanic or Latino,7394930
Georgia (13),1998,Hispanic or Latino,330160
Georgia (13),1998,Not Hispanic or Latino,7533376
Georgia (13),1999,Hispanic or Latino,380298
Georgia (13),1999,Not Hispanic or Latino,7665667
Georgia (13),2000,Hispanic or Latino,441576
Georgia (13),2000,Not Hispanic or Latino,7785727
Georgia (13),2001,Hispanic or Latino,484128
Georgia (13),2001,Not Hispanic or Latino,7892910
Georgia (13),2002,Hispanic or Latino,523285
Georgia (13),2002,Not Hispanic or Latino,7984971
Georgia (13),2003,Hispanic or Latino,560133
Georgia (13),2003,Not Hispanic or Latino,8062660
Georgia (13),2004,Hispanic or Latino,602574
Georgia (13),2004,Not Hispanic or Latino,8166678
Georgia (13),2005,Hispanic or Latino,646959
Georgia (13),2005,Not Hispanic or Latino,8278963
Georgia (13),2006,Hispanic or Latino,699663
Georgia (13),2006,Not Hispanic or Latino,8456150
Georgia (13),2007,Hispanic or Latino,751168
Georgia (13),2007,Not Hispanic or Latino,8598820
Georgia (13),2008,Hispanic or Latino,795001
Georgia (13),2008,Not Hispanic or Latino,8709842
Georgia (13),2009,Hispanic or Latino,830405
Georgia (13),2009,Not Hispanic or Latino,8790441
Georgia (13),2010,Hispanic or Latino,857077
Georgia (13),2010,Not Hispanic or Latino,8854804
Georgia (13),2011,Hispanic or Latino,872371
Georgia (13),2011,Not Hispanic or Latino,8930060
Georgia (13),2012,Hispanic or Latino,886288
Georgia (13),2012,Not Hispanic or Latino,9015142
Georgia (13),2013,Hispanic or Latino,897614
Georgia (13),2013,Not Hispanic or Latino,9074865
Georgia (13),2014,Hispanic or Latino,914656
Georgia (13),2014,Not Hispanic or Latino,9152622
Georgia (13),2015,Hispanic or Latino,938992
Georgia (13),2015,Not Hispanic or Latino,9239455
Georgia (13),2016,Hispanic or Latino,968481
Georgia (13),2016,Not Hispanic or Latino,9333409
Georgia (13),2017,Hispanic or Latino,994571
Georgia (13),2017,Not Hispanic or Latino,9415759
Georgia (13),2018,Hispanic or Latino,1022370
Georgia (13),2018,Not Hispanic or Latino,9488761
Georgia (13),2019,Hispanic or Latino,1048724
Georgia (13),2019,Not Hispanic or Latino,9568699
Hawaii (15),1990,Hispanic or Latino,81378
Hawaii (15),1990,Not Hispanic or Latino,1032113
Hawaii (15),1991,Hispanic or Latino,84235
Hawaii (15),1991,Not Hispanic or Latino,1052519
Hawaii (15),1992,Hispanic or Latino,86197
Hawaii (15),1992,Not Hispanic or Latino,1072416
Hawaii (15),1993,Hispanic or Latino,86806
Hawaii (15),1993,Not Hispanic or Latino,1086032
Hawaii (15),1994,Hispanic or Latino,87511
Hawaii (15),1994,Not Hispanic or Latino,1100025
Hawaii (15),1995,Hispanic or Latino,87623
Hawaii (15),1995,Not Hispanic or Latino,1109231
Hawaii (15),1996,Hispanic or Latino,88386
Hawaii (15),1996,Not Hispanic or Latino,1115369
Hawaii (15),1997,Hispanic or Latino,89673
Hawaii (15),1997,Not Hispanic or Latino,1121967
Hawaii (15),1998,Hispanic or Latino,89216
Hawaii (15),1998,Not Hispanic or Latino,1126017
Hawaii (15),1999,Hispanic or Latino,87799
Hawaii (15),1999,Not Hispanic or Latino,1122501
Hawaii (15),2000,Hispanic or Latino,87989
Hawaii (15),2000,Not Hispanic or Latino,1125530
Hawaii (15),2001,Hispanic or Latino,91446
Hawaii (15),2001,Not Hispanic or Latino,1134502
Hawaii (15),2002,Hispanic or Latino,95043
Hawaii (15),2002,Not Hispanic or Latino,1144570
Hawaii (15),2003,Hispanic or Latino,97672
Hawaii (15),2003,Not Hispanic or Latino,1153482
Hawaii (15),2004,Hispanic or Latino,101386
Hawaii (15),2004,Not Hispanic or Latino,1172183
Hawaii (15),2005,Hispanic or Latino,104657
Hawaii (15),2005,Not Hispanic or Latino,1188072
Hawaii (15),2006,Hispanic or Latino,108323
Hawaii (15),2006,Not Hispanic or Latino,1201408
Hawaii (15),2007,Hispanic or Latino,111147
Hawaii (15),2007,Not Hispanic or Latino,1204528
Hawaii (15),2008,Hispanic or Latino,115331
Hawaii (15),2008,Not Hispanic or Latino,1216882
Hawaii (15),2009,Hispanic or Latino,119105
Hawaii (15),2009,Not Hispanic or Latino,1227612
Hawaii (15),2010,Hispanic or Latino,122092
Hawaii (15),2010,Not Hispanic or Latino,1241871
Hawaii (15),2011,Hispanic or Latino,127455
Hawaii (15),2011,Not Hispanic or Latino,1251874
Hawaii (15),2012,Hispanic or Latino,132691
Hawaii (15),2012,Not Hispanic or Latino,1262113
Hawaii (15),2013,Hispanic or Latino,137873
Hawaii (15),2013,Not Hispanic or Latino,1270370
Hawaii (15),2014,Hispanic or Latino,141796
Hawaii (15),2014,Not Hispanic or Latino,1272742
Hawaii (15),2015,Hispanic or Latino,145315
Hawaii (15),2015,Not Hispanic or Latino,1276737
Hawaii (15),2016,Hispanic or Latino,148592
Hawaii (15),2016,Not Hispanic or Latino,1278967
Hawaii (15),2017,Hispanic or Latino,149930
Hawaii (15),2017,Not Hispanic or Latino,1274463
Hawaii (15),2018,Hispanic or Latino,150891
Hawaii (15),2018,Not Hispanic or Latino,1269702
Hawaii (15),2019,Hispanic or Latino,150864
Hawaii (15),2019,Not Hispanic or Latino,1265008
Idaho (16),1990,Hispanic or Latino,52914
Idaho (16),1990,Not Hispanic or Latino,959470
Idaho (16),1991,Hispanic or Latino,56398
Idaho (16),1991,Not Hispanic or Latino,984918
Idaho (16),1992,Hispanic or Latino,61025
Idaho (16),1992,Not Hispanic or Latino,1010660
Idaho (16),1993,Hispanic or Latino,65795
Idaho (16),1993,Not Hispanic or Latino,1042973
Idaho (16),1994,Hispanic or Latino,70956
Idaho (16),1994,Not Hispanic or Latino,1074184
Idaho (16),1995,Hispanic or Latino,75780
Idaho (16),1995,Not Hispanic or Latino,1101542
Idaho (16),1996,Hispanic or Latino,80536
Idaho (16),1996,Not Hispanic or Latino,1122547
Idaho (16),1997,Hispanic or Latino,85593
Idaho (16),1997,Not Hispanic or Latino,1142927
Idaho (16),1998,Hispanic or Latino,90896
Idaho (16),1998,Not Hispanic or Latino,1161434
Idaho (16),1999,Hispanic or Latino,96258
Idaho (16),1999,Not Hispanic or Latino,1179416
Idaho (16),2000,Hispanic or Latino,103038
Idaho (16),2000,Not Hispanic or Latino,1196392
Idaho (16),2001,Hispanic or Latino,109067
Idaho (16),2001,Not Hispanic or Latino,1210895
Idaho (16),2002,Hispanic or Latino,114838
Idaho (16),2002,Not Hispanic or Latino,1225534
Idaho (16),2003,Hispanic or Latino,120694
Idaho (16),2003,Not Hispanic or Latino,1242686
Idaho (16),2004,Hispanic or Latino,127308
Idaho (16),2004,Not Hispanic or Latino,1264494
Idaho (16),2005,Hispanic or Latino,135345
Idaho (16),2005,Not Hispanic or Latino,1292896
Idaho (16),2006,Hispanic or Latino,145495
Idaho (16),2006,Not Hispanic or Latino,1323174
Idaho (16),2007,Hispanic or Latino,155222
Idaho (16),2007,Not Hispanic or Latino,1349883
Idaho (16),2008,Hispanic or Latino,163856
Idaho (16),2008,Not Hispanic or Latino,1370464
Idaho (16),2009,Hispanic or Latino,170818
Idaho (16),2009,Not Hispanic or Latino,1383621
Idaho (16),2010,Hispanic or Latino,176996
Idaho (16),2010,Not Hispanic or Latino,1393750
Idaho (16),2011,Hispanic or Latino,181259
Idaho (16),2011,Not Hispanic or Latino,1402651
Idaho (16),2012,Hispanic or Latino,185598
Idaho (16),2012,Not Hispanic or Latino,1409726
Idaho (16),2013,Hispanic or Latino,191269
Idaho (16),2013,Not Hispanic or Latino,1419937
Idaho (16),2014,Hispanic or Latino,196144
Idaho (16),2014,Not Hispanic or Latino,1434968
Idaho (16),2015,Hispanic or Latino,201543
Idaho (16),2015,Not Hispanic or Latino,1449516
Idaho (16),2016,Hispanic or Latino,208573
Idaho (16),2016,Not Hispanic or Latino,1473807
Idaho (16),2017,Hispanic or Latino,215568
Idaho (16),2017,Not Hispanic or Latino,1502147
Idaho (16),2018,Hispanic or Latino,222206
Idaho (16),2018,Not Hispanic or Latino,1528330
Idaho (16),2019,Hispanic or Latino,229490
Idaho (16),2019,Not Hispanic or Latino,1557575
Illinois (17),1990,Hispanic or Latino,911704
Illinois (17),1990,Not Hispanic or Latino,10541612
Illinois (17),1991,Hispanic or Latino,956647
Illinois (17),1991,Not Hispanic or Latino,10612317
Illinois (17),1992,Hispanic or Latino,1007281
Illinois (17),1992,Not Hispanic or Latino,10686903
Illinois (17),1993,Hispanic or Latino,1062336
Illinois (17),1993,Not Hispanic or Latino,10747243
Illinois (17),1994,Hispanic or Latino,1121887
Illinois (17),1994,Not Hispanic or Latino,10790698
Illinois (17),1995,Hispanic or Latino,1182656
Illinois (17),1995,Not Hispanic or Latino,10825781
Illinois (17),1996,Hispanic or Latino,1249496
Illinois (17),1996,Not Hispanic or Latino,10852501
Illinois (17),1997,Hispanic or Latino,1318069
Illinois (17),1997,Not Hispanic or Latino,10867646
Illinois (17),1998,Hispanic or Latino,1392413
Illinois (17),1998,Not Hispanic or Latino,10879434
Illinois (17),1999,Hispanic or Latino,1468062
Illinois (17),1999,Not Hispanic or Latino,10890958
Illinois (17),2000,Hispanic or Latino,1544165
Illinois (17),2000,Not Hispanic or Latino,10889996
Illinois (17),2001,Hispanic or Latino,1601533
Illinois (17),2001,Not Hispanic or Latino,10886912
Illinois (17),2002,Hispanic or Latino,1653300
Illinois (17),2002,Not Hispanic or Latino,10872256
Illinois (17),2003,Hispanic or Latino,1701923
Illinois (17),2003,Not Hispanic or Latino,10854083
Illinois (17),2004,Hispanic or Latino,1747272
Illinois (17),2004,Not Hispanic or Latino,10842501
Illinois (17),2005,Hispanic or Latino,1792149
Illinois (17),2005,Not Hispanic or Latino,10817754
Illinois (17),2006,Hispanic or Latino,1840227
Illinois (17),2006,Not Hispanic or Latino,10803728
Illinois (17),2007,Hispanic or Latino,1889627
Illinois (17),2007,Not Hispanic or Latino,10806239
Illinois (17),2008,Hispanic or Latino,1941348
Illinois (17),2008,Not Hispanic or Latino,10805690
Illinois (17),2009,Hispanic or Latino,1990555
Illinois (17),2009,Not Hispanic or Latino,10806223
Illinois (17),2010,Hispanic or Latino,2034669
Illinois (17),2010,Not Hispanic or Latino,10805834
Illinois (17),2011,Hispanic or Latino,2063983
Illinois (17),2011,Not Hispanic or Latino,10803471
Illinois (17),2012,Hispanic or Latino,2088169
Illinois (17),2012,Not Hispanic or Latino,10794341
Illinois (17),2013,Hispanic or Latino,2109855
Illinois (17),2013,Not Hispanic or Latino,10785274
Illinois (17),2014,Hispanic or Latino,2131182
Illinois (17),2014,Not Hispanic or Latino,10753311
Illinois (17),2015,Hispanic or Latino,2151138
Illinois (17),2015,Not Hispanic or Latino,10707775
Illinois (17),2016,Hispanic or Latino,2170466
Illinois (17),2016,Not Hispanic or Latino,10650061
Illinois (17),2017,Hispanic or Latino,2188039
Illinois (17),2017,Not Hispanic or Latino,10590789
Illinois (17),2018,Hispanic or Latino,2204614
Illinois (17),2018,Not Hispanic or Latino,10518457
Illinois (17),2019,Hispanic or Latino,2219882
Illinois (17),2019,Not Hispanic or Latino,10451939
Indiana (18),1990,Hispanic or Latino,98601
Indiana (18),1990,Not Hispanic or Latino,5459197
Indiana (18),1991,Hispanic or Latino,102839
Indiana (18),1991,Not Hispanic or Latino,5513549
Indiana (18),1992,Hispanic or Latino,108427
Indiana (18),1992,Not Hispanic or Latino,5566120
Indiana (18),1993,Hispanic or Latino,115591
Indiana (18),1993,Not Hispanic or Latino,5623428
Indiana (18),1994,Hispanic or Latino,123615
Indiana (18),1994,Not Hispanic or Latino,5669911
Indiana (18),1995,Hispanic or Latino,134940
Indiana (18),1995,Not Hispanic or Latino,5716519
Indiana (18),1996,Hispanic or Latino,147262
Indiana (18),1996,Not Hispanic or Latino,5758751
Indiana (18),1997,Hispanic or Latino,162178
Indiana (18),1997,Not Hispanic or Latino,5793089
Indiana (18),1998,Hispanic or Latino,179009
Indiana (18),1998,Not Hispanic or Latino,5819872
Indiana (18),1999,Hispanic or Latino,196996
Indiana (18),1999,Not Hispanic or Latino,5847974
Indiana (18),2000,Hispanic or Latino,217326
Indiana (18),2000,Not Hispanic or Latino,5874540
Indiana (18),2001,Hispanic or Latino,234469
Indiana (18),2001,Not Hispanic or Latino,5893291
Indiana (18),2002,Hispanic or Latino,249409
Indiana (18),2002,Not Hispanic or Latino,5906558
Indiana (18),2003,Hispanic or Latino,266236
Indiana (18),2003,Not Hispanic or Latino,5930402
Indiana (18),2004,Hispanic or Latino,283216
Indiana (18),2004,Not Hispanic or Latino,5949791
Indiana (18),2005,Hispanic or Latino,303357
Indiana (18),2005,Not Hispanic or Latino,5975259
Indiana (18),2006,Hispanic or Latino,324357
Indiana (18),2006,Not Hispanic or Latino,6008312
Indiana (18),2007,Hispanic or Latino,343653
Indiana (18),2007,Not Hispanic or Latino,6035946
Indiana (18),2008,Hispanic or Latino,361715
Indiana (18),2008,Not Hispanic or Latino,6063091
Indiana (18),2009,Hispanic or Latino,377857
Indiana (18),2009,Not Hispanic or Latino,6081468
Indiana (18),2010,Hispanic or Latino,391448
Indiana (18),2010,Not Hispanic or Latino,6098984
Indiana (18),2011,Hispanic or Latino,399978
Indiana (18),2011,Not Hispanic or Latino,6116550
Indiana (18),2012,Hispanic or Latino,408475
Indiana (18),2012,Not Hispanic or Latino,6129228
Indiana (18),2013,Hispanic or Latino,418981
Indiana (18),2013,Not Hispanic or Latino,6149732
Indiana (18),2014,Hispanic or Latino,428308
Indiana (18),2014,Not Hispanic or Latino,6165336
Indiana (18),2015,Hispanic or Latino,437032
Indiana (18),2015,Not Hispanic or Latino,6171390
Indiana (18),2016,Hispanic or Latino,449016
Indiana (18),2016,Not Hispanic or Latino,6185288
Indiana (18),2017,Hispanic or Latino,461327
Indiana (18),2017,Not Hispanic or Latino,6196751
Indiana (18),2018,Hispanic or Latino,475652
Indiana (18),2018,Not Hispanic or Latino,6219845
Indiana (18),2019,Hispanic or Latino,489353
Indiana (18),2019,Not Hispanic or Latino,6242866
Iowa (19),1990,Hispanic or Latino,31923
Iowa (19),1990,Not Hispanic or Latino,2749095
Iowa (19),1991,Hispanic or Latino,35066
Iowa (19),1991,Not Hispanic or Latino,2762547
Iowa (19),1992,Hispanic or Latino,36511
Iowa (19),1992,Not Hispanic or Latino,2781890
Iowa (19),1993,Hispanic or Latino,39710
Iowa (19),1993,Not Hispanic or Latino,2797262
Iowa (19),1994,Hispanic or Latino,43389
Iowa (19),1994,Not Hispanic or Latino,2807357
Iowa (19),1995,Hispanic or Latino,47637
Iowa (19),1995,Not Hispanic or Latino,2819736
Iowa (19),1996,Hispanic or Latino,52769
Iowa (19),1996,Not Hispanic or Latino,2827232
Iowa (19),1997,Hispanic or Latino,57331
Iowa (19),1997,Not Hispanic or Latino,2833788
Iowa (19),1998,Hispanic or Latino,63709
Iowa (19),1998,Not Hispanic or Latino,2839163
Iowa (19),1999,Hispanic or Latino,71985
Iowa (19),1999,Not Hispanic or Latino,2845649
Iowa (19),2000,Hispanic or Latino,83414
Iowa (19),2000,Not Hispanic or Latino,2845653
Iowa (19),2001,Hispanic or Latino,90470
Iowa (19),2001,Not Hispanic or Latino,2841527
Iowa (19),2002,Hispanic or Latino,96786
Iowa (19),2002,Not Hispanic or Latino,2837448
Iowa (19),2003,Hispanic or Latino,103031
Iowa (19),2003,Not Hispanic or Latino,2838968
Iowa (19),2004,Hispanic or Latino,109772
Iowa (19),2004,Not Hispanic or Latino,2843863
Iowa (19),2005,Hispanic or Latino,116416
Iowa (19),2005,Not Hispanic or Latino,2848038
Iowa (19),2006,Hispanic or Latino,123714
Iowa (19),2006,Not Hispanic or Latino,2858930
Iowa (19),2007,Hispanic or Latino,131042
Iowa (19),2007,Not Hispanic or Latino,2868170
Iowa (19),2008,Hispanic or Latino,137819
Iowa (19),2008,Not Hispanic or Latino,2878915
Iowa (19),2009,Hispanic or Latino,146041
Iowa (19),2009,Not Hispanic or Latino,2886829
Iowa (19),2010,Hispanic or Latino,153244
Iowa (19),2010,Not Hispanic or Latino,2897501
Iowa (19),2011,Hispanic or Latino,158240
Iowa (19),2011,Not Hispanic or Latino,2908096
Iowa (19),2012,Hispanic or Latino,162632
Iowa (19),2012,Not Hispanic or Latino,2913558
Iowa (19),2013,Hispanic or Latino,168372
Iowa (19),2013,Not Hispanic or Latino,2924625
Iowa (19),2014,Hispanic or Latino,173045
Iowa (19),2014,Not Hispanic or Latino,2936305
Iowa (19),2015,Hispanic or Latino,178332
Iowa (19),2015,Not Hispanic or Latino,2942628
Iowa (19),2016,Hispanic or Latino,183725
Iowa (19),2016,Not Hispanic or Latino,2947646
Iowa (19),2017,Hispanic or Latino,188928
Iowa (19),2017,Not Hispanic or Latino,2952622
Iowa (19),2018,Hispanic or Latino,194214
Iowa (19),2018,Not Hispanic or Latino,2954404
Iowa (19),2019,Hispanic or Latino,198550
Iowa (19),2019,Not Hispanic or Latino,2956520
Kansas (20),1990,Hispanic or Latino,93332
Kansas (20),1990,Not Hispanic or Latino,2388017
Kansas (20),1991,Hispanic or Latino,98510
Kansas (20),1991,Not Hispanic or Latino,2400212
Kansas (20),1992,Hispanic or Latino,105514
Kansas (20),1992,Not Hispanic or Latino,2426881
Kansas (20),1993,Hispanic or Latino,112669
Kansas (20),1993,Not Hispanic or Latino,2443878
Kansas (20),1994,Hispanic or Latino,120673
Kansas (20),1994,Not Hispanic or Latino,2459840
Kansas (20),1995,Hispanic or Latino,129670
Kansas (20),1995,Not Hispanic or Latino,2471338
Kansas (20),1996,Hispanic or Latino,138865
Kansas (20),1996,Not Hispanic or Latino,2475689
Kansas (20),1997,Hispanic or Latino,150022
Kansas (20),1997,Not Hispanic or Latino,2485270
Kansas (20),1998,Hispanic or Latino,162249
Kansas (20),1998,Not Hispanic or Latino,2498349
Kansas (20),1999,Hispanic or Latino,174731
Kansas (20),1999,Not Hispanic or Latino,2503607
Kansas (20),2000,Hispanic or Latino,190633
Kansas (20),2000,Not Hispanic or Latino,2503048
Kansas (20),2001,Hispanic or Latino,200720
Kansas (20),2001,Not Hispanic or Latino,2501442
Kansas (20),2002,Hispanic or Latino,210500
Kansas (20),2002,Not Hispanic or Latino,2503035
Kansas (20),2003,Hispanic or Latino,220354
Kansas (20),2003,Not Hispanic or Latino,2502650
Kansas (20),2004,Hispanic or Latino,230124
Kansas (20),2004,Not Hispanic or Latino,2504249
Kansas (20),2005,Hispanic or Latino,240651
Kansas (20),2005,Not Hispanic or Latino,2504648
Kansas (20),2006,Hispanic or Latino,251627
Kansas (20),2006,Not Hispanic or Latino,2511304
Kansas (20),2007,Hispanic or Latino,263655
Kansas (20),2007,Not Hispanic or Latino,2520130
Kansas (20),2008,Hispanic or Latino,276744
Kansas (20),2008,Not Hispanic or Latino,2531332
Kansas (20),2009,Hispanic or Latino,289553
Kansas (20),2009,Not Hispanic or Latino,2543151
Kansas (20),2010,Hispanic or Latino,302147
Kansas (20),2010,Not Hispanic or Latino,2556043
Kansas (20),2011,Hispanic or Latino,308328
Kansas (20),2011,Not Hispanic or Latino,2560897
Kansas (20),2012,Hispanic or Latino,315608
Kansas (20),2012,Not Hispanic or Latino,2569649
Kansas (20),2013,Hispanic or Latino,321692
Kansas (20),2013,Not Hispanic or Latino,2571520
Kansas (20),2014,Hispanic or Latino,328576
Kansas (20),2014,Not Hispanic or Latino,2571899
Kansas (20),2015,Hispanic or Latino,335062
Kansas (20),2015,Not Hispanic or Latino,2573949
Kansas (20),2016,Hispanic or Latino,340741
Kansas (20),2016,Not Hispanic or Latino,2570103
Kansas (20),2017,Hispanic or Latino,345781
Kansas (20),2017,Not Hispanic or Latino,2562937
Kansas (20),2018,Hispanic or Latino,351378
Kansas (20),2018,Not Hispanic or Latino,2559981
Kansas (20),2019,Hispanic or Latino,356073
Kansas (20),2019,Not Hispanic or Latino,2557241
Kentucky (21),1990,Hispanic or Latino,21180
Kentucky (21),1990,Not Hispanic or Latino,3672868
Kentucky (21),1991,Hispanic or Latino,21912
Kentucky (21),1991,Not Hispanic or Latino,3700416
Kentucky (21),1992,Hispanic or Latino,23119
Kentucky (21),1992,Not Hispanic or Latino,3742350
Kentucky (21),1993,Hispanic or Latino,25787
Kentucky (21),1993,Not Hispanic or Latino,3786419
Kentucky (21),1994,Hispanic or Latino,27575
Kentucky (21),1994,Not Hispanic or Latino,3821513
Kentucky (21),1995,Hispanic or Latino,29812
Kentucky (21),1995,Not Hispanic or Latino,3857615
Kentucky (21),1996,Hispanic or Latino,33724
Kentucky (21),1996,Not Hispanic or Latino,3885812
Kentucky (21),1997,Hispanic or Latino,37839
Kentucky (21),1997,Not Hispanic or Latino,3914908
Kentucky (21),1998,Hispanic or Latino,43547
Kentucky (21),1998,Not Hispanic or Latino,3941844
Kentucky (21),1999,Hispanic or Latino,50110
Kentucky (21),1999,Not Hispanic or Latino,3967943
Kentucky (21),2000,Hispanic or Latino,60730
Kentucky (21),2000,Not Hispanic or Latino,3988291
Kentucky (21),2001,Hispanic or Latino,67160
Kentucky (21),2001,Not Hispanic or Latino,4000972
Kentucky (21),2002,Hispanic or Latino,73197
Kentucky (21),2002,Not Hispanic or Latino,4016678
Kentucky (21),2003,Hispanic or Latino,80016
Kentucky (21),2003,Not Hispanic or Latino,4037154
Kentucky (21),2004,Hispanic or Latino,87207
Kentucky (21),2004,Not Hispanic or Latino,4058894
Kentucky (21),2005,Hispanic or Latino,95238
Kentucky (21),2005,Not Hispanic or Latino,4087504
Kentucky (21),2006,Hispanic or Latino,102180
Kentucky (21),2006,Not Hispanic or Latino,4117059
Kentucky (21),2007,Hispanic or Latino,110919
Kentucky (21),2007,Not Hispanic or Latino,4145753
Kentucky (21),2008,Hispanic or Latino,118362
Kentucky (21),2008,Not Hispanic or Latino,4171516
Kentucky (21),2009,Hispanic or Latino,126724
Kentucky (21),2009,Not Hispanic or Latino,4190350
Kentucky (21),2010,Hispanic or Latino,134177
Kentucky (21),2010,Not Hispanic or Latino,4214004
Kentucky (21),2011,Hispanic or Latino,138045
Kentucky (21),2011,Not Hispanic or Latino,4231776
Kentucky (21),2012,Hispanic or Latino,142706
Kentucky (21),2012,Not Hispanic or Latino,4243640
Kentucky (21),2013,Hispanic or Latino,147609
Kentucky (21),2013,Not Hispanic or Latino,4257050
Kentucky (21),2014,Hispanic or Latino,150109
Kentucky (21),2014,Not Hispanic or Latino,4264240
Kentucky (21),2015,Hispanic or Latino,153558
Kentucky (21),2015,Not Hispanic or Latino,4272418
Kentucky (21),2016,Hispanic or Latino,158310
Kentucky (21),2016,Not Hispanic or Latino,4279872
Kentucky (21),2017,Hispanic or Latino,164491
Kentucky (21),2017,Not Hispanic or Latino,4287777
Kentucky (21),2018,Hispanic or Latino,170343
Kentucky (21),2018,Not Hispanic or Latino,4290810
Kentucky (21),2019,Hispanic or Latino,174706
Kentucky (21),2019,Not Hispanic or Latino,4292967
Louisiana (22),1990,Hispanic or Latino,92013
Louisiana (22),1990,Not Hispanic or Latino,4129519
Louisiana (22),1991,Hispanic or Latino,94082
Louisiana (22),1991,Not Hispanic or Latino,4159197
Louisiana (22),1992,Hispanic or Latino,95193
Louisiana (22),1992,Not Hispanic or Latino,4197810
Louisiana (22),1993,Hispanic or Latino,95034
Louisiana (22),1993,Not Hispanic or Latino,4221394
Louisiana (22),1994,Hispanic or Latino,96270
Louisiana (22),1994,Not Hispanic or Latino,4251211
Louisiana (22),1995,Hispanic or Latino,98424
Louisiana (22),1995,Not Hispanic or Latino,4280355
Louisiana (22),1996,Hispanic or Latino,99615
Louisiana (22),1996,Not Hispanic or Latino,4299262
Louisiana (22),1997,Hispanic or Latino,101156
Louisiana (22),1997,Not Hispanic or Latino,4319916
Louisiana (22),1998,Hispanic or Latino,102944
Louisiana (22),1998,Not Hispanic or Latino,4337400
Louisiana (22),1999,Hispanic or Latino,104926
Louisiana (22),1999,Not Hispanic or Latino,4355885
Louisiana (22),2000,Hispanic or Latino,108997
Louisiana (22),2000,Not Hispanic or Latino,4362888
Louisiana (22),2001,Hispanic or Latino,116210
Louisiana (22),2001,Not Hispanic or Latino,4361665
Louisiana (22),2002,Hispanic or Latino,124055
Louisiana (22),2002,Not Hispanic or Latino,4373212
Louisiana (22),2003,Hispanic or Latino,131268
Louisiana (22),2003,Not Hispanic or Latino,4389774
Louisiana (22),2004,Hispanic or Latino,139738
Louisiana (22),2004,Not Hispanic or Latino,4412500
Louisiana (22),2005,Hispanic or Latino,148801
Louisiana (22),2005,Not Hispanic or Latino,4427827
Louisiana (22),2006,Hispanic or Latino,145440
Louisiana (22),2006,Not Hispanic or Latino,4157225
Louisiana (22),2007,Hispanic or Latino,158851
Louisiana (22),2007,Not Hispanic or Latino,4216730
Louisiana (22),2008,Hispanic or Latino,170866
Louisiana (22),2008,Not Hispanic or Latino,4264720
Louisiana (22),2009,Hispanic or Latino,183456
Louisiana (22),2009,Not Hispanic or Latino,4308192
Louisiana (22),2010,Hispanic or Latino,194086
Louisiana (22),2010,Not Hispanic or Latino,4350446
Louisiana (22),2011,Hispanic or Latino,202074
Louisiana (22),2011,Not Hispanic or Latino,4373551
Louisiana (22),2012,Hispanic or Latino,208103
Louisiana (22),2012,Not Hispanic or Latino,4392869
Louisiana (22),2013,Hispanic or Latino,216274
Louisiana (22),2013,Not Hispanic or Latino,4408253
Louisiana (22),2014,Hispanic or Latino,222812
Louisiana (22),2014,Not Hispanic or Latino,4421201
Louisiana (22),2015,Hispanic or Latino,229543
Louisiana (22),2015,Not Hispanic or Latino,4435085
Louisiana (22),2016,Hispanic or Latino,235624
Louisiana (22),2016,Not Hispanic or Latino,4442511
Louisiana (22),2017,Hispanic or Latino,238909
Louisiana (22),2017,Not Hispanic or Latino,4431651
Louisiana (22),2018,Hispanic or Latino,242798
Louisiana (22),2018,Not Hispanic or Latino,4416892
Louisiana (22),2019,Hispanic or Latino,246972
Louisiana (22),2019,Not Hispanic or Latino,4401822
Maine (23),1990,Hispanic or Latino,6597
Maine (23),1990,Not Hispanic or Latino,1225122
Maine (23),1991,Hispanic or Latino,6603
Maine (23),1991,Not Hispanic or Latino,1230478
Maine (23),1992,Hispanic or Latino,6698
Maine (23),1992,Not Hispanic or Latino,1231810
Maine (23),1993,Hispanic or Latino,6694
Maine (23),1993,Not Hispanic or Latino,1235608
Maine (23),1994,Hispanic or Latino,6972
Maine (23),1994,Not Hispanic or Latino,1235690
Maine (23),1995,Hispanic or Latino,7183
Maine (23),1995,Not Hispanic or Latino,1236298
Maine (23),1996,Hispanic or Latino,7917
Maine (23),1996,Not Hispanic or Latino,1241143
Maine (23),1997,Hispanic or Latino,7930
Maine (23),1997,Not Hispanic or Latino,1246844
Maine (23),1998,Hispanic or Latino,8544
Maine (23),1998,Not Hispanic or Latino,1250583
Maine (23),1999,Hispanic or Latino,8716
Maine (23),1999,Not Hispanic or Latino,1258092
Maine (23),2000,Hispanic or Latino,9421
Maine (23),2000,Not Hispanic or Latino,1267651
Maine (23),2001,Hispanic or Latino,10490
Maine (23),2001,Not Hispanic or Latino,1275202
Maine (23),2002,Hispanic or Latino,11465
Maine (23),2002,Not Hispanic or Latino,1284495
Maine (23),2003,Hispanic or Latino,12520
Maine (23),2003,Not Hispanic or Latino,1293993
Maine (23),2004,Hispanic or Latino,13464
Maine (23),2004,Not Hispanic or Latino,1300224
Maine (23),2005,Hispanic or Latino,14307
Maine (23),2005,Not Hispanic or Latino,1304480
Maine (23),2006,Hispanic or Latino,15085
Maine (23),2006,Not Hispanic or Latino,1308534
Maine (23),2007,Hispanic or Latino,15794
Maine (23),2007,Not Hispanic or Latino,1311246
Maine (23),2008,Hispanic or Latino,16499
Maine (23),2008,Not Hispanic or Latino,1314010
Maine (23),2009,Hispanic or Latino,17117
Maine (23),2009,Not Hispanic or Latino,1312473
Maine (23),2010,Hispanic or Latino,17004
Maine (23),2010,Not Hispanic or Latino,1310625
Maine (23),2011,Hispanic or Latino,17714
Maine (23),2011,Not Hispanic or Latino,1310570
Maine (23),2012,Hispanic or Latino,18233
Maine (23),2012,Not Hispanic or Latino,1309496
Maine (23),2013,Hispanic or Latino,19141
Maine (23),2013,Not Hispanic or Latino,1308868
Maine (23),2014,Hispanic or Latino,20135
Maine (23),2014,Not Hispanic or Latino,1310378
Maine (23),2015,Hispanic or Latino,20604
Maine (23),2015,Not Hispanic or Latino,1307658
Maine (23),2016,Hispanic or Latino,21280
Maine (23),2016,Not Hispanic or Latino,1310037
Maine (23),2017,Hispanic or Latino,22100
Maine (23),2017,Not Hispanic or Latino,1312512
Maine (23),2018,Hispanic or Latino,22831
Maine (23),2018,Not Hispanic or Latino,1316226
Maine (23),2019,Hispanic or Latino,23700
Maine (23),2019,Not Hispanic or Latino,1320512
Maryland (24),1990,Hispanic or Latino,126350
Maryland (24),1990,Not Hispanic or Latino,4673420
Maryland (24),1991,Hispanic or Latino,135137
Maryland (24),1991,Not Hispanic or Latino,4732504
Maryland (24),1992,Hispanic or Latino,142474
Maryland (24),1992,Not Hispanic or Latino,4780895
Maryland (24),1993,Hispanic or Latino,152017
Maryland (24),1993,Not Hispanic or Latino,4819872
Maryland (24),1994,Hispanic or Latino,161075
Maryland (24),1994,Not Hispanic or Latino,4861985
Maryland (24),1995,Hispanic or Latino,169682
Maryland (24),1995,Not Hispanic or Latino,4900351
Maryland (24),1996,Hispanic or Latino,178182
Maryland (24),1996,Not Hispanic or Latino,4933804
Maryland (24),1997,Hispanic or Latino,189941
Maryland (24),1997,Not Hispanic or Latino,4967387
Maryland (24),1998,Hispanic or Latino,202351
Maryland (24),1998,Not Hispanic or Latino,5002113
Maryland (24),1999,Hispanic or Latino,215069
Maryland (24),1999,Not Hispanic or Latino,5039440
Maryland (24),2000,Hispanic or Latino,231155
Maryland (24),2000,Not Hispanic or Latino,5079879
Maryland (24),2001,Hispanic or Latino,251351
Maryland (24),2001,Not Hispanic or Latino,5123340
Maryland (24),2002,Hispanic or Latino,273885
Maryland (24),2002,Not Hispanic or Latino,5166504
Maryland (24),2003,Hispanic or Latino,297565
Maryland (24),2003,Not Hispanic or Latino,5198704
Maryland (24),2004,Hispanic or Latino,322895
Maryland (24),2004,Not Hispanic or Latino,5224040
Maryland (24),2005,Hispanic or Latino,350749
Maryland (24),2005,Not Hispanic or Latino,5241630
Maryland (24),2006,Hispanic or Latino,379462
Maryland (24),2006,Not Hispanic or Latino,5247905
Maryland (24),2007,Hispanic or Latino,406186
Maryland (24),2007,Not Hispanic or Latino,5247222
Maryland (24),2008,Hispanic or Latino,430375
Maryland (24),2008,Not Hispanic or Latino,5254590
Maryland (24),2009,Hispanic or Latino,452784
Maryland (24),2009,Not Hispanic or Latino,5277604
Maryland (24),2010,Hispanic or Latino,475412
Maryland (24),2010,Not Hispanic or Latino,5313233
Maryland (24),2011,Hispanic or Latino,493199
Maryland (24),2011,Not Hispanic or Latino,5346220
Maryland (24),2012,Hispanic or Latino,511083
Maryland (24),2012,Not Hispanic or Latino,5375909
Maryland (24),2013,Hispanic or Latino,528082
Maryland (24),2013,Not Hispanic or Latino,5395106
Maryland (24),2014,Hispanic or Latino,549447
Maryland (24),2014,Not Hispanic or Latino,5407836
Maryland (24),2015,Hispanic or Latino,568379
Maryland (24),2015,Not Hispanic or Latino,5417183
Maryland (24),2016,Hispanic or Latino,587148
Maryland (24),2016,Not Hispanic or Latino,5416175
Maryland (24),2017,Hispanic or Latino,606677
Maryland (24),2017,Not Hispanic or Latino,5417191
Maryland (24),2018,Hispanic or Latino,626378
Maryland (24),2018,Not Hispanic or Latino,5409424
Maryland (24),2019,Hispanic or Latino,643822
Maryland (24),2019,Not Hispanic or Latino,5401858
Massachusetts (25),1990,Hispanic or Latino,289315
Massachusetts (25),1990,Not Hispanic or Latino,5733324
Massachusetts (25),1991,Hispanic or Latino,299996
Massachusetts (25),1991,Not Hispanic or Latino,5718474
Massachusetts (25),1992,Hispanic or Latino,310612
Massachusetts (25),1992,Not Hispanic or Latino,5718097
Massachusetts (25),1993,Hispanic or Latino,323222
Massachusetts (25),1993,Not Hispanic or Latino,5737347
Massachusetts (25),1994,Hispanic or Latino,335069
Massachusetts (25),1994,Not Hispanic or Latino,5760172
Massachusetts (25),1995,Hispanic or Latino,349788
Massachusetts (25),1995,Not Hispanic or Latino,5791657
Massachusetts (25),1996,Hispanic or Latino,363973
Massachusetts (25),1996,Not Hispanic or Latino,5815783
Massachusetts (25),1997,Hispanic or Latino,379688
Massachusetts (25),1997,Not Hispanic or Latino,5846370
Massachusetts (25),1998,Hispanic or Latino,397698
Massachusetts (25),1998,Not Hispanic or Latino,5874140
Massachusetts (25),1999,Hispanic or Latino,415172
Massachusetts (25),1999,Not Hispanic or Latino,5902173
Massachusetts (25),2000,Hispanic or Latino,433611
Massachusetts (25),2000,Not Hispanic or Latino,5927493
Massachusetts (25),2001,Hispanic or Latino,455161
Massachusetts (25),2001,Not Hispanic or Latino,5942473
Massachusetts (25),2002,Hispanic or Latino,473815
Massachusetts (25),2002,Not Hispanic or Latino,5943391
Massachusetts (25),2003,Hispanic or Latino,490907
Massachusetts (25),2003,Not Hispanic or Latino,5931658
Massachusetts (25),2004,Hispanic or Latino,506289
Massachusetts (25),2004,Not Hispanic or Latino,5905992
Massachusetts (25),2005,Hispanic or Latino,521987
Massachusetts (25),2005,Not Hispanic or Latino,5881303
Massachusetts (25),2006,Hispanic or Latino,540944
Massachusetts (25),2006,Not Hispanic or Latino,5869140
Massachusetts (25),2007,Hispanic or Latino,561049
Massachusetts (25),2007,Not Hispanic or Latino,5870510
Massachusetts (25),2008,Hispanic or Latino,584748
Massachusetts (25),2008,Not Hispanic or Latino,5884219
Massachusetts (25),2009,Hispanic or Latino,609411
Massachusetts (25),2009,Not Hispanic or Latino,5908202
Massachusetts (25),2010,Hispanic or Latino,634029
Massachusetts (25),2010,Not Hispanic or Latino,5932278
Massachusetts (25),2011,Hispanic or Latino,658726
Massachusetts (25),2011,Not Hispanic or Latino,5954857
Massachusetts (25),2012,Hispanic or Latino,684656
Massachusetts (25),2012,Not Hispanic or Latino,5978349
Massachusetts (25),2013,Hispanic or Latino,710107
Massachusetts (25),2013,Not Hispanic or Latino,6003208
Massachusetts (25),2014,Hispanic or Latino,736337
Massachusetts (25),2014,Not Hispanic or Latino,6026259
Massachusetts (25),2015,Hispanic or Latino,761609
Massachusetts (25),2015,Not Hispanic or Latino,6032619
Massachusetts (25),2016,Hispanic or Latino,785078
Massachusetts (25),2016,Not Hispanic or Latino,6038530
Massachusetts (25),2017,Hispanic or Latino,811426
Massachusetts (25),2017,Not Hispanic or Latino,6048363
Massachusetts (25),2018,Hispanic or Latino,838281
Massachusetts (25),2018,Not Hispanic or Latino,6044354
Massachusetts (25),2019,Hispanic or Latino,854907
Massachusetts (25),2019,Not Hispanic or Latino,6037596
Michigan (26),1990,Hispanic or Latino,202246
Michigan (26),1990,Not Hispanic or Latino,9109073
Michigan (26),1991,Hispanic or Latino,211302
Michigan (26),1991,Not Hispanic or Latino,9189144
Michigan (26),1992,Hispanic or Latino,218133
Michigan (26),1992,Not Hispanic or Latino,9260932
Michigan (26),1993,Hispanic or Latino,226421
Michigan (26),1993,Not Hispanic or Latino,9313693
Michigan (26),1994,Hispanic or Latino,235489
Michigan (26),1994,Not Hispanic or Latino,9362248
Michigan (26),1995,Hispanic or Latino,247532
Michigan (26),1995,Not Hispanic or Latino,9428679
Michigan (26),1996,Hispanic or Latino,262484
Michigan (26),1996,Not Hispanic or Latino,9496161
Michigan (26),1997,Hispanic or Latino,276535
Michigan (26),1997,Not Hispanic or Latino,9532516
Michigan (26),1998,Hispanic or Latino,291317
Michigan (26),1998,Not Hispanic or Latino,9556625
Michigan (26),1999,Hispanic or Latino,307670
Michigan (26),1999,Not Hispanic or Latino,9589446
Michigan (26),2000,Hispanic or Latino,327050
Michigan (26),2000,Not Hispanic or Latino,9625400
Michigan (26),2001,Hispanic or Latino,343617
Michigan (26),2001,Not Hispanic or Latino,9647503
Michigan (26),2002,Hispanic or Latino,357136
Michigan (26),2002,Not Hispanic or Latino,9658574
Michigan (26),2003,Hispanic or Latino,369577
Michigan (26),2003,Not Hispanic or Latino,9671575
Michigan (26),2004,Hispanic or Latino,381150
Michigan (26),2004,Not Hispanic or Latino,9674165
Michigan (26),2005,Hispanic or Latino,392685
Michigan (26),2005,Not Hispanic or Latino,9658452
Michigan (26),2006,Hispanic or Latino,403658
Michigan (26),2006,Not Hispanic or Latino,9632423
Michigan (26),2007,Hispanic or Latino,412393
Michigan (26),2007,Not Hispanic or Latino,9588891
Michigan (26),2008,Hispanic or Latino,420926
Michigan (26),2008,Not Hispanic or Latino,9525963
Michigan (26),2009,Hispanic or Latino,429423
Michigan (26),2009,Not Hispanic or Latino,9472168
Michigan (26),2010,Hispanic or Latino,437872
Michigan (26),2010,Not Hispanic or Latino,9439638
Michigan (26),2011,Hispanic or Latino,446702
Michigan (26),2011,Not Hispanic or Latino,9435710
Michigan (26),2012,Hispanic or Latino,458236
Michigan (26),2012,Not Hispanic or Latino,9438909
Michigan (26),2013,Hispanic or Latino,467590
Michigan (26),2013,Not Hispanic or Latino,9445475
Michigan (26),2014,Hispanic or Latino,476714
Michigan (26),2014,Not Hispanic or Latino,9453134
Michigan (26),2015,Hispanic or Latino,485172
Michigan (26),2015,Not Hispanic or Latino,9446543
Michigan (26),2016,Hispanic or Latino,496928
Michigan (26),2016,Not Hispanic or Latino,9453643
Michigan (26),2017,Hispanic or Latino,507455
Michigan (26),2017,Not Hispanic or Latino,9465659
Michigan (26),2018,Hispanic or Latino,518477
Michigan (26),2018,Not Hispanic or Latino,9465595
Michigan (26),2019,Hispanic or Latino,528205
Michigan (26),2019,Not Hispanic or Latino,9458652
Minnesota (27),1990,Hispanic or Latino,53704
Minnesota (27),1990,Not Hispanic or Latino,4336153
Minnesota (27),1991,Hispanic or Latino,57854
Minnesota (27),1991,Not Hispanic or Latino,4383005
Minnesota (27),1992,Hispanic or Latino,63066
Minnesota (27),1992,Not Hispanic or Latino,4432506
Minnesota (27),1993,Hispanic or Latino,69716
Minnesota (27),1993,Not Hispanic or Latino,4486240
Minnesota (27),1994,Hispanic or Latino,75294
Minnesota (27),1994,Not Hispanic or Latino,4535061
Minnesota (27),1995,Hispanic or Latino,82716
Minnesota (27),1995,Not Hispanic or Latino,4577464
Minnesota (27),1996,Hispanic or Latino,91976
Minnesota (27),1996,Not Hispanic or Latino,4620851
Minnesota (27),1997,Hispanic or Latino,103278
Minnesota (27),1997,Not Hispanic or Latino,4660112
Minnesota (27),1998,Hispanic or Latino,116155
Minnesota (27),1998,Not Hispanic or Latino,4697257
Minnesota (27),1999,Hispanic or Latino,129348
Minnesota (27),1999,Not Hispanic or Latino,4744133
Minnesota (27),2000,Hispanic or Latino,145301
Minnesota (27),2000,Not Hispanic or Latino,4788391
Minnesota (27),2001,Hispanic or Latino,158050
Minnesota (27),2001,Not Hispanic or Latino,4824746
Minnesota (27),2002,Hispanic or Latino,168979
Minnesota (27),2002,Not Hispanic or Latino,4849956
Minnesota (27),2003,Hispanic or Latino,179719
Minnesota (27),2003,Not Hispanic or Latino,4873853
Minnesota (27),2004,Hispanic or Latino,190294
Minnesota (27),2004,Not Hispanic or Latino,4897419
Minnesota (27),2005,Hispanic or Latino,201462
Minnesota (27),2005,Not Hispanic or Latino,4918136
Minnesota (27),2006,Hispanic or Latino,212924
Minnesota (27),2006,Not Hispanic or Latino,4950631
Minnesota (27),2007,Hispanic or Latino,223561
Minnesota (27),2007,Not Hispanic or Latino,4983642
Minnesota (27),2008,Hispanic or Latino,234029
Minnesota (27),2008,Not Hispanic or Latino,5012989
Minnesota (27),2009,Hispanic or Latino,242894
Minnesota (27),2009,Not Hispanic or Latino,5038309
Minnesota (27),2010,Hispanic or Latino,251609
Minnesota (27),2010,Not Hispanic or Latino,5059219
Minnesota (27),2011,Hispanic or Latino,257135
Minnesota (27),2011,Not Hispanic or Latino,5089008
Minnesota (27),2012,Hispanic or Latino,263002
Minnesota (27),2012,Not Hispanic or Latino,5113641
Minnesota (27),2013,Hispanic or Latino,270332
Minnesota (27),2013,Not Hispanic or Latino,5143147
Minnesota (27),2014,Hispanic or Latino,276865
Minnesota (27),2014,Not Hispanic or Latino,5174214
Minnesota (27),2015,Hispanic or Latino,284084
Minnesota (27),2015,Not Hispanic or Latino,5197948
Minnesota (27),2016,Hispanic or Latino,291529
Minnesota (27),2016,Not Hispanic or Latino,5231215
Minnesota (27),2017,Hispanic or Latino,300117
Minnesota (27),2017,Not Hispanic or Latino,5266113
Minnesota (27),2018,Hispanic or Latino,308256
Minnesota (27),2018,Not Hispanic or Latino,5297993
Minnesota (27),2019,Hispanic or Latino,315130
Minnesota (27),2019,Not Hispanic or Latino,5324502
Mississippi (28),1990,Hispanic or Latino,14801
Mississippi (28),1990,Not Hispanic or Latino,2564096
Mississippi (28),1991,Hispanic or Latino,15241
Mississippi (28),1991,Not Hispanic or Latino,2583492
Mississippi (28),1992,Hispanic or Latino,16228
Mississippi (28),1992,Not Hispanic or Latino,2607506
Mississippi (28),1993,Hispanic or Latino,16715
Mississippi (28),1993,Not Hispanic or Latino,2638385
Mississippi (28),1994,Hispanic or Latino,18054
Mississippi (28),1994,Not Hispanic or Latino,2670938
Mississippi (28),1995,Hispanic or Latino,19810
Mississippi (28),1995,Not Hispanic or Latino,2702849
Mississippi (28),1996,Hispanic or Latino,22066
Mississippi (28),1996,Not Hispanic or Latino,2726019
Mississippi (28),1997,Hispanic or Latino,24714
Mississippi (28),1997,Not Hispanic or Latino,2752290
Mississippi (28),1998,Hispanic or Latino,27566
Mississippi (28),1998,Not Hispanic or Latino,2777268
Mississippi (28),1999,Hispanic or Latino,30972
Mississippi (28),1999,Not Hispanic or Latino,2797436
Mississippi (28),2000,Hispanic or Latino,40032
Mississippi (28),2000,Not Hispanic or Latino,2808321
Mississippi (28),2001,Hispanic or Latino,44168
Mississippi (28),2001,Not Hispanic or Latino,2808826
Mississippi (28),2002,Hispanic or Latino,47924
Mississippi (28),2002,Not Hispanic or Latino,2810757
Mississippi (28),2003,Hispanic or Latino,51817
Mississippi (28),2003,Not Hispanic or Latino,2816495
Mississippi (28),2004,Hispanic or Latino,55734
Mississippi (28),2004,Not Hispanic or Latino,2833276
Mississippi (28),2005,Hispanic or Latino,60583
Mississippi (28),2005,Not Hispanic or Latino,2845360
Mississippi (28),2006,Hispanic or Latino,64434
Mississippi (28),2006,Not Hispanic or Latino,2840544
Mississippi (28),2007,Hispanic or Latino,70066
Mississippi (28),2007,Not Hispanic or Latino,2858284
Mississippi (28),2008,Hispanic or Latino,74973
Mississippi (28),2008,Not Hispanic or Latino,2872833
Mississippi (28),2009,Hispanic or Latino,79695
Mississippi (28),2009,Not Hispanic or Latino,2879079
Mississippi (28),2010,Hispanic or Latino,82030
Mississippi (28),2010,Not Hispanic or Latino,2888518
Mississippi (28),2011,Hispanic or Latino,83812
Mississippi (28),2011,Not Hispanic or Latino,2894919
Mississippi (28),2012,Hispanic or Latino,84198
Mississippi (28),2012,Not Hispanic or Latino,2899618
Mississippi (28),2013,Hispanic or Latino,86243
Mississippi (28),2013,Not Hispanic or Latino,2902468
Mississippi (28),2014,Hispanic or Latino,88710
Mississippi (28),2014,Not Hispanic or Latino,2901758
Mississippi (28),2015,Hispanic or Latino,90843
Mississippi (28),2015,Not Hispanic or Latino,2897628
Mississippi (28),2016,Hispanic or Latino,92911
Mississippi (28),2016,Not Hispanic or Latino,2895027
Mississippi (28),2017,Hispanic or Latino,96074
Mississippi (28),2017,Not Hispanic or Latino,2892436
Mississippi (28),2018,Hispanic or Latino,98279
Mississippi (28),2018,Not Hispanic or Latino,2882741
Mississippi (28),2019,Hispanic or Latino,100110
Mississippi (28),2019,Not Hispanic or Latino,2876039
Missouri (29),1990,Hispanic or Latino,60949
Missouri (29),1990,Not Hispanic or Latino,5067931
Missouri (29),1991,Hispanic or Latino,62875
Missouri (29),1991,Not Hispanic or Latino,5107925
Missouri (29),1992,Hispanic or Latino,66081
Missouri (29),1992,Not Hispanic or Latino,5151020
Missouri (29),1993,Hispanic or Latino,69703
Missouri (29),1993,Not Hispanic or Latino,5201472
Missouri (29),1994,Hispanic or Latino,73816
Missouri (29),1994,Not Hispanic or Latino,5250681
Missouri (29),1995,Hispanic or Latino,78144
Missouri (29),1995,Not Hispanic or Latino,5300103
Missouri (29),1996,Hispanic or Latino,84445
Missouri (29),1996,Not Hispanic or Latino,5347108
Missouri (29),1997,Hispanic or Latino,91568
Missouri (29),1997,Not Hispanic or Latino,5389625
Missouri (29),1998,Hispanic or Latino,99738
Missouri (29),1998,Not Hispanic or Latino,5422027
Missouri (29),1999,Hispanic or Latino,107669
Missouri (29),1999,Not Hispanic or Latino,5454279
Missouri (29),2000,Hispanic or Latino,119859
Missouri (29),2000,Not Hispanic or Latino,5487426
Missouri (29),2001,Hispanic or Latino,128844
Missouri (29),2001,Not Hispanic or Latino,5512298
Missouri (29),2002,Hispanic or Latino,137828
Missouri (29),2002,Not Hispanic or Latino,5536997
Missouri (29),2003,Hispanic or Latino,146861
Missouri (29),2003,Not Hispanic or Latino,5562542
Missouri (29),2004,Hispanic or Latino,156048
Missouri (29),2004,Not Hispanic or Latino,5591693
Missouri (29),2005,Hispanic or Latino,165970
Missouri (29),2005,Not Hispanic or Latino,5624330
Missouri (29),2006,Hispanic or Latino,177085
Missouri (29),2006,Not Hispanic or Latino,5665619
Missouri (29),2007,Hispanic or Latino,187515
Missouri (29),2007,Not Hispanic or Latino,5700097
Missouri (29),2008,Hispanic or Latino,197017
Missouri (29),2008,Not Hispanic or Latino,5726899
Missouri (29),2009,Hispanic or Latino,205920
Missouri (29),2009,Not Hispanic or Latino,5755168
Missouri (29),2010,Hispanic or Latino,213878
Missouri (29),2010,Not Hispanic or Latino,5782096
Missouri (29),2011,Hispanic or Latino,219064
Missouri (29),2011,Not Hispanic or Latino,5791211
Missouri (29),2012,Hispanic or Latino,224480
Missouri (29),2012,Not Hispanic or Latino,5799887
Missouri (29),2013,Hispanic or Latino,230046
Missouri (29),2013,Not Hispanic or Latino,5810669
Missouri (29),2014,Hispanic or Latino,236000
Missouri (29),2014,Not Hispanic or Latino,5820202
Missouri (29),2015,Hispanic or Latino,242276
Missouri (29),2015,Not Hispanic or Latino,5829456
Missouri (29),2016,Hispanic or Latino,248783
Missouri (29),2016,Not Hispanic or Latino,5838352
Missouri (29),2017,Hispanic or Latino,255716
Missouri (29),2017,Not Hispanic or Latino,5850954
Missouri (29),2018,Hispanic or Latino,262383
Missouri (29),2018,Not Hispanic or Latino,5859240
Missouri (29),2019,Hispanic or Latino,268708
Missouri (29),2019,Not Hispanic or Latino,5868720
Montana (30),1990,Hispanic or Latino,11520
Montana (30),1990,Not Hispanic or Latino,788684
Montana (30),1991,Hispanic or Latino,11831
Montana (30),1991,Not Hispanic or Latino,797849
Montana (30),1992,Hispanic or Latino,12416
Montana (30),1992,Not Hispanic or Latino,813354
Montana (30),1993,Hispanic or Latino,12886
Montana (30),1993,Not Hispanic or Latino,831875
Montana (30),1994,Hispanic or Latino,13700
Montana (30),1994,Not Hispanic or Latino,847606
Montana (30),1995,Hispanic or Latino,14414
Montana (30),1995,Not Hispanic or Latino,862139
Montana (30),1996,Hispanic or Latino,14569
Montana (30),1996,Not Hispanic or Latino,871685
Montana (30),1997,Hispanic or Latino,15121
Montana (30),1997,Not Hispanic or Latino,874744
Montana (30),1998,Hispanic or Latino,15963
Montana (30),1998,Not Hispanic or Latino,876468
Montana (30),1999,Hispanic or Latino,16562
Montana (30),1999,Not Hispanic or Latino,880946
Montana (30),2000,Hispanic or Latino,18191
Montana (30),2000,Not Hispanic or Latino,885582
Montana (30),2001,Hispanic or Latino,19546
Montana (30),2001,Not Hispanic or Latino,887415
Montana (30),2002,Hispanic or Latino,20622
Montana (30),2002,Not Hispanic or Latino,891045
Montana (30),2003,Hispanic or Latino,21814
Montana (30),2003,Not Hispanic or Latino,897816
Montana (30),2004,Hispanic or Latino,22766
Montana (30),2004,Not Hispanic or Latino,907243
Montana (30),2005,Hispanic or Latino,24153
Montana (30),2005,Not Hispanic or Latino,915949
Montana (30),2006,Hispanic or Latino,25301
Montana (30),2006,Not Hispanic or Latino,927391
Montana (30),2007,Hispanic or Latino,26440
Montana (30),2007,Not Hispanic or Latino,938266
Montana (30),2008,Hispanic or Latino,27373
Montana (30),2008,Not Hispanic or Latino,949042
Montana (30),2009,Hispanic or Latino,28210
Montana (30),2009,Not Hispanic or Latino,955772
Montana (30),2010,Hispanic or Latino,28868
Montana (30),2010,Not Hispanic or Latino,961829
Montana (30),2011,Hispanic or Latino,30380
Montana (30),2011,Not Hispanic or Latino,966936
Montana (30),2012,Hispanic or Latino,32106
Montana (30),2012,Not Hispanic or Latino,971677
Montana (30),2013,Hispanic or Latino,33864
Montana (30),2013,Not Hispanic or Latino,979705
Montana (30),2014,Hispanic or Latino,35571
Montana (30),2014,Not Hispanic or Latino,986298
Montana (30),2015,Hispanic or Latino,37275
Montana (30),2015,Not Hispanic or Latino,993200
Montana (30),2016,Hispanic or Latino,38810
Montana (30),2016,Not Hispanic or Latino,1002049
Montana (30),2017,Hispanic or Latino,41015
Montana (30),2017,Not Hispanic or Latino,1011467
Montana (30),2018,Hispanic or Latino,42282
Montana (30),2018,Not Hispanic or Latino,1018383
Montana (30),2019,Hispanic or Latino,43289
Montana (30),2019,Not Hispanic or Latino,1025489
Nebraska (31),1990,Hispanic or Latino,36465
Nebraska (31),1990,Not Hispanic or Latino,1545195
Nebraska (31),1991,Hispanic or Latino,39485
Nebraska (31),1991,Not Hispanic or Latino,1556434
Nebraska (31),1992,Hispanic or Latino,43310
Nebraska (31),1992,Not Hispanic or Latino,1568377
Nebraska (31),1993,Hispanic or Latino,48071
Nebraska (31),1993,Not Hispanic or Latino,1577519
Nebraska (31),1994,Hispanic or Latino,52807
Nebraska (31),1994,Not Hispanic or Latino,1586234
Nebraska (31),1995,Hispanic or Latino,58741
Nebraska (31),1995,Not Hispanic or Latino,1598252
Nebraska (31),1996,Hispanic or Latino,65214
Nebraska (31),1996,Not Hispanic or Latino,1608526
Nebraska (31),1997,Hispanic or Latino,71079
Nebraska (31),1997,Not Hispanic or Latino,1615339
Nebraska (31),1998,Hispanic or Latino,77617
Nebraska (31),1998,Not Hispanic or Latino,1618200
Nebraska (31),1999,Hispanic or Latino,85234
Nebraska (31),1999,Not Hispanic or Latino,1619530
Nebraska (31),2000,Hispanic or Latino,95505
Nebraska (31),2000,Not Hispanic or Latino,1618315
Nebraska (31),2001,Hispanic or Latino,103215
Nebraska (31),2001,Not Hispanic or Latino,1616621
Nebraska (31),2002,Hispanic or Latino,110994
Nebraska (31),2002,Not Hispanic or Latino,1617298
Nebraska (31),2003,Hispanic or Latino,118380
Nebraska (31),2003,Not Hispanic or Latino,1620263
Nebraska (31),2004,Hispanic or Latino,124667
Nebraska (31),2004,Not Hispanic or Latino,1624703
Nebraska (31),2005,Hispanic or Latino,131467
Nebraska (31),2005,Not Hispanic or Latino,1630030
Nebraska (31),2006,Hispanic or Latino,138481
Nebraska (31),2006,Not Hispanic or Latino,1634212
Nebraska (31),2007,Hispanic or Latino,145077
Nebraska (31),2007,Not Hispanic or Latino,1638363
Nebraska (31),2008,Hispanic or Latino,152703
Nebraska (31),2008,Not Hispanic or Latino,1643675
Nebraska (31),2009,Hispanic or Latino,160871
Nebraska (31),2009,Not Hispanic or Latino,1651812
Nebraska (31),2010,Hispanic or Latino,169167
Nebraska (31),2010,Not Hispanic or Latino,1660375
Nebraska (31),2011,Hispanic or Latino,174263
Nebraska (31),2011,Not Hispanic or Latino,1666409
Nebraska (31),2012,Hispanic or Latino,179791
Nebraska (31),2012,Not Hispanic or Latino,1673512
Nebraska (31),2013,Hispanic or Latino,185743
Nebraska (31),2013,Not Hispanic or Latino,1679536
Nebraska (31),2014,Hispanic or Latino,190794
Nebraska (31),2014,Not Hispanic or Latino,1688527
Nebraska (31),2015,Hispanic or Latino,196199
Nebraska (31),2015,Not Hispanic or Latino,1695078
Nebraska (31),2016,Hispanic or Latino,202648
Nebraska (31),2016,Not Hispanic or Latino,1702968
Nebraska (31),2017,Hispanic or Latino,209112
Nebraska (31),2017,Not Hispanic or Latino,1706835
Nebraska (31),2018,Hispanic or Latino,214478
Nebraska (31),2018,Not Hispanic or Latino,1711136
Nebraska (31),2019,Hispanic or Latino,219645
Nebraska (31),2019,Not Hispanic or Latino,1714763
Nevada (32),1990,Hispanic or Latino,127751
Nevada (32),1990,Not Hispanic or Latino,1092944
Nevada (32),1991,Hispanic or Latino,143222
Nevada (32),1991,Not Hispanic or Latino,1152950
Nevada (32),1992,Hispanic or Latino,157036
Nevada (32),1992,Not Hispanic or Latino,1194331
Nevada (32),1993,Hispanic or Latino,173322
Nevada (32),1993,Not Hispanic or Latino,1237893
Nevada (32),1994,Hispanic or Latino,197115
Nevada (32),1994,Not Hispanic or Latino,1302183
Nevada (32),1995,Hispanic or Latino,224954
Nevada (32),1995,Not Hispanic or Latino,1356624
Nevada (32),1996,Hispanic or Latino,252743
Nevada (32),1996,Not Hispanic or Latino,1413577
Nevada (32),1997,Hispanic or Latino,290503
Nevada (32),1997,Not Hispanic or Latino,1473601
Nevada (32),1998,Hispanic or Latino,327888
Nevada (32),1998,Not Hispanic or Latino,1525304
Nevada (32),1999,Hispanic or Latino,364458
Nevada (32),1999,Not Hispanic or Latino,1570260
Nevada (32),2000,Hispanic or Latino,400260
Nevada (32),2000,Not Hispanic or Latino,1618481
Nevada (32),2001,Hispanic or Latino,433396
Nevada (32),2001,Not Hispanic or Latino,1665003
Nevada (32),2002,Hispanic or Latino,465381
Nevada (32),2002,Not Hispanic or Latino,1708410
Nevada (32),2003,Hispanic or Latino,495379
Nevada (32),2003,Not Hispanic or Latino,1753471
Nevada (32),2004,Hispanic or Latino,531663
Nevada (32),2004,Not Hispanic or Latino,1814559
Nevada (32),2005,Hispanic or Latino,570527
Nevada (32),2005,Not Hispanic or Latino,1861616
Nevada (32),2006,Hispanic or Latino,613429
Nevada (32),2006,Not Hispanic or Latino,1909229
Nevada (32),2007,Hispanic or Latino,653390
Nevada (32),2007,Not Hispanic or Latino,1947682
Nevada (32),2008,Hispanic or Latino,681879
Nevada (32),2008,Not Hispanic or Latino,1971751
Nevada (32),2009,Hispanic or Latino,703367
Nevada (32),2009,Not Hispanic or Latino,1981298
Nevada (32),2010,Hispanic or Latino,718501
Nevada (32),2010,Not Hispanic or Latino,1983904
Nevada (32),2011,Hispanic or Latino,729989
Nevada (32),2011,Not Hispanic or Latino,1982741
Nevada (32),2012,Hispanic or Latino,745183
Nevada (32),2012,Not Hispanic or Latino,1998813
Nevada (32),2013,Hispanic or Latino,762687
Nevada (32),2013,Not Hispanic or Latino,2013283
Nevada (32),2014,Hispanic or Latino,781603
Nevada (32),2014,Not Hispanic or Latino,2036025
Nevada (32),2015,Hispanic or Latino,805810
Nevada (32),2015,Not Hispanic or Latino,2061129
Nevada (32),2016,Hispanic or Latino,829044
Nevada (32),2016,Not Hispanic or Latino,2088519
Nevada (32),2017,Hispanic or Latino,852464
Nevada (32),2017,Not Hispanic or Latino,2117441
Nevada (32),2018,Hispanic or Latino,877290
Nevada (32),2018,Not Hispanic or Latino,2150051
Nevada (32),2019,Hispanic or Latino,900600
Nevada (32),2019,Not Hispanic or Latino,2179556
New Hampshire (33),1990,Hispanic or Latino,11286
New Hampshire (33),1990,Not Hispanic or Latino,1101098
New Hampshire (33),1991,Hispanic or Latino,11380
New Hampshire (33),1991,Not Hispanic or Latino,1098549
New Hampshire (33),1992,Hispanic or Latino,11849
New Hampshire (33),1992,Not Hispanic or Latino,1105936
New Hampshire (33),1993,Hispanic or Latino,13080
New Hampshire (33),1993,Not Hispanic or Latino,1116378
New Hampshire (33),1994,Hispanic or Latino,14008
New Hampshire (33),1994,Not Hispanic or Latino,1128553
New Hampshire (33),1995,Hispanic or Latino,14589
New Hampshire (33),1995,Not Hispanic or Latino,1142972
New Hampshire (33),1996,Hispanic or Latino,15544
New Hampshire (33),1996,Not Hispanic or Latino,1159175
New Hampshire (33),1997,Hispanic or Latino,16681
New Hampshire (33),1997,Not Hispanic or Latino,1172744
New Hampshire (33),1998,Hispanic or Latino,17793
New Hampshire (33),1998,Not Hispanic or Latino,1188148
New Hampshire (33),1999,Hispanic or Latino,19397
New Hampshire (33),1999,Not Hispanic or Latino,1202618
New Hampshire (33),2000,Hispanic or Latino,20697
New Hampshire (33),2000,Not Hispanic or Latino,1219185
New Hampshire (33),2001,Hispanic or Latino,23049
New Hampshire (33),2001,Not Hispanic or Latino,1232468
New Hampshire (33),2002,Hispanic or Latino,25288
New Hampshire (33),2002,Not Hispanic or Latino,1243801
New Hampshire (33),2003,Hispanic or Latino,27025
New Hampshire (33),2003,Not Hispanic or Latino,1252815
New Hampshire (33),2004,Hispanic or Latino,28780
New Hampshire (33),2004,Not Hispanic or Latino,1261341
New Hampshire (33),2005,Hispanic or Latino,30429
New Hampshire (33),2005,Not Hispanic or Latino,1268063
New Hampshire (33),2006,Hispanic or Latino,32338
New Hampshire (33),2006,Not Hispanic or Latino,1276051
New Hampshire (33),2007,Hispanic or Latino,33742
New Hampshire (33),2007,Not Hispanic or Latino,1278798
New Hampshire (33),2008,Hispanic or Latino,35202
New Hampshire (33),2008,Not Hispanic or Latino,1280704
New Hampshire (33),2009,Hispanic or Latino,36330
New Hampshire (33),2009,Not Hispanic or Latino,1279772
New Hampshire (33),2010,Hispanic or Latino,36920
New Hampshire (33),2010,Not Hispanic or Latino,1279842
New Hampshire (33),2011,Hispanic or Latino,38624
New Hampshire (33),2011,Not Hispanic or Latino,1281578
New Hampshire (33),2012,Hispanic or Latino,40352
New Hampshire (33),2012,Not Hispanic or Latino,1283880
New Hampshire (33),2013,Hispanic or Latino,41823
New Hampshire (33),2013,Not Hispanic or Latino,1284799
New Hampshire (33),2014,Hispanic or Latino,43500
New Hampshire (33),2014,Not Hispanic or Latino,1289841
New Hampshire (33),2015,Hispanic or Latino,45489
New Hampshire (33),2015,Not Hispanic or Latino,1290861
New Hampshire (33),2016,Hispanic or Latino,47773
New Hampshire (33),2016,Not Hispanic or Latino,1294534
New Hampshire (33),2017,Hispanic or Latino,50276
New Hampshire (33),2017,Not Hispanic or Latino,1298511
New Hampshire (33),2018,Hispanic or Latino,52495
New Hampshire (33),2018,Not Hispanic or Latino,1300970
New Hampshire (33),2019,Hispanic or Latino,54589
New Hampshire (33),2019,Not Hispanic or Latino,1305122
New Jersey (34),1990,Hispanic or Latino,754012
New Jersey (34),1990,Not Hispanic or Latino,7008951
New Jersey (34),1991,Hispanic or Latino,785362
New Jersey (34),1991,Not Hispanic or Latino,7029314
New Jersey (34),1992,Hispanic or Latino,819147
New Jersey (34),1992,Not Hispanic or Latino,7061361
New Jersey (34),1993,Hispanic or Latino,856979
New Jersey (34),1993,Not Hispanic or Latino,7091936
New Jersey (34),1994,Hispanic or Latino,892121
New Jersey (34),1994,Not Hispanic or Latino,7122185
New Jersey (34),1995,Hispanic or Latino,929065
New Jersey (34),1995,Not Hispanic or Latino,7154177
New Jersey (34),1996,Hispanic or Latino,968173
New Jersey (34),1996,Not Hispanic or Latino,7181423
New Jersey (34),1997,Hispanic or Latino,1009758
New Jersey (34),1997,Not Hispanic or Latino,7209050
New Jersey (34),1998,Hispanic or Latino,1049793
New Jersey (34),1998,Not Hispanic or Latino,7237625
New Jersey (34),1999,Hispanic or Latino,1087446
New Jersey (34),1999,Not Hispanic or Latino,7272146
New Jersey (34),2000,Hispanic or Latino,1128903
New Jersey (34),2000,Not Hispanic or Latino,7301718
New Jersey (34),2001,Hispanic or Latino,1173732
New Jersey (34),2001,Not Hispanic or Latino,7318939
New Jersey (34),2002,Hispanic or Latino,1218847
New Jersey (34),2002,Not Hispanic or Latino,7333796
New Jersey (34),2003,Hispanic or Latino,1263523
New Jersey (34),2003,Not Hispanic or Latino,7337879
New Jersey (34),2004,Hispanic or Latino,1304751
New Jersey (34),2004,Not Hispanic or Latino,7329810
New Jersey (34),2005,Hispanic or Latino,1343332
New Jersey (34),2005,Not Hispanic or Latino,7308642
New Jersey (34),2006,Hispanic or Latino,1381040
New Jersey (34),2006,Not Hispanic or Latino,7280639
New Jersey (34),2007,Hispanic or Latino,1419887
New Jersey (34),2007,Not Hispanic or Latino,7257998
New Jersey (34),2008,Hispanic or Latino,1464525
New Jersey (34),2008,Not Hispanic or Latino,7246565
New Jersey (34),2009,Hispanic or Latino,1515870
New Jersey (34),2009,Not Hispanic or Latino,7239732
New Jersey (34),2010,Hispanic or Latino,1564803
New Jersey (34),2010,Not Hispanic or Latino,7234643
New Jersey (34),2011,Hispanic or Latino,1604552
New Jersey (34),2011,Not Hispanic or Latino,7223565
New Jersey (34),2012,Hispanic or Latino,1637277
New Jersey (34),2012,Not Hispanic or Latino,7207665
New Jersey (34),2013,Hispanic or Latino,1669079
New Jersey (34),2013,Not Hispanic or Latino,7187893
New Jersey (34),2014,Hispanic or Latino,1700761
New Jersey (34),2014,Not Hispanic or Latino,7163764
New Jersey (34),2015,Hispanic or Latino,1730691
New Jersey (34),2015,Not Hispanic or Latino,7137258
New Jersey (34),2016,Hispanic or Latino,1761332
New Jersey (34),2016,Not Hispanic or Latino,7109495
New Jersey (34),2017,Hispanic or Latino,1796065
New Jersey (34),2017,Not Hispanic or Latino,7089460
New Jersey (34),2018,Hispanic or Latino,1828769
New Jersey (34),2018,Not Hispanic or Latino,7057256
New Jersey (34),2019,Hispanic or Latino,1856844
New Jersey (34),2019,Not Hispanic or Latino,7025346
New Mexico (35),1990,Hispanic or Latino,584566
New Mexico (35),1990,Not Hispanic or Latino,937008
New Mexico (35),1991,Hispanic or Latino,601897
New Mexico (35),1991,Not Hispanic or Latino,953408
New Mexico (35),1992,Hispanic or Latino,623826
New Mexico (35),1992,Not Hispanic or Latino,971616
New Mexico (35),1993,Hispanic or Latino,643785
New Mexico (35),1993,Not Hispanic or Latino,992668
New Mexico (35),1994,Hispanic or Latino,664969
New Mexico (35),1994,Not Hispanic or Latino,1017429
New Mexico (35),1995,Hispanic or Latino,685146
New Mexico (35),1995,Not Hispanic or Latino,1035248
New Mexico (35),1996,Hispanic or Latino,705839
New Mexico (35),1996,Not Hispanic or Latino,1046487
New Mexico (35),1997,Hispanic or Latino,722960
New Mexico (35),1997,Not Hispanic or Latino,1051879
New Mexico (35),1998,Hispanic or Latino,738868
New Mexico (35),1998,Not Hispanic or Latino,1054616
New Mexico (35),1999,Hispanic or Latino,753569
New Mexico (35),1999,Not Hispanic or Latino,1054513
New Mexico (35),2000,Hispanic or Latino,769988
New Mexico (35),2000,Not Hispanic or Latino,1051216
New Mexico (35),2001,Hispanic or Latino,783543
New Mexico (35),2001,Not Hispanic or Latino,1048147
New Mexico (35),2002,Hispanic or Latino,800870
New Mexico (35),2002,Not Hispanic or Latino,1054439
New Mexico (35),2003,Hispanic or Latino,817520
New Mexico (35),2003,Not Hispanic or Latino,1060054
New Mexico (35),2004,Hispanic or Latino,834722
New Mexico (35),2004,Not Hispanic or Latino,1069086
New Mexico (35),2005,Hispanic or Latino,854026
New Mexico (35),2005,Not Hispanic or Latino,1078248
New Mexico (35),2006,Hispanic or Latino,874649
New Mexico (35),2006,Not Hispanic or Latino,1087488
New Mexico (35),2007,Hispanic or Latino,896537
New Mexico (35),2007,Not Hispanic or Latino,1093533
New Mexico (35),2008,Hispanic or Latino,916565
New Mexico (35),2008,Not Hispanic or Latino,1094097
New Mexico (35),2009,Hispanic or Latino,937564
New Mexico (35),2009,Not Hispanic or Latino,1099238
New Mexico (35),2010,Hispanic or Latino,957910
New Mexico (35),2010,Not Hispanic or Latino,1106642
New Mexico (35),2011,Hispanic or Latino,973245
New Mexico (35),2011,Not Hispanic or Latino,1107205
New Mexico (35),2012,Hispanic or Latino,983883
New Mexico (35),2012,Not Hispanic or Latino,1103426
New Mexico (35),2013,Hispanic or Latino,994664
New Mexico (35),2013,Not Hispanic or Latino,1097609
New Mexico (35),2014,Hispanic or Latino,1000680
New Mexico (35),2014,Not Hispanic or Latino,1088888
New Mexico (35),2015,Hispanic or Latino,1007992
New Mexico (35),2015,Not Hispanic or Latino,1081299
New Mexico (35),2016,Hispanic or Latino,1015173
New Mexico (35),2016,Not Hispanic or Latino,1076457
New Mexico (35),2017,Hispanic or Latino,1020880
New Mexico (35),2017,Not Hispanic or Latino,1070904
New Mexico (35),2018,Hispanic or Latino,1027108
New Mexico (35),2018,Not Hispanic or Latino,1065633
New Mexico (35),2019,Hispanic or Latino,1032942
New Mexico (35),2019,Not Hispanic or Latino,1063887
New York (36),1990,Hispanic or Latino,2230090
New York (36),1990,Not Hispanic or Latino,15790694
New York (36),1991,Hispanic or Latino,2284463
New York (36),1991,Not Hispanic or Latino,15838047
New York (36),1992,Hispanic or Latino,2343289
New York (36),1992,Not Hispanic or Latino,15903364
New York (36),1993,Hispanic or Latino,2417521
New York (36),1993,Not Hispanic or Latino,15957433
New York (36),1994,Hispanic or Latino,2485045
New York (36),1994,Not Hispanic or Latino,15974425
New York (36),1995,Hispanic or Latino,2552088
New York (36),1995,Not Hispanic or Latino,15972016
New York (36),1996,Hispanic or Latino,2613537
New York (36),1996,Not Hispanic or Latino,15974923
New York (36),1997,Hispanic or Latino,2680834
New York (36),1997,Not Hispanic or Latino,15975712
New York (36),1998,Hispanic or Latino,2744922
New York (36),1998,Not Hispanic or Latino,16010984
New York (36),1999,Hispanic or Latino,2812644
New York (36),1999,Not Hispanic or Latino,16070081
New York (36),2000,Hispanic or Latino,2894316
New York (36),2000,Not Hispanic or Latino,16107464
New York (36),2001,Hispanic or Latino,2952390
New York (36),2001,Not Hispanic or Latino,16130448
New York (36),2002,Hispanic or Latino,3007143
New York (36),2002,Not Hispanic or Latino,16130657
New York (36),2003,Hispanic or Latino,3054405
New York (36),2003,Not Hispanic or Latino,16121534
New York (36),2004,Hispanic or Latino,3092293
New York (36),2004,Not Hispanic or Latino,16079274
New York (36),2005,Hispanic or Latino,3125400
New York (36),2005,Not Hispanic or Latino,16007210
New York (36),2006,Hispanic or Latino,3162942
New York (36),2006,Not Hispanic or Latino,15941689
New York (36),2007,Hispanic or Latino,3216035
New York (36),2007,Not Hispanic or Latino,15916300
New York (36),2008,Hispanic or Latino,3284992
New York (36),2008,Not Hispanic or Latino,15927444
New York (36),2009,Hispanic or Latino,3359065
New York (36),2009,Not Hispanic or Latino,15948001
New York (36),2010,Hispanic or Latino,3431541
New York (36),2010,Not Hispanic or Latino,15968337
New York (36),2011,Hispanic or Latino,3496133
New York (36),2011,Not Hispanic or Latino,16003108
New York (36),2012,Hispanic or Latino,3552761
New York (36),2012,Not Hispanic or Latino,16020171
New York (36),2013,Hispanic or Latino,3601735
New York (36),2013,Not Hispanic or Latino,16022712
New York (36),2014,Hispanic or Latino,3640804
New York (36),2014,Not Hispanic or Latino,16010245
New York (36),2015,Hispanic or Latino,3677500
New York (36),2015,Not Hispanic or Latino,15977166
New York (36),2016,Hispanic or Latino,3707660
New York (36),2016,Not Hispanic or Latino,15925768
New York (36),2017,Hispanic or Latino,3725119
New York (36),2017,Not Hispanic or Latino,15864453
New York (36),2018,Hispanic or Latino,3743541
New York (36),2018,Not Hispanic or Latino,15786810
New York (36),2019,Hispanic or Latino,3751058
New York (36),2019,Not Hispanic or Latino,15702503
North Carolina (37),1990,Hispanic or Latino,77118
North Carolina (37),1990,Not Hispanic or Latino,6586898
North Carolina (37),1991,Hispanic or Latino,85654
North Carolina (37),1991,Not Hispanic or Latino,6698626
North Carolina (37),1992,Hispanic or Latino,98247
North Carolina (37),1992,Not Hispanic or Latino,6798967
North Carolina (37),1993,Hispanic or Latino,112882
North Carolina (37),1993,Not Hispanic or Latino,6929936
North Carolina (37),1994,Hispanic or Latino,133661
North Carolina (37),1994,Not Hispanic or Latino,7053737
North Carolina (37),1995,Hispanic or Latino,158562
North Carolina (37),1995,Not Hispanic or Latino,7186112
North Carolina (37),1996,Hispanic or Latino,190949
North Carolina (37),1996,Not Hispanic or Latino,7309721
North Carolina (37),1997,Hispanic or Latino,229570
North Carolina (37),1997,Not Hispanic or Latino,7427255
North Carolina (37),1998,Hispanic or Latino,275255
North Carolina (37),1998,Not Hispanic or Latino,7533867
North Carolina (37),1999,Hispanic or Latino,327051
North Carolina (37),1999,Not Hispanic or Latino,7622311
North Carolina (37),2000,Hispanic or Latino,385209
North Carolina (37),2000,Not Hispanic or Latino,7696405
North Carolina (37),2001,Hispanic or Latino,424721
North Carolina (37),2001,Not Hispanic or Latino,7785401
North Carolina (37),2002,Hispanic or Latino,461933
North Carolina (37),2002,Not Hispanic or Latino,7864268
North Carolina (37),2003,Hispanic or Latino,495533
North Carolina (37),2003,Not Hispanic or Latino,7926968
North Carolina (37),2004,Hispanic or Latino,534364
North Carolina (37),2004,Not Hispanic or Latino,8018788
North Carolina (37),2005,Hispanic or Latino,576892
North Carolina (37),2005,Not Hispanic or Latino,8128515
North Carolina (37),2006,Hispanic or Latino,625096
North Carolina (37),2006,Not Hispanic or Latino,8292174
North Carolina (37),2007,Hispanic or Latino,676428
North Carolina (37),2007,Not Hispanic or Latino,8441609
North Carolina (37),2008,Hispanic or Latino,728646
North Carolina (37),2008,Not Hispanic or Latino,8580803
North Carolina (37),2009,Hispanic or Latino,770622
North Carolina (37),2009,Not Hispanic or Latino,8678944
North Carolina (37),2010,Hispanic or Latino,806437
North Carolina (37),2010,Not Hispanic or Latino,8767886
North Carolina (37),2011,Hispanic or Latino,821192
North Carolina (37),2011,Not Hispanic or Latino,8836400
North Carolina (37),2012,Hispanic or Latino,839479
North Carolina (37),2012,Not Hispanic or Latino,8909997
North Carolina (37),2013,Hispanic or Latino,857206
North Carolina (37),2013,Not Hispanic or Latino,8986130
North Carolina (37),2014,Hispanic or Latino,876543
North Carolina (37),2014,Not Hispanic or Latino,9056344
North Carolina (37),2015,Hispanic or Latino,902312
North Carolina (37),2015,Not Hispanic or Latino,9129334
North Carolina (37),2016,Hispanic or Latino,931221
North Carolina (37),2016,Not Hispanic or Latino,9223567
North Carolina (37),2017,Hispanic or Latino,961105
North Carolina (37),2017,Not Hispanic or Latino,9307128
North Carolina (37),2018,Hispanic or Latino,994606
North Carolina (37),2018,Not Hispanic or Latino,9387009
North Carolina (37),2019,Hispanic or Latino,1025830
North Carolina (37),2019,Not Hispanic or Latino,9462254
North Dakota (38),1990,Hispanic or Latino,4174
North Dakota (38),1990,Not Hispanic or Latino,633511
North Dakota (38),1991,Hispanic or Latino,4592
North Dakota (38),1991,Not Hispanic or Latino,631161
North Dakota (38),1992,Hispanic or Latino,4597
North Dakota (38),1992,Not Hispanic or Latino,633626
North Dakota (38),1993,Hispanic or Latino,4721
North Dakota (38),1993,Not Hispanic or Latino,636495
North Dakota (38),1994,Hispanic or Latino,4728
North Dakota (38),1994,Not Hispanic or Latino,640078
North Dakota (38),1995,Hispanic or Latino,5180
North Dakota (38),1995,Not Hispanic or Latino,642652
North Dakota (38),1996,Hispanic or Latino,5669
North Dakota (38),1996,Not Hispanic or Latino,644713
North Dakota (38),1997,Hispanic or Latino,6106
North Dakota (38),1997,Not Hispanic or Latino,643610
North Dakota (38),1998,Hispanic or Latino,6350
North Dakota (38),1998,Not Hispanic or Latino,641182
North Dakota (38),1999,Hispanic or Latino,6703
North Dakota (38),1999,Not Hispanic or Latino,637556
North Dakota (38),2000,Hispanic or Latino,7834
North Dakota (38),2000,Not Hispanic or Latino,634189
North Dakota (38),2001,Hispanic or Latino,8377
North Dakota (38),2001,Not Hispanic or Latino,630685
North Dakota (38),2002,Hispanic or Latino,8999
North Dakota (38),2002,Not Hispanic or Latino,629169
North Dakota (38),2003,Hispanic or Latino,9714
North Dakota (38),2003,Not Hispanic or Latino,629103
North Dakota (38),2004,Hispanic or Latino,10359
North Dakota (38),2004,Not Hispanic or Latino,634346
North Dakota (38),2005,Hispanic or Latino,10797
North Dakota (38),2005,Not Hispanic or Latino,635292
North Dakota (38),2006,Hispanic or Latino,11299
North Dakota (38),2006,Not Hispanic or Latino,638123
North Dakota (38),2007,Hispanic or Latino,11899
North Dakota (38),2007,Not Hispanic or Latino,640923
North Dakota (38),2008,Hispanic or Latino,12560
North Dakota (38),2008,Not Hispanic or Latino,645009
North Dakota (38),2009,Hispanic or Latino,13276
North Dakota (38),2009,Not Hispanic or Latino,651692
North Dakota (38),2010,Hispanic or Latino,13799
North Dakota (38),2010,Not Hispanic or Latino,660916
North Dakota (38),2011,Hispanic or Latino,15266
North Dakota (38),2011,Not Hispanic or Latino,669959
North Dakota (38),2012,Hispanic or Latino,17457
North Dakota (38),2012,Not Hispanic or Latino,683719
North Dakota (38),2013,Hispanic or Latino,20596
North Dakota (38),2013,Not Hispanic or Latino,701440
North Dakota (38),2014,Hispanic or Latino,23174
North Dakota (38),2014,Not Hispanic or Latino,714227
North Dakota (38),2015,Hispanic or Latino,26368
North Dakota (38),2015,Not Hispanic or Latino,727698
North Dakota (38),2016,Hispanic or Latino,27577
North Dakota (38),2016,Not Hispanic or Latino,726857
North Dakota (38),2017,Hispanic or Latino,28608
North Dakota (38),2017,Not Hispanic or Latino,726334
North Dakota (38),2018,Hispanic or Latino,29925
North Dakota (38),2018,Not Hispanic or Latino,728155
North Dakota (38),2019,Hispanic or Latino,31532
North Dakota (38),2019,Not Hispanic or Latino,730530
Ohio (39),1990,Hispanic or Latino,139402
Ohio (39),1990,Not Hispanic or Latino,10724760
Ohio (39),1991,Hispanic or Latino,144574
Ohio (39),1991,Not Hispanic or Latino,10801188
Ohio (39),1992,Hispanic or Latino,150490
Ohio (39),1992,Not Hispanic or Latino,10878941
Ohio (39),1993,Hispanic or Latino,157065
Ohio (39),1993,Not Hispanic or Latino,10944075
Ohio (39),1994,Hispanic or Latino,163264
Ohio (39),1994,Not Hispanic or Latino,10989191
Ohio (39),1995,Hispanic or Latino,170781
Ohio (39),1995,Not Hispanic or Latino,11031970
Ohio (39),1996,Hispanic or Latino,178573
Ohio (39),1996,Not Hispanic or Latino,11064254
Ohio (39),1997,Hispanic or Latino,186837
Ohio (39),1997,Not Hispanic or Latino,11090520
Ohio (39),1998,Hispanic or Latino,195796
Ohio (39),1998,Not Hispanic or Latino,11115740
Ohio (39),1999,Hispanic or Latino,205258
Ohio (39),1999,Not Hispanic or Latino,11130196
Ohio (39),2000,Hispanic or Latino,219498
Ohio (39),2000,Not Hispanic or Latino,11144045
Ohio (39),2001,Hispanic or Latino,232498
Ohio (39),2001,Not Hispanic or Latino,11154906
Ohio (39),2002,Hispanic or Latino,245320
Ohio (39),2002,Not Hispanic or Latino,11162569
Ohio (39),2003,Hispanic or Latino,258609
Ohio (39),2003,Not Hispanic or Latino,11176179
Ohio (39),2004,Hispanic or Latino,271798
Ohio (39),2004,Not Hispanic or Latino,11180453
Ohio (39),2005,Hispanic or Latino,286188
Ohio (39),2005,Not Hispanic or Latino,11177132
Ohio (39),2006,Hispanic or Latino,300578
Ohio (39),2006,Not Hispanic or Latino,11180635
Ohio (39),2007,Hispanic or Latino,316034
Ohio (39),2007,Not Hispanic or Latino,11184434
Ohio (39),2008,Hispanic or Latino,330867
Ohio (39),2008,Not Hispanic or Latino,11184524
Ohio (39),2009,Hispanic or Latino,344550
Ohio (39),2009,Not Hispanic or Latino,11184346
Ohio (39),2010,Hispanic or Latino,356966
Ohio (39),2010,Not Hispanic or Latino,11182370
Ohio (39),2011,Hispanic or Latino,367771
Ohio (39),2011,Not Hispanic or Latino,11176892
Ohio (39),2012,Hispanic or Latino,378732
Ohio (39),2012,Not Hispanic or Latino,11170191
Ohio (39),2013,Hispanic or Latino,391149
Ohio (39),2013,Not Hispanic or Latino,11185535
Ohio (39),2014,Hispanic or Latino,403614
Ohio (39),2014,Not Hispanic or Latino,11199086
Ohio (39),2015,Hispanic or Latino,415911
Ohio (39),2015,Not Hispanic or Latino,11201616
Ohio (39),2016,Hispanic or Latino,429127
Ohio (39),2016,Not Hispanic or Latino,11205243
Ohio (39),2017,Hispanic or Latino,443864
Ohio (39),2017,Not Hispanic or Latino,11215786
Ohio (39),2018,Hispanic or Latino,459088
Ohio (39),2018,Not Hispanic or Latino,11217253
Ohio (39),2019,Hispanic or Latino,470462
Ohio (39),2019,Not Hispanic or Latino,11218638
Oklahoma (40),1990,Hispanic or Latino,85463
Oklahoma (40),1990,Not Hispanic or Latino,3063362
Oklahoma (40),1991,Hispanic or Latino,89847
Oklahoma (40),1991,Not Hispanic or Latino,3085593
Oklahoma (40),1992,Hispanic or Latino,96678
Oklahoma (40),1992,Not Hispanic or Latino,3123839
Oklahoma (40),1993,Hispanic or Latino,103077
Oklahoma (40),1993,Not Hispanic or Latino,3149208
Oklahoma (40),1994,Hispanic or Latino,110591
Oklahoma (40),1994,Not Hispanic or Latino,3170349
Oklahoma (40),1995,Hispanic or Latino,118867
Oklahoma (40),1995,Not Hispanic or Latino,3189341
Oklahoma (40),1996,Hispanic or Latino,128928
Oklahoma (40),1996,Not Hispanic or Latino,3211201
Oklahoma (40),1997,Hispanic or Latino,140917
Oklahoma (40),1997,Not Hispanic or Latino,3232001
Oklahoma (40),1998,Hispanic or Latino,154247
Oklahoma (40),1998,Not Hispanic or Latino,3250947
Oklahoma (40),1999,Hispanic or Latino,167756
Oklahoma (40),1999,Not Hispanic or Latino,3269392
Oklahoma (40),2000,Hispanic or Latino,181095
Oklahoma (40),2000,Not Hispanic or Latino,3273270
Oklahoma (40),2001,Hispanic or Latino,195483
Oklahoma (40),2001,Not Hispanic or Latino,3271617
Oklahoma (40),2002,Hispanic or Latino,210446
Oklahoma (40),2002,Not Hispanic or Latino,3278634
Oklahoma (40),2003,Hispanic or Latino,222946
Oklahoma (40),2003,Not Hispanic or Latino,3281946
Oklahoma (40),2004,Hispanic or Latino,236132
Oklahoma (40),2004,Not Hispanic or Latino,3289101
Oklahoma (40),2005,Hispanic or Latino,251203
Oklahoma (40),2005,Not Hispanic or Latino,3297394
Oklahoma (40),2006,Hispanic or Latino,268175
Oklahoma (40),2006,Not Hispanic or Latino,3325915
Oklahoma (40),2007,Hispanic or Latino,285618
Oklahoma (40),2007,Not Hispanic or Latino,3348731
Oklahoma (40),2008,Hispanic or Latino,300723
Oklahoma (40),2008,Not Hispanic or Latino,3368253
Oklahoma (40),2009,Hispanic or Latino,319289
Oklahoma (40),2009,Not Hispanic or Latino,3398283
Oklahoma (40),2010,Hispanic or Latino,333503
Oklahoma (40),2010,Not Hispanic or Latino,3426441
Oklahoma (40),2011,Hispanic or Latino,345815
Oklahoma (40),2011,Not Hispanic or Latino,3442564
Oklahoma (40),2012,Hispanic or Latino,358108
Oklahoma (40),2012,Not Hispanic or Latino,3460706
Oklahoma (40),2013,Hispanic or Latino,370692
Oklahoma (40),2013,Not Hispanic or Latino,3482522
Oklahoma (40),2014,Hispanic or Latino,382635
Oklahoma (40),2014,Not Hispanic or Latino,3495552
Oklahoma (40),2015,Hispanic or Latino,395593
Oklahoma (40),2015,Not Hispanic or Latino,3513907
Oklahoma (40),2016,Hispanic or Latino,408491
Oklahoma (40),2016,Not Hispanic or Latino,3517840
Oklahoma (40),2017,Hispanic or Latino,418886
Oklahoma (40),2017,Not Hispanic or Latino,3512430
Oklahoma (40),2018,Hispanic or Latino,428453
Oklahoma (40),2018,Not Hispanic or Latino,3511782
Oklahoma (40),2019,Hispanic or Latino,438110
Oklahoma (40),2019,Not Hispanic or Latino,3518861
Oregon (41),1990,Hispanic or Latino,114212
Oregon (41),1990,Not Hispanic or Latino,2746163
Oregon (41),1991,Hispanic or Latino,124087
Oregon (41),1991,Not Hispanic or Latino,2804420
Oregon (41),1992,Hispanic or Latino,135960
Oregon (41),1992,Not Hispanic or Latino,2855795
Oregon (41),1993,Hispanic or Latino,149110
Oregon (41),1993,Not Hispanic or Latino,2911257
Oregon (41),1994,Hispanic or Latino,164456
Oregon (41),1994,Not Hispanic or Latino,2956808
Oregon (41),1995,Hispanic or Latino,182703
Oregon (41),1995,Not Hispanic or Latino,3001666
Oregon (41),1996,Hispanic or Latino,198480
Oregon (41),1996,Not Hispanic or Latino,3048631
Oregon (41),1997,Hispanic or Latino,218617
Oregon (41),1997,Not Hispanic or Latino,3085693
Oregon (41),1998,Hispanic or Latino,237789
Oregon (41),1998,Not Hispanic or Latino,3114660
Oregon (41),1999,Hispanic or Latino,258885
Oregon (41),1999,Not Hispanic or Latino,3135056
Oregon (41),2000,Hispanic or Latino,278259
Oregon (41),2000,Not Hispanic or Latino,3151449
Oregon (41),2001,Hispanic or Latino,296083
Oregon (41),2001,Not Hispanic or Latino,3171854
Oregon (41),2002,Hispanic or Latino,313232
Oregon (41),2002,Not Hispanic or Latino,3200192
Oregon (41),2003,Hispanic or Latino,328886
Oregon (41),2003,Not Hispanic or Latino,3218490
Oregon (41),2004,Hispanic or Latino,343677
Oregon (41),2004,Not Hispanic or Latino,3225786
Oregon (41),2005,Hispanic or Latino,361623
Oregon (41),2005,Not Hispanic or Latino,3251579
Oregon (41),2006,Hispanic or Latino,381519
Oregon (41),2006,Not Hispanic or Latino,3289364
Oregon (41),2007,Hispanic or Latino,402398
Oregon (41),2007,Not Hispanic or Latino,3320019
Oregon (41),2008,Hispanic or Latino,421853
Oregon (41),2008,Not Hispanic or Latino,3346895
Oregon (41),2009,Hispanic or Latino,438205
Oregon (41),2009,Not Hispanic or Latino,3370395
Oregon (41),2010,Hispanic or Latino,452455
Oregon (41),2010,Not Hispanic or Latino,3385036
Oregon (41),2011,Hispanic or Latino,462985
Oregon (41),2011,Not Hispanic or Latino,3409051
Oregon (41),2012,Hispanic or Latino,471269
Oregon (41),2012,Not Hispanic or Latino,3427732
Oregon (41),2013,Hispanic or Latino,480596
Oregon (41),2013,Not Hispanic or Latino,3441872
Oregon (41),2014,Hispanic or Latino,492270
Oregon (41),2014,Not Hispanic or Latino,3470974
Oregon (41),2015,Hispanic or Latino,505359
Oregon (41),2015,Not Hispanic or Latino,3510433
Oregon (41),2016,Hispanic or Latino,521879
Oregon (41),2016,Not Hispanic or Latino,3568097
Oregon (41),2017,Hispanic or Latino,538947
Oregon (41),2017,Not Hispanic or Latino,3604678
Oregon (41),2018,Hispanic or Latino,553064
Oregon (41),2018,Not Hispanic or Latino,3628822
Oregon (41),2019,Hispanic or Latino,566847
Oregon (41),2019,Not Hispanic or Latino,3650890
Pennsylvania (42),1990,Hispanic or Latino,233727
Pennsylvania (42),1990,Not Hispanic or Latino,11669572
Pennsylvania (42),1991,Hispanic or Latino,245900
Pennsylvania (42),1991,Not Hispanic or Latino,11736264
Pennsylvania (42),1992,Hispanic or Latino,259310
Pennsylvania (42),1992,Not Hispanic or Latino,11790140
Pennsylvania (42),1993,Hispanic or Latino,272119
Pennsylvania (42),1993,Not Hispanic or Latino,11847605
Pennsylvania (42),1994,Hispanic or Latino,286390
Pennsylvania (42),1994,Not Hispanic or Latino,11879660
Pennsylvania (42),1995,Hispanic or Latino,301226
Pennsylvania (42),1995,Not Hispanic or Latino,11897177
Pennsylvania (42),1996,Hispanic or Latino,318572
Pennsylvania (42),1996,Not Hispanic or Latino,11901892
Pennsylvania (42),1997,Hispanic or Latino,337122
Pennsylvania (42),1997,Not Hispanic or Latino,11890692
Pennsylvania (42),1998,Hispanic or Latino,355238
Pennsylvania (42),1998,Not Hispanic or Latino,11890434
Pennsylvania (42),1999,Hispanic or Latino,374402
Pennsylvania (42),1999,Not Hispanic or Latino,11889403
Pennsylvania (42),2000,Hispanic or Latino,398374
Pennsylvania (42),2000,Not Hispanic or Latino,11885799
Pennsylvania (42),2001,Hispanic or Latino,421461
Pennsylvania (42),2001,Not Hispanic or Latino,11877509
Pennsylvania (42),2002,Hispanic or Latino,447621
Pennsylvania (42),2002,Not Hispanic or Latino,11883410
Pennsylvania (42),2003,Hispanic or Latino,477457
Pennsylvania (42),2003,Not Hispanic or Latino,11897201
Pennsylvania (42),2004,Hispanic or Latino,510353
Pennsylvania (42),2004,Not Hispanic or Latino,11900369
Pennsylvania (42),2005,Hispanic or Latino,545049
Pennsylvania (42),2005,Not Hispanic or Latino,11904941
Pennsylvania (42),2006,Hispanic or Latino,583240
Pennsylvania (42),2006,Not Hispanic or Latino,11927569
Pennsylvania (42),2007,Hispanic or Latino,621478
Pennsylvania (42),2007,Not Hispanic or Latino,11942459
Pennsylvania (42),2008,Hispanic or Latino,657589
Pennsylvania (42),2008,Not Hispanic or Latino,11954696
Pennsylvania (42),2009,Hispanic or Latino,693817
Pennsylvania (42),2009,Not Hispanic or Latino,11973041
Pennsylvania (42),2010,Hispanic or Latino,726264
Pennsylvania (42),2010,Not Hispanic or Latino,11984896
Pennsylvania (42),2011,Hispanic or Latino,756447
Pennsylvania (42),2011,Not Hispanic or Latino,11989368
Pennsylvania (42),2012,Hispanic or Latino,785968
Pennsylvania (42),2012,Not Hispanic or Latino,11981150
Pennsylvania (42),2013,Hispanic or Latino,811042
Pennsylvania (42),2013,Not Hispanic or Latino,11965267
Pennsylvania (42),2014,Hispanic or Latino,839996
Pennsylvania (42),2014,Not Hispanic or Latino,11948317
Pennsylvania (42),2015,Hispanic or Latino,868542
Pennsylvania (42),2015,Not Hispanic or Latino,11916284
Pennsylvania (42),2016,Hispanic or Latino,900116
Pennsylvania (42),2016,Not Hispanic or Latino,11882159
Pennsylvania (42),2017,Hispanic or Latino,934046
Pennsylvania (42),2017,Not Hispanic or Latino,11853595
Pennsylvania (42),2018,Hispanic or Latino,973661
Pennsylvania (42),2018,Not Hispanic or Latino,11827261
Pennsylvania (42),2019,Hispanic or Latino,1000150
Pennsylvania (42),2019,Not Hispanic or Latino,11801839
Rhode Island (44),1990,Hispanic or Latino,46250
Rhode Island (44),1990,Not Hispanic or Latino,959745
Rhode Island (44),1991,Hispanic or Latino,49584
Rhode Island (44),1991,Not Hispanic or Latino,961065
Rhode Island (44),1992,Hispanic or Latino,53233
Rhode Island (44),1992,Not Hispanic or Latino,959348
Rhode Island (44),1993,Hispanic or Latino,57362
Rhode Island (44),1993,Not Hispanic or Latino,957751
Rhode Island (44),1994,Hispanic or Latino,61037
Rhode Island (44),1994,Not Hispanic or Latino,954923
Rhode Island (44),1995,Hispanic or Latino,65273
Rhode Island (44),1995,Not Hispanic or Latino,951729
Rhode Island (44),1996,Hispanic or Latino,69404
Rhode Island (44),1996,Not Hispanic or Latino,951489
Rhode Island (44),1997,Hispanic or Latino,74368
Rhode Island (44),1997,Not Hispanic or Latino,950985
Rhode Island (44),1998,Hispanic or Latino,79216
Rhode Island (44),1998,Not Hispanic or Latino,951939
Rhode Island (44),1999,Hispanic or Latino,85733
Rhode Island (44),1999,Not Hispanic or Latino,954669
Rhode Island (44),2000,Hispanic or Latino,91654
Rhode Island (44),2000,Not Hispanic or Latino,958614
Rhode Island (44),2001,Hispanic or Latino,96675
Rhode Island (44),2001,Not Hispanic or Latino,960467
Rhode Island (44),2002,Hispanic or Latino,101954
Rhode Island (44),2002,Not Hispanic or Latino,964041
Rhode Island (44),2003,Hispanic or Latino,107092
Rhode Island (44),2003,Not Hispanic or Latino,964250
Rhode Island (44),2004,Hispanic or Latino,111016
Rhode Island (44),2004,Not Hispanic or Latino,963563
Rhode Island (44),2005,Hispanic or Latino,114237
Rhode Island (44),2005,Not Hispanic or Latino,953679
Rhode Island (44),2006,Hispanic or Latino,117657
Rhode Island (44),2006,Not Hispanic or Latino,945439
Rhode Island (44),2007,Hispanic or Latino,120518
Rhode Island (44),2007,Not Hispanic or Latino,936797
Rhode Island (44),2008,Hispanic or Latino,124191
Rhode Island (44),2008,Not Hispanic or Latino,930812
Rhode Island (44),2009,Hispanic or Latino,127861
Rhode Island (44),2009,Not Hispanic or Latino,925785
Rhode Island (44),2010,Hispanic or Latino,132069
Rhode Island (44),2010,Not Hispanic or Latino,921890
Rhode Island (44),2011,Hispanic or Latino,136278
Rhode Island (44),2011,Not Hispanic or Latino,917371
Rhode Island (44),2012,Hispanic or Latino,140961
Rhode Island (44),2012,Not Hispanic or Latino,913660
Rhode Island (44),2013,Hispanic or Latino,144891
Rhode Island (44),2013,Not Hispanic or Latino,910190
Rhode Island (44),2014,Hispanic or Latino,149196
Rhode Island (44),2014,Not Hispanic or Latino,906740
Rhode Island (44),2015,Hispanic or Latino,153898
Rhode Island (44),2015,Not Hispanic or Latino,902167
Rhode Island (44),2016,Hispanic or Latino,158539
Rhode Island (44),2016,Not Hispanic or Latino,898231
Rhode Island (44),2017,Hispanic or Latino,162698
Rhode Island (44),2017,Not Hispanic or Latino,892975
Rhode Island (44),2018,Hispanic or Latino,168360
Rhode Island (44),2018,Not Hispanic or Latino,889927
Rhode Island (44),2019,Hispanic or Latino,172644
Rhode Island (44),2019,Not Hispanic or Latino,886717
South Carolina (45),1990,Hispanic or Latino,30367
South Carolina (45),1990,Not Hispanic or Latino,3470788
South Carolina (45),1991,Hispanic or Latino,33236
South Carolina (45),1991,Not Hispanic or Latino,3537168
South Carolina (45),1992,Hispanic or Latino,36628
South Carolina (45),1992,Not Hispanic or Latino,3583836
South Carolina (45),1993,Hispanic or Latino,39335
South Carolina (45),1993,Not Hispanic or Latino,3623979
South Carolina (45),1994,Hispanic or Latino,42246
South Carolina (45),1994,Not Hispanic or Latino,3663151
South Carolina (45),1995,Hispanic or Latino,47674
South Carolina (45),1995,Not Hispanic or Latino,3700908
South Carolina (45),1996,Hispanic or Latino,52917
South Carolina (45),1996,Not Hispanic or Latino,3743283
South Carolina (45),1997,Hispanic or Latino,62551
South Carolina (45),1997,Not Hispanic or Latino,3797145
South Carolina (45),1998,Hispanic or Latino,71583
South Carolina (45),1998,Not Hispanic or Latino,3847652
South Carolina (45),1999,Hispanic or Latino,82630
South Carolina (45),1999,Not Hispanic or Latino,3892052
South Carolina (45),2000,Hispanic or Latino,96470
South Carolina (45),2000,Not Hispanic or Latino,3927753
South Carolina (45),2001,Hispanic or Latino,107615
South Carolina (45),2001,Not Hispanic or Latino,3957380
South Carolina (45),2002,Hispanic or Latino,119542
South Carolina (45),2002,Not Hispanic or Latino,3988253
South Carolina (45),2003,Hispanic or Latino,131166
South Carolina (45),2003,Not Hispanic or Latino,4019131
South Carolina (45),2004,Hispanic or Latino,144106
South Carolina (45),2004,Not Hispanic or Latino,4066815
South Carolina (45),2005,Hispanic or Latino,158474
South Carolina (45),2005,Not Hispanic or Latino,4111676
South Carolina (45),2006,Hispanic or Latino,175689
South Carolina (45),2006,Not Hispanic or Latino,4182158
South Carolina (45),2007,Hispanic or Latino,194211
South Carolina (45),2007,Not Hispanic or Latino,4249899
South Carolina (45),2008,Hispanic or Latino,212024
South Carolina (45),2008,Not Hispanic or Latino,4316972
South Carolina (45),2009,Hispanic or Latino,225836
South Carolina (45),2009,Not Hispanic or Latino,4364036
South Carolina (45),2010,Hispanic or Latino,236704
South Carolina (45),2010,Not Hispanic or Latino,4398945
South Carolina (45),2011,Hispanic or Latino,240064
South Carolina (45),2011,Not Hispanic or Latino,4431930
South Carolina (45),2012,Hispanic or Latino,244239
South Carolina (45),2012,Not Hispanic or Latino,4473115
South Carolina (45),2013,Hispanic or Latino,249265
South Carolina (45),2013,Not Hispanic or Latino,4514815
South Carolina (45),2014,Hispanic or Latino,256778
South Carolina (45),2014,Not Hispanic or Latino,4566839
South Carolina (45),2015,Hispanic or Latino,265582
South Carolina (45),2015,Not Hispanic or Latino,4626356
South Carolina (45),2016,Hispanic or Latino,274206
South Carolina (45),2016,Not Hispanic or Latino,4683762
South Carolina (45),2017,Hispanic or Latino,284679
South Carolina (45),2017,Not Hispanic or Latino,4736589
South Carolina (45),2018,Hispanic or Latino,295948
South Carolina (45),2018,Not Hispanic or Latino,4788208
South Carolina (45),2019,Hispanic or Latino,307118
South Carolina (45),2019,Not Hispanic or Latino,4841596
South Dakota (46),1990,Hispanic or Latino,4617
South Dakota (46),1990,Not Hispanic or Latino,692484
South Dakota (46),1991,Hispanic or Latino,4816
South Dakota (46),1991,Not Hispanic or Latino,698853
South Dakota (46),1992,Hispanic or Latino,4949
South Dakota (46),1992,Not Hispanic or Latino,707852
South Dakota (46),1993,Hispanic or Latino,5147
South Dakota (46),1993,Not Hispanic or Latino,717013
South Dakota (46),1994,Hispanic or Latino,5461
South Dakota (46),1994,Not Hispanic or Latino,725329
South Dakota (46),1995,Hispanic or Latino,5857
South Dakota (46),1995,Not Hispanic or Latino,732069
South Dakota (46),1996,Hispanic or Latino,6251
South Dakota (46),1996,Not Hispanic or Latino,735963
South Dakota (46),1997,Hispanic or Latino,6944
South Dakota (46),1997,Not Hispanic or Latino,737279
South Dakota (46),1998,Hispanic or Latino,7617
South Dakota (46),1998,Not Hispanic or Latino,738442
South Dakota (46),1999,Hispanic or Latino,8193
South Dakota (46),1999,Not Hispanic or Latino,742220
South Dakota (46),2000,Hispanic or Latino,10995
South Dakota (46),2000,Not Hispanic or Latino,744849
South Dakota (46),2001,Hispanic or Latino,12581
South Dakota (46),2001,Not Hispanic or Latino,745391
South Dakota (46),2002,Hispanic or Latino,13805
South Dakota (46),2002,Not Hispanic or Latino,746215
South Dakota (46),2003,Hispanic or Latino,15088
South Dakota (46),2003,Not Hispanic or Latino,748641
South Dakota (46),2004,Hispanic or Latino,16371
South Dakota (46),2004,Not Hispanic or Latino,754025
South Dakota (46),2005,Hispanic or Latino,17549
South Dakota (46),2005,Not Hispanic or Latino,757944
South Dakota (46),2006,Hispanic or Latino,18608
South Dakota (46),2006,Not Hispanic or Latino,764425
South Dakota (46),2007,Hispanic or Latino,19626
South Dakota (46),2007,Not Hispanic or Latino,771997
South Dakota (46),2008,Hispanic or Latino,20777
South Dakota (46),2008,Not Hispanic or Latino,778347
South Dakota (46),2009,Hispanic or Latino,21709
South Dakota (46),2009,Not Hispanic or Latino,785358
South Dakota (46),2010,Hispanic or Latino,22469
South Dakota (46),2010,Not Hispanic or Latino,793697
South Dakota (46),2011,Hispanic or Latino,24724
South Dakota (46),2011,Not Hispanic or Latino,798855
South Dakota (46),2012,Hispanic or Latino,27131
South Dakota (46),2012,Not Hispanic or Latino,806435
South Dakota (46),2013,Hispanic or Latino,28884
South Dakota (46),2013,Not Hispanic or Latino,813432
South Dakota (46),2014,Hispanic or Latino,30090
South Dakota (46),2014,Not Hispanic or Latino,819039
South Dakota (46),2015,Hispanic or Latino,31125
South Dakota (46),2015,Not Hispanic or Latino,822863
South Dakota (46),2016,Hispanic or Latino,32942
South Dakota (46),2016,Not Hispanic or Latino,830054
South Dakota (46),2017,Hispanic or Latino,35247
South Dakota (46),2017,Not Hispanic or Latino,837621
South Dakota (46),2018,Hispanic or Latino,36499
South Dakota (46),2018,Not Hispanic or Latino,842199
South Dakota (46),2019,Hispanic or Latino,37351
South Dakota (46),2019,Not Hispanic or Latino,847308
Tennessee (47),1990,Hispanic or Latino,32411
Tennessee (47),1990,Not Hispanic or Latino,4862081
Tennessee (47),1991,Hispanic or Latino,35692
Tennessee (47),1991,Not Hispanic or Latino,4930895
Tennessee (47),1992,Hispanic or Latino,38773
Tennessee (47),1992,Not Hispanic or Latino,5010969
Tennessee (47),1993,Hispanic or Latino,43581
Tennessee (47),1993,Not Hispanic or Latino,5094003
Tennessee (47),1994,Hispanic or Latino,50274
Tennessee (47),1994,Not Hispanic or Latino,5181164
Tennessee (47),1995,Hispanic or Latino,58357
Tennessee (47),1995,Not Hispanic or Latino,5268579
Tennessee (47),1996,Hispanic or Latino,68098
Tennessee (47),1996,Not Hispanic or Latino,5348545
Tennessee (47),1997,Hispanic or Latino,78257
Tennessee (47),1997,Not Hispanic or Latino,5420976
Tennessee (47),1998,Hispanic or Latino,91760
Tennessee (47),1998,Not Hispanic or Latino,5478285
Tennessee (47),1999,Hispanic or Latino,105769
Tennessee (47),1999,Not Hispanic or Latino,5532937
Tennessee (47),2000,Hispanic or Latino,125572
Tennessee (47),2000,Not Hispanic or Latino,5578147
Tennessee (47),2001,Hispanic or Latino,139039
Tennessee (47),2001,Not Hispanic or Latino,5611750
Tennessee (47),2002,Hispanic or Latino,152930
Tennessee (47),2002,Not Hispanic or Latino,5642988
Tennessee (47),2003,Hispanic or Latino,167001
Tennessee (47),2003,Not Hispanic or Latino,5680811
Tennessee (47),2004,Hispanic or Latino,183955
Tennessee (47),2004,Not Hispanic or Latino,5726854
Tennessee (47),2005,Hispanic or Latino,204020
Tennessee (47),2005,Not Hispanic or Latino,5787037
Tennessee (47),2006,Hispanic or Latino,223916
Tennessee (47),2006,Not Hispanic or Latino,5864850
Tennessee (47),2007,Hispanic or Latino,245692
Tennessee (47),2007,Not Hispanic or Latino,5930035
Tennessee (47),2008,Hispanic or Latino,262563
Tennessee (47),2008,Not Hispanic or Latino,5984848
Tennessee (47),2009,Hispanic or Latino,278598
Tennessee (47),2009,Not Hispanic or Latino,6027421
Tennessee (47),2010,Hispanic or Latino,291198
Tennessee (47),2010,Not Hispanic or Latino,6064113
Tennessee (47),2011,Hispanic or Latino,299898
Tennessee (47),2011,Not Hispanic or Latino,6099393
Tennessee (47),2012,Hispanic or Latino,310169
Tennessee (47),2012,Not Hispanic or Latino,6143729
Tennessee (47),2013,Hispanic or Latino,318419
Tennessee (47),2013,Not Hispanic or Latino,6175921
Tennessee (47),2014,Hispanic or Latino,328192
Tennessee (47),2014,Not Hispanic or Latino,6213031
Tennessee (47),2015,Hispanic or Latino,339061
Tennessee (47),2015,Not Hispanic or Latino,6252109
Tennessee (47),2016,Hispanic or Latino,350628
Tennessee (47),2016,Not Hispanic or Latino,6295382
Tennessee (47),2017,Hispanic or Latino,364848
Tennessee (47),2017,Not Hispanic or Latino,6343951
Tennessee (47),2018,Hispanic or Latino,378914
Tennessee (47),2018,Not Hispanic or Latino,6392717
Tennessee (47),2019,Hispanic or Latino,391382
Tennessee (47),2019,Not Hispanic or Latino,6437792
Texas (48),1990,Hispanic or Latino,4380366
Texas (48),1990,Not Hispanic or Latino,12676389
Texas (48),1991,Hispanic or Latino,4566461
Texas (48),1991,Not Hispanic or Latino,12831544
Texas (48),1992,Hispanic or Latino,4773597
Texas (48),1992,Not Hispanic or Latino,12986141
Texas (48),1993,Hispanic or Latino,5001566
Texas (48),1993,Not Hispanic or Latino,13160046
Texas (48),1994,Hispanic or Latino,5226512
Texas (48),1994,Not Hispanic or Latino,13337550
Texas (48),1995,Hispanic or Latino,5452558
Texas (48),1995,Not Hispanic or Latino,13506193
Texas (48),1996,Hispanic or Latino,5683183
Texas (48),1996,Not Hispanic or Latino,13657159
Texas (48),1997,Hispanic or Latino,5935560
Texas (48),1997,Not Hispanic or Latino,13804757
Texas (48),1998,Hispanic or Latino,6196823
Texas (48),1998,Not Hispanic or Latino,13960708
Texas (48),1999,Hispanic or Latino,6458217
Texas (48),1999,Not Hispanic or Latino,14100003
Texas (48),2000,Hispanic or Latino,6739868
Texas (48),2000,Not Hispanic or Latino,14204631
Texas (48),2001,Hispanic or Latino,6987005
Texas (48),2001,Not Hispanic or Latino,14332617
Texas (48),2002,Hispanic or Latino,7244849
Texas (48),2002,Not Hispanic or Latino,14445476
Texas (48),2003,Hispanic or Latino,7498587
Texas (48),2003,Not Hispanic or Latino,14532344
Texas (48),2004,Hispanic or Latino,7749995
Texas (48),2004,Not Hispanic or Latino,14644028
Texas (48),2005,Hispanic or Latino,8010747
Texas (48),2005,Not Hispanic or Latino,14767376
Texas (48),2006,Hispanic or Latino,8308008
Texas (48),2006,Not Hispanic or Latino,15051572
Texas (48),2007,Hispanic or Latino,8618270
Texas (48),2007,Not Hispanic or Latino,15213713
Texas (48),2008,Hispanic or Latino,8927300
Texas (48),2008,Not Hispanic or Latino,15381739
Texas (48),2009,Hispanic or Latino,9239906
Texas (48),2009,Not Hispanic or Latino,15561855
Texas (48),2010,Hispanic or Latino,9517764
Texas (48),2010,Not Hispanic or Latino,15724207
Texas (48),2011,Hispanic or Latino,9749783
Texas (48),2011,Not Hispanic or Latino,15895846
Texas (48),2012,Hispanic or Latino,9976275
Texas (48),2012,Not Hispanic or Latino,16108206
Texas (48),2013,Hispanic or Latino,10191627
Texas (48),2013,Not Hispanic or Latino,16288639
Texas (48),2014,Hispanic or Latino,10426796
Texas (48),2014,Not Hispanic or Latino,16537537
Texas (48),2015,Hispanic or Latino,10678182
Texas (48),2015,Not Hispanic or Latino,16791874
Texas (48),2016,Hispanic or Latino,10918843
Texas (48),2016,Not Hispanic or Latino,16995567
Texas (48),2017,Hispanic or Latino,11128657
Texas (48),2017,Not Hispanic or Latino,17166616
Texas (48),2018,Hispanic or Latino,11323903
Texas (48),2018,Not Hispanic or Latino,17304763
Texas (48),2019,Hispanic or Latino,11525578
Texas (48),2019,Not Hispanic or Latino,17470303
Utah (49),1990,Hispanic or Latino,85534
Utah (49),1990,Not Hispanic or Latino,1645689
Utah (49),1991,Hispanic or Latino,91991
Utah (49),1991,Not Hispanic or Latino,1687789
Utah (49),1992,Hispanic or Latino,98880
Utah (49),1992,Not Hispanic or Latino,1737919
Utah (49),1993,Hispanic or Latino,107682
Utah (49),1993,Not Hispanic or Latino,1790722
Utah (49),1994,Hispanic or Latino,117933
Utah (49),1994,Not Hispanic or Latino,1842513
Utah (49),1995,Hispanic or Latino,128644
Utah (49),1995,Not Hispanic or Latino,1885535
Utah (49),1996,Hispanic or Latino,143009
Utah (49),1996,Not Hispanic or Latino,1924967
Utah (49),1997,Hispanic or Latino,159784
Utah (49),1997,Not Hispanic or Latino,1960000
Utah (49),1998,Hispanic or Latino,176212
Utah (49),1998,Not Hispanic or Latino,1989749
Utah (49),1999,Hispanic or Latino,190588
Utah (49),1999,Not Hispanic or Latino,2012894
Utah (49),2000,Hispanic or Latino,204356
Utah (49),2000,Not Hispanic or Latino,2040146
Utah (49),2001,Hispanic or Latino,217648
Utah (49),2001,Not Hispanic or Latino,2066067
Utah (49),2002,Hispanic or Latino,231111
Utah (49),2002,Not Hispanic or Latino,2093704
Utah (49),2003,Hispanic or Latino,243047
Utah (49),2003,Not Hispanic or Latino,2117090
Utah (49),2004,Hispanic or Latino,254864
Utah (49),2004,Not Hispanic or Latino,2146716
Utah (49),2005,Hispanic or Latino,269469
Utah (49),2005,Not Hispanic or Latino,2188250
Utah (49),2006,Hispanic or Latino,287418
Utah (49),2006,Not Hispanic or Latino,2238089
Utah (49),2007,Hispanic or Latino,309661
Utah (49),2007,Not Hispanic or Latino,2288085
Utah (49),2008,Hispanic or Latino,330732
Utah (49),2008,Not Hispanic or Latino,2332297
Utah (49),2009,Hispanic or Latino,347583
Utah (49),2009,Not Hispanic or Latino,2375838
Utah (49),2010,Hispanic or Latino,360596
Utah (49),2010,Not Hispanic or Latino,2414736
Utah (49),2011,Hispanic or Latino,368971
Utah (49),2011,Not Hispanic or Latino,2445413
Utah (49),2012,Hispanic or Latino,376470
Utah (49),2012,Not Hispanic or Latino,2476905
Utah (49),2013,Hispanic or Latino,386066
Utah (49),2013,Not Hispanic or Latino,2511574
Utah (49),2014,Hispanic or Latino,394899
Utah (49),2014,Not Hispanic or Latino,2541980
Utah (49),2015,Hispanic or Latino,406327
Utah (49),2015,Not Hispanic or Latino,2575508
Utah (49),2016,Hispanic or Latino,420810
Utah (49),2016,Not Hispanic or Latino,2621058
Utah (49),2017,Hispanic or Latino,435852
Utah (49),2017,Not Hispanic or Latino,2665190
Utah (49),2018,Hispanic or Latino,449150
Utah (49),2018,Not Hispanic or Latino,2704400
Utah (49),2019,Hispanic or Latino,462051
Utah (49),2019,Not Hispanic or Latino,2743907
Vermont (50),1990,Hispanic or Latino,3512
Vermont (50),1990,Not Hispanic or Latino,561286
Vermont (50),1991,Hispanic or Latino,3574
Vermont (50),1991,Not Hispanic or Latino,565032
Vermont (50),1992,Hispanic or Latino,3587
Vermont (50),1992,Not Hispanic or Latino,569164
Vermont (50),1993,Hispanic or Latino,3951
Vermont (50),1993,Not Hispanic or Latino,573797
Vermont (50),1994,Hispanic or Latino,4049
Vermont (50),1994,Not Hispanic or Latino,579787
Vermont (50),1995,Hispanic or Latino,4104
Vermont (50),1995,Not Hispanic or Latino,584899
Vermont (50),1996,Hispanic or Latino,4392
Vermont (50),1996,Not Hispanic or Latino,589309
Vermont (50),1997,Hispanic or Latino,4802
Vermont (50),1997,Not Hispanic or Latino,592437
Vermont (50),1998,Hispanic or Latino,4736
Vermont (50),1998,Not Hispanic or Latino,595680
Vermont (50),1999,Hispanic or Latino,4879
Vermont (50),1999,Not Hispanic or Latino,599804
Vermont (50),2000,Hispanic or Latino,5556
Vermont (50),2000,Not Hispanic or Latino,604062
Vermont (50),2001,Hispanic or Latino,6104
Vermont (50),2001,Not Hispanic or Latino,606119
Vermont (50),2002,Hispanic or Latino,6577
Vermont (50),2002,Not Hispanic or Latino,608865
Vermont (50),2003,Hispanic or Latino,6928
Vermont (50),2003,Not Hispanic or Latino,610930
Vermont (50),2004,Hispanic or Latino,7344
Vermont (50),2004,Not Hispanic or Latino,612576
Vermont (50),2005,Hispanic or Latino,7754
Vermont (50),2005,Not Hispanic or Latino,613461
Vermont (50),2006,Hispanic or Latino,8137
Vermont (50),2006,Not Hispanic or Latino,614755
Vermont (50),2007,Hispanic or Latino,8492
Vermont (50),2007,Not Hispanic or Latino,614989
Vermont (50),2008,Hispanic or Latino,8923
Vermont (50),2008,Not Hispanic or Latino,615228
Vermont (50),2009,Hispanic or Latino,9274
Vermont (50),2009,Not Hispanic or Latino,615543
Vermont (50),2010,Hispanic or Latino,9288
Vermont (50),2010,Not Hispanic or Latino,616591
Vermont (50),2011,Hispanic or Latino,9890
Vermont (50),2011,Not Hispanic or Latino,617159
Vermont (50),2012,Hispanic or Latino,10174
Vermont (50),2012,Not Hispanic or Latino,615916
Vermont (50),2013,Hispanic or Latino,10652
Vermont (50),2013,Not Hispanic or Latino,615558
Vermont (50),2014,Hispanic or Latino,10883
Vermont (50),2014,Not Hispanic or Latino,614331
Vermont (50),2015,Hispanic or Latino,11201
Vermont (50),2015,Not Hispanic or Latino,614015
Vermont (50),2016,Hispanic or Latino,11626
Vermont (50),2016,Not Hispanic or Latino,612031
Vermont (50),2017,Hispanic or Latino,12133
Vermont (50),2017,Not Hispanic or Latino,612211
Vermont (50),2018,Hispanic or Latino,12504
Vermont (50),2018,Not Hispanic or Latino,611854
Vermont (50),2019,Hispanic or Latino,12719
Vermont (50),2019,Not Hispanic or Latino,611270
Virginia (51),1990,Hispanic or Latino,160703
Virginia (51),1990,Not Hispanic or Latino,6056181
Virginia (51),1991,Hispanic or Latino,170255
Virginia (51),1991,Not Hispanic or Latino,6130962
Virginia (51),1992,Hispanic or Latino,180416
Virginia (51),1992,Not Hispanic or Latino,6233891
Virginia (51),1993,Hispanic or Latino,193488
Virginia (51),1993,Not Hispanic or Latino,6316142
Virginia (51),1994,Hispanic or Latino,206666
Virginia (51),1994,Not Hispanic or Latino,6386473
Virginia (51),1995,Hispanic or Latino,222288
Virginia (51),1995,Not Hispanic or Latino,6448405
Virginia (51),1996,Hispanic or Latino,240701
Virginia (51),1996,Not Hispanic or Latino,6510183
Virginia (51),1997,Hispanic or Latino,260855
Virginia (51),1997,Not Hispanic or Latino,6568328
Virginia (51),1998,Hispanic or Latino,281892
Virginia (51),1998,Not Hispanic or Latino,6619026
Virginia (51),1999,Hispanic or Latino,304191
Virginia (51),1999,Not Hispanic or Latino,6695983
Virginia (51),2000,Hispanic or Latino,334268
Virginia (51),2000,Not Hispanic or Latino,6771549
Virginia (51),2001,Hispanic or Latino,361650
Virginia (51),2001,Not Hispanic or Latino,6836712
Virginia (51),2002,Hispanic or Latino,389793
Virginia (51),2002,Not Hispanic or Latino,6897080
Virginia (51),2003,Hispanic or Latino,418238
Virginia (51),2003,Not Hispanic or Latino,6948739
Virginia (51),2004,Hispanic or Latino,449301
Virginia (51),2004,Not Hispanic or Latino,7026274
Virginia (51),2005,Hispanic or Latino,482696
Virginia (51),2005,Not Hispanic or Latino,7094409
Virginia (51),2006,Hispanic or Latino,516096
Virginia (51),2006,Not Hispanic or Latino,7157629
Virginia (51),2007,Hispanic or Latino,546471
Virginia (51),2007,Not Hispanic or Latino,7204529
Virginia (51),2008,Hispanic or Latino,575669
Virginia (51),2008,Not Hispanic or Latino,7257827
Virginia (51),2009,Hispanic or Latino,607430
Virginia (51),2009,Not Hispanic or Latino,7318507
Virginia (51),2010,Hispanic or Latino,637755
Virginia (51),2010,Not Hispanic or Latino,7385944
Virginia (51),2011,Hispanic or Latino,661479
Virginia (51),2011,Not Hispanic or Latino,7439676
Virginia (51),2012,Hispanic or Latino,684862
Virginia (51),2012,Not Hispanic or Latino,7500218
Virginia (51),2013,Hispanic or Latino,707039
Virginia (51),2013,Not Hispanic or Latino,7545388
Virginia (51),2014,Hispanic or Latino,726159
Virginia (51),2014,Not Hispanic or Latino,7584834
Virginia (51),2015,Hispanic or Latino,747655
Virginia (51),2015,Not Hispanic or Latino,7614153
Virginia (51),2016,Hispanic or Latino,770588
Virginia (51),2016,Not Hispanic or Latino,7639518
Virginia (51),2017,Hispanic or Latino,795062
Virginia (51),2017,Not Hispanic or Latino,7668525
Virginia (51),2018,Hispanic or Latino,816546
Virginia (51),2018,Not Hispanic or Latino,7684740
Virginia (51),2019,Hispanic or Latino,834422
Virginia (51),2019,Not Hispanic or Latino,7701097
Washington (53),1990,Hispanic or Latino,217833
Washington (53),1990,Not Hispanic or Latino,4685210
Washington (53),1991,Hispanic or Latino,233956
Washington (53),1991,Not Hispanic or Latino,4791668
Washington (53),1992,Hispanic or Latino,253377
Washington (53),1992,Not Hispanic or Latino,4907380
Washington (53),1993,Hispanic or Latino,273529
Washington (53),1993,Not Hispanic or Latino,5005313
Washington (53),1994,Hispanic or Latino,294507
Washington (53),1994,Not Hispanic or Latino,5080654
Washington (53),1995,Hispanic or Latino,317977
Washington (53),1995,Not Hispanic or Latino,5163050
Washington (53),1996,Hispanic or Latino,341861
Washington (53),1996,Not Hispanic or Latino,5227892
Washington (53),1997,Hispanic or Latino,369100
Washington (53),1997,Not Hispanic or Latino,5305647
Washington (53),1998,Hispanic or Latino,395766
Washington (53),1998,Not Hispanic or Latino,5373796
Washington (53),1999,Hispanic or Latino,420878
Washington (53),1999,Not Hispanic or Latino,5421686
Washington (53),2000,Hispanic or Latino,446953
Washington (53),2000,Not Hispanic or Latino,5463559
Washington (53),2001,Hispanic or Latino,473640
Washington (53),2001,Not Hispanic or Latino,5512082
Washington (53),2002,Hispanic or Latino,499071
Washington (53),2002,Not Hispanic or Latino,5553278
Washington (53),2003,Hispanic or Latino,524164
Washington (53),2003,Not Hispanic or Latino,5579951
Washington (53),2004,Hispanic or Latino,553147
Washington (53),2004,Not Hispanic or Latino,5625498
Washington (53),2005,Hispanic or Latino,583264
Washington (53),2005,Not Hispanic or Latino,5674041
Washington (53),2006,Hispanic or Latino,618798
Washington (53),2006,Not Hispanic or Latino,5751955
Washington (53),2007,Hispanic or Latino,652679
Washington (53),2007,Not Hispanic or Latino,5808908
Washington (53),2008,Hispanic or Latino,690377
Washington (53),2008,Not Hispanic or Latino,5871854
Washington (53),2009,Hispanic or Latino,729810
Washington (53),2009,Not Hispanic or Latino,5937616
Washington (53),2010,Hispanic or Latino,761235
Washington (53),2010,Not Hispanic or Latino,5981595
Washington (53),2011,Hispanic or Latino,784383
Washington (53),2011,Not Hispanic or Latino,6042244
Washington (53),2012,Hispanic or Latino,804884
Washington (53),2012,Not Hispanic or Latino,6092174
Washington (53),2013,Hispanic or Latino,826405
Washington (53),2013,Not Hispanic or Latino,6137580
Washington (53),2014,Hispanic or Latino,851008
Washington (53),2014,Not Hispanic or Latino,6203647
Washington (53),2015,Hispanic or Latino,877314
Washington (53),2015,Not Hispanic or Latino,6286343
Washington (53),2016,Hispanic or Latino,910632
Washington (53),2016,Not Hispanic or Latino,6384139
Washington (53),2017,Hispanic or Latino,941382
Washington (53),2017,Not Hispanic or Latino,6481980
Washington (53),2018,Hispanic or Latino,966855
Washington (53),2018,Not Hispanic or Latino,6557014
Washington (53),2019,Hispanic or Latino,991721
Washington (53),2019,Not Hispanic or Latino,6623172
West Virginia (54),1990,Hispanic or Latino,7775
West Virginia (54),1990,Not Hispanic or Latino,1784773
West Virginia (54),1991,Hispanic or Latino,7671
West Virginia (54),1991,Not Hispanic or Latino,1791064
West Virginia (54),1992,Hispanic or Latino,8017
West Virginia (54),1992,Not Hispanic or Latino,1798434
West Virginia (54),1993,Hispanic or Latino,8141
West Virginia (54),1993,Not Hispanic or Latino,1809398
West Virginia (54),1994,Hispanic or Latino,8557
West Virginia (54),1994,Not Hispanic or Latino,1811864
West Virginia (54),1995,Hispanic or Latino,8864
West Virginia (54),1995,Not Hispanic or Latino,1814836
West Virginia (54),1996,Hispanic or Latino,9227
West Virginia (54),1996,Not Hispanic or Latino,1813581
West Virginia (54),1997,Hispanic or Latino,9576
West Virginia (54),1997,Not Hispanic or Latino,1809537
West Virginia (54),1998,Hispanic or Latino,9844
West Virginia (54),1998,Not Hispanic or Latino,1805765
West Virginia (54),1999,Hispanic or Latino,10329
West Virginia (54),1999,Not Hispanic or Latino,1801470
West Virginia (54),2000,Hispanic or Latino,12347
West Virginia (54),2000,Not Hispanic or Latino,1794674
West Virginia (54),2001,Hispanic or Latino,13147
West Virginia (54),2001,Not Hispanic or Latino,1788334
West Virginia (54),2002,Hispanic or Latino,14038
West Virginia (54),2002,Not Hispanic or Latino,1791376
West Virginia (54),2003,Hispanic or Latino,15166
West Virginia (54),2003,Not Hispanic or Latino,1797129
West Virginia (54),2004,Hispanic or Latino,16201
West Virginia (54),2004,Not Hispanic or Latino,1800237
West Virginia (54),2005,Hispanic or Latino,17573
West Virginia (54),2005,Not Hispanic or Latino,1802919
West Virginia (54),2006,Hispanic or Latino,19028
West Virginia (54),2006,Not Hispanic or Latino,1808884
West Virginia (54),2007,Hispanic or Latino,20146
West Virginia (54),2007,Not Hispanic or Latino,1813906
West Virginia (54),2008,Hispanic or Latino,21215
West Virginia (54),2008,Not Hispanic or Latino,1819095
West Virginia (54),2009,Hispanic or Latino,22044
West Virginia (54),2009,Not Hispanic or Latino,1825731
West Virginia (54),2010,Hispanic or Latino,22370
West Virginia (54),2010,Not Hispanic or Latino,1831869
West Virginia (54),2011,Hispanic or Latino,23873
West Virginia (54),2011,Not Hispanic or Latino,1832428
West Virginia (54),2012,Hispanic or Latino,24834
West Virginia (54),2012,Not Hispanic or Latino,1832038
West Virginia (54),2013,Hispanic or Latino,25809
West Virginia (54),2013,Not Hispanic or Latino,1828105
West Virginia (54),2014,Hispanic or Latino,26884
West Virginia (54),2014,Not Hispanic or Latino,1822605
West Virginia (54),2015,Hispanic or Latino,27822
West Virginia (54),2015,Not Hispanic or Latino,1814228
West Virginia (54),2016,Hispanic or Latino,28717
West Virginia (54),2016,Not Hispanic or Latino,1802306
West Virginia (54),2017,Hispanic or Latino,29372
West Virginia (54),2017,Not Hispanic or Latino,1787632
West Virginia (54),2018,Hispanic or Latino,30333
West Virginia (54),2018,Not Hispanic or Latino,1773958
West Virginia (54),2019,Hispanic or Latino,31162
West Virginia (54),2019,Not Hispanic or Latino,1760985
Wisconsin (55),1990,Hispanic or Latino,93534
Wisconsin (55),1990,Not Hispanic or Latino,4811028
Wisconsin (55),1991,Hispanic or Latino,99689
Wisconsin (55),1991,Not Hispanic or Latino,4864654
Wisconsin (55),1992,Hispanic or Latino,106191
Wisconsin (55),1992,Not Hispanic or Latino,4919207
Wisconsin (55),1993,Hispanic or Latino,113808
Wisconsin (55),1993,Not Hispanic or Latino,4971081
Wisconsin (55),1994,Hispanic or Latino,123144
Wisconsin (55),1994,Not Hispanic or Latino,5010534
Wisconsin (55),1995,Hispanic or Latino,132728
Wisconsin (55),1995,Not Hispanic or Latino,5052108
Wisconsin (55),1996,Hispanic or Latino,142409
Wisconsin (55),1996,Not Hispanic or Latino,5087577
Wisconsin (55),1997,Hispanic or Latino,153709
Wisconsin (55),1997,Not Hispanic or Latino,5112504
Wisconsin (55),1998,Hispanic or Latino,166122
Wisconsin (55),1998,Not Hispanic or Latino,5131551
Wisconsin (55),1999,Hispanic or Latino,178834
Wisconsin (55),1999,Not Hispanic or Latino,5153832
Wisconsin (55),2000,Hispanic or Latino,195371
Wisconsin (55),2000,Not Hispanic or Latino,5178628
Wisconsin (55),2001,Hispanic or Latino,209771
Wisconsin (55),2001,Not Hispanic or Latino,5197064
Wisconsin (55),2002,Hispanic or Latino,223996
Wisconsin (55),2002,Not Hispanic or Latino,5221166
Wisconsin (55),2003,Hispanic or Latino,237465
Wisconsin (55),2003,Not Hispanic or Latino,5241738
Wisconsin (55),2004,Hispanic or Latino,250997
Wisconsin (55),2004,Not Hispanic or Latino,5263029
Wisconsin (55),2005,Hispanic or Latino,265521
Wisconsin (55),2005,Not Hispanic or Latino,5280645
Wisconsin (55),2006,Hispanic or Latino,280661
Wisconsin (55),2006,Not Hispanic or Latino,5296994
Wisconsin (55),2007,Hispanic or Latino,296250
Wisconsin (55),2007,Not Hispanic or Latino,5314525
Wisconsin (55),2008,Hispanic or Latino,310916
Wisconsin (55),2008,Not Hispanic or Latino,5330080
Wisconsin (55),2009,Hispanic or Latino,325679
Wisconsin (55),2009,Not Hispanic or Latino,5343585
Wisconsin (55),2010,Hispanic or Latino,337714
Wisconsin (55),2010,Not Hispanic or Latino,5352761
Wisconsin (55),2011,Hispanic or Latino,345302
Wisconsin (55),2011,Not Hispanic or Latino,5359986
Wisconsin (55),2012,Hispanic or Latino,353560
Wisconsin (55),2012,Not Hispanic or Latino,5366400
Wisconsin (55),2013,Hispanic or Latino,360943
Wisconsin (55),2013,Not Hispanic or Latino,5375811
Wisconsin (55),2014,Hispanic or Latino,367999
Wisconsin (55),2014,Not Hispanic or Latino,5383526
Wisconsin (55),2015,Hispanic or Latino,375768
Wisconsin (55),2015,Not Hispanic or Latino,5385172
Wisconsin (55),2016,Hispanic or Latino,384921
Wisconsin (55),2016,Not Hispanic or Latino,5387707
Wisconsin (55),2017,Hispanic or Latino,393622
Wisconsin (55),2017,Not Hispanic or Latino,5396564
Wisconsin (55),2018,Hispanic or Latino,404469
Wisconsin (55),2018,Not Hispanic or Latino,5402937
Wisconsin (55),2019,Hispanic or Latino,413208
Wisconsin (55),2019,Not Hispanic or Latino,5409226
Wyoming (56),1990,Hispanic or Latino,25524
Wyoming (56),1990,Not Hispanic or Latino,428166
Wyoming (56),1991,Hispanic or Latino,26154
Wyoming (56),1991,Not Hispanic or Latino,433106
Wyoming (56),1992,Hispanic or Latino,26433
Wyoming (56),1992,Not Hispanic or Latino,439818
Wyoming (56),1993,Hispanic or Latino,27065
Wyoming (56),1993,Not Hispanic or Latino,446016
Wyoming (56),1994,Hispanic or Latino,27501
Wyoming (56),1994,Not Hispanic or Latino,452782
Wyoming (56),1995,Hispanic or Latino,27812
Wyoming (56),1995,Not Hispanic or Latino,457348
Wyoming (56),1996,Hispanic or Latino,27954
Wyoming (56),1996,Not Hispanic or Latino,460213
Wyoming (56),1997,Hispanic or Latino,29021
Wyoming (56),1997,Not Hispanic or Latino,460431
Wyoming (56),1998,Hispanic or Latino,29780
Wyoming (56),1998,Not Hispanic or Latino,461007
Wyoming (56),1999,Hispanic or Latino,30346
Wyoming (56),1999,Not Hispanic or Latino,461434
Wyoming (56),2000,Hispanic or Latino,31999
Wyoming (56),2000,Not Hispanic or Latino,462301
Wyoming (56),2001,Hispanic or Latino,32956
Wyoming (56),2001,Not Hispanic or Latino,461701
Wyoming (56),2002,Hispanic or Latino,34254
Wyoming (56),2002,Not Hispanic or Latino,465763
Wyoming (56),2003,Hispanic or Latino,35424
Wyoming (56),2003,Not Hispanic or Latino,468029
Wyoming (56),2004,Hispanic or Latino,37001
Wyoming (56),2004,Not Hispanic or Latino,472105
Wyoming (56),2005,Hispanic or Latino,38578
Wyoming (56),2005,Not Hispanic or Latino,475579
Wyoming (56),2006,Hispanic or Latino,40433
Wyoming (56),2006,Not Hispanic or Latino,482234
Wyoming (56),2007,Hispanic or Latino,43022
Wyoming (56),2007,Not Hispanic or Latino,491854
Wyoming (56),2008,Hispanic or Latino,45949
Wyoming (56),2008,Not Hispanic or Latino,500094
Wyoming (56),2009,Hispanic or Latino,48769
Wyoming (56),2009,Not Hispanic or Latino,511082
Wyoming (56),2010,Hispanic or Latino,50512
Wyoming (56),2010,Not Hispanic or Latino,513975
Wyoming (56),2011,Hispanic or Latino,51479
Wyoming (56),2011,Not Hispanic or Latino,515820
Wyoming (56),2012,Hispanic or Latino,53964
Wyoming (56),2012,Not Hispanic or Latino,522341
Wyoming (56),2013,Hispanic or Latino,55253
Wyoming (56),2013,Not Hispanic or Latino,526869
Wyoming (56),2014,Hispanic or Latino,56076
Wyoming (56),2014,Not Hispanic or Latino,526455
Wyoming (56),2015,Hispanic or Latino,56994
Wyoming (56),2015,Not Hispanic or Latino,528619
Wyoming (56),2016,Hispanic or Latino,57703
Wyoming (56),2016,Not Hispanic or Latino,526512
Wyoming (56),2017,Hispanic or Latino,57619
Wyoming (56),2017,Not Hispanic or Latino,521312
Wyoming (56),2018,Hispanic or Latino,57986
Wyoming (56),2018,Not Hispanic or Latino,519615
Wyoming (56),2019,Hispanic or Latino,58609
Wyoming (56),2019,Not Hispanic or Latino,520150
