progress,duration_in_seconds,finished,response_id,incarc,knowincarc,noincarc,vict,knowvict,novict,on_medicaid,knowmedicaid,no_medicaid,tanf,knowtanf,notanf,snap,knowsnap,nosnap,immigrated,knowimmigrated,noimmigrated,unionmember,knowunion,nounion,aborted,knowaborted,noaborted,unemployed,knowunemployed,nounemployed,uninsured,knowuninsured,nouninsured,unable_vote,know_unable_vote,no_unable_vote,ration_scripts,ration_period,ration_food,q9,q102_1,q102_2,q102_3,q102_4,q102_5,local_police,no_strangle,police_tracker,police_training,charge_police,prison_purpose,dpen,min_wage,free_calls,ed_funds,lwop,alt_sentencing,q17,medicare,unemployment_ins,medicaid,reduce_ineq_minwage,reduce_ineq_studdebt,reduce_ineq_taxrich,reduce_ineq_moremedcare,reduce_ineq_lessmig,reduce_ineq_poorben,reduce_ineq_morecoll,auto_reg,post_felony_vote,early_vote,election_holiday,voter_id,noncit_local,jail_access,gun_sales,guns_1,guns_2,guns_3,guns_4,guns_5,guns_6,abortion_op,abortion_death,abortion_health,abortion_rape,abortion_defect,abortion_miscar,abortion_debt,abortion_violence,abortion_incarc,abortion_teen,abortion_want,abortion_ability,lgbt_employers,lgbt_medical,lgbt_business,college_econ_wellbeing,college_indoctrination,more_attend_college,college_diverse_students,public_college_funding,college_no_race_admissions,college_ben_beat_costs,colleges_out_touch,reg_banks,reg_socmedia,reg_six_fig,reg_biz,increase_deportations,increase_border_security,accept_refugees,easier_family_sponsorship,allow_daca_stay,legal_status_undocumented,gets_issues,gov_attn,vote2020,willvote,fire_rare,fire_privilege,fire_angry,fire_fear,q112,aa_special_favors,aa_been_cheated,aa_try_harder,legacy_slavery,women_power,women_xagg,women_leash,feminist,fiscal_ideology,social_ideology,facebook,twitter,youtube,q114_4,truthsocial,parlor1,reddit,tiktok,parlor2,livew_guns,no_known_gay,gay_friend,gay_fam,no_known_trans,trans_friend,trans_fam,dem101,dem,q109,self_ideo,White,Black,Native_Am,Asian_Am,Pac_Island,MENA,Hisp_Latino,race_notlisted,q51_8_text,relig,relig_text,born_again,relig_import,q113_first_click,q113_last_click,q113_page_submit,q113_click_count,trans,woman,man,gqueer,g_other,q56_4_text,hetero,lesbian,bi,gay,queer,other_sexuality,q78_6_text,q58_1,q58_2,respondent_id,state,county,block,attn_q9_pass,attn_q9_typo,attn_check_q17,attn_q114_pass,attn_q9_answered,attn_q17_answered,attn_q114_answered,attn_pass_count,attn_fail_count,attn_answered_count,duration_minutes,sub_8.45,sub_12.6,sub_20,sub_30,over_52,over_180,nonfinisher,d_black_afam_abc,d_native_ind_abc,d_asianam_abc,d_latino_his_abc,d_whiteam_abc,d_mideastam_abc,d_incwomen_abc,d_collegewom_abc,d_enviro_abc,d_feminists_abc,d_proabort_choice_abc,d_abortprov_abc,d_welfare_tanf_abc,d_fstamps_snap_abc,d_unions_abc,d_medicaid_abc,d_medicare_abc,d_unemployed_abc,d_police_abc,d_poorfam_abc,d_wealthy_abc,d_teachers_abc,d_sci_experts_abc,d_child_abc,d_crim_abc,d_incppl_pris_abc,d_homeless_abc,d_immigrants_abc,d_unauth_undoc_abc,d_gunowners_abc,d_voters_abc,d_lgbt_abc,d_trans_abc,d_transkids_abc,d_gunmans_abc,d_ice_abc,d_socmed_abc,d_nra_abc,d_bigbank_abc,d_bigcorp_abc,d_uni_abc,d_comcoll_abc,d_noncit_parent_a,d_incparents_a,d_hsteen_a,d_athiest_a,d_cath_a,d_evan_a,d_jews_a,d_pal_a,d_muslim_a,d_blackwom_a,d_blackmen_a,d_lds_a,d_longcov_a,d_exon_a,d_weed_a,d_opioid_a,d_whitecol_a,d_tech_a,d_smokers_a,d_genx_a,d_boomer_a,d_mill_a,d_genz_a,d_metoo_b,d_christnat_b,d_ruralam_b,d_urbanam_b,d_suburbam_b,d_billion_b,d_blm_b,d_maga_b,d_progs_b,d_soc_b,d_proudboys_b,d_attnys_b,d_military_b,d_vets_b,d_solds_b,d_essentials_b,d_nurses_b,d_drs_b,d_dems_b,d_reps_b,d_media_b,d_bluecol_c,d_working_c,d_midclass_c,d_migrantwork_c,d_smallbiz_c,d_taxpayers_c,d_elderly_c,d_moms_c,d_retires_c,d_sexoffenders_c,d_sexhar_vict_c,d_sexharrasser_c,d_formerlyinc_c,d_homeown_c,d_regufee_c,d_gunvi_vict_c,d_polbrut_vict_c,d_unins_c,d_mentill_c,d_aids_c,d_gay_c,d_lesbians_c,common_na_count,block_na_count,na_count,attn_wrong_count,breakoff,early_breakoff,sub_mean_breakoff,exclude_fast_no_attn,exclude_fast_bad_attn,exclude_fast_incomplete,impact,incarc_bin,noincarc_bin,knowincarc_bin,vict_bin,multiracial,OtherRace,Republican,Democrat,trans_id,gender,desor_core,desor_core_z,q62_1,penalpoint,penalpoint_ord,dpen_rev,lwop_rev,prisonpen,prisonhelp,auto_reg_rev,post_felony_vote_rev,early_vote_rev,election_holiday_rev,voter_id_rev,noncit_local_rev,jail_access_rev,incarc_electoral_means,post_felony_vote_rev_1_to_4,jail_access_rev_1_to_4,incarc_electoral_mean_1_to_4,local_police_1_to_5,no_strangle_1_to_5,police_tracker_1_to_5,police_training_1_to_5,charge_police_1_to_5,no_controls,missing_controls,control_status
100,641,1,R_52sjhcbw6w005Fg,1,1,0,1,0,0,1,0,0,1,1,0,1,1,0,0,0,1,0,1,0,1,0,0,1,1,0,1,1,0,0,1,0,Never,Sometimes,Frequently,4,1,1,1,1,1,10,10,10,10,10,7,4,3,4,4,2,2.5,Purple,NA,NA,NA,NA,NA,NA,NA,NA,NA,NA,NA,NA,NA,NA,NA,NA,NA,NA,NA,NA,NA,NA,NA,NA,NA,NA,NA,NA,NA,NA,NA,NA,NA,NA,NA,NA,NA,NA,NA,NA,NA,NA,NA,NA,NA,NA,NA,NA,NA,NA,NA,NA,NA,NA,NA,NA,NA,NA,NA,NA,NA,NA,NA,NA,NA,NA,NA,NA,NA,NA,NA,NA,NA,NA,NA,NA,NA,NA,NA,NA,NA,NA,NA,NA,NA,NA,NA,NA,NA,NA,NA,NA,NA,NA,NA,NA,NA,NA,NA,NA,NA,NA,NA,NA,NA,NA,NA,NA,NA,NA,NA,NA,NA,NA,NA,NA,NA,NA,NA,NA,NA,NA,NA,NA,NA,NA,NA,NA,iP6abb831f8b6b3eb2,NA,NA,C,TRUE,FALSE,TRUE,FALSE,TRUE,TRUE,FALSE,2,1,2,10.683333333333334,0,1,1,1,0,0,0,100,100,100,100,100,100,100,100,100,100,100,100,100,100,100,100,100,100,100,100,0,100,100,100,100,100,100,100,100,100,100,100,100,100,100,100,100,100,100,100,100,100,NA,NA,NA,NA,NA,NA,NA,NA,NA,NA,NA,NA,NA,NA,NA,NA,NA,NA,NA,NA,NA,NA,NA,NA,NA,NA,NA,NA,NA,NA,NA,NA,NA,NA,NA,NA,NA,NA,NA,NA,NA,NA,NA,NA,100,100,100,100,100,100,100,100,100,100,100,100,100,100,100,100,100,100,100,100,100,100,127,0,127,0,FALSE,FALSE,FALSE,FALSE,FALSE,FALSE,1,1,0,1,1,NA,NA,NA,NA,NA,NA,100,1.7411087373231504,7,1,Rehab (1),1,3,2,3.375,NA,NA,NA,NA,NA,NA,NA,NA,NA,NA,NA,5,5,5,5,5,TRUE,TRUE,No controls
100,952,1,R_3QMJFsXCtYQgVKa,0,0,1,0,0,1,0,1,0,0,0,1,0,1,0,0,1,0,0,1,0,0,0,1,0,1,0,0,0,1,0,0,1,Never,Frequently,Frequently,1,NA,NA,NA,NA,NA,NA,NA,NA,NA,NA,NA,NA,NA,NA,NA,NA,NA,NA,NA,NA,NA,NA,NA,NA,NA,NA,NA,NA,NA,NA,NA,NA,NA,NA,NA,NA,NA,NA,NA,NA,NA,NA,NA,NA,NA,NA,NA,NA,NA,NA,NA,NA,NA,NA,NA,NA,NA,NA,NA,NA,NA,NA,NA,NA,NA,NA,NA,NA,NA,NA,NA,NA,NA,NA,NA,NA,NA,NA,NA,NA,NA,NA,NA,NA,NA,NA,NA,NA,NA,NA,NA,NA,NA,NA,NA,NA,NA,NA,NA,NA,NA,NA,NA,NA,NA,NA,NA,NA,NA,NA,NA,NA,NA,NA,NA,NA,NA,NA,NA,NA,NA,NA,NA,NA,NA,NA,NA,NA,NA,NA,NA,NA,NA,NA,NA,NA,NA,NA,NA,NA,NA,NA,NA,NA,NA,NA,iP4ed8f389caf26cd0,NA,NA,A,FALSE,TRUE,FALSE,FALSE,TRUE,FALSE,FALSE,0,3,1,15.866666666666667,0,0,1,1,0,0,0,50,80,NA,NA,NA,NA,NA,NA,60,NA,NA,40,50,NA,60,NA,30,0,100,50,NA,100,80,100,50,NA,40,50,40,60,70,40,40,40,NA,NA,40,50,30,0,60,40,NA,50,60,NA,NA,NA,80,60,NA,NA,NA,40,100,70,NA,NA,100,90,40,NA,50,50,60,NA,NA,NA,NA,NA,NA,NA,NA,NA,NA,NA,NA,NA,NA,NA,NA,NA,NA,NA,NA,NA,NA,NA,NA,NA,NA,NA,NA,NA,NA,NA,NA,NA,NA,NA,NA,NA,NA,NA,NA,NA,NA,NA,159,10,169,1,FALSE,FALSE,FALSE,FALSE,FALSE,FALSE,0,0,1,0,0,NA,NA,NA,NA,NA,NA,37.142857142857146,-1.539637429211705,NA,NA,NA,NA,NA,NA,NA,NA,NA,NA,NA,NA,NA,NA,NA,NA,NA,NA,NA,NA,NA,NA,NA,TRUE,TRUE,No controls
100,963,1,R_1MmanJFZxFTl9ul,NA,1,0,NA,1,0,1,0,0,1,0,0,1,0,0,0,1,0,0,1,0,0,0,1,1,0,0,0,1,0,0,1,0,Rarely,Sometimes,Sometimes,4,2,1,1,1,3,8,6,7,6,8,5,2,4,4,3,1,3,Purple,3,6,2,4,2,3,1,3,1,3,2,1,1,1,1,1,2,1,2,1,1,2,2,1,3,3,1,1,1,2,1,1,1,2,1,2,1,1,2,2,1,2,1,2,1,2,1,2,1,1,2,2,2,3,2,3,1,2,2,2,1,2,1,1,4,NA,1,2,2,2,1,1,1,1,3,4,5,4,5,4,4,6,4,4,6,NA,NA,NA,NA,NA,NA,NA,NA,NA,NA,NA,NA,NA,NA,NA,NA,NA,NA,NA,NA,NA,NA,NA,NA,NA,NA,NA,NA,NA,NA,NA,NA,NA,NA,NA,NA,NA,NA,NA,NA,NA,NA,NA,iPb6b5fe7f3dbc0f5d,NA,NA,C,TRUE,FALSE,TRUE,FALSE,TRUE,TRUE,TRUE,2,1,3,16.05,0,0,1,1,0,0,0,85,88,87,79,69,91,88,87,88,73,81,90,80,83,88,87,93,72,94,82,85,88,83,83,12,83,62,79,90,89,81,87,65,85,98,75,90,84,88,88,94,87,NA,NA,NA,NA,NA,NA,NA,NA,NA,NA,NA,NA,NA,NA,NA,NA,NA,NA,NA,NA,NA,NA,NA,NA,NA,NA,NA,NA,NA,NA,NA,NA,NA,NA,NA,NA,NA,NA,NA,NA,NA,NA,NA,NA,87,87,97,83,89,99,100,91,92,18,85,89,88,90,87,84,30,90,35,78,89,82,43,0,43,1,FALSE,FALSE,FALSE,FALSE,FALSE,FALSE,1,NA,NA,1,NA,NA,NA,NA,NA,NA,NA,80.88888888888889,0.7436293472958861,5,3,Rehab (3),3,4,3.5,3.5,1,3,3,3,3,3,1,2,4,1,2.5,3,1,2,1,3,FALSE,TRUE,Some controls missing
100,893,1,R_6f3hldGZ8mC1IS9,1,1,0,1,0,0,0,1,0,0,0,1,1,1,0,0,0,1,0,0,1,0,0,1,1,1,0,1,1,0,1,0,0,Frequently,Frequently,Frequently,1,NA,NA,NA,NA,NA,NA,NA,NA,NA,NA,NA,NA,NA,NA,NA,NA,NA,NA,NA,NA,NA,NA,NA,NA,NA,NA,NA,NA,NA,NA,NA,NA,NA,NA,NA,NA,NA,NA,NA,NA,NA,NA,NA,NA,NA,NA,NA,NA,NA,NA,NA,NA,NA,NA,NA,NA,NA,NA,NA,NA,NA,NA,NA,NA,NA,NA,NA,NA,NA,NA,NA,NA,NA,NA,NA,NA,NA,NA,NA,NA,NA,NA,NA,NA,NA,NA,NA,NA,NA,NA,NA,NA,NA,NA,NA,NA,NA,NA,NA,NA,NA,NA,NA,NA,NA,NA,NA,NA,NA,NA,NA,NA,NA,NA,NA,NA,NA,NA,NA,NA,NA,NA,NA,NA,NA,NA,NA,NA,NA,NA,NA,NA,NA,NA,NA,NA,NA,NA,NA,NA,NA,NA,NA,NA,NA,NA,iP8f86cf0978f03945,NA,NA,A,FALSE,TRUE,FALSE,FALSE,TRUE,FALSE,FALSE,0,3,1,14.883333333333333,0,0,1,1,0,0,0,NA,NA,50,NA,NA,NA,NA,50,NA,NA,NA,NA,50,NA,NA,NA,NA,100,NA,100,NA,NA,NA,100,50,NA,100,NA,NA,50,NA,NA,NA,NA,NA,NA,NA,NA,50,NA,NA,NA,NA,100,NA,NA,NA,NA,NA,50,NA,NA,NA,50,NA,100,NA,NA,NA,NA,NA,NA,50,NA,NA,NA,NA,NA,NA,NA,NA,NA,NA,NA,NA,NA,NA,NA,NA,NA,NA,NA,NA,NA,NA,NA,NA,NA,NA,NA,NA,NA,NA,NA,NA,NA,NA,NA,NA,NA,NA,NA,NA,NA,NA,NA,NA,NA,177,18,195,1,FALSE,FALSE,FALSE,FALSE,FALSE,FALSE,1,1,0,1,1,NA,NA,NA,NA,NA,NA,NA,NA,NA,NA,NA,NA,NA,NA,NA,NA,NA,NA,NA,NA,NA,NA,NA,NA,NA,NA,NA,NA,NA,NA,NA,TRUE,TRUE,No controls
100,1551,1,R_1B4h1xaMdLn5dJz,0,0,1,0,0,1,1,0,0,0,0,1,1,0,0,0,0,1,0,0,1,0,0,1,0,0,1,0,0,1,0,0,1,Never,Never,Never,4,2,2,1,2,3,9,10,8,9,9,3,1,1,1,2,1,2,Purple,NA,NA,NA,NA,NA,NA,NA,NA,NA,NA,NA,NA,NA,NA,NA,NA,NA,NA,NA,NA,NA,NA,NA,NA,NA,NA,NA,NA,NA,NA,NA,NA,NA,NA,NA,NA,NA,NA,NA,NA,NA,NA,NA,NA,NA,NA,NA,NA,NA,NA,NA,NA,NA,NA,NA,NA,NA,NA,NA,NA,NA,NA,NA,NA,NA,NA,NA,NA,NA,NA,NA,NA,NA,NA,NA,NA,NA,NA,NA,NA,NA,NA,NA,NA,NA,NA,NA,NA,NA,NA,NA,NA,NA,NA,NA,NA,NA,NA,NA,NA,NA,NA,NA,NA,NA,NA,NA,NA,NA,NA,NA,NA,NA,NA,NA,NA,NA,NA,NA,NA,NA,NA,NA,NA,NA,NA,NA,NA,iP69abda041aa7b02d,NA,NA,B,TRUE,FALSE,TRUE,FALSE,TRUE,TRUE,FALSE,2,1,2,25.85,0,0,0,1,0,0,0,44,79,43,62,81,27,28,60,34,31,35,30,65,48,39,69,65,64,44,77,34,59,40,65,10,22,63,44,20,27,42,31,39,23,36,23,49,29,41,38,64,40,NA,NA,NA,NA,NA,NA,NA,NA,NA,NA,NA,NA,NA,NA,NA,NA,NA,NA,NA,NA,NA,NA,NA,28,61,50,60,68,37,40,38,65,45,30,64,72,84,72,29,68,56,30,62,43,NA,NA,NA,NA,NA,NA,NA,NA,NA,NA,NA,NA,NA,NA,NA,NA,NA,NA,NA,NA,NA,NA,127,0,127,0,FALSE,FALSE,FALSE,FALSE,FALSE,FALSE,0,0,1,0,0,NA,NA,NA,NA,NA,NA,57.22222222222222,-0.4916212926797375,3,5,Punish (5),4,4,4,1.5,NA,NA,NA,NA,NA,NA,NA,NA,NA,NA,NA,4,5,3,4,4,TRUE,TRUE,No controls
100,1742,1,R_6KTl2V3dY4eLfud,0,0,1,0,0,1,0,0,1,0,0,1,0,0,1,0,0,1,0,0,1,0,0,1,1,0,0,0,0,1,0,0,1,Never,Never,Never,4,1,1,2,1,1,8,7,10,9,8,4,2,3,1,3,4,3,purple,NA,NA,NA,NA,NA,NA,NA,NA,NA,NA,NA,NA,NA,NA,NA,NA,NA,NA,NA,NA,NA,NA,NA,NA,NA,NA,NA,NA,NA,NA,NA,NA,NA,NA,NA,NA,NA,NA,NA,NA,NA,NA,NA,NA,NA,NA,NA,NA,NA,NA,NA,NA,NA,NA,NA,NA,NA,NA,NA,NA,NA,NA,NA,NA,NA,NA,NA,NA,NA,NA,NA,NA,NA,NA,NA,NA,NA,NA,NA,NA,NA,NA,NA,NA,NA,NA,NA,NA,NA,NA,NA,NA,NA,NA,NA,NA,NA,NA,NA,NA,NA,NA,NA,NA,NA,NA,NA,NA,NA,NA,NA,NA,NA,NA,NA,NA,NA,NA,NA,NA,NA,NA,NA,NA,NA,NA,NA,NA,iPdb818e6b7e2f8118,NA,NA,C,TRUE,FALSE,TRUE,FALSE,TRUE,TRUE,FALSE,2,1,2,29.033333333333335,0,0,0,1,0,0,0,58,99,50,0,100,50,100,48,0,1,0,0,2,0,98,100,84,100,100,100,0,100,100,100,0,50,100,50,0,100,100,1,0,0,100,1,0,100,0,0,49,98,NA,NA,NA,NA,NA,NA,NA,NA,NA,NA,NA,NA,NA,NA,NA,NA,NA,NA,NA,NA,NA,NA,NA,NA,NA,NA,NA,NA,NA,NA,NA,NA,NA,NA,NA,NA,NA,NA,NA,NA,NA,NA,NA,NA,100,97,97,51,100,100,100,100,100,50,95,0,96,96,100,100,98,50,100,0,0,0,127,0,127,0,FALSE,FALSE,FALSE,FALSE,FALSE,FALSE,0,0,1,0,0,NA,NA,NA,NA,NA,NA,59.55555555555556,-0.3698360183159435,4,4,Neutral (4),3,1,2,2.5,NA,NA,NA,NA,NA,NA,NA,NA,NA,NA,NA,3,2,5,4,3,TRUE,TRUE,No controls
100,1201,1,R_3LexiNTHOeoyfvz,0,0,1,0,1,0,0,1,0,0,0,1,0,1,0,0,0,1,0,1,0,0,0,1,0,1,0,0,0,1,0,0,1,Never,Never,Never,4,1,1,2,1,1,9,10,10,10,10,4,2,3,2,3,1,3,purple,NA,NA,NA,NA,NA,NA,NA,NA,NA,NA,NA,NA,NA,NA,NA,NA,NA,NA,NA,NA,NA,NA,NA,NA,NA,NA,NA,NA,NA,NA,NA,NA,NA,NA,NA,NA,NA,NA,NA,NA,NA,NA,NA,NA,NA,NA,NA,NA,NA,NA,NA,NA,NA,NA,NA,NA,NA,NA,NA,NA,NA,NA,NA,NA,NA,NA,NA,NA,NA,NA,NA,NA,NA,NA,NA,NA,NA,NA,NA,NA,NA,NA,NA,NA,NA,NA,NA,NA,NA,NA,NA,NA,NA,NA,NA,NA,NA,NA,NA,NA,NA,NA,NA,NA,NA,NA,NA,NA,NA,NA,NA,NA,NA,NA,NA,NA,NA,NA,NA,NA,NA,NA,NA,NA,NA,NA,NA,NA,iPb26e361c9cbacf05,NA,NA,B,TRUE,FALSE,TRUE,FALSE,TRUE,TRUE,FALSE,2,1,2,20.016666666666666,0,0,0,1,0,0,0,92,87,91,78,83,77,51,93,84,80,91,66,63,98,90,98,92,85,78,89,67,94,94,96,50,50,85,50,25,76,95,79,50,51,77,86,95,63,71,74,87,90,NA,NA,NA,NA,NA,NA,NA,NA,NA,NA,NA,NA,NA,NA,NA,NA,NA,NA,NA,NA,NA,NA,NA,92,72,97,96,94,50,95,62,86,86,91,76,96,98,93,95,91,94,89,73,82,NA,NA,NA,NA,NA,NA,NA,NA,NA,NA,NA,NA,NA,NA,NA,NA,NA,NA,NA,NA,NA,NA,127,0,127,0,FALSE,FALSE,FALSE,FALSE,FALSE,FALSE,0,0,1,0,0,NA,NA,NA,NA,NA,NA,76.11111111111111,0.4942594997890704,4,4,Neutral (4),3,4,3.5,2.75,NA,NA,NA,NA,NA,NA,NA,NA,NA,NA,NA,4,5,5,5,5,TRUE,TRUE,No controls
100,741,1,R_1QG7gt0RryKERqk,NA,1,0,NA,1,0,0,1,0,0,1,0,0,1,0,0,1,0,0,1,0,0,1,0,1,0,0,1,0,0,0,1,0,Frequently,Sometimes,Sometimes,4,1,1,1,1,2,9,10,10,10,10,1,3,4,4,4,2,4,purple,3,2,1,5,2,4,5,5,4,5,1,1,1,1,1,1,1,1,2,4,3,3,4,2,4,1,1,1,1,1,1,1,1,1,1,1,2,2,2,2,2,2,2,2,2,2,2,1,1,1,1,2,4,2,4,3,2,3,1,3,3,2,2,1,4,NA,2,3,2,1,3,4,3,2,0,1,5,5,4,5,6,6,5,6,6,NA,NA,NA,NA,NA,NA,NA,NA,NA,NA,NA,NA,NA,NA,NA,NA,NA,NA,NA,NA,NA,NA,NA,NA,NA,NA,NA,NA,NA,NA,NA,NA,NA,NA,NA,NA,NA,NA,NA,NA,NA,NA,NA,iP14e8677098fc15db,NA,NA,B,TRUE,FALSE,TRUE,FALSE,TRUE,TRUE,TRUE,2,1,3,12.35,0,1,1,1,0,0,0,92,96,91,91,90,91,70,91,91,83,94,94,91,85,90,86,92,81,60,98,37,99,100,100,36,66,90,87,62,47,81,91,89,92,27,69,54,14,57,54,96,93,NA,NA,NA,NA,NA,NA,NA,NA,NA,NA,NA,NA,NA,NA,NA,NA,NA,NA,NA,NA,NA,NA,NA,89,4,84,91,94,27,91,31,92,90,1,61,74,96,90,97,89,97,91,39,61,NA,NA,NA,NA,NA,NA,NA,NA,NA,NA,NA,NA,NA,NA,NA,NA,NA,NA,NA,NA,NA,NA,43,0,43,1,FALSE,FALSE,FALSE,FALSE,FALSE,FALSE,1,NA,NA,1,NA,NA,NA,NA,NA,NA,NA,85.77777777777777,0.9987984935819304,1,7,Punish (7),2,3,2.5,4,3,3,3,3,3,3,3,3,4,4,4,4,5,5,5,5,FALSE,TRUE,Some controls missing
100,1569,1,R_7TqlbTVM0KjBRmx,NA,1,0,1,1,0,1,1,0,0,0,1,1,1,0,0,0,1,0,0,1,0,0,1,1,1,0,1,1,0,1,1,0,Frequently,Frequently,Frequently,4,1,1,1,1,1,10,10,10,10,10,1,1,4,4,4,1,4,Purple,NA,NA,NA,NA,NA,NA,NA,NA,NA,NA,NA,NA,NA,NA,NA,NA,NA,NA,NA,NA,NA,NA,NA,NA,NA,NA,NA,NA,NA,NA,NA,NA,NA,NA,NA,NA,NA,NA,NA,NA,NA,NA,NA,NA,NA,NA,NA,NA,NA,NA,NA,NA,NA,NA,NA,NA,NA,NA,NA,NA,NA,NA,NA,NA,NA,NA,NA,NA,NA,NA,NA,NA,NA,NA,NA,NA,NA,NA,NA,NA,NA,NA,NA,NA,NA,NA,NA,NA,NA,NA,NA,NA,NA,NA,NA,NA,NA,NA,NA,NA,NA,NA,NA,NA,NA,NA,NA,NA,NA,NA,NA,NA,NA,NA,NA,NA,NA,NA,NA,NA,NA,NA,NA,NA,NA,NA,NA,NA,iPa6e86462f311ac6e,NA,NA,A,TRUE,FALSE,TRUE,FALSE,TRUE,TRUE,FALSE,2,1,2,26.15,0,0,0,1,0,0,0,50,50,80,50,50,50,50,50,50,50,50,50,50,50,50,50,50,50,50,50,50,50,80,50,50,50,50,50,50,50,50,50,50,50,50,50,50,50,50,50,50,50,50,50,50,50,50,50,50,0,50,50,50,50,50,50,50,50,50,50,40,50,50,50,50,NA,NA,NA,NA,NA,NA,NA,NA,NA,NA,NA,NA,NA,NA,NA,NA,NA,NA,NA,NA,NA,NA,NA,NA,NA,NA,NA,NA,NA,NA,NA,NA,NA,NA,NA,NA,NA,NA,NA,NA,NA,NA,NA,127,0,127,0,FALSE,FALSE,FALSE,FALSE,FALSE,FALSE,1,NA,NA,1,1,NA,NA,NA,NA,NA,NA,50,-0.8685757133295756,1,7,Punish (7),4,4,4,4,NA,NA,NA,NA,NA,NA,NA,NA,NA,NA,NA,5,5,5,5,5,TRUE,TRUE,No controls
100,2141,1,R_1VCGeOj0syu4nR1,0,0,1,0,0,1,0,1,0,0,1,0,0,1,0,0,1,0,0,1,0,0,1,0,0,1,0,1,1,0,0,0,1,Rarely,Rarely,Sometimes,4,1,1,2,2,3,10,10,9,9,10,5,1,2,4,3,3,1,purple,3,3,6,4,4,3,3,5,5,5,1,1,2,2,1,1,1,1,4,4,4,1,4,4,2,1,2,1,1,1,2,2,2,2,2,2,2,2,2,2,3,2,1,1,3,1,3,3,3,2,2,4,2,2,3,3,4,1,2,3,3,4,1,2,4,NA,4,2,4,1,2,3,1,3,3,2,4,5,5,5,6,4,5,4,4,NA,NA,NA,NA,NA,NA,NA,NA,NA,NA,NA,NA,NA,NA,NA,NA,NA,NA,NA,NA,NA,NA,NA,NA,NA,NA,NA,NA,NA,NA,NA,NA,NA,NA,NA,NA,NA,NA,NA,NA,NA,NA,NA,iPe2f67b484b1bab88,NA,NA,A,TRUE,FALSE,TRUE,FALSE,TRUE,TRUE,TRUE,2,1,3,35.68333333333333,0,0,0,0,0,0,0,40,90,70,60,30,60,40,50,100,20,0,0,60,30,80,70,70,60,20,80,60,60,90,70,40,40,80,80,60,50,70,50,60,50,20,30,30,40,40,30,60,90,80,50,70,40,70,20,0,100,50,70,80,10,100,100,90,70,80,70,50,70,50,90,40,NA,NA,NA,NA,NA,NA,NA,NA,NA,NA,NA,NA,NA,NA,NA,NA,NA,NA,NA,NA,NA,NA,NA,NA,NA,NA,NA,NA,NA,NA,NA,NA,NA,NA,NA,NA,NA,NA,NA,NA,NA,NA,NA,43,0,43,1,FALSE,FALSE,FALSE,FALSE,FALSE,FALSE,0,0,1,0,0,NA,NA,NA,NA,NA,NA,65.55555555555556,-0.05667388423761632,5,3,Rehab (3),4,2,3,2.5,3,3,1,1,3,3,3,3,4,4,4,5,5,4,4,5,FALSE,TRUE,Some controls missing
100,979,1,R_6h3LEkrWAMQUfo5,0,0,1,0,0,1,1,0,0,0,0,1,0,1,0,0,0,1,0,0,1,0,0,1,1,1,0,0,0,1,0,0,1,Sometimes,Never,Rarely,4,1,1,1,1,1,10,10,10,10,10,6,4,3,2,4,1,2,purple,NA,NA,NA,NA,NA,NA,NA,NA,NA,NA,NA,NA,NA,NA,NA,NA,NA,NA,NA,NA,NA,NA,NA,NA,NA,NA,NA,NA,NA,NA,NA,NA,NA,NA,NA,NA,NA,NA,NA,NA,NA,NA,NA,NA,NA,NA,NA,NA,NA,NA,NA,NA,NA,NA,NA,NA,NA,NA,NA,NA,NA,NA,NA,NA,NA,NA,NA,NA,NA,NA,NA,NA,NA,NA,NA,NA,NA,NA,NA,NA,NA,NA,NA,NA,NA,NA,NA,NA,NA,NA,NA,NA,NA,NA,NA,NA,NA,NA,NA,NA,NA,NA,NA,NA,NA,NA,NA,NA,NA,NA,NA,NA,NA,NA,NA,NA,NA,NA,NA,NA,NA,NA,NA,NA,NA,NA,NA,NA,iPe59ff06f8ea49877,NA,NA,A,TRUE,FALSE,TRUE,FALSE,TRUE,TRUE,FALSE,2,1,2,16.316666666666666,0,0,1,1,0,0,0,60,70,70,50,50,50,50,60,90,60,50,60,60,80,80,90,90,60,70,60,50,60,80,80,20,40,80,50,50,40,50,80,50,60,40,50,50,30,50,50,60,60,70,40,70,60,50,50,50,50,50,50,60,50,80,90,50,30,60,60,20,50,60,50,60,NA,NA,NA,NA,NA,NA,NA,NA,NA,NA,NA,NA,NA,NA,NA,NA,NA,NA,NA,NA,NA,NA,NA,NA,NA,NA,NA,NA,NA,NA,NA,NA,NA,NA,NA,NA,NA,NA,NA,NA,NA,NA,NA,127,0,127,0,FALSE,FALSE,FALSE,FALSE,FALSE,FALSE,0,0,1,0,0,NA,NA,NA,NA,NA,NA,68.88888888888889,0.11730507913923184,6,2,Rehab (2),1,4,2.5,2.75,NA,NA,NA,NA,NA,NA,NA,NA,NA,NA,NA,5,5,5,5,5,TRUE,TRUE,No controls
100,1466,1,R_5ohGT1yYnEVbs2y,NA,1,0,NA,0,1,0,1,0,0,1,0,0,1,0,0,0,1,0,0,1,0,0,1,0,1,0,0,1,0,0,0,1,Rarely,Never,Rarely,4,1,1,2,2,1,10,10,10,10,9,4,5,3,3,4,1,4,Purple,NA,NA,NA,NA,NA,NA,NA,NA,NA,NA,NA,NA,NA,NA,NA,NA,NA,NA,NA,NA,NA,NA,NA,NA,NA,NA,NA,NA,NA,NA,NA,NA,NA,NA,NA,NA,NA,NA,NA,NA,NA,NA,NA,NA,NA,NA,NA,NA,NA,NA,NA,NA,NA,NA,NA,NA,NA,NA,NA,NA,NA,NA,NA,NA,NA,NA,NA,NA,NA,NA,NA,NA,NA,NA,NA,NA,NA,NA,NA,NA,NA,NA,NA,NA,NA,NA,NA,NA,NA,NA,NA,NA,NA,NA,NA,NA,NA,NA,NA,NA,NA,NA,NA,NA,NA,NA,NA,NA,NA,NA,NA,NA,NA,NA,NA,NA,NA,NA,NA,NA,NA,NA,NA,NA,NA,NA,NA,NA,iP5aa8925506baa643,NA,NA,C,TRUE,FALSE,TRUE,FALSE,TRUE,TRUE,FALSE,2,1,2,24.433333333333337,0,0,0,1,0,0,0,70,84,46,46,45,41,60,70,60,74,50,49,60,60,77,69,75,41,70,50,10,77,80,100,20,32,50,27,30,10,72,50,30,36,11,72,0,10,9,18,14,76,NA,NA,NA,NA,NA,NA,NA,NA,NA,NA,NA,NA,NA,NA,NA,NA,NA,NA,NA,NA,NA,NA,NA,NA,NA,NA,NA,NA,NA,NA,NA,NA,NA,NA,NA,NA,NA,NA,NA,NA,NA,NA,NA,NA,75,70,72,40,67,71,100,99,70,5,80,10,55,46,34,88,87,32,50,40,34,41,127,0,127,0,FALSE,FALSE,FALSE,FALSE,FALSE,FALSE,1,NA,NA,1,NA,NA,NA,NA,NA,NA,NA,51.333333333333336,-0.7989841279788361,4,4,Neutral (4),2.5,4,3.25,3.5,NA,NA,NA,NA,NA,NA,NA,NA,NA,NA,NA,5,5,5,5,4,TRUE,TRUE,No controls
100,953,1,R_1BAtvBSjhJ6AS9H,NA,1,0,NA,1,0,0,1,0,0,1,0,0,1,0,0,1,0,0,1,0,1,0,0,0,1,0,1,0,0,0,0,1,Frequently,Rarely,Rarely,4,2,3,3,3,4,10,8,10,9,9,6,3,4,3,4,3,2.5,Purple,NA,NA,NA,NA,NA,NA,NA,NA,NA,NA,NA,NA,NA,NA,NA,NA,NA,NA,NA,NA,NA,NA,NA,NA,NA,NA,NA,NA,NA,NA,NA,NA,NA,NA,NA,NA,NA,NA,NA,NA,NA,NA,NA,NA,NA,NA,NA,NA,NA,NA,NA,NA,NA,NA,NA,NA,NA,NA,NA,NA,NA,NA,NA,NA,NA,NA,NA,NA,NA,NA,NA,NA,NA,NA,NA,NA,NA,NA,NA,NA,NA,NA,NA,NA,NA,NA,NA,NA,NA,NA,NA,NA,NA,NA,NA,NA,NA,NA,NA,NA,NA,NA,NA,NA,NA,NA,NA,NA,NA,NA,NA,NA,NA,NA,NA,NA,NA,NA,NA,NA,NA,NA,NA,NA,NA,NA,NA,NA,iP4d47d42a9648dea9,NA,NA,B,TRUE,FALSE,TRUE,FALSE,TRUE,TRUE,FALSE,2,1,2,15.883333333333333,0,0,1,1,0,0,0,100,100,100,100,100,100,11,54,72,0,2,0,50,100,72,100,100,100,100,100,33,100,73,100,0,NA,100,NA,0,100,100,27,NA,24,NA,100,19,72,NA,12,33,100,NA,NA,NA,NA,NA,NA,NA,NA,NA,NA,NA,NA,NA,NA,NA,NA,NA,NA,NA,NA,NA,NA,NA,13,79,NA,100,NA,19,100,100,1,NA,35,83,100,100,100,100,100,67,35,88,31,NA,NA,NA,NA,NA,NA,NA,NA,NA,NA,NA,NA,NA,NA,NA,NA,NA,NA,NA,NA,NA,NA,132,3,135,0,FALSE,FALSE,FALSE,FALSE,FALSE,FALSE,1,NA,NA,1,NA,NA,NA,NA,NA,NA,NA,81.25,0.7624770683283781,6,2,Rehab (2),2,2,2,3.375,NA,NA,NA,NA,NA,NA,NA,NA,NA,NA,NA,5,3,5,4,4,TRUE,TRUE,No controls
100,753,1,R_6JCW5QkzViUjdZE,1,1,0,1,1,0,1,1,0,1,1,0,1,1,0,0,0,1,0,1,0,0,0,1,1,1,0,1,1,0,0,1,0,Rarely,Frequently,Frequently,4,1,1,1,1,1,9,8,9,10,10,3,4,3,3,3,3,3,Purple,NA,NA,NA,NA,NA,NA,NA,NA,NA,NA,NA,NA,NA,NA,NA,NA,NA,NA,NA,NA,NA,NA,NA,NA,NA,NA,NA,NA,NA,NA,NA,NA,NA,NA,NA,NA,NA,NA,NA,NA,NA,NA,NA,NA,NA,NA,NA,NA,NA,NA,NA,NA,NA,NA,NA,NA,NA,NA,NA,NA,NA,NA,NA,NA,NA,NA,NA,NA,NA,NA,NA,NA,NA,NA,NA,NA,NA,NA,NA,NA,NA,NA,NA,NA,NA,NA,NA,NA,NA,NA,NA,NA,NA,NA,NA,NA,NA,NA,NA,NA,NA,NA,NA,NA,NA,NA,NA,NA,NA,NA,NA,NA,NA,NA,NA,NA,NA,NA,NA,NA,NA,NA,NA,NA,NA,NA,NA,NA,iP0027e86f0853914c,NA,NA,A,TRUE,FALSE,TRUE,FALSE,TRUE,TRUE,FALSE,2,1,2,12.55,0,1,1,1,0,0,0,80,80,80,80,80,80,80,80,80,80,80,80,80,80,NA,80,80,80,80,80,NA,80,80,80,80,80,80,80,80,80,80,80,80,80,NA,NA,NA,NA,NA,50,NA,NA,80,80,80,80,80,80,80,80,80,80,80,80,80,80,80,NA,80,80,80,80,80,80,80,NA,NA,NA,NA,NA,NA,NA,NA,NA,NA,NA,NA,NA,NA,NA,NA,NA,NA,NA,NA,NA,NA,NA,NA,NA,NA,NA,NA,NA,NA,NA,NA,NA,NA,NA,NA,NA,NA,NA,NA,NA,NA,NA,136,1,137,0,FALSE,FALSE,FALSE,FALSE,FALSE,FALSE,1,1,0,1,1,NA,NA,NA,NA,NA,NA,80,0.6972349570620601,3,5,Punish (5),1,2,1.5,3,NA,NA,NA,NA,NA,NA,NA,NA,NA,NA,NA,4,3,4,5,5,TRUE,TRUE,No controls
100,843,1,R_1uHygXB8LdD1uqS,NA,1,0,NA,1,0,0,1,0,0,1,0,1,0,0,0,0,1,0,1,0,0,1,0,0,1,0,1,0,0,0,0,1,Frequently,Rarely,Sometimes,4,1,1,1,1,1,9,10,9,10,10,7,1,3,3,3,2,2,purple,NA,NA,NA,NA,NA,NA,NA,NA,NA,NA,NA,NA,NA,NA,NA,NA,NA,NA,NA,NA,NA,NA,NA,NA,NA,NA,NA,NA,NA,NA,NA,NA,NA,NA,NA,NA,NA,NA,NA,NA,NA,NA,NA,NA,NA,NA,NA,NA,NA,NA,NA,NA,NA,NA,NA,NA,NA,NA,NA,NA,NA,NA,NA,NA,NA,NA,NA,NA,NA,NA,NA,NA,NA,NA,NA,NA,NA,NA,NA,NA,NA,NA,NA,NA,NA,NA,NA,NA,NA,NA,NA,NA,NA,NA,NA,NA,NA,NA,NA,NA,NA,NA,NA,NA,NA,NA,NA,NA,NA,NA,NA,NA,NA,NA,NA,NA,NA,NA,NA,NA,NA,NA,NA,NA,NA,NA,NA,NA,iP55a8dddc68e3c7ed,NA,NA,B,TRUE,FALSE,TRUE,FALSE,TRUE,TRUE,FALSE,2,1,2,14.05,0,0,1,1,0,0,0,100,86,81,97,0,99,90,94,75,70,95,96,85,100,98,100,84,91,76,97,0,86,93,97,11,87,100,86,94,14,99,0,0,0,0,88,22,0,0,1,84,82,NA,NA,NA,NA,NA,NA,NA,NA,NA,NA,NA,NA,NA,NA,NA,NA,NA,NA,NA,NA,NA,NA,NA,96,100,4,86,85,92,96,0,89,12,1,90,100,95,99,98,99,87,100,0,88,NA,NA,NA,NA,NA,NA,NA,NA,NA,NA,NA,NA,NA,NA,NA,NA,NA,NA,NA,NA,NA,NA,127,0,127,0,FALSE,FALSE,FALSE,FALSE,FALSE,FALSE,1,NA,NA,1,NA,NA,NA,NA,NA,NA,NA,93,1.3757529142317688,7,1,Rehab (1),4,3,3.5,2.75,NA,NA,NA,NA,NA,NA,NA,NA,NA,NA,NA,4,5,4,5,5,TRUE,TRUE,No controls
100,1161,1,R_3qx6ebO4jEyihHx,0,0,1,0,0,1,1,0,0,0,0,1,1,0,0,0,0,1,0,0,1,0,0,1,1,0,0,0,1,0,0,0,1,Never,Frequently,Frequently,4,1,1,1,1,1,10,9,10,9,9,4,1,1,1,4,4,2,"""purple""",NA,NA,NA,NA,NA,NA,NA,NA,NA,NA,NA,NA,NA,NA,NA,NA,NA,NA,NA,NA,NA,NA,NA,NA,NA,NA,NA,NA,NA,NA,NA,NA,NA,NA,NA,NA,NA,NA,NA,NA,NA,NA,NA,NA,NA,NA,NA,NA,NA,NA,NA,NA,NA,NA,NA,NA,NA,NA,NA,NA,NA,NA,NA,NA,NA,NA,NA,NA,NA,NA,NA,NA,NA,NA,NA,NA,NA,NA,NA,NA,NA,NA,NA,NA,NA,NA,NA,NA,NA,NA,NA,NA,NA,NA,NA,NA,NA,NA,NA,NA,NA,NA,NA,NA,NA,NA,NA,NA,NA,NA,NA,NA,NA,NA,NA,NA,NA,NA,NA,NA,NA,NA,NA,NA,NA,NA,NA,NA,iP3e3ec26d3bfec267,NA,NA,C,TRUE,FALSE,TRUE,FALSE,TRUE,TRUE,FALSE,2,1,2,19.35,0,0,1,1,0,0,0,0,40,0,100,100,0,23,50,100,0,72,100,58,61,100,100,100,100,100,100,0,100,35,100,0,0,74,0,75,100,100,0,0,0,100,100,45,100,12,50,100,100,NA,NA,NA,NA,NA,NA,NA,NA,NA,NA,NA,NA,NA,NA,NA,NA,NA,NA,NA,NA,NA,NA,NA,NA,NA,NA,NA,NA,NA,NA,NA,NA,NA,NA,NA,NA,NA,NA,NA,NA,NA,NA,NA,NA,100,100,100,75,100,100,100,100,100,0,0,0,30,100,6,0,0,100,100,100,0,0,127,0,127,0,FALSE,FALSE,FALSE,FALSE,FALSE,FALSE,0,0,1,0,0,NA,NA,NA,NA,NA,NA,74.22222222222223,0.3956714205421898,4,4,Neutral (4),4,1,2.5,2,NA,NA,NA,NA,NA,NA,NA,NA,NA,NA,NA,5,4,5,4,4,TRUE,TRUE,No controls
100,16861,1,R_7poI6hpd9JIxSW0,0,0,1,0,0,1,0,0,1,0,0,1,0,0,1,0,0,1,0,0,1,0,0,1,0,0,1,0,1,0,0,0,1,Never,Never,Rarely,4,2,2,2,2,2,8,7,9,9,10,4,5,2.5,3,3,2,2.5,purple,NA,NA,NA,NA,NA,NA,NA,NA,NA,NA,NA,NA,NA,NA,NA,NA,NA,NA,NA,NA,NA,NA,NA,NA,NA,NA,NA,NA,NA,NA,NA,NA,NA,NA,NA,NA,NA,NA,NA,NA,NA,NA,NA,NA,NA,NA,NA,NA,NA,NA,NA,NA,NA,NA,NA,NA,NA,NA,NA,NA,NA,NA,NA,NA,NA,NA,NA,NA,NA,NA,NA,NA,NA,NA,NA,NA,NA,NA,NA,NA,NA,NA,NA,NA,NA,NA,NA,NA,NA,NA,NA,NA,NA,NA,NA,NA,NA,NA,NA,NA,NA,NA,NA,NA,NA,NA,NA,NA,NA,NA,NA,NA,NA,NA,NA,NA,NA,NA,NA,NA,NA,NA,NA,NA,NA,NA,NA,NA,iPa9b765cad1663029,NA,NA,C,TRUE,FALSE,TRUE,FALSE,TRUE,TRUE,FALSE,2,1,2,281.01666666666665,0,0,0,0,1,1,0,50,50,50,50,50,50,3,75,85,50,50,35,75,60,90,85,90,50,70,75,0,70,80,100,0,0,50,50,70,50,50,50,50,50,20,50,50,30,25,5,90,80,NA,NA,NA,NA,NA,NA,NA,NA,NA,NA,NA,NA,NA,NA,NA,NA,NA,NA,NA,NA,NA,NA,NA,NA,NA,NA,NA,NA,NA,NA,NA,NA,NA,NA,NA,NA,NA,NA,NA,NA,NA,NA,NA,NA,75,85,90,50,75,90,80,80,100,0,75,0,70,50,70,70,70,75,70,70,50,50,127,0,127,0,FALSE,FALSE,FALSE,FALSE,FALSE,FALSE,0,0,1,0,0,NA,NA,NA,NA,NA,NA,67.22222222222223,0.03031559745080812,4,4,Neutral (4),2.5,3,2.75,2.75,NA,NA,NA,NA,NA,NA,NA,NA,NA,NA,NA,3,2,4,4,5,TRUE,TRUE,No controls
100,1610,1,R_6FJTX1xYTCGSbG0,1,1,0,NA,0,1,1,1,0,0,1,0,1,1,0,0,0,1,0,0,1,0,0,1,1,1,0,1,1,0,1,1,0,Sometimes,Rarely,Sometimes,4,1,1,2,2,1,6,6,6,6,6,5,2,4,4,4,3,3,Purple,NA,NA,NA,NA,NA,NA,NA,NA,NA,NA,NA,NA,NA,NA,NA,NA,NA,NA,NA,NA,NA,NA,NA,NA,NA,NA,NA,NA,NA,NA,NA,NA,NA,NA,NA,NA,NA,NA,NA,NA,NA,NA,NA,NA,NA,NA,NA,NA,NA,NA,NA,NA,NA,NA,NA,NA,NA,NA,NA,NA,NA,NA,NA,NA,NA,NA,NA,NA,NA,NA,NA,NA,NA,NA,NA,NA,NA,NA,NA,NA,NA,NA,NA,NA,NA,NA,NA,NA,NA,NA,NA,NA,NA,NA,NA,NA,NA,NA,NA,NA,NA,NA,NA,NA,NA,NA,NA,NA,NA,NA,NA,NA,NA,NA,NA,NA,NA,NA,NA,NA,NA,NA,NA,NA,NA,NA,NA,NA,iPae6f27bc3bf495f1,NA,NA,A,TRUE,FALSE,TRUE,FALSE,TRUE,TRUE,FALSE,2,1,2,26.833333333333332,0,0,0,1,0,0,0,80,80,80,80,80,80,80,80,80,80,60,60,80,80,80,80,80,80,40,90,70,80,80,80,80,80,80,50,40,80,80,70,80,80,80,70,80,80,30,70,80,80,80,80,80,80,80,80,80,70,80,80,80,80,80,80,70,80,80,80,80,80,80,80,80,NA,NA,NA,NA,NA,NA,NA,NA,NA,NA,NA,NA,NA,NA,NA,NA,NA,NA,NA,NA,NA,NA,NA,NA,NA,NA,NA,NA,NA,NA,NA,NA,NA,NA,NA,NA,NA,NA,NA,NA,NA,NA,NA,127,0,127,0,FALSE,FALSE,FALSE,FALSE,FALSE,FALSE,1,1,0,1,NA,NA,NA,NA,NA,NA,NA,73.33333333333333,0.349277030308363,5,3,Rehab (3),3,2,2.5,3.75,NA,NA,NA,NA,NA,NA,NA,NA,NA,NA,NA,1,1,1,1,1,TRUE,TRUE,No controls
100,724,1,R_7b7gifg7sYUEAjD,0,0,1,0,0,1,1,0,0,0,0,1,0,0,1,0,0,1,0,0,1,0,0,1,1,0,0,0,0,1,0,0,1,Rarely,Never,Rarely,4,1,2,2,2,2,7,7,7,7,6,2,5,2,1,3,3,2,Purple,NA,NA,NA,NA,NA,NA,NA,NA,NA,NA,NA,NA,NA,NA,NA,NA,NA,NA,NA,NA,NA,NA,NA,NA,NA,NA,NA,NA,NA,NA,NA,NA,NA,NA,NA,NA,NA,NA,NA,NA,NA,NA,NA,NA,NA,NA,NA,NA,NA,NA,NA,NA,NA,NA,NA,NA,NA,NA,NA,NA,NA,NA,NA,NA,NA,NA,NA,NA,NA,NA,NA,NA,NA,NA,NA,NA,NA,NA,NA,NA,NA,NA,NA,NA,NA,NA,NA,NA,NA,NA,NA,NA,NA,NA,NA,NA,NA,NA,NA,NA,NA,NA,NA,NA,NA,NA,NA,NA,NA,NA,NA,NA,NA,NA,NA,NA,NA,NA,NA,NA,NA,NA,NA,NA,NA,NA,NA,NA,iP5ee99bb80cc6d168,NA,NA,B,TRUE,FALSE,TRUE,FALSE,TRUE,TRUE,FALSE,2,1,2,12.066666666666666,0,1,1,1,0,0,0,40,40,40,68,28,25,35,37,29,39,28,73,69,40,11,19,77,16,32,67,74,15,83,31,70,77,69,0,68,72,38,66,70,33,23,66,30,61,70,38,25,40,NA,NA,NA,NA,NA,NA,NA,NA,NA,NA,NA,NA,NA,NA,NA,NA,NA,NA,NA,NA,NA,NA,NA,9,38,35,33,21,76,24,32,77,31,73,22,28,25,48,35,27,68,39,38,69,NA,NA,NA,NA,NA,NA,NA,NA,NA,NA,NA,NA,NA,NA,NA,NA,NA,NA,NA,NA,NA,NA,127,0,127,0,FALSE,FALSE,FALSE,FALSE,FALSE,FALSE,0,0,1,0,0,NA,NA,NA,NA,NA,NA,47.22222222222222,-1.0135581828102826,2,6,Punish (6),2.5,2,2.25,2,NA,NA,NA,NA,NA,NA,NA,NA,NA,NA,NA,2,2,2,2,1,TRUE,TRUE,No controls
100,1622,1,R_6qwB08eMmy2SWSV,0,0,1,0,1,0,0,1,0,0,0,1,0,0,1,0,0,1,0,1,0,0,0,1,0,1,0,0,0,1,0,0,1,Rarely,Never,Never,4,1,1,2,2,1,9,8,9,9,7,4,4,2,3,3,2,3,Purple,NA,NA,NA,NA,NA,NA,NA,NA,NA,NA,NA,NA,NA,NA,NA,NA,NA,NA,NA,NA,NA,NA,NA,NA,NA,NA,NA,NA,NA,NA,NA,NA,NA,NA,NA,NA,NA,NA,NA,NA,NA,NA,NA,NA,NA,NA,NA,NA,NA,NA,NA,NA,NA,NA,NA,NA,NA,NA,NA,NA,NA,NA,NA,NA,NA,NA,NA,NA,NA,NA,NA,NA,NA,NA,NA,NA,NA,NA,NA,NA,NA,NA,NA,NA,NA,NA,NA,NA,NA,NA,NA,NA,NA,NA,NA,NA,NA,NA,NA,NA,NA,NA,NA,NA,NA,NA,NA,NA,NA,NA,NA,NA,NA,NA,NA,NA,NA,NA,NA,NA,NA,NA,NA,NA,NA,NA,NA,NA,iP8bd53637d54c213f,NA,NA,A,TRUE,FALSE,TRUE,FALSE,TRUE,TRUE,FALSE,2,1,2,27.033333333333335,0,0,0,1,0,0,0,90,80,80,80,70,70,60,90,60,70,100,80,70,90,50,80,80,80,80,60,50,100,80,90,50,70,70,70,10,50,100,60,70,80,30,60,40,10,40,40,60,70,80,40,80,50,90,70,70,70,90,70,80,60,80,80,50,40,60,60,20,50,70,60,50,NA,NA,NA,NA,NA,NA,NA,NA,NA,NA,NA,NA,NA,NA,NA,NA,NA,NA,NA,NA,NA,NA,NA,NA,NA,NA,NA,NA,NA,NA,NA,NA,NA,NA,NA,NA,NA,NA,NA,NA,NA,NA,NA,127,0,127,0,FALSE,FALSE,FALSE,FALSE,FALSE,FALSE,0,0,1,0,0,NA,NA,NA,NA,NA,NA,67.77777777777777,0.05931209134694887,4,4,Neutral (4),1,3,2,2.75,NA,NA,NA,NA,NA,NA,NA,NA,NA,NA,NA,4,3,4,4,2,TRUE,TRUE,No controls
100,1995,1,R_7VDakQQQb4gzQzF,NA,NA,1,1,0,0,0,0,1,0,0,1,1,0,0,0,1,0,0,0,1,1,0,0,1,0,0,1,0,0,0,1,0,Never,Never,Never,4,1,1,1,1,1,10,10,10,10,10,7,1,1,1,4,2,4,Purple,NA,NA,NA,NA,NA,NA,NA,NA,NA,NA,NA,NA,NA,NA,NA,NA,NA,NA,NA,NA,NA,NA,NA,NA,NA,NA,NA,NA,NA,NA,NA,NA,NA,NA,NA,NA,NA,NA,NA,NA,NA,NA,NA,NA,NA,NA,NA,NA,NA,NA,NA,NA,NA,NA,NA,NA,NA,NA,NA,NA,NA,NA,NA,NA,NA,NA,NA,NA,NA,NA,NA,NA,NA,NA,NA,NA,NA,NA,NA,NA,NA,NA,NA,NA,NA,NA,NA,NA,NA,NA,NA,NA,NA,NA,NA,NA,NA,NA,NA,NA,NA,NA,NA,NA,NA,NA,NA,NA,NA,NA,NA,NA,NA,NA,NA,NA,NA,NA,NA,NA,NA,NA,NA,NA,NA,NA,NA,NA,iPd26b13887cb62614,NA,NA,B,TRUE,FALSE,TRUE,FALSE,TRUE,TRUE,FALSE,2,1,2,33.25,0,0,0,0,0,0,0,94,100,100,100,49,50,73,100,50,100,100,100,58,85,64,64,61,52,50,59,50,59,83,78,9,62,100,51,100,80,66,99,68,100,66,49,59,74,60,50,59,49,NA,NA,NA,NA,NA,NA,NA,NA,NA,NA,NA,NA,NA,NA,NA,NA,NA,NA,NA,NA,NA,NA,NA,50,50,50,62,50,50,50,12,100,72,50,50,64,53,51,61,58,61,97,100,51,NA,NA,NA,NA,NA,NA,NA,NA,NA,NA,NA,NA,NA,NA,NA,NA,NA,NA,NA,NA,NA,NA,127,0,127,0,FALSE,FALSE,FALSE,FALSE,FALSE,FALSE,1,NA,1,NA,1,NA,NA,NA,NA,NA,NA,70,0.1752980669315148,7,1,Rehab (1),4,3,3.5,2.5,NA,NA,NA,NA,NA,NA,NA,NA,NA,NA,NA,5,5,5,5,5,TRUE,TRUE,No controls
100,7114,1,R_3OZwXCeS0Shag0x,NA,1,0,NA,1,0,0,1,0,0,1,0,0,1,0,0,1,0,0,1,0,1,0,0,0,1,0,0,1,0,0,1,0,Sometimes,Sometimes,Sometimes,4,4,2,2,1,2,8,6,7,7,6,6,1,4,4,4,1,4,Purple,NA,NA,NA,NA,NA,NA,NA,NA,NA,NA,NA,NA,NA,NA,NA,NA,NA,NA,NA,NA,NA,NA,NA,NA,NA,NA,NA,NA,NA,NA,NA,NA,NA,NA,NA,NA,NA,NA,NA,NA,NA,NA,NA,NA,NA,NA,NA,NA,NA,NA,NA,NA,NA,NA,NA,NA,NA,NA,NA,NA,NA,NA,NA,NA,NA,NA,NA,NA,NA,NA,NA,NA,NA,NA,NA,NA,NA,NA,NA,NA,NA,NA,NA,NA,NA,NA,NA,NA,NA,NA,NA,NA,NA,NA,NA,NA,NA,NA,NA,NA,NA,NA,NA,NA,NA,NA,NA,NA,NA,NA,NA,NA,NA,NA,NA,NA,NA,NA,NA,NA,NA,NA,NA,NA,NA,NA,NA,NA,iP1e87d60b235b09e7,NA,NA,A,TRUE,FALSE,TRUE,FALSE,TRUE,TRUE,FALSE,2,1,2,118.56666666666666,0,0,0,0,1,0,0,80,50,50,80,50,50,50,80,50,50,50,90,50,NA,50,50,50,NA,50,80,50,80,70,NA,50,50,80,90,50,50,50,NA,80,50,80,50,50,50,80,80,50,50,NA,80,70,NA,90,80,50,80,70,50,80,80,20,50,80,90,80,80,80,50,80,NA,50,NA,NA,NA,NA,NA,NA,NA,NA,NA,NA,NA,NA,NA,NA,NA,NA,NA,NA,NA,NA,NA,NA,NA,NA,NA,NA,NA,NA,NA,NA,NA,NA,NA,NA,NA,NA,NA,NA,NA,NA,NA,NA,NA,131,3,134,0,FALSE,FALSE,FALSE,FALSE,FALSE,FALSE,1,NA,NA,1,NA,NA,NA,NA,NA,NA,NA,64.28571428571429,-0.12295158457165356,6,2,Rehab (2),4,4,4,4,NA,NA,NA,NA,NA,NA,NA,NA,NA,NA,NA,3,1,2,2,1,TRUE,TRUE,No controls
100,791,1,R_5CbTLsykIb0LgOd,NA,1,0,1,0,0,1,0,0,0,1,0,1,0,0,0,0,1,0,0,1,0,0,1,1,0,0,1,0,0,0,0,1,Sometimes,Frequently,Rarely,4,-99,-99,4,1,1,10,6,10,10,10,1,2,4,2,1,3,3,"""purple""",NA,NA,NA,NA,NA,NA,NA,NA,NA,NA,NA,NA,NA,NA,NA,NA,NA,NA,NA,NA,NA,NA,NA,NA,NA,NA,NA,NA,NA,NA,NA,NA,NA,NA,NA,NA,NA,NA,NA,NA,NA,NA,NA,NA,NA,NA,NA,NA,NA,NA,NA,NA,NA,NA,NA,NA,NA,NA,NA,NA,NA,NA,NA,NA,NA,NA,NA,NA,NA,NA,NA,NA,NA,NA,NA,NA,NA,NA,NA,NA,NA,NA,NA,NA,NA,NA,NA,NA,NA,NA,NA,NA,NA,NA,NA,NA,NA,NA,NA,NA,NA,NA,NA,NA,NA,NA,NA,NA,NA,NA,NA,NA,NA,NA,NA,NA,NA,NA,NA,NA,NA,NA,NA,NA,NA,NA,NA,NA,iP14a259a3d1d6d33e,NA,NA,C,TRUE,FALSE,TRUE,FALSE,TRUE,TRUE,FALSE,2,1,2,13.183333333333334,0,0,1,1,0,0,0,13,35,100,50,50,0,50,17,66,0,0,0,29,36,100,59,7,7,82,30,0,100,77,68,76,64,100,10,0,100,50,50,14,0,100,0,0,87,0,50,0,50,NA,NA,NA,NA,NA,NA,NA,NA,NA,NA,NA,NA,NA,NA,NA,NA,NA,NA,NA,NA,NA,NA,NA,NA,NA,NA,NA,NA,NA,NA,NA,NA,NA,NA,NA,NA,NA,NA,NA,NA,NA,NA,NA,NA,100,100,100,0,100,100,28,50,84,0,58,0,50,50,3,50,50,73,50,11,50,50,127,0,127,0,FALSE,FALSE,FALSE,FALSE,FALSE,FALSE,1,NA,NA,1,1,NA,NA,NA,NA,NA,NA,30.88888888888889,-1.86605510335684,1,7,Punish (7),3,2,2.5,2.5,NA,NA,NA,NA,NA,NA,NA,NA,NA,NA,NA,5,1,5,5,5,TRUE,TRUE,No controls
100,28649,1,R_6OYVgKzuZO8B7mJ,NA,1,0,NA,1,0,0,1,0,0,1,0,0,1,0,0,1,0,0,0,1,1,0,0,0,1,0,1,1,0,0,0,1,Rarely,Frequently,Rarely,4,1,1,1,1,1,8,10,10,10,10,4,5,2,4,4,1,3,Purple,NA,NA,NA,NA,NA,NA,NA,NA,NA,NA,NA,NA,NA,NA,NA,NA,NA,NA,NA,NA,NA,NA,NA,NA,NA,NA,NA,NA,NA,NA,NA,NA,NA,NA,NA,NA,NA,NA,NA,NA,NA,NA,NA,NA,NA,NA,NA,NA,NA,NA,NA,NA,NA,NA,NA,NA,NA,NA,NA,NA,NA,NA,NA,NA,NA,NA,NA,NA,NA,NA,NA,NA,NA,NA,NA,NA,NA,NA,NA,NA,NA,NA,NA,NA,NA,NA,NA,NA,NA,NA,NA,NA,NA,NA,NA,NA,NA,NA,NA,NA,NA,NA,NA,NA,NA,NA,NA,NA,NA,NA,NA,NA,NA,NA,NA,NA,NA,NA,NA,NA,NA,NA,NA,NA,NA,NA,NA,NA,iP16a0184f7c67e8f2,NA,NA,C,TRUE,FALSE,TRUE,FALSE,TRUE,TRUE,FALSE,2,1,2,477.48333333333335,0,0,0,0,1,1,0,100,100,100,100,100,100,100,100,99,95,100,100,59,100,100,100,100,100,100,100,100,100,100,100,100,100,98,98,6,100,100,100,100,100,9,100,100,100,92,99,99,100,NA,NA,NA,NA,NA,NA,NA,NA,NA,NA,NA,NA,NA,NA,NA,NA,NA,NA,NA,NA,NA,NA,NA,NA,NA,NA,NA,NA,NA,NA,NA,NA,NA,NA,NA,NA,NA,NA,NA,NA,NA,NA,NA,NA,100,100,100,100,99,100,100,100,100,100,100,100,100,100,100,100,100,91,100,100,100,100,127,0,127,0,FALSE,FALSE,FALSE,FALSE,FALSE,FALSE,1,NA,NA,1,NA,NA,NA,NA,NA,NA,NA,84.55555555555556,0.9350062070104196,4,4,Neutral (4),2.5,4,3.25,3.25,NA,NA,NA,NA,NA,NA,NA,NA,NA,NA,NA,3,5,5,5,5,TRUE,TRUE,No controls
100,801,1,R_5OktIXiVp29RWoE,NA,1,0,NA,0,1,1,1,0,0,1,0,1,1,0,0,0,1,0,0,1,0,0,1,1,0,0,0,0,1,1,0,0,Rarely,Sometimes,Sometimes,4,1,1,1,1,1,10,10,10,10,10,6,2,4,4,4,2,4,"""purple""",NA,NA,NA,NA,NA,NA,NA,NA,NA,NA,NA,NA,NA,NA,NA,NA,NA,NA,NA,NA,NA,NA,NA,NA,NA,NA,NA,NA,NA,NA,NA,NA,NA,NA,NA,NA,NA,NA,NA,NA,NA,NA,NA,NA,NA,NA,NA,NA,NA,NA,NA,NA,NA,NA,NA,NA,NA,NA,NA,NA,NA,NA,NA,NA,NA,NA,NA,NA,NA,NA,NA,NA,NA,NA,NA,NA,NA,NA,NA,NA,NA,NA,NA,NA,NA,NA,NA,NA,NA,NA,NA,NA,NA,NA,NA,NA,NA,NA,NA,NA,NA,NA,NA,NA,NA,NA,NA,NA,NA,NA,NA,NA,NA,NA,NA,NA,NA,NA,NA,NA,NA,NA,NA,NA,NA,NA,NA,NA,iP245d0f4658a8358e,NA,NA,A,TRUE,FALSE,TRUE,FALSE,TRUE,TRUE,FALSE,2,1,2,13.35,0,0,1,1,0,0,0,90,80,70,10,90,60,80,90,40,20,20,10,90,90,30,90,90,10,40,90,0,90,80,40,0,80,70,10,10,10,60,70,70,60,0,40,20,40,10,60,90,80,20,70,70,80,70,0,90,10,10,90,90,70,90,80,0,0,70,70,0,30,80,90,0,NA,NA,NA,NA,NA,NA,NA,NA,NA,NA,NA,NA,NA,NA,NA,NA,NA,NA,NA,NA,NA,NA,NA,NA,NA,NA,NA,NA,NA,NA,NA,NA,NA,NA,NA,NA,NA,NA,NA,NA,NA,NA,NA,127,0,127,0,FALSE,FALSE,FALSE,FALSE,FALSE,FALSE,1,NA,NA,1,NA,NA,NA,NA,NA,NA,NA,61.111111111111114,-0.28864583540674743,6,2,Rehab (2),3,3,3,4,NA,NA,NA,NA,NA,NA,NA,NA,NA,NA,NA,5,5,5,5,5,TRUE,TRUE,No controls
100,944,1,R_7pEiKKuESK6HgHo,NA,1,0,NA,0,1,0,1,0,0,1,0,0,1,0,0,0,1,0,0,1,0,0,1,0,0,1,1,1,0,0,0,1,Never,Never,Rarely,4,1,1,2,2,1,10,10,10,10,10,1,1,4,4,4,1,3,purple,NA,NA,NA,NA,NA,NA,NA,NA,NA,NA,NA,NA,NA,NA,NA,NA,NA,NA,NA,NA,NA,NA,NA,NA,NA,NA,NA,NA,NA,NA,NA,NA,NA,NA,NA,NA,NA,NA,NA,NA,NA,NA,NA,NA,NA,NA,NA,NA,NA,NA,NA,NA,NA,NA,NA,NA,NA,NA,NA,NA,NA,NA,NA,NA,NA,NA,NA,NA,NA,NA,NA,NA,NA,NA,NA,NA,NA,NA,NA,NA,NA,NA,NA,NA,NA,NA,NA,NA,NA,NA,NA,NA,NA,NA,NA,NA,NA,NA,NA,NA,NA,NA,NA,NA,NA,NA,NA,NA,NA,NA,NA,NA,NA,NA,NA,NA,NA,NA,NA,NA,NA,NA,NA,NA,NA,NA,NA,NA,iP5c4e9df4984d9b5e,NA,NA,B,TRUE,FALSE,TRUE,FALSE,TRUE,TRUE,FALSE,2,1,2,15.733333333333333,0,0,1,1,0,0,0,91,94,100,76,16,84,22,88,98,94,92,91,94,100,98,99,97,85,11,92,4,95,99,94,8,12,100,70,28,3,90,100,100,100,3,0,76,0,3,2,71,74,NA,NA,NA,NA,NA,NA,NA,NA,NA,NA,NA,NA,NA,NA,NA,NA,NA,NA,NA,NA,NA,NA,NA,99,5,95,84,78,0,95,3,98,86,7,4,85,100,81,90,91,21,92,3,70,NA,NA,NA,NA,NA,NA,NA,NA,NA,NA,NA,NA,NA,NA,NA,NA,NA,NA,NA,NA,NA,NA,127,0,127,0,FALSE,FALSE,FALSE,FALSE,FALSE,FALSE,1,NA,NA,1,NA,NA,NA,NA,NA,NA,NA,85,0.9582034021273328,1,7,Punish (7),4,4,4,3.75,NA,NA,NA,NA,NA,NA,NA,NA,NA,NA,NA,5,5,5,5,5,TRUE,TRUE,No controls
100,693,1,R_31I0xiSbjmU1Qbo,NA,NA,1,1,1,0,0,1,0,0,0,1,1,1,0,0,0,1,0,0,1,0,0,1,1,1,0,1,1,0,0,0,1,Never,Never,Rarely,4,2,2,2,2,3,9,9,9,10,8,2,2,2,3,3,2,2,Purple,NA,NA,NA,NA,NA,NA,NA,NA,NA,NA,NA,NA,NA,NA,NA,NA,NA,NA,NA,NA,NA,NA,NA,NA,NA,NA,NA,NA,NA,NA,NA,NA,NA,NA,NA,NA,NA,NA,NA,NA,NA,NA,NA,NA,NA,NA,NA,NA,NA,NA,NA,NA,NA,NA,NA,NA,NA,NA,NA,NA,NA,NA,NA,NA,NA,NA,NA,NA,NA,NA,NA,NA,NA,NA,NA,NA,NA,NA,NA,NA,NA,NA,NA,NA,NA,NA,NA,NA,NA,NA,NA,NA,NA,NA,NA,NA,NA,NA,NA,NA,NA,NA,NA,NA,NA,NA,NA,NA,NA,NA,NA,NA,NA,NA,NA,NA,NA,NA,NA,NA,NA,NA,NA,NA,NA,NA,NA,NA,iP672efb77364c3c6f,NA,NA,C,TRUE,FALSE,TRUE,FALSE,TRUE,TRUE,FALSE,2,1,2,11.55,0,1,1,1,0,0,0,72,77,79,90,80,65,25,6,50,44,85,50,42,77,50,73,48,67,64,88,50,28,50,89,0,0,27,63,41,19,50,69,49,16,14,10,35,2,41,17,72,50,NA,NA,NA,NA,NA,NA,NA,NA,NA,NA,NA,NA,NA,NA,NA,NA,NA,NA,NA,NA,NA,NA,NA,NA,NA,NA,NA,NA,NA,NA,NA,NA,NA,NA,NA,NA,NA,NA,NA,NA,NA,NA,NA,NA,77,73,66,68,73,36,84,96,80,0,78,0,30,50,63,84,67,48,67,49,67,65,127,0,127,0,FALSE,FALSE,FALSE,FALSE,FALSE,FALSE,1,NA,1,NA,1,NA,NA,NA,NA,NA,NA,58.44444444444444,-0.4278290061082264,2,6,Punish (6),3,3,3,2.5,NA,NA,NA,NA,NA,NA,NA,NA,NA,NA,NA,4,4,4,5,3,TRUE,TRUE,No controls
100,10840,1,R_1rWOjVC61csUmel,0,0,-99,0,0,1,-99,-99,-99,1,0,0,1,0,0,0,0,1,-99,-99,-99,0,0,1,0,0,1,-99,-99,-99,-99,-99,-99,Frequently,Frequently,NA,2,NA,NA,NA,NA,NA,NA,NA,NA,NA,NA,NA,NA,NA,NA,NA,NA,NA,NA,NA,NA,NA,NA,NA,NA,NA,NA,NA,NA,NA,NA,NA,NA,NA,NA,NA,NA,NA,NA,NA,NA,NA,NA,NA,NA,NA,NA,NA,NA,NA,NA,NA,NA,NA,NA,NA,NA,NA,NA,NA,NA,NA,NA,NA,NA,NA,NA,NA,NA,NA,NA,NA,NA,NA,NA,NA,NA,NA,NA,NA,NA,NA,NA,NA,NA,NA,NA,NA,NA,NA,NA,NA,NA,NA,NA,NA,NA,NA,NA,NA,NA,NA,NA,NA,NA,NA,NA,NA,NA,NA,NA,NA,NA,NA,NA,NA,NA,NA,NA,NA,NA,NA,NA,NA,NA,NA,NA,NA,NA,NA,NA,NA,NA,NA,NA,NA,NA,NA,NA,NA,NA,NA,NA,NA,NA,NA,NA,iPfe43ff916a234ec6,NA,NA,B,FALSE,FALSE,FALSE,FALSE,TRUE,FALSE,FALSE,0,3,1,180.66666666666663,0,0,0,0,1,1,0,NA,78,69,63,67,74,66,NA,65,67,67,74,69,70,76,66,68,63,64,62,75,65,66,66,NA,100,68,69,64,63,59,65,68,98,69,70,65,92,72,68,66,70,NA,NA,NA,NA,NA,NA,NA,NA,NA,NA,NA,NA,NA,NA,NA,NA,NA,NA,NA,NA,NA,NA,NA,74,64,NA,62,64,64,81,64,63,66,62,66,63,67,72,68,62,64,88,67,65,NA,NA,NA,NA,NA,NA,NA,NA,NA,NA,NA,NA,NA,NA,NA,NA,NA,NA,NA,NA,NA,NA,148,1,149,1,FALSE,FALSE,FALSE,FALSE,FALSE,FALSE,0,0,1,0,0,NA,NA,NA,NA,NA,NA,66.55555555555556,-0.0044801952245618,NA,NA,NA,NA,NA,NA,NA,NA,NA,NA,NA,NA,NA,NA,NA,NA,NA,NA,NA,NA,NA,NA,NA,TRUE,TRUE,No controls
100,51425,1,R_1vhKNf6DBNctMhb,0,0,1,0,0,1,0,1,0,0,0,1,0,0,1,0,1,0,1,1,0,0,1,0,0,1,0,0,1,0,0,0,1,Frequently,Never,Rarely,1,NA,NA,NA,NA,NA,NA,NA,NA,NA,NA,NA,NA,NA,NA,NA,NA,NA,NA,NA,NA,NA,NA,NA,NA,NA,NA,NA,NA,NA,NA,NA,NA,NA,NA,NA,NA,NA,NA,NA,NA,NA,NA,NA,NA,NA,NA,NA,NA,NA,NA,NA,NA,NA,NA,NA,NA,NA,NA,NA,NA,NA,NA,NA,NA,NA,NA,NA,NA,NA,NA,NA,NA,NA,NA,NA,NA,NA,NA,NA,NA,NA,NA,NA,NA,NA,NA,NA,NA,NA,NA,NA,NA,NA,NA,NA,NA,NA,NA,NA,NA,NA,NA,NA,NA,NA,NA,NA,NA,NA,NA,NA,NA,NA,NA,NA,NA,NA,NA,NA,NA,NA,NA,NA,NA,NA,NA,NA,NA,NA,NA,NA,NA,NA,NA,NA,NA,NA,NA,NA,NA,NA,NA,NA,NA,NA,NA,iP880cb3311721ad1c,NA,NA,A,FALSE,TRUE,FALSE,FALSE,TRUE,FALSE,FALSE,0,3,1,857.0833333333334,0,0,0,0,1,1,0,50,50,50,50,50,50,0,50,50,10,100,100,10,40,100,50,50,40,50,80,50,50,50,50,0,10,50,40,50,0,50,50,50,40,0,50,50,0,50,0,60,90,0,50,50,NA,40,0,50,50,50,50,50,0,50,50,90,50,30,60,10,90,40,70,100,NA,NA,NA,NA,NA,NA,NA,NA,NA,NA,NA,NA,NA,NA,NA,NA,NA,NA,NA,NA,NA,NA,NA,NA,NA,NA,NA,NA,NA,NA,NA,NA,NA,NA,NA,NA,NA,NA,NA,NA,NA,NA,NA,145,1,146,1,FALSE,FALSE,FALSE,FALSE,FALSE,FALSE,0,0,1,0,0,NA,NA,NA,NA,NA,NA,45.55555555555556,-1.100547664498707,NA,NA,NA,NA,NA,NA,NA,NA,NA,NA,NA,NA,NA,NA,NA,NA,NA,NA,NA,NA,NA,NA,NA,TRUE,TRUE,No controls
100,738,1,R_7wCPL648eHtx5zr,0,0,1,0,0,1,1,0,0,0,0,1,1,1,0,0,0,1,0,0,1,0,0,1,1,0,0,0,0,1,0,0,1,Never,Never,Rarely,4,1,1,2,2,1,10,10,10,10,10,6,4,4,3,4,2,3,purple,NA,NA,NA,NA,NA,NA,NA,NA,NA,NA,NA,NA,NA,NA,NA,NA,NA,NA,NA,NA,NA,NA,NA,NA,NA,NA,NA,NA,NA,NA,NA,NA,NA,NA,NA,NA,NA,NA,NA,NA,NA,NA,NA,NA,NA,NA,NA,NA,NA,NA,NA,NA,NA,NA,NA,NA,NA,NA,NA,NA,NA,NA,NA,NA,NA,NA,NA,NA,NA,NA,NA,NA,NA,NA,NA,NA,NA,NA,NA,NA,NA,NA,NA,NA,NA,NA,NA,NA,NA,NA,NA,NA,NA,NA,NA,NA,NA,NA,NA,NA,NA,NA,NA,NA,NA,NA,NA,NA,NA,NA,NA,NA,NA,NA,NA,NA,NA,NA,NA,NA,NA,NA,NA,NA,NA,NA,NA,NA,iPe73ce8dd074695d1,NA,NA,C,TRUE,FALSE,TRUE,FALSE,TRUE,TRUE,FALSE,2,1,2,12.3,0,1,1,1,0,0,0,91,100,80,71,61,77,76,77,74,64,69,71,62,63,63,71,78,66,63,81,10,83,73,87,53,66,78,50,68,10,68,82,100,86,0,100,5,0,27,100,53,75,NA,NA,NA,NA,NA,NA,NA,NA,NA,NA,NA,NA,NA,NA,NA,NA,NA,NA,NA,NA,NA,NA,NA,NA,NA,NA,NA,NA,NA,NA,NA,NA,NA,NA,NA,NA,NA,NA,NA,NA,NA,NA,NA,NA,73,79,54,78,59,72,74,80,78,17,97,0,79,69,70,95,93,32,90,83,64,73,127,0,127,0,FALSE,FALSE,FALSE,FALSE,FALSE,FALSE,0,0,1,0,0,NA,NA,NA,NA,NA,NA,68.55555555555556,0.09990718280154724,6,2,Rehab (2),1,3,2,3.5,NA,NA,NA,NA,NA,NA,NA,NA,NA,NA,NA,5,5,5,5,5,TRUE,TRUE,No controls
100,10386,1,R_6VewmNSFBxik2hY,0,0,1,0,0,1,0,1,0,0,0,1,0,0,1,0,0,1,0,0,1,0,0,1,0,1,0,0,1,0,0,0,1,Never,Never,Never,1,NA,NA,NA,NA,NA,NA,NA,NA,NA,NA,NA,NA,NA,NA,NA,NA,NA,NA,NA,NA,NA,NA,NA,NA,NA,NA,NA,NA,NA,NA,NA,NA,NA,NA,NA,NA,NA,NA,NA,NA,NA,NA,NA,NA,NA,NA,NA,NA,NA,NA,NA,NA,NA,NA,NA,NA,NA,NA,NA,NA,NA,NA,NA,NA,NA,NA,NA,NA,NA,NA,NA,NA,NA,NA,NA,NA,NA,NA,NA,NA,NA,NA,NA,NA,NA,NA,NA,NA,NA,NA,NA,NA,NA,NA,NA,NA,NA,NA,NA,NA,NA,NA,NA,NA,NA,NA,NA,NA,NA,NA,NA,NA,NA,NA,NA,NA,NA,NA,NA,NA,NA,NA,NA,NA,NA,NA,NA,NA,NA,NA,NA,NA,NA,NA,NA,NA,NA,NA,NA,NA,NA,NA,NA,NA,NA,NA,iPb8de6161f262abc0,NA,NA,A,FALSE,TRUE,FALSE,FALSE,TRUE,FALSE,FALSE,0,3,1,173.1,0,0,0,0,1,0,0,100,100,100,100,100,100,50,90,100,100,50,50,80,90,80,100,100,100,100,100,70,100,100,100,10,50,50,100,100,50,50,100,100,100,50,100,0,10,0,10,10,100,100,50,100,100,80,80,100,50,80,100,100,80,100,100,50,50,100,90,10,100,100,100,100,NA,NA,NA,NA,NA,NA,NA,NA,NA,NA,NA,NA,NA,NA,NA,NA,NA,NA,NA,NA,NA,NA,NA,NA,NA,NA,NA,NA,NA,NA,NA,NA,NA,NA,NA,NA,NA,NA,NA,NA,NA,NA,NA,145,0,145,1,FALSE,FALSE,FALSE,FALSE,FALSE,FALSE,0,0,1,0,0,NA,NA,NA,NA,NA,NA,91.11111111111111,1.2771648349848883,NA,NA,NA,NA,NA,NA,NA,NA,NA,NA,NA,NA,NA,NA,NA,NA,NA,NA,NA,NA,NA,NA,NA,TRUE,TRUE,No controls
18,572,0,R_3q8LVrLYtTnu1M6,1,1,0,1,1,0,1,1,0,0,1,1,1,1,0,0,0,1,0,1,0,0,1,0,1,1,0,1,1,0,0,0,1,Frequently,Rarely,Sometimes,4,2,2,2,1,1,NA,NA,NA,NA,NA,NA,NA,NA,NA,NA,NA,NA,NA,NA,NA,NA,NA,NA,NA,NA,NA,NA,NA,NA,NA,NA,NA,NA,NA,NA,NA,NA,NA,NA,NA,NA,NA,NA,NA,NA,NA,NA,NA,NA,NA,NA,NA,NA,NA,NA,NA,NA,NA,NA,NA,NA,NA,NA,NA,NA,NA,NA,NA,NA,NA,NA,NA,NA,NA,NA,NA,NA,NA,NA,NA,NA,NA,NA,NA,NA,NA,NA,NA,NA,NA,NA,NA,NA,NA,NA,NA,NA,NA,NA,NA,NA,NA,NA,NA,NA,NA,NA,NA,NA,NA,NA,NA,NA,NA,NA,NA,NA,NA,NA,NA,NA,NA,NA,NA,NA,NA,NA,NA,NA,NA,NA,NA,NA,NA,NA,NA,NA,NA,NA,NA,NA,NA,NA,NA,NA,NA,iPaf256b5a7012eb15,NA,NA,C,TRUE,FALSE,FALSE,FALSE,TRUE,FALSE,FALSE,1,2,1,9.533333333333331,0,1,1,1,0,0,1,61,91,22,17,74,4,65,64,31,18,27,27,59,78,35,76,77,70,14,66,13,100,63,87,9,16,17,24,1,78,73,27,16,23,64,89,37,68,13,15,35,65,NA,NA,NA,NA,NA,NA,NA,NA,NA,NA,NA,NA,NA,NA,NA,NA,NA,NA,NA,NA,NA,NA,NA,NA,NA,NA,NA,NA,NA,NA,NA,NA,NA,NA,NA,NA,NA,NA,NA,NA,NA,NA,NA,NA,64,72,82,5,68,76,69,71,62,7,71,21,48,67,13,15,72,27,38,52,26,14,140,0,140,0,TRUE,TRUE,TRUE,FALSE,FALSE,FALSE,1,1,0,1,1,NA,NA,NA,NA,NA,NA,52,-0.7641883353034666,NA,NA,NA,NA,NA,NA,NA,NA,NA,NA,NA,NA,NA,NA,NA,NA,NA,NA,NA,NA,NA,NA,NA,TRUE,TRUE,No controls
28,968,0,R_51HCPKNEqY40tZ0,0,0,-99,0,1,0,0,0,1,-99,-99,-99,-99,-99,-99,-99,-99,-99,0,1,0,0,1,0,0,1,0,-99,-99,-99,-99,-99,-99,Never,Never,Never,4,2,2,3,-99,2,8,9,6,9,9,1,1,3,2,2,2,2,purple,2,3,2,NA,NA,NA,NA,NA,NA,NA,NA,NA,NA,NA,NA,NA,NA,NA,NA,NA,NA,NA,NA,NA,NA,NA,NA,NA,NA,NA,NA,NA,NA,NA,NA,NA,NA,NA,NA,NA,NA,NA,NA,NA,NA,NA,NA,NA,NA,NA,NA,NA,NA,NA,NA,NA,NA,NA,NA,NA,NA,NA,NA,NA,NA,NA,NA,NA,NA,NA,NA,NA,NA,NA,NA,NA,NA,NA,NA,NA,NA,NA,NA,NA,NA,NA,NA,NA,NA,NA,NA,NA,NA,NA,NA,NA,NA,NA,NA,NA,NA,NA,NA,NA,NA,NA,NA,NA,NA,NA,NA,NA,NA,NA,NA,NA,NA,NA,NA,NA,NA,NA,NA,NA,NA,NA,NA,NA,iPf442705e29c15cbb,NA,NA,A,TRUE,FALSE,TRUE,FALSE,TRUE,TRUE,FALSE,2,1,2,16.133333333333333,0,0,1,1,0,0,1,NA,NA,NA,NA,50,NA,NA,NA,NA,NA,30,NA,NA,NA,NA,NA,NA,NA,NA,NA,NA,NA,NA,90,NA,NA,NA,NA,0,70,NA,NA,NA,10,NA,90,NA,NA,30,NA,NA,NA,30,30,NA,NA,NA,NA,NA,10,30,30,NA,NA,NA,80,NA,30,NA,70,40,70,70,NA,NA,NA,NA,NA,NA,NA,NA,NA,NA,NA,NA,NA,NA,NA,NA,NA,NA,NA,NA,NA,NA,NA,NA,NA,NA,NA,NA,NA,NA,NA,NA,NA,NA,NA,NA,NA,NA,NA,NA,NA,NA,NA,NA,NA,158,12,170,0,TRUE,FALSE,TRUE,FALSE,FALSE,FALSE,0,0,1,0,0,NA,NA,NA,NA,NA,NA,NA,NA,1,7,Punish (7),4,3,3.5,2.25,NA,NA,NA,NA,NA,NA,NA,NA,NA,NA,NA,3,4,1,4,4,TRUE,TRUE,No controls
8,667,0,R_7qVSlV7Q4FsIBhJ,NA,NA,NA,NA,NA,NA,NA,NA,NA,NA,NA,NA,NA,NA,NA,NA,NA,NA,NA,NA,NA,NA,NA,NA,NA,NA,NA,NA,NA,NA,NA,NA,NA,NA,NA,NA,NA,NA,NA,NA,NA,NA,NA,NA,NA,NA,NA,NA,NA,NA,NA,NA,NA,NA,NA,NA,NA,NA,NA,NA,NA,NA,NA,NA,NA,NA,NA,NA,NA,NA,NA,NA,NA,NA,NA,NA,NA,NA,NA,NA,NA,NA,NA,NA,NA,NA,NA,NA,NA,NA,NA,NA,NA,NA,NA,NA,NA,NA,NA,NA,NA,NA,NA,NA,NA,NA,NA,NA,NA,NA,NA,NA,NA,NA,NA,NA,NA,NA,NA,NA,NA,NA,NA,NA,NA,NA,NA,NA,NA,NA,NA,NA,NA,NA,NA,NA,NA,NA,NA,NA,NA,NA,NA,NA,NA,NA,NA,NA,NA,NA,NA,NA,NA,NA,NA,NA,NA,NA,NA,NA,NA,NA,NA,NA,NA,NA,NA,NA,NA,NA,NA,NA,NA,NA,NA,NA,NA,NA,NA,NA,NA,NA,NA,iP09bae1ce3c2b4e34,NA,NA,B,FALSE,FALSE,FALSE,FALSE,FALSE,FALSE,FALSE,0,3,0,11.116666666666667,0,1,1,1,0,0,1,79,80,78,78,79,76,70,78,75,73,82,72,75,78,71,81,82,81,62,75,76,79,84,95,33,29,82,78,63,80,82,78,82,83,90,72,56,72,65,63,76,90,NA,NA,NA,NA,NA,NA,NA,NA,NA,NA,NA,NA,NA,NA,NA,NA,NA,NA,NA,NA,NA,NA,NA,66,76,77,86,79,80,79,76,77,82,66,73,83,79,90,85,87,80,80,83,72,NA,NA,NA,NA,NA,NA,NA,NA,NA,NA,NA,NA,NA,NA,NA,NA,NA,NA,NA,NA,NA,NA,182,0,182,0,TRUE,TRUE,TRUE,FALSE,FALSE,FALSE,NA,NA,NA,NA,NA,NA,NA,NA,NA,NA,NA,77.22222222222223,0.5522524875813534,NA,NA,NA,NA,NA,NA,NA,NA,NA,NA,NA,NA,NA,NA,NA,NA,NA,NA,NA,NA,NA,NA,NA,TRUE,TRUE,No controls
7,681,0,R_18XNjANeK6rJjQG,NA,NA,NA,NA,NA,NA,NA,NA,NA,NA,NA,NA,NA,NA,NA,NA,NA,NA,NA,NA,NA,NA,NA,NA,NA,NA,NA,NA,NA,NA,NA,NA,NA,NA,NA,NA,NA,NA,NA,NA,NA,NA,NA,NA,NA,NA,NA,NA,NA,NA,NA,NA,NA,NA,NA,NA,NA,NA,NA,NA,NA,NA,NA,NA,NA,NA,NA,NA,NA,NA,NA,NA,NA,NA,NA,NA,NA,NA,NA,NA,NA,NA,NA,NA,NA,NA,NA,NA,NA,NA,NA,NA,NA,NA,NA,NA,NA,NA,NA,NA,NA,NA,NA,NA,NA,NA,NA,NA,NA,NA,NA,NA,NA,NA,NA,NA,NA,NA,NA,NA,NA,NA,NA,NA,NA,NA,NA,NA,NA,NA,NA,NA,NA,NA,NA,NA,NA,NA,NA,NA,NA,NA,NA,NA,NA,NA,NA,NA,NA,NA,NA,NA,NA,NA,NA,NA,NA,NA,NA,NA,NA,NA,NA,NA,NA,NA,NA,NA,NA,NA,NA,NA,NA,NA,NA,NA,NA,NA,NA,NA,NA,NA,NA,iP31411614d6f2764e,NA,NA,C,FALSE,FALSE,FALSE,FALSE,FALSE,FALSE,FALSE,0,3,0,11.35,0,1,1,1,0,0,1,NA,NA,NA,NA,NA,NA,NA,NA,NA,NA,NA,NA,NA,NA,NA,NA,NA,NA,NA,NA,NA,NA,NA,NA,NA,NA,NA,NA,NA,NA,NA,NA,NA,NA,NA,NA,NA,NA,NA,NA,NA,NA,NA,NA,NA,NA,NA,NA,NA,NA,NA,NA,NA,NA,NA,NA,NA,NA,NA,NA,NA,NA,NA,NA,NA,NA,NA,NA,NA,NA,NA,NA,NA,NA,NA,NA,NA,NA,NA,NA,NA,NA,NA,NA,NA,NA,NA,NA,NA,NA,NA,NA,NA,NA,NA,NA,NA,NA,NA,NA,NA,NA,NA,NA,NA,NA,NA,NA,224,22,246,0,TRUE,TRUE,TRUE,FALSE,FALSE,FALSE,NA,NA,NA,NA,NA,NA,NA,NA,NA,NA,NA,NA,NA,NA,NA,NA,NA,NA,NA,NA,NA,NA,NA,NA,NA,NA,NA,NA,NA,NA,NA,NA,NA,NA,NA,NA,TRUE,TRUE,No controls
100,629,1,R_72eJtFzxlxziN6p,NA,1,0,NA,1,0,0,1,0,0,0,1,1,1,0,0,0,1,0,0,1,0,1,0,1,1,0,1,1,0,0,1,0,Frequently,Never,Frequently,1,NA,NA,NA,NA,NA,NA,NA,NA,NA,NA,NA,NA,NA,NA,NA,NA,NA,NA,NA,NA,NA,NA,NA,NA,NA,NA,NA,NA,NA,NA,NA,NA,NA,NA,NA,NA,NA,NA,NA,NA,NA,NA,NA,NA,NA,NA,NA,NA,NA,NA,NA,NA,NA,NA,NA,NA,NA,NA,NA,NA,NA,NA,NA,NA,NA,NA,NA,NA,NA,NA,NA,NA,NA,NA,NA,NA,NA,NA,NA,NA,NA,NA,NA,NA,NA,NA,NA,NA,NA,NA,NA,NA,NA,NA,NA,NA,NA,NA,NA,NA,NA,NA,NA,NA,NA,NA,NA,NA,NA,NA,NA,NA,NA,NA,NA,NA,NA,NA,NA,NA,NA,NA,NA,NA,NA,NA,NA,NA,NA,NA,NA,NA,NA,NA,NA,NA,NA,NA,NA,NA,NA,NA,NA,NA,NA,NA,iPaae72ae8654a9baa,NA,NA,A,FALSE,TRUE,FALSE,FALSE,TRUE,FALSE,FALSE,0,3,1,10.483333333333333,0,1,1,1,0,0,0,80,0,60,80,60,60,70,70,70,0,100,100,100,100,70,100,100,100,80,100,0,100,90,80,30,80,100,80,0,30,70,80,0,0,0,60,0,30,60,20,0,100,80,60,100,0,0,0,0,0,0,0,0,0,100,100,20,0,90,70,0,70,90,30,80,NA,NA,NA,NA,NA,NA,NA,NA,NA,NA,NA,NA,NA,NA,NA,NA,NA,NA,NA,NA,NA,NA,NA,NA,NA,NA,NA,NA,NA,NA,NA,NA,NA,NA,NA,NA,NA,NA,NA,NA,NA,NA,NA,145,0,145,1,FALSE,FALSE,FALSE,FALSE,FALSE,FALSE,1,NA,NA,1,NA,NA,NA,NA,NA,NA,NA,86.66666666666667,1.0451928838157571,NA,NA,NA,NA,NA,NA,NA,NA,NA,NA,NA,NA,NA,NA,NA,NA,NA,NA,NA,NA,NA,NA,NA,TRUE,TRUE,No controls
100,717,1,R_1G7CqZssfN3YqAQ,0,0,1,0,0,1,0,1,0,0,1,0,0,1,0,0,0,1,0,0,1,0,0,1,0,1,0,0,1,0,0,0,1,Rarely,Rarely,Sometimes,4,1,1,1,1,1,9,10,10,10,10,7,3,4,3,4,2,3,purple,NA,NA,NA,NA,NA,NA,NA,NA,NA,NA,NA,NA,NA,NA,NA,NA,NA,NA,NA,NA,NA,NA,NA,NA,NA,NA,NA,NA,NA,NA,NA,NA,NA,NA,NA,NA,NA,NA,NA,NA,NA,NA,NA,NA,NA,NA,NA,NA,NA,NA,NA,NA,NA,NA,NA,NA,NA,NA,NA,NA,NA,NA,NA,NA,NA,NA,NA,NA,NA,NA,NA,NA,NA,NA,NA,NA,NA,NA,NA,NA,NA,NA,NA,NA,NA,NA,NA,NA,NA,NA,NA,NA,NA,NA,NA,NA,NA,NA,NA,NA,NA,NA,NA,NA,NA,NA,NA,NA,NA,NA,NA,NA,NA,NA,NA,NA,NA,NA,NA,NA,NA,NA,NA,NA,NA,NA,NA,NA,iP8c4a20844e9b5365,NA,NA,C,TRUE,FALSE,TRUE,FALSE,TRUE,TRUE,FALSE,2,1,2,11.95,0,1,1,1,0,0,0,55,71,59,55,55,55,50,61,50,30,50,40,56,55,61,56,55,55,61,64,55,72,53,100,52,53,60,55,38,56,50,50,50,56,50,50,52,36,43,41,50,64,NA,NA,NA,NA,NA,NA,NA,NA,NA,NA,NA,NA,NA,NA,NA,NA,NA,NA,NA,NA,NA,NA,NA,NA,NA,NA,NA,NA,NA,NA,NA,NA,NA,NA,NA,NA,NA,NA,NA,NA,NA,NA,NA,NA,61,77,62,58,69,68,71,78,61,5,67,0,58,58,53,53,58,45,65,56,54,59,127,0,127,0,FALSE,FALSE,FALSE,FALSE,FALSE,FALSE,0,0,1,0,0,NA,NA,NA,NA,NA,NA,54.888888888888886,-0.6134065670435315,7,1,Rehab (1),2,3,2.5,3.5,NA,NA,NA,NA,NA,NA,NA,NA,NA,NA,NA,4,5,5,5,5,TRUE,TRUE,No controls
100,764,1,R_1GfeIQXeSr941RD,NA,NA,1,1,0,0,1,0,0,0,0,1,1,0,0,0,0,1,0,0,1,0,0,1,1,0,0,0,0,1,0,0,1,Never,Rarely,Never,4,2,1,2,2,1,8,6,9,9,10,6,4,3,4,3,1,3,Purple,NA,NA,NA,NA,NA,NA,NA,NA,NA,NA,NA,NA,NA,NA,NA,NA,NA,NA,NA,NA,NA,NA,NA,NA,NA,NA,NA,NA,NA,NA,NA,NA,NA,NA,NA,NA,NA,NA,NA,NA,NA,NA,NA,NA,NA,NA,NA,NA,NA,NA,NA,NA,NA,NA,NA,NA,NA,NA,NA,NA,NA,NA,NA,NA,NA,NA,NA,NA,NA,NA,NA,NA,NA,NA,NA,NA,NA,NA,NA,NA,NA,NA,NA,NA,NA,NA,NA,NA,NA,NA,NA,NA,NA,NA,NA,NA,NA,NA,NA,NA,NA,NA,NA,NA,NA,NA,NA,NA,NA,NA,NA,NA,NA,NA,NA,NA,NA,NA,NA,NA,NA,NA,NA,NA,NA,NA,NA,NA,iP46703eab576622f2,NA,NA,A,TRUE,FALSE,TRUE,FALSE,TRUE,TRUE,FALSE,2,1,2,12.733333333333333,0,0,1,1,0,0,0,90,20,0,0,10,20,20,90,0,90,10,0,90,90,70,100,100,10,90,100,0,80,0,10,80,10,100,0,0,20,90,30,20,0,NA,10,100,10,100,90,80,0,10,100,70,10,0,0,0,70,0,10,100,0,80,80,80,0,30,100,0,90,40,20,90,NA,NA,NA,NA,NA,NA,NA,NA,NA,NA,NA,NA,NA,NA,NA,NA,NA,NA,NA,NA,NA,NA,NA,NA,NA,NA,NA,NA,NA,NA,NA,NA,NA,NA,NA,NA,NA,NA,NA,NA,NA,NA,NA,128,0,128,0,FALSE,FALSE,FALSE,FALSE,FALSE,FALSE,1,NA,1,NA,1,NA,NA,NA,NA,NA,NA,65.55555555555556,-0.05667388423761632,6,2,Rehab (2),1,4,2.5,3.25,NA,NA,NA,NA,NA,NA,NA,NA,NA,NA,NA,3,1,4,4,5,TRUE,TRUE,No controls
100,797,1,R_7Oxb1EyJCuohYoP,0,0,1,0,0,1,0,0,1,0,0,1,0,0,1,0,0,1,0,0,1,0,0,1,1,1,0,0,0,1,0,0,1,Rarely,Never,Rarely,4,4,2,4,4,3,10,8,9,9,8,4,1,2.5,2.5,2.5,1,2.5,Purple,NA,NA,NA,NA,NA,NA,NA,NA,NA,NA,NA,NA,NA,NA,NA,NA,NA,NA,NA,NA,NA,NA,NA,NA,NA,NA,NA,NA,NA,NA,NA,NA,NA,NA,NA,NA,NA,NA,NA,NA,NA,NA,NA,NA,NA,NA,NA,NA,NA,NA,NA,NA,NA,NA,NA,NA,NA,NA,NA,NA,NA,NA,NA,NA,NA,NA,NA,NA,NA,NA,NA,NA,NA,NA,NA,NA,NA,NA,NA,NA,NA,NA,NA,NA,NA,NA,NA,NA,NA,NA,NA,NA,NA,NA,NA,NA,NA,NA,NA,NA,NA,NA,NA,NA,NA,NA,NA,NA,NA,NA,NA,NA,NA,NA,NA,NA,NA,NA,NA,NA,NA,NA,NA,NA,NA,NA,NA,NA,iPd2544987af0bea6e,NA,NA,A,TRUE,FALSE,TRUE,FALSE,TRUE,TRUE,FALSE,2,1,2,13.283333333333331,0,0,1,1,0,0,0,50,50,50,50,50,50,50,50,50,50,50,50,50,50,50,50,50,50,50,50,50,50,50,50,50,50,50,50,50,50,50,50,50,50,50,50,50,50,50,50,50,50,50,50,50,50,50,50,50,50,50,50,50,50,50,50,50,50,50,50,50,50,50,50,50,NA,NA,NA,NA,NA,NA,NA,NA,NA,NA,NA,NA,NA,NA,NA,NA,NA,NA,NA,NA,NA,NA,NA,NA,NA,NA,NA,NA,NA,NA,NA,NA,NA,NA,NA,NA,NA,NA,NA,NA,NA,NA,NA,127,0,127,0,FALSE,FALSE,FALSE,FALSE,FALSE,FALSE,0,0,1,0,0,NA,NA,NA,NA,NA,NA,50,-0.8685757133295756,4,4,Neutral (4),4,4,4,2.5,NA,NA,NA,NA,NA,NA,NA,NA,NA,NA,NA,5,3,4,4,3,TRUE,TRUE,No controls
100,859,1,R_1QctgT10KNjUlZg,0,0,1,0,0,1,1,1,0,0,0,1,1,1,0,0,0,1,0,1,0,0,0,1,1,0,0,1,0,0,0,0,1,Sometimes,Never,Sometimes,1,NA,NA,NA,NA,NA,NA,NA,NA,NA,NA,NA,NA,NA,NA,NA,NA,NA,NA,NA,NA,NA,NA,NA,NA,NA,NA,NA,NA,NA,NA,NA,NA,NA,NA,NA,NA,NA,NA,NA,NA,NA,NA,NA,NA,NA,NA,NA,NA,NA,NA,NA,NA,NA,NA,NA,NA,NA,NA,NA,NA,NA,NA,NA,NA,NA,NA,NA,NA,NA,NA,NA,NA,NA,NA,NA,NA,NA,NA,NA,NA,NA,NA,NA,NA,NA,NA,NA,NA,NA,NA,NA,NA,NA,NA,NA,NA,NA,NA,NA,NA,NA,NA,NA,NA,NA,NA,NA,NA,NA,NA,NA,NA,NA,NA,NA,NA,NA,NA,NA,NA,NA,NA,NA,NA,NA,NA,NA,NA,NA,NA,NA,NA,NA,NA,NA,NA,NA,NA,NA,NA,NA,NA,NA,NA,NA,NA,iP8dd88fc631faefd1,NA,NA,C,FALSE,TRUE,FALSE,FALSE,TRUE,FALSE,FALSE,0,3,1,14.316666666666666,0,0,1,1,0,0,0,62,92,81,66,50,64,50,82,82,50,0,4,50,90,50,95,100,50,52,81,4,66,67,100,0,0,50,70,77,0,100,0,40,50,0,0,0,0,4,49,50,50,NA,NA,NA,NA,NA,NA,NA,NA,NA,NA,NA,NA,NA,NA,NA,NA,NA,NA,NA,NA,NA,NA,NA,NA,NA,NA,NA,NA,NA,NA,NA,NA,NA,NA,NA,NA,NA,NA,NA,NA,NA,NA,NA,NA,69,50,74,47,54,87,87,90,84,0,10,0,0,50,87,50,50,93,70,50,50,0,145,0,145,1,FALSE,FALSE,FALSE,FALSE,FALSE,FALSE,0,0,1,0,0,NA,NA,NA,NA,NA,NA,73.66666666666667,0.3666749266460483,NA,NA,NA,NA,NA,NA,NA,NA,NA,NA,NA,NA,NA,NA,NA,NA,NA,NA,NA,NA,NA,NA,NA,TRUE,TRUE,No controls
100,969,1,R_7KUU6oGyX3kbiKc,0,0,1,0,0,1,1,0,0,0,1,0,1,0,0,0,0,1,0,0,1,0,0,1,0,0,1,1,0,0,0,0,1,Never,Never,Never,4,-99,1,1,1,1,6,6,6,6,6,7,1,4,4,4,1,4,Purple,NA,NA,NA,NA,NA,NA,NA,NA,NA,NA,NA,NA,NA,NA,NA,NA,NA,NA,NA,NA,NA,NA,NA,NA,NA,NA,NA,NA,NA,NA,NA,NA,NA,NA,NA,NA,NA,NA,NA,NA,NA,NA,NA,NA,NA,NA,NA,NA,NA,NA,NA,NA,NA,NA,NA,NA,NA,NA,NA,NA,NA,NA,NA,NA,NA,NA,NA,NA,NA,NA,NA,NA,NA,NA,NA,NA,NA,NA,NA,NA,NA,NA,NA,NA,NA,NA,NA,NA,NA,NA,NA,NA,NA,NA,NA,NA,NA,NA,NA,NA,NA,NA,NA,NA,NA,NA,NA,NA,NA,NA,NA,NA,NA,NA,NA,NA,NA,NA,NA,NA,NA,NA,NA,NA,NA,NA,NA,NA,iP3cf11d69e17917bc,NA,NA,C,TRUE,FALSE,TRUE,FALSE,TRUE,TRUE,FALSE,2,1,2,16.15,0,0,1,1,0,0,0,67,72,84,35,100,56,20,38,100,15,100,76,100,27,16,21,28,16,100,16,97,68,30,19,47,43,100,37,100,100,36,27,10,18,20,18,100,100,100,87,53,88,NA,NA,NA,NA,NA,NA,NA,NA,NA,NA,NA,NA,NA,NA,NA,NA,NA,NA,NA,NA,NA,NA,NA,NA,NA,NA,NA,NA,NA,NA,NA,NA,NA,NA,NA,NA,NA,NA,NA,NA,NA,NA,NA,NA,100,31,46,42,21,100,20,19,100,18,11,26,15,100,28,100,41,100,20,55,16,16,127,0,127,0,FALSE,FALSE,FALSE,FALSE,FALSE,FALSE,0,0,1,0,0,NA,NA,NA,NA,NA,NA,49.44444444444444,-0.8975722072257172,7,1,Rehab (1),4,4,4,4,NA,NA,NA,NA,NA,NA,NA,NA,NA,NA,NA,1,1,1,1,1,TRUE,TRUE,No controls
100,682,1,R_7ptIW9L95sKxRs4,NA,NA,1,1,0,0,1,0,0,0,0,1,1,0,0,0,0,1,0,0,1,0,0,1,1,0,0,0,0,1,0,0,1,Sometimes,Sometimes,Sometimes,1,NA,NA,NA,NA,NA,NA,NA,NA,NA,NA,NA,NA,NA,NA,NA,NA,NA,NA,NA,NA,NA,NA,NA,NA,NA,NA,NA,NA,NA,NA,NA,NA,NA,NA,NA,NA,NA,NA,NA,NA,NA,NA,NA,NA,NA,NA,NA,NA,NA,NA,NA,NA,NA,NA,NA,NA,NA,NA,NA,NA,NA,NA,NA,NA,NA,NA,NA,NA,NA,NA,NA,NA,NA,NA,NA,NA,NA,NA,NA,NA,NA,NA,NA,NA,NA,NA,NA,NA,NA,NA,NA,NA,NA,NA,NA,NA,NA,NA,NA,NA,NA,NA,NA,NA,NA,NA,NA,NA,NA,NA,NA,NA,NA,NA,NA,NA,NA,NA,NA,NA,NA,NA,NA,NA,NA,NA,NA,NA,NA,NA,NA,NA,NA,NA,NA,NA,NA,NA,NA,NA,NA,NA,NA,NA,NA,NA,iP0cdcb0e6b0ec699c,NA,NA,B,FALSE,TRUE,FALSE,FALSE,TRUE,FALSE,FALSE,0,3,1,11.366666666666667,0,1,1,1,0,0,0,72,93,34,63,52,61,12,85,91,36,60,30,34,58,100,83,98,40,85,83,48,77,65,100,20,23,87,17,9,83,66,31,27,10,83,89,32,78,19,19,96,71,NA,NA,NA,NA,NA,NA,NA,NA,NA,NA,NA,NA,NA,NA,NA,NA,NA,NA,NA,NA,NA,NA,NA,57,72,83,93,63,30,71,89,36,35,61,36,90,100,98,98,92,78,34,80,31,NA,NA,NA,NA,NA,NA,NA,NA,NA,NA,NA,NA,NA,NA,NA,NA,NA,NA,NA,NA,NA,NA,145,0,145,1,FALSE,FALSE,FALSE,FALSE,FALSE,FALSE,1,NA,1,NA,1,NA,NA,NA,NA,NA,NA,56.55555555555556,-0.526417085355107,NA,NA,NA,NA,NA,NA,NA,NA,NA,NA,NA,NA,NA,NA,NA,NA,NA,NA,NA,NA,NA,NA,NA,TRUE,TRUE,No controls
100,1095,1,R_5PlApmZogJQT6r7,1,1,0,NA,0,1,0,1,0,0,0,1,0,0,1,0,0,1,0,1,0,0,0,1,1,1,0,1,0,0,0,0,1,Sometimes,Never,Rarely,4,2,2,3,2,2,9,7,10,10,10,6,1,4,3,4,5,3,purple,NA,NA,NA,NA,NA,NA,NA,NA,NA,NA,NA,NA,NA,NA,NA,NA,NA,NA,NA,NA,NA,NA,NA,NA,NA,NA,NA,NA,NA,NA,NA,NA,NA,NA,NA,NA,NA,NA,NA,NA,NA,NA,NA,NA,NA,NA,NA,NA,NA,NA,NA,NA,NA,NA,NA,NA,NA,NA,NA,NA,NA,NA,NA,NA,NA,NA,NA,NA,NA,NA,NA,NA,NA,NA,NA,NA,NA,NA,NA,NA,NA,NA,NA,NA,NA,NA,NA,NA,NA,NA,NA,NA,NA,NA,NA,NA,NA,NA,NA,NA,NA,NA,NA,NA,NA,NA,NA,NA,NA,NA,NA,NA,NA,NA,NA,NA,NA,NA,NA,NA,NA,NA,NA,NA,NA,NA,NA,NA,iP01acce0513742121,NA,NA,C,TRUE,FALSE,TRUE,FALSE,TRUE,TRUE,FALSE,2,1,2,18.25,0,0,1,1,0,0,0,75,78,77,79,81,66,53,100,0,0,0,0,50,71,10,74,76,64,69,75,62,18,29,100,4,32,64,100,10,77,74,0,0,0,73,0,55,65,63,62,32,82,NA,NA,NA,NA,NA,NA,NA,NA,NA,NA,NA,NA,NA,NA,NA,NA,NA,NA,NA,NA,NA,NA,NA,NA,NA,NA,NA,NA,NA,NA,NA,NA,NA,NA,NA,NA,NA,NA,NA,NA,NA,NA,NA,NA,96,100,94,61,100,100,100,100,80,0,61,16,68,100,22,82,77,76,69,68,0,27,127,0,127,0,FALSE,FALSE,FALSE,FALSE,FALSE,FALSE,1,1,0,1,NA,NA,NA,NA,NA,NA,NA,64.88888888888889,-0.09146967691298626,6,2,Rehab (2),4,2.5,3.25,3.5,NA,NA,NA,NA,NA,NA,NA,NA,NA,NA,NA,4,2,5,5,5,TRUE,TRUE,No controls
100,749,1,R_7JwoEYwFhmrEGTI,0,0,1,0,0,1,0,1,0,0,0,1,0,0,1,0,1,0,0,0,1,0,1,0,1,1,0,1,1,0,0,0,1,Frequently,Never,Rarely,4,1,1,1,1,1,9,9,10,10,10,2,4,3,4,4,5,3,purple,NA,NA,NA,NA,NA,NA,NA,NA,NA,NA,NA,NA,NA,NA,NA,NA,NA,NA,NA,NA,NA,NA,NA,NA,NA,NA,NA,NA,NA,NA,NA,NA,NA,NA,NA,NA,NA,NA,NA,NA,NA,NA,NA,NA,NA,NA,NA,NA,NA,NA,NA,NA,NA,NA,NA,NA,NA,NA,NA,NA,NA,NA,NA,NA,NA,NA,NA,NA,NA,NA,NA,NA,NA,NA,NA,NA,NA,NA,NA,NA,NA,NA,NA,NA,NA,NA,NA,NA,NA,NA,NA,NA,NA,NA,NA,NA,NA,NA,NA,NA,NA,NA,NA,NA,NA,NA,NA,NA,NA,NA,NA,NA,NA,NA,NA,NA,NA,NA,NA,NA,NA,NA,NA,NA,NA,NA,NA,NA,iP7a58d2ed4d0cd45c,NA,NA,A,TRUE,FALSE,TRUE,FALSE,TRUE,TRUE,FALSE,2,1,2,12.483333333333333,0,1,1,1,0,0,0,70,70,70,70,70,70,50,80,80,80,80,80,70,60,70,80,70,70,70,80,50,80,90,70,20,70,70,70,70,40,70,70,70,80,0,50,30,0,10,10,80,80,70,50,70,70,70,60,70,70,70,70,70,70,90,90,60,50,70,70,40,70,70,70,60,NA,NA,NA,NA,NA,NA,NA,NA,NA,NA,NA,NA,NA,NA,NA,NA,NA,NA,NA,NA,NA,NA,NA,NA,NA,NA,NA,NA,NA,NA,NA,NA,NA,NA,NA,NA,NA,NA,NA,NA,NA,NA,NA,127,0,127,0,FALSE,FALSE,FALSE,FALSE,FALSE,FALSE,0,0,1,0,0,NA,NA,NA,NA,NA,NA,71.11111111111111,0.23329105472379777,2,6,Punish (6),1,2.5,1.75,3.5,NA,NA,NA,NA,NA,NA,NA,NA,NA,NA,NA,4,4,5,5,5,TRUE,TRUE,No controls
100,734,1,R_1KI0RsD8E8NacUh,0,0,1,0,0,1,0,1,0,0,0,1,0,0,1,0,0,1,1,0,0,0,0,1,1,0,0,1,0,0,0,0,1,Never,Never,Never,4,1,1,1,1,1,10,10,10,10,10,5,4,3,3,4,2,3,Purple,NA,NA,NA,NA,NA,NA,NA,NA,NA,NA,NA,NA,NA,NA,NA,NA,NA,NA,NA,NA,NA,NA,NA,NA,NA,NA,NA,NA,NA,NA,NA,NA,NA,NA,NA,NA,NA,NA,NA,NA,NA,NA,NA,NA,NA,NA,NA,NA,NA,NA,NA,NA,NA,NA,NA,NA,NA,NA,NA,NA,NA,NA,NA,NA,NA,NA,NA,NA,NA,NA,NA,NA,NA,NA,NA,NA,NA,NA,NA,NA,NA,NA,NA,NA,NA,NA,NA,NA,NA,NA,NA,NA,NA,NA,NA,NA,NA,NA,NA,NA,NA,NA,NA,NA,NA,NA,NA,NA,NA,NA,NA,NA,NA,NA,NA,NA,NA,NA,NA,NA,NA,NA,NA,NA,NA,NA,NA,NA,iPb38f24a848f6cced,NA,NA,C,TRUE,FALSE,TRUE,FALSE,TRUE,TRUE,FALSE,2,1,2,12.233333333333333,0,1,1,1,0,0,0,71,99,68,65,50,67,34,89,85,89,13,92,79,73,74,66,74,56,64,77,33,89,72,100,23,36,85,68,55,37,58,78,83,79,25,32,34,10,19,24,61,87,NA,NA,NA,NA,NA,NA,NA,NA,NA,NA,NA,NA,NA,NA,NA,NA,NA,NA,NA,NA,NA,NA,NA,NA,NA,NA,NA,NA,NA,NA,NA,NA,NA,NA,NA,NA,NA,NA,NA,NA,NA,NA,NA,NA,64,68,73,66,66,80,87,86,74,0,95,0,33,55,76,100,100,75,87,84,71,77,127,0,127,0,FALSE,FALSE,FALSE,FALSE,FALSE,FALSE,0,0,1,0,0,NA,NA,NA,NA,NA,NA,70.33333333333333,0.1926959632691994,5,3,Rehab (3),1,3,2,3.25,NA,NA,NA,NA,NA,NA,NA,NA,NA,NA,NA,5,5,5,5,5,TRUE,TRUE,No controls
100,1403,1,R_878MPUFblx7RDut,NA,NA,1,1,0,0,1,0,0,0,0,1,-99,-99,-99,0,0,1,0,0,1,0,0,1,-99,-99,-99,1,0,0,0,0,1,Frequently,Frequently,Frequently,4,1,1,2,2,2,9,9,9,9,8,2,2,1,1,2,1,1,purple,NA,NA,NA,NA,NA,NA,NA,NA,NA,NA,NA,NA,NA,NA,NA,NA,NA,NA,NA,NA,NA,NA,NA,NA,NA,NA,NA,NA,NA,NA,NA,NA,NA,NA,NA,NA,NA,NA,NA,NA,NA,NA,NA,NA,NA,NA,NA,NA,NA,NA,NA,NA,NA,NA,NA,NA,NA,NA,NA,NA,NA,NA,NA,NA,NA,NA,NA,NA,NA,NA,NA,NA,NA,NA,NA,NA,NA,NA,NA,NA,NA,NA,NA,NA,NA,NA,NA,NA,NA,NA,NA,NA,NA,NA,NA,NA,NA,NA,NA,NA,NA,NA,NA,NA,NA,NA,NA,NA,NA,NA,NA,NA,NA,NA,NA,NA,NA,NA,NA,NA,NA,NA,NA,NA,NA,NA,NA,NA,iP04cf2cc20a7e438a,NA,NA,B,TRUE,FALSE,TRUE,FALSE,TRUE,TRUE,FALSE,2,1,2,23.383333333333333,0,0,0,1,0,0,0,70,81,55,13,50,15,4,61,100,68,98,71,83,89,50,78,85,73,61,89,26,88,90,80,0,50,100,61,0,0,95,73,71,56,0,83,13,0,0,16,18,87,NA,NA,NA,NA,NA,NA,NA,NA,NA,NA,NA,NA,NA,NA,NA,NA,NA,NA,NA,NA,NA,NA,NA,78,0,75,95,18,0,65,0,84,39,0,72,100,87,97,96,100,77,100,0,56,NA,NA,NA,NA,NA,NA,NA,NA,NA,NA,NA,NA,NA,NA,NA,NA,NA,NA,NA,NA,NA,NA,127,0,127,0,FALSE,FALSE,FALSE,FALSE,FALSE,FALSE,1,NA,1,NA,1,NA,NA,NA,NA,NA,NA,73.11111111111111,0.33767843274990683,2,6,Punish (6),3,4,3.5,1.25,NA,NA,NA,NA,NA,NA,NA,NA,NA,NA,NA,4,4,4,4,3,TRUE,TRUE,No controls
100,1191,1,R_3HuL5RTT7ZqJa3v,0,0,1,0,0,1,1,0,0,0,0,1,1,0,0,0,0,1,0,0,1,0,1,0,0,0,1,0,0,1,1,0,0,Rarely,Sometimes,Sometimes,3,NA,NA,NA,NA,NA,NA,NA,NA,NA,NA,NA,NA,NA,NA,NA,NA,NA,NA,NA,NA,NA,NA,NA,NA,NA,NA,NA,NA,NA,NA,NA,NA,NA,NA,NA,NA,NA,NA,NA,NA,NA,NA,NA,NA,NA,NA,NA,NA,NA,NA,NA,NA,NA,NA,NA,NA,NA,NA,NA,NA,NA,NA,NA,NA,NA,NA,NA,NA,NA,NA,NA,NA,NA,NA,NA,NA,NA,NA,NA,NA,NA,NA,NA,NA,NA,NA,NA,NA,NA,NA,NA,NA,NA,NA,NA,NA,NA,NA,NA,NA,NA,NA,NA,NA,NA,NA,NA,NA,NA,NA,NA,NA,NA,NA,NA,NA,NA,NA,NA,NA,NA,NA,NA,NA,NA,NA,NA,NA,NA,NA,NA,NA,NA,NA,NA,NA,NA,NA,NA,NA,NA,NA,NA,NA,NA,NA,iPb68844f2241e3090,NA,NA,B,FALSE,FALSE,FALSE,FALSE,TRUE,FALSE,FALSE,0,3,1,19.85,0,0,1,1,0,0,0,95,50,50,72,21,35,4,50,85,31,24,71,50,96,50,15,8,66,100,16,0,71,0,73,11,26,67,0,0,85,50,72,37,87,100,0,84,15,100,97,61,58,NA,NA,NA,NA,NA,NA,NA,NA,NA,NA,NA,NA,NA,NA,NA,NA,NA,NA,NA,NA,NA,NA,NA,50,28,50,50,83,0,100,16,36,15,51,24,71,85,50,90,11,32,50,50,43,NA,NA,NA,NA,NA,NA,NA,NA,NA,NA,NA,NA,NA,NA,NA,NA,NA,NA,NA,NA,NA,NA,145,0,145,1,FALSE,FALSE,FALSE,FALSE,FALSE,FALSE,0,0,1,0,0,NA,NA,NA,NA,NA,NA,35.333333333333336,-1.6340831521877086,NA,NA,NA,NA,NA,NA,NA,NA,NA,NA,NA,NA,NA,NA,NA,NA,NA,NA,NA,NA,NA,NA,NA,TRUE,TRUE,No controls
8,871,0,R_5kHxj5tv6MpdViq,NA,NA,NA,NA,NA,NA,NA,NA,NA,NA,NA,NA,NA,NA,NA,NA,NA,NA,NA,NA,NA,NA,NA,NA,NA,NA,NA,NA,NA,NA,NA,NA,NA,NA,NA,NA,NA,NA,NA,NA,NA,NA,NA,NA,NA,NA,NA,NA,NA,NA,NA,NA,NA,NA,NA,NA,NA,NA,NA,NA,NA,NA,NA,NA,NA,NA,NA,NA,NA,NA,NA,NA,NA,NA,NA,NA,NA,NA,NA,NA,NA,NA,NA,NA,NA,NA,NA,NA,NA,NA,NA,NA,NA,NA,NA,NA,NA,NA,NA,NA,NA,NA,NA,NA,NA,NA,NA,NA,NA,NA,NA,NA,NA,NA,NA,NA,NA,NA,NA,NA,NA,NA,NA,NA,NA,NA,NA,NA,NA,NA,NA,NA,NA,NA,NA,NA,NA,NA,NA,NA,NA,NA,NA,NA,NA,NA,NA,NA,NA,NA,NA,NA,NA,NA,NA,NA,NA,NA,NA,NA,NA,NA,NA,NA,NA,NA,NA,NA,NA,NA,NA,NA,NA,NA,NA,NA,NA,NA,NA,NA,NA,NA,NA,iP9fab968bfa86f6db,NA,NA,B,FALSE,FALSE,FALSE,FALSE,FALSE,FALSE,FALSE,0,3,0,14.516666666666667,0,0,1,1,0,0,1,50,50,50,50,50,50,42,50,50,50,65,43,50,50,50,50,50,50,90,50,50,50,50,90,40,45,50,50,10,50,50,50,50,50,50,95,19,50,50,50,50,50,NA,NA,NA,NA,NA,NA,NA,NA,NA,NA,NA,NA,NA,NA,NA,NA,NA,NA,NA,NA,NA,NA,NA,50,50,50,50,50,50,0,50,50,50,50,50,85,90,95,50,50,50,50,78,42,NA,NA,NA,NA,NA,NA,NA,NA,NA,NA,NA,NA,NA,NA,NA,NA,NA,NA,NA,NA,NA,NA,182,0,182,0,TRUE,TRUE,TRUE,FALSE,FALSE,FALSE,NA,NA,NA,NA,NA,NA,NA,NA,NA,NA,NA,45.55555555555556,-1.100547664498707,NA,NA,NA,NA,NA,NA,NA,NA,NA,NA,NA,NA,NA,NA,NA,NA,NA,NA,NA,NA,NA,NA,NA,TRUE,TRUE,No controls
100,1103,1,R_1sj3Kx6Ppqc0TxO,0,0,1,0,0,1,1,0,0,0,0,1,0,0,1,1,1,0,0,0,1,0,0,1,0,1,0,1,0,0,0,0,1,Never,Never,Never,4,2,2,1,1,2,9,7,9,8,10,4,1,3,3,2,2,2,Purple,3,3,1,4,5,5,4,5,3,4,1,3,1,2,2,3,3,3,1,4,4,4,1,4,1,2,1,3,2,2,2,2,1,2,2,2,2,1,2,2,2,1,2,1,3,2,3,2,1,3,2,2,3,3,4,4,3,3,3,3,3,2,3,3,4,NA,2,3,2,3,1,1,2,2,2,1,5,6,4,5,5,6,4,6,5,NA,NA,NA,NA,NA,NA,NA,NA,NA,NA,NA,NA,NA,NA,NA,NA,NA,NA,NA,NA,NA,NA,NA,NA,NA,NA,NA,NA,NA,NA,NA,NA,NA,NA,NA,NA,NA,NA,NA,NA,NA,NA,NA,iP75cdf4aa001daa62,NA,NA,B,TRUE,FALSE,TRUE,FALSE,TRUE,TRUE,TRUE,2,1,3,18.383333333333333,0,0,1,1,0,0,0,49,67,73,39,36,84,77,88,69,68,74,77,35,66,64,95,69,33,93,74,72,67,75,80,37,29,27,68,31,29,78,66,34,47,52,80,70,41,30,73,66,65,NA,NA,NA,NA,NA,NA,NA,NA,NA,NA,NA,NA,NA,NA,NA,NA,NA,NA,NA,NA,NA,NA,NA,38,62,39,70,75,50,72,73,23,68,71,64,35,64,55,65,72,37,39,75,71,NA,NA,NA,NA,NA,NA,NA,NA,NA,NA,NA,NA,NA,NA,NA,NA,NA,NA,NA,NA,NA,NA,43,0,43,1,FALSE,FALSE,FALSE,FALSE,FALSE,FALSE,0,0,1,0,0,NA,NA,NA,NA,NA,NA,55.333333333333336,-0.590209371926618,4,4,Neutral (4),4,3,3.5,2.5,3,2,3,1,1,2,2,2,2.5,2.5,2.5,4,2,4,3,5,FALSE,TRUE,Some controls missing
100,1218,1,R_3GOG9mnkDiH2M7S,NA,1,0,1,1,0,1,1,0,0,0,1,1,1,0,0,1,0,0,0,1,0,0,1,1,1,0,1,1,0,1,1,0,Frequently,Frequently,Frequently,4,1,1,1,1,1,7,9,10,10,10,7,3,4,4,4,1,4,Purple,NA,NA,NA,NA,NA,NA,NA,NA,NA,NA,NA,NA,NA,NA,NA,NA,NA,NA,NA,NA,NA,NA,NA,NA,NA,NA,NA,NA,NA,NA,NA,NA,NA,NA,NA,NA,NA,NA,NA,NA,NA,NA,NA,NA,NA,NA,NA,NA,NA,NA,NA,NA,NA,NA,NA,NA,NA,NA,NA,NA,NA,NA,NA,NA,NA,NA,NA,NA,NA,NA,NA,NA,NA,NA,NA,NA,NA,NA,NA,NA,NA,NA,NA,NA,NA,NA,NA,NA,NA,NA,NA,NA,NA,NA,NA,NA,NA,NA,NA,NA,NA,NA,NA,NA,NA,NA,NA,NA,NA,NA,NA,NA,NA,NA,NA,NA,NA,NA,NA,NA,NA,NA,NA,NA,NA,NA,NA,NA,iP061c3f1f19bfddf4,NA,NA,B,TRUE,FALSE,TRUE,FALSE,TRUE,TRUE,FALSE,2,1,2,20.3,0,0,0,1,0,0,0,64,85,51,86,87,77,50,88,86,50,24,17,78,73,99,67,70,86,99,100,51,76,50,100,59,79,78,19,0,62,82,50,50,49,51,84,50,50,32,25,85,61,NA,NA,NA,NA,NA,NA,NA,NA,NA,NA,NA,NA,NA,NA,NA,NA,NA,NA,NA,NA,NA,NA,NA,77,50,73,73,78,51,78,71,68,50,56,72,91,99,91,100,100,72,50,75,51,NA,NA,NA,NA,NA,NA,NA,NA,NA,NA,NA,NA,NA,NA,NA,NA,NA,NA,NA,NA,NA,NA,127,0,127,0,FALSE,FALSE,FALSE,FALSE,FALSE,FALSE,1,NA,NA,1,1,NA,NA,NA,NA,NA,NA,63.44444444444444,-0.16686056104295385,7,1,Rehab (1),2,4,3,4,NA,NA,NA,NA,NA,NA,NA,NA,NA,NA,NA,2,4,5,5,5,TRUE,TRUE,No controls
100,906,1,R_6iO6EAw5DE4IIUC,NA,1,0,NA,0,1,0,1,0,0,0,1,0,1,0,0,0,1,0,0,1,0,0,1,0,1,0,0,1,0,0,0,1,Never,Never,Never,1,NA,NA,NA,NA,NA,NA,NA,NA,NA,NA,NA,NA,NA,NA,NA,NA,NA,NA,NA,NA,NA,NA,NA,NA,NA,NA,NA,NA,NA,NA,NA,NA,NA,NA,NA,NA,NA,NA,NA,NA,NA,NA,NA,NA,NA,NA,NA,NA,NA,NA,NA,NA,NA,NA,NA,NA,NA,NA,NA,NA,NA,NA,NA,NA,NA,NA,NA,NA,NA,NA,NA,NA,NA,NA,NA,NA,NA,NA,NA,NA,NA,NA,NA,NA,NA,NA,NA,NA,NA,NA,NA,NA,NA,NA,NA,NA,NA,NA,NA,NA,NA,NA,NA,NA,NA,NA,NA,NA,NA,NA,NA,NA,NA,NA,NA,NA,NA,NA,NA,NA,NA,NA,NA,NA,NA,NA,NA,NA,NA,NA,NA,NA,NA,NA,NA,NA,NA,NA,NA,NA,NA,NA,NA,NA,NA,NA,iP4bb3ac18cdfd50d4,NA,NA,A,FALSE,TRUE,FALSE,FALSE,TRUE,FALSE,FALSE,0,3,1,15.1,0,0,1,1,0,0,0,70,100,70,70,80,60,50,90,80,50,50,50,50,70,70,100,100,80,50,100,40,100,70,100,0,30,80,50,50,50,100,50,50,50,50,70,40,50,40,30,100,100,80,50,90,50,50,50,100,50,50,90,60,50,100,100,50,0,70,90,0,90,100,70,70,NA,NA,NA,NA,NA,NA,NA,NA,NA,NA,NA,NA,NA,NA,NA,NA,NA,NA,NA,NA,NA,NA,NA,NA,NA,NA,NA,NA,NA,NA,NA,NA,NA,NA,NA,NA,NA,NA,NA,NA,NA,NA,NA,145,0,145,1,FALSE,FALSE,FALSE,FALSE,FALSE,FALSE,1,NA,NA,1,NA,NA,NA,NA,NA,NA,NA,75.55555555555556,0.4652630058929289,NA,NA,NA,NA,NA,NA,NA,NA,NA,NA,NA,NA,NA,NA,NA,NA,NA,NA,NA,NA,NA,NA,NA,TRUE,TRUE,No controls
100,2087,1,R_1sROQDgs2XttpNz,0,0,1,0,0,1,0,1,0,0,0,1,0,1,0,0,0,1,0,0,1,0,0,1,0,1,0,0,1,0,0,0,1,Never,Never,Never,1,NA,NA,NA,NA,NA,NA,NA,NA,NA,NA,NA,NA,NA,NA,NA,NA,NA,NA,NA,NA,NA,NA,NA,NA,NA,NA,NA,NA,NA,NA,NA,NA,NA,NA,NA,NA,NA,NA,NA,NA,NA,NA,NA,NA,NA,NA,NA,NA,NA,NA,NA,NA,NA,NA,NA,NA,NA,NA,NA,NA,NA,NA,NA,NA,NA,NA,NA,NA,NA,NA,NA,NA,NA,NA,NA,NA,NA,NA,NA,NA,NA,NA,NA,NA,NA,NA,NA,NA,NA,NA,NA,NA,NA,NA,NA,NA,NA,NA,NA,NA,NA,NA,NA,NA,NA,NA,NA,NA,NA,NA,NA,NA,NA,NA,NA,NA,NA,NA,NA,NA,NA,NA,NA,NA,NA,NA,NA,NA,NA,NA,NA,NA,NA,NA,NA,NA,NA,NA,NA,NA,NA,NA,NA,NA,NA,NA,iPb5f078e8228af56f,NA,NA,A,FALSE,TRUE,FALSE,FALSE,TRUE,FALSE,FALSE,0,3,1,34.78333333333333,0,0,0,0,0,0,0,90,90,90,90,90,90,50,90,90,70,0,0,90,90,90,90,90,90,90,90,90,90,90,100,30,50,70,80,20,90,90,70,70,90,50,90,90,90,90,90,90,90,80,50,90,90,90,90,90,90,90,90,90,90,90,70,80,50,90,90,50,90,90,80,80,NA,NA,NA,NA,NA,NA,NA,NA,NA,NA,NA,NA,NA,NA,NA,NA,NA,NA,NA,NA,NA,NA,NA,NA,NA,NA,NA,NA,NA,NA,NA,NA,NA,NA,NA,NA,NA,NA,NA,NA,NA,NA,NA,145,0,145,1,FALSE,FALSE,FALSE,FALSE,FALSE,FALSE,0,0,1,0,0,NA,NA,NA,NA,NA,NA,78.88888888888889,0.639241969269777,NA,NA,NA,NA,NA,NA,NA,NA,NA,NA,NA,NA,NA,NA,NA,NA,NA,NA,NA,NA,NA,NA,NA,TRUE,TRUE,No controls
100,1086,1,R_1nCUpEpnJ1j1LcG,0,0,1,0,0,1,1,0,0,0,0,1,1,1,0,0,1,0,0,1,0,0,0,1,1,1,0,0,0,1,0,0,1,Never,Never,Rarely,1,NA,NA,NA,NA,NA,NA,NA,NA,NA,NA,NA,NA,NA,NA,NA,NA,NA,NA,NA,NA,NA,NA,NA,NA,NA,NA,NA,NA,NA,NA,NA,NA,NA,NA,NA,NA,NA,NA,NA,NA,NA,NA,NA,NA,NA,NA,NA,NA,NA,NA,NA,NA,NA,NA,NA,NA,NA,NA,NA,NA,NA,NA,NA,NA,NA,NA,NA,NA,NA,NA,NA,NA,NA,NA,NA,NA,NA,NA,NA,NA,NA,NA,NA,NA,NA,NA,NA,NA,NA,NA,NA,NA,NA,NA,NA,NA,NA,NA,NA,NA,NA,NA,NA,NA,NA,NA,NA,NA,NA,NA,NA,NA,NA,NA,NA,NA,NA,NA,NA,NA,NA,NA,NA,NA,NA,NA,NA,NA,NA,NA,NA,NA,NA,NA,NA,NA,NA,NA,NA,NA,NA,NA,NA,NA,NA,NA,iPe9b09d8de4594fc5,NA,NA,B,FALSE,TRUE,FALSE,FALSE,TRUE,FALSE,FALSE,0,3,1,18.1,0,0,1,1,0,0,0,100,100,100,100,100,100,44,100,100,76,100,100,100,100,100,97,100,100,100,100,74,100,100,100,0,46,100,100,76,75,100,100,75,74,71,100,42,19,30,20,79,100,NA,NA,NA,NA,NA,NA,NA,NA,NA,NA,NA,NA,NA,NA,NA,NA,NA,NA,NA,NA,NA,NA,NA,79,0,100,100,100,20,100,0,91,56,0,76,100,100,100,100,100,100,100,0,82,NA,NA,NA,NA,NA,NA,NA,NA,NA,NA,NA,NA,NA,NA,NA,NA,NA,NA,NA,NA,NA,NA,145,0,145,1,FALSE,FALSE,FALSE,FALSE,FALSE,FALSE,0,0,1,0,0,NA,NA,NA,NA,NA,NA,97,1.584527670283987,NA,NA,NA,NA,NA,NA,NA,NA,NA,NA,NA,NA,NA,NA,NA,NA,NA,NA,NA,NA,NA,NA,NA,TRUE,TRUE,No controls
100,1044,1,R_8Fep2FMrRJ7b5YK,NA,1,0,NA,0,1,1,0,0,0,0,1,0,1,0,0,1,1,0,1,0,0,0,1,1,0,0,1,0,0,0,1,1,Sometimes,Frequently,Sometimes,2,NA,NA,NA,NA,NA,NA,NA,NA,NA,NA,NA,NA,NA,NA,NA,NA,NA,NA,NA,NA,NA,NA,NA,NA,NA,NA,NA,NA,NA,NA,NA,NA,NA,NA,NA,NA,NA,NA,NA,NA,NA,NA,NA,NA,NA,NA,NA,NA,NA,NA,NA,NA,NA,NA,NA,NA,NA,NA,NA,NA,NA,NA,NA,NA,NA,NA,NA,NA,NA,NA,NA,NA,NA,NA,NA,NA,NA,NA,NA,NA,NA,NA,NA,NA,NA,NA,NA,NA,NA,NA,NA,NA,NA,NA,NA,NA,NA,NA,NA,NA,NA,NA,NA,NA,NA,NA,NA,NA,NA,NA,NA,NA,NA,NA,NA,NA,NA,NA,NA,NA,NA,NA,NA,NA,NA,NA,NA,NA,NA,NA,NA,NA,NA,NA,NA,NA,NA,NA,NA,NA,NA,NA,NA,NA,NA,NA,iPd59f2c22554bd89f,NA,NA,A,FALSE,FALSE,FALSE,FALSE,TRUE,FALSE,FALSE,0,3,1,17.4,0,0,1,1,0,0,0,100,20,10,30,30,70,90,100,20,80,100,100,90,80,100,20,80,0,70,80,20,100,10,100,0,10,30,100,20,90,100,30,60,40,80,70,10,10,60,100,90,0,0,10,20,10,0,10,100,50,80,20,80,30,20,100,100,0,100,90,10,100,100,10,90,NA,NA,NA,NA,NA,NA,NA,NA,NA,NA,NA,NA,NA,NA,NA,NA,NA,NA,NA,NA,NA,NA,NA,NA,NA,NA,NA,NA,NA,NA,NA,NA,NA,NA,NA,NA,NA,NA,NA,NA,NA,NA,NA,145,0,145,1,FALSE,FALSE,FALSE,FALSE,FALSE,FALSE,1,NA,NA,1,NA,NA,NA,NA,NA,NA,NA,55.55555555555556,-0.5786107743681616,NA,NA,NA,NA,NA,NA,NA,NA,NA,NA,NA,NA,NA,NA,NA,NA,NA,NA,NA,NA,NA,NA,NA,TRUE,TRUE,No controls
100,2652,1,R_5C2yMvmCb1gZJ9K,0,0,1,0,0,1,0,1,0,0,0,1,0,0,1,0,0,1,0,1,0,0,1,0,1,0,0,0,0,1,0,0,1,Never,Never,Never,4,2,1,2,2,3,8,7,9,10,10,4,1,1,3,3,2,3,purple,NA,NA,NA,NA,NA,NA,NA,NA,NA,NA,NA,NA,NA,NA,NA,NA,NA,NA,NA,NA,NA,NA,NA,NA,NA,NA,NA,NA,NA,NA,NA,NA,NA,NA,NA,NA,NA,NA,NA,NA,NA,NA,NA,NA,NA,NA,NA,NA,NA,NA,NA,NA,NA,NA,NA,NA,NA,NA,NA,NA,NA,NA,NA,NA,NA,NA,NA,NA,NA,NA,NA,NA,NA,NA,NA,NA,NA,NA,NA,NA,NA,NA,NA,NA,NA,NA,NA,NA,NA,NA,NA,NA,NA,NA,NA,NA,NA,NA,NA,NA,NA,NA,NA,NA,NA,NA,NA,NA,NA,NA,NA,NA,NA,NA,NA,NA,NA,NA,NA,NA,NA,NA,NA,NA,NA,NA,NA,NA,iPaf1ccfb3a1da2cef,NA,NA,C,TRUE,FALSE,TRUE,FALSE,TRUE,TRUE,FALSE,2,1,2,44.2,0,0,0,0,0,0,0,50,50,50,54,50,50,50,50,50,50,22,50,50,50,50,87,85,72,84,78,50,79,73,84,9,50,50,50,10,92,91,19,50,50,88,88,16,50,50,50,50,50,NA,NA,NA,NA,NA,NA,NA,NA,NA,NA,NA,NA,NA,NA,NA,NA,NA,NA,NA,NA,NA,NA,NA,NA,NA,NA,NA,NA,NA,NA,NA,NA,NA,NA,NA,NA,NA,NA,NA,NA,NA,NA,NA,NA,87,86,79,50,90,82,85,92,88,86,82,17,50,91,66,84,50,50,92,50,50,50,127,0,127,0,FALSE,FALSE,FALSE,FALSE,FALSE,FALSE,0,0,1,0,0,NA,NA,NA,NA,NA,NA,59.111111111111114,-0.3930332134328565,4,4,Neutral (4),4,3,3.5,2.5,NA,NA,NA,NA,NA,NA,NA,NA,NA,NA,NA,3,2,4,5,5,TRUE,TRUE,No controls
100,660,1,R_7uQBCtApPJQ66Rh,0,0,1,0,0,1,1,0,0,0,0,1,1,0,0,0,0,1,0,0,1,0,0,1,1,0,0,1,0,0,0,0,1,Rarely,Rarely,Sometimes,4,1,1,2,1,1,10,10,10,10,10,4,1,4,4,4,1,3,Purple,NA,NA,NA,NA,NA,NA,NA,NA,NA,NA,NA,NA,NA,NA,NA,NA,NA,NA,NA,NA,NA,NA,NA,NA,NA,NA,NA,NA,NA,NA,NA,NA,NA,NA,NA,NA,NA,NA,NA,NA,NA,NA,NA,NA,NA,NA,NA,NA,NA,NA,NA,NA,NA,NA,NA,NA,NA,NA,NA,NA,NA,NA,NA,NA,NA,NA,NA,NA,NA,NA,NA,NA,NA,NA,NA,NA,NA,NA,NA,NA,NA,NA,NA,NA,NA,NA,NA,NA,NA,NA,NA,NA,NA,NA,NA,NA,NA,NA,NA,NA,NA,NA,NA,NA,NA,NA,NA,NA,NA,NA,NA,NA,NA,NA,NA,NA,NA,NA,NA,NA,NA,NA,NA,NA,NA,NA,NA,NA,iPccf6f24ba0d8bd72,NA,NA,C,TRUE,FALSE,TRUE,FALSE,TRUE,TRUE,FALSE,2,1,2,11,0,1,1,1,0,0,0,86,89,87,85,100,50,51,81,50,10,50,50,92,93,92,92,89,91,90,100,50,84,50,51,4,14,97,50,5,90,95,49,16,51,95,86,50,91,50,50,50,86,NA,NA,NA,NA,NA,NA,NA,NA,NA,NA,NA,NA,NA,NA,NA,NA,NA,NA,NA,NA,NA,NA,NA,NA,NA,NA,NA,NA,NA,NA,NA,NA,NA,NA,NA,NA,NA,NA,NA,NA,NA,NA,NA,NA,91,88,88,3,91,90,91,75,94,5,88,50,50,84,19,85,50,85,98,50,35,50,127,0,127,0,FALSE,FALSE,FALSE,FALSE,FALSE,FALSE,0,0,1,0,0,NA,NA,NA,NA,NA,NA,78.77777777777777,0.6334426704905486,4,4,Neutral (4),4,4,4,3.75,NA,NA,NA,NA,NA,NA,NA,NA,NA,NA,NA,5,5,5,5,5,TRUE,TRUE,No controls
100,892,1,R_6fZrks5NTD0VgNa,0,0,1,0,0,1,0,0,1,0,0,1,0,0,1,0,0,1,0,0,1,0,0,1,1,0,0,0,0,1,0,0,1,Rarely,Never,Rarely,1,NA,NA,NA,NA,NA,NA,NA,NA,NA,NA,NA,NA,NA,NA,NA,NA,NA,NA,NA,NA,NA,NA,NA,NA,NA,NA,NA,NA,NA,NA,NA,NA,NA,NA,NA,NA,NA,NA,NA,NA,NA,NA,NA,NA,NA,NA,NA,NA,NA,NA,NA,NA,NA,NA,NA,NA,NA,NA,NA,NA,NA,NA,NA,NA,NA,NA,NA,NA,NA,NA,NA,NA,NA,NA,NA,NA,NA,NA,NA,NA,NA,NA,NA,NA,NA,NA,NA,NA,NA,NA,NA,NA,NA,NA,NA,NA,NA,NA,NA,NA,NA,NA,NA,NA,NA,NA,NA,NA,NA,NA,NA,NA,NA,NA,NA,NA,NA,NA,NA,NA,NA,NA,NA,NA,NA,NA,NA,NA,NA,NA,NA,NA,NA,NA,NA,NA,NA,NA,NA,NA,NA,NA,NA,NA,NA,NA,iP5678126796f9dce7,NA,NA,B,FALSE,TRUE,FALSE,FALSE,TRUE,FALSE,FALSE,0,3,1,14.866666666666667,0,0,1,1,0,0,0,72,80,74,72,72,50,66,72,37,24,38,28,54,74,43,54,72,55,72,71,72,55,57,79,22,43,68,69,27,72,73,42,29,42,50,73,56,65,35,60,56,72,NA,NA,NA,NA,NA,NA,NA,NA,NA,NA,NA,NA,NA,NA,NA,NA,NA,NA,NA,NA,NA,NA,NA,37,73,88,63,77,52,12,79,19,16,37,50,72,72,71,72,85,80,24,88,28,NA,NA,NA,NA,NA,NA,NA,NA,NA,NA,NA,NA,NA,NA,NA,NA,NA,NA,NA,NA,NA,NA,145,0,145,1,FALSE,FALSE,FALSE,FALSE,FALSE,FALSE,0,0,1,0,0,NA,NA,NA,NA,NA,NA,60.44444444444444,-0.3234416280821174,NA,NA,NA,NA,NA,NA,NA,NA,NA,NA,NA,NA,NA,NA,NA,NA,NA,NA,NA,NA,NA,NA,NA,TRUE,TRUE,No controls
100,751,1,R_3irxvSmlJUdpzGh,0,0,1,0,0,1,0,1,0,0,0,1,0,0,1,0,0,1,0,0,1,0,0,1,1,0,0,1,0,0,0,0,1,Never,Never,Never,4,4,4,4,3,3,7,6,8,9,10,1,1,1,2,1,2,3,Purple,NA,NA,NA,NA,NA,NA,NA,NA,NA,NA,NA,NA,NA,NA,NA,NA,NA,NA,NA,NA,NA,NA,NA,NA,NA,NA,NA,NA,NA,NA,NA,NA,NA,NA,NA,NA,NA,NA,NA,NA,NA,NA,NA,NA,NA,NA,NA,NA,NA,NA,NA,NA,NA,NA,NA,NA,NA,NA,NA,NA,NA,NA,NA,NA,NA,NA,NA,NA,NA,NA,NA,NA,NA,NA,NA,NA,NA,NA,NA,NA,NA,NA,NA,NA,NA,NA,NA,NA,NA,NA,NA,NA,NA,NA,NA,NA,NA,NA,NA,NA,NA,NA,NA,NA,NA,NA,NA,NA,NA,NA,NA,NA,NA,NA,NA,NA,NA,NA,NA,NA,NA,NA,NA,NA,NA,NA,NA,NA,iPeec8a3eb769d1146,NA,NA,A,TRUE,FALSE,TRUE,FALSE,TRUE,TRUE,FALSE,2,1,2,12.516666666666667,0,1,1,1,0,0,0,50,50,50,50,50,50,40,50,30,30,20,10,20,40,30,40,60,40,60,60,20,60,40,60,30,20,40,30,10,50,50,40,10,20,50,70,10,40,20,20,40,60,30,20,50,40,50,40,60,0,50,50,50,50,60,70,30,10,60,60,10,50,60,50,50,NA,NA,NA,NA,NA,NA,NA,NA,NA,NA,NA,NA,NA,NA,NA,NA,NA,NA,NA,NA,NA,NA,NA,NA,NA,NA,NA,NA,NA,NA,NA,NA,NA,NA,NA,NA,NA,NA,NA,NA,NA,NA,NA,127,0,127,0,FALSE,FALSE,FALSE,FALSE,FALSE,FALSE,0,0,1,0,0,NA,NA,NA,NA,NA,NA,37.77777777777778,-1.5064985790446863,1,7,Punish (7),4,3,3.5,1.75,NA,NA,NA,NA,NA,NA,NA,NA,NA,NA,NA,2,1,3,4,5,TRUE,TRUE,No controls
100,1865,1,R_12Dm5Rhqc9ENZb8,0,0,1,0,0,1,1,0,0,0,0,1,1,0,0,0,0,1,0,0,1,0,0,1,1,0,0,0,0,1,0,0,1,Never,Never,Never,4,2,2,2,2,2,10,10,9,10,9,4,4,3,3,3,2,2,Purple,NA,NA,NA,NA,NA,NA,NA,NA,NA,NA,NA,NA,NA,NA,NA,NA,NA,NA,NA,NA,NA,NA,NA,NA,NA,NA,NA,NA,NA,NA,NA,NA,NA,NA,NA,NA,NA,NA,NA,NA,NA,NA,NA,NA,NA,NA,NA,NA,NA,NA,NA,NA,NA,NA,NA,NA,NA,NA,NA,NA,NA,NA,NA,NA,NA,NA,NA,NA,NA,NA,NA,NA,NA,NA,NA,NA,NA,NA,NA,NA,NA,NA,NA,NA,NA,NA,NA,NA,NA,NA,NA,NA,NA,NA,NA,NA,NA,NA,NA,NA,NA,NA,NA,NA,NA,NA,NA,NA,NA,NA,NA,NA,NA,NA,NA,NA,NA,NA,NA,NA,NA,NA,NA,NA,NA,NA,NA,NA,iPc6b6f944bf780458,NA,NA,B,TRUE,FALSE,TRUE,FALSE,TRUE,TRUE,FALSE,2,1,2,31.083333333333332,0,0,0,0,0,0,0,100,100,100,79,77,100,100,100,84,100,89,100,100,100,100,100,100,100,81,100,79,100,100,100,57,100,100,77,100,30,100,100,100,100,2,70,95,3,100,NA,70,100,NA,NA,NA,NA,NA,NA,NA,NA,NA,NA,NA,NA,NA,NA,NA,NA,NA,NA,NA,NA,NA,NA,NA,56,100,100,100,100,54,100,10,100,55,2,78,100,75,100,100,99,100,100,4,100,NA,NA,NA,NA,NA,NA,NA,NA,NA,NA,NA,NA,NA,NA,NA,NA,NA,NA,NA,NA,NA,NA,128,0,128,0,FALSE,FALSE,FALSE,FALSE,FALSE,FALSE,0,0,1,0,0,NA,NA,NA,NA,NA,NA,97.44444444444444,1.6077248654009,4,4,Neutral (4),1,3,2,2.75,NA,NA,NA,NA,NA,NA,NA,NA,NA,NA,NA,5,5,4,5,4,TRUE,TRUE,No controls
100,603,1,R_5owpo17BdeyV6BH,NA,1,0,NA,0,1,1,0,0,0,1,0,1,0,0,0,0,1,0,0,1,0,0,1,0,1,0,0,1,0,0,0,1,Never,Never,Never,1,NA,NA,NA,NA,NA,NA,NA,NA,NA,NA,NA,NA,NA,NA,NA,NA,NA,NA,NA,NA,NA,NA,NA,NA,NA,NA,NA,NA,NA,NA,NA,NA,NA,NA,NA,NA,NA,NA,NA,NA,NA,NA,NA,NA,NA,NA,NA,NA,NA,NA,NA,NA,NA,NA,NA,NA,NA,NA,NA,NA,NA,NA,NA,NA,NA,NA,NA,NA,NA,NA,NA,NA,NA,NA,NA,NA,NA,NA,NA,NA,NA,NA,NA,NA,NA,NA,NA,NA,NA,NA,NA,NA,NA,NA,NA,NA,NA,NA,NA,NA,NA,NA,NA,NA,NA,NA,NA,NA,NA,NA,NA,NA,NA,NA,NA,NA,NA,NA,NA,NA,NA,NA,NA,NA,NA,NA,NA,NA,NA,NA,NA,NA,NA,NA,NA,NA,NA,NA,NA,NA,NA,NA,NA,NA,NA,NA,iP0b3f11f60e101fa1,NA,NA,B,FALSE,TRUE,FALSE,FALSE,TRUE,FALSE,FALSE,0,3,1,10.05,0,1,1,1,0,0,0,100,100,71,100,50,100,100,100,100,100,100,100,100,100,100,100,100,100,40,100,34,100,100,100,50,50,100,100,50,16,100,100,100,100,0,50,50,15,17,30,50,100,NA,NA,NA,NA,NA,NA,NA,NA,NA,NA,NA,NA,NA,NA,NA,NA,NA,NA,NA,NA,NA,NA,NA,100,0,100,100,100,9,100,0,100,100,0,50,100,100,100,100,100,72,81,35,49,NA,NA,NA,NA,NA,NA,NA,NA,NA,NA,NA,NA,NA,NA,NA,NA,NA,NA,NA,NA,NA,NA,145,0,145,1,FALSE,FALSE,FALSE,FALSE,FALSE,FALSE,1,NA,NA,1,NA,NA,NA,NA,NA,NA,NA,94.44444444444444,1.4511437983617363,NA,NA,NA,NA,NA,NA,NA,NA,NA,NA,NA,NA,NA,NA,NA,NA,NA,NA,NA,NA,NA,NA,NA,TRUE,TRUE,No controls
100,1808,1,R_3JCYGZphPFEnN7P,NA,NA,-99,1,0,0,1,0,0,-99,-99,-99,1,0,0,-99,-99,-99,-99,-99,-99,0,0,1,1,0,0,-99,-99,-99,-99,-99,-99,Never,Never,Sometimes,1,NA,NA,NA,NA,NA,NA,NA,NA,NA,NA,NA,NA,NA,NA,NA,NA,NA,NA,NA,NA,NA,NA,NA,NA,NA,NA,NA,NA,NA,NA,NA,NA,NA,NA,NA,NA,NA,NA,NA,NA,NA,NA,NA,NA,NA,NA,NA,NA,NA,NA,NA,NA,NA,NA,NA,NA,NA,NA,NA,NA,NA,NA,NA,NA,NA,NA,NA,NA,NA,NA,NA,NA,NA,NA,NA,NA,NA,NA,NA,NA,NA,NA,NA,NA,NA,NA,NA,NA,NA,NA,NA,NA,NA,NA,NA,NA,NA,NA,NA,NA,NA,NA,NA,NA,NA,NA,NA,NA,NA,NA,NA,NA,NA,NA,NA,NA,NA,NA,NA,NA,NA,NA,NA,NA,NA,NA,NA,NA,NA,NA,NA,NA,NA,NA,NA,NA,NA,NA,NA,NA,NA,NA,NA,NA,NA,NA,iP00a7bb9e08bb6eab,NA,NA,A,FALSE,TRUE,FALSE,FALSE,TRUE,FALSE,FALSE,0,3,1,30.133333333333333,0,0,0,0,0,0,0,NA,80,NA,30,100,0,90,90,NA,NA,0,100,90,90,80,90,90,90,20,100,50,90,90,100,20,90,90,0,0,70,80,90,80,NA,NA,100,50,90,70,80,NA,90,20,80,NA,100,NA,NA,50,NA,50,NA,NA,10,NA,100,40,0,90,90,NA,NA,NA,NA,NA,NA,NA,NA,NA,NA,NA,NA,NA,NA,NA,NA,NA,NA,NA,NA,NA,NA,NA,NA,NA,NA,NA,NA,NA,NA,NA,NA,NA,NA,NA,NA,NA,NA,NA,NA,NA,NA,NA,NA,NA,NA,NA,NA,152,12,164,1,FALSE,FALSE,FALSE,FALSE,FALSE,FALSE,1,NA,NA,NA,1,NA,NA,NA,NA,NA,NA,71.11111111111111,0.23329105472379777,NA,NA,NA,NA,NA,NA,NA,NA,NA,NA,NA,NA,NA,NA,NA,NA,NA,NA,NA,NA,NA,NA,NA,TRUE,TRUE,No controls
100,4124,1,R_66AoZMM7mOx3CSJ,0,0,1,0,0,1,0,1,0,0,0,1,0,1,0,0,0,1,0,0,1,0,0,1,0,1,0,0,0,1,0,0,1,Rarely,Never,Rarely,1,NA,NA,NA,NA,NA,NA,NA,NA,NA,NA,NA,NA,NA,NA,NA,NA,NA,NA,NA,NA,NA,NA,NA,NA,NA,NA,NA,NA,NA,NA,NA,NA,NA,NA,NA,NA,NA,NA,NA,NA,NA,NA,NA,NA,NA,NA,NA,NA,NA,NA,NA,NA,NA,NA,NA,NA,NA,NA,NA,NA,NA,NA,NA,NA,NA,NA,NA,NA,NA,NA,NA,NA,NA,NA,NA,NA,NA,NA,NA,NA,NA,NA,NA,NA,NA,NA,NA,NA,NA,NA,NA,NA,NA,NA,NA,NA,NA,NA,NA,NA,NA,NA,NA,NA,NA,NA,NA,NA,NA,NA,NA,NA,NA,NA,NA,NA,NA,NA,NA,NA,NA,NA,NA,NA,NA,NA,NA,NA,NA,NA,NA,NA,NA,NA,NA,NA,NA,NA,NA,NA,NA,NA,NA,NA,NA,NA,iPe977b33473b78981,NA,NA,B,FALSE,TRUE,FALSE,FALSE,TRUE,FALSE,FALSE,0,3,1,68.73333333333333,0,0,0,0,1,0,0,43,77,43,26,58,30,59,64,99,69,65,56,58,58,56,74,97,62,100,70,46,94,90,100,85,48,75,32,19,51,91,76,60,71,57,77,56,42,34,94,81,70,NA,NA,NA,NA,NA,NA,NA,NA,NA,NA,NA,NA,NA,NA,NA,NA,NA,NA,NA,NA,NA,NA,NA,93,79,84,84,77,32,52,46,41,46,48,71,100,100,100,100,100,99,38,51,68,NA,NA,NA,NA,NA,NA,NA,NA,NA,NA,NA,NA,NA,NA,NA,NA,NA,NA,NA,NA,NA,NA,145,0,145,1,FALSE,FALSE,FALSE,FALSE,FALSE,FALSE,0,0,1,0,0,NA,NA,NA,NA,NA,NA,60.55555555555556,-0.31764232930288894,NA,NA,NA,NA,NA,NA,NA,NA,NA,NA,NA,NA,NA,NA,NA,NA,NA,NA,NA,NA,NA,NA,NA,TRUE,TRUE,No controls
100,6360,1,R_3oXFkwB8u1imWx2,0,0,1,0,0,1,0,0,1,0,0,1,0,0,1,0,0,1,0,0,1,0,0,1,0,0,1,0,0,1,0,0,1,Rarely,Rarely,Rarely,4,2,2,2,2,4,10,8,10,10,10,4,2,3,3,3,1,3,purple,1,1,2,3,2,3,3,3,2,3,2,2,1,1,1,1,1,3,4,1,1,2,2,2,2,1,1,1,1,1,2,2,2,2,2,2,2,2,1,1,3,2,2,1,2,2,1,2,2,3,1,4,4,3,3,3,3,1,2,3,3,3,2,2,4,NA,4,3,4,2,2,3,3,3,4,3,5,5,4,5,5,5,4,5,5,NA,NA,NA,NA,NA,NA,NA,NA,NA,NA,NA,NA,NA,NA,NA,NA,NA,NA,NA,NA,NA,NA,NA,NA,NA,NA,NA,NA,NA,NA,NA,NA,NA,NA,NA,NA,NA,NA,NA,NA,NA,NA,NA,iP0cd3fea148bdedce,NA,NA,A,TRUE,FALSE,TRUE,FALSE,TRUE,TRUE,TRUE,2,1,3,106,0,0,0,0,1,0,0,20,30,10,70,30,30,20,20,20,0,30,30,30,70,70,70,30,80,20,80,60,30,20,90,20,30,80,60,20,40,30,20,20,20,30,30,30,30,20,0,80,20,30,20,30,20,30,60,30,30,40,70,60,30,30,100,20,80,30,20,30,60,30,40,50,NA,NA,NA,NA,NA,NA,NA,NA,NA,NA,NA,NA,NA,NA,NA,NA,NA,NA,NA,NA,NA,NA,NA,NA,NA,NA,NA,NA,NA,NA,NA,NA,NA,NA,NA,NA,NA,NA,NA,NA,NA,NA,NA,43,0,43,1,FALSE,FALSE,FALSE,FALSE,FALSE,FALSE,0,0,1,0,0,NA,NA,NA,NA,NA,NA,57.77777777777778,-0.462624798783596,4,4,Neutral (4),3,4,3.5,3,1,1,3,3,3,3,3,2,1,4,2.5,5,3,5,5,5,FALSE,TRUE,Some controls missing
100,583,1,R_3n91dKtZHqWa4ZT,0,0,1,0,0,1,1,0,0,1,0,0,1,0,0,0,0,1,0,0,1,0,0,1,0,0,1,0,0,1,0,0,1,Never,Never,Rarely,4,1,1,1,1,1,10,10,10,10,10,1,5,2.5,2.5,2.5,5,3,purple,NA,NA,NA,NA,NA,NA,NA,NA,NA,NA,NA,NA,NA,NA,NA,NA,NA,NA,NA,NA,NA,NA,NA,NA,NA,NA,NA,NA,NA,NA,NA,NA,NA,NA,NA,NA,NA,NA,NA,NA,NA,NA,NA,NA,NA,NA,NA,NA,NA,NA,NA,NA,NA,NA,NA,NA,NA,NA,NA,NA,NA,NA,NA,NA,NA,NA,NA,NA,NA,NA,NA,NA,NA,NA,NA,NA,NA,NA,NA,NA,NA,NA,NA,NA,NA,NA,NA,NA,NA,NA,NA,NA,NA,NA,NA,NA,NA,NA,NA,NA,NA,NA,NA,NA,NA,NA,NA,NA,NA,NA,NA,NA,NA,NA,NA,NA,NA,NA,NA,NA,NA,NA,NA,NA,NA,NA,NA,NA,iPf2aee436f406a885,NA,NA,B,TRUE,FALSE,TRUE,FALSE,TRUE,TRUE,FALSE,2,1,2,9.716666666666669,0,1,1,1,0,0,0,100,87,23,51,50,50,83,83,50,50,100,100,100,100,NA,100,100,100,24,100,0,100,100,100,0,50,99,28,26,0,86,50,50,51,0,50,20,0,3,0,93,100,NA,NA,NA,NA,NA,NA,NA,NA,NA,NA,NA,NA,NA,NA,NA,NA,NA,NA,NA,NA,NA,NA,NA,47,0,50,50,51,0,50,0,100,50,1,49,100,100,99,98,100,100,100,0,51,NA,NA,NA,NA,NA,NA,NA,NA,NA,NA,NA,NA,NA,NA,NA,NA,NA,NA,NA,NA,NA,NA,128,0,128,0,FALSE,FALSE,FALSE,FALSE,FALSE,FALSE,0,0,1,0,0,NA,NA,NA,NA,NA,NA,83.66666666666667,0.8886118167765935,1,7,Punish (7),2.5,2.5,2.5,2.625,NA,NA,NA,NA,NA,NA,NA,NA,NA,NA,NA,5,5,5,5,5,TRUE,TRUE,No controls
100,1497,1,R_6LBt6GZDxKfhNhY,0,0,1,0,0,1,1,0,1,0,0,1,0,0,1,0,0,1,0,0,1,0,1,1,0,0,1,0,0,1,0,1,0,Sometimes,Sometimes,Sometimes,4,1,3,2,1,2,10,8,7,10,10,6,2,3,1,2.5,5,1,purple,2,2,1,5,4,2,4,4,1,4,2,1,2,2,1,1,2,1,4,3,2,3,4,3,2,1,1,1,1,1,2,1,1,1,2,2,2,2,2,1,2,1,2,1,2,2,2,1,1,2,2,3,3,3,4,4,4,2,3,3,3,3,2,1,2,NA,2,2,2,2,2,2,2,2,1,2,4,4,4,4,4,5,5,5,4,NA,NA,NA,NA,NA,NA,NA,NA,NA,NA,NA,NA,NA,NA,NA,NA,NA,NA,NA,NA,NA,NA,NA,NA,NA,NA,NA,NA,NA,NA,NA,NA,NA,NA,NA,NA,NA,NA,NA,NA,NA,NA,NA,iP0284d42731749b13,NA,NA,C,TRUE,FALSE,TRUE,FALSE,TRUE,TRUE,TRUE,2,1,3,24.95,0,0,0,1,0,0,0,20,66,68,69,71,33,42,71,79,44,38,24,82,70,66,59,70,26,67,34,75,71,60,78,42,21,58,61,34,75,68,36,31,40,62,69,64,76,66,64,75,82,NA,NA,NA,NA,NA,NA,NA,NA,NA,NA,NA,NA,NA,NA,NA,NA,NA,NA,NA,NA,NA,NA,NA,NA,NA,NA,NA,NA,NA,NA,NA,NA,NA,NA,NA,NA,NA,NA,NA,NA,NA,NA,NA,NA,60,73,61,59,67,69,42,71,62,35,62,28,23,60,30,70,43,27,37,29,39,38,43,0,43,1,FALSE,FALSE,FALSE,FALSE,FALSE,FALSE,0,0,1,0,0,NA,NA,NA,NA,NA,NA,54.888888888888886,-0.6134065670435315,6,2,Rehab (2),3,2.5,2.75,1.875,1,3,1,1,3,3,1,2,4,1,2.5,5,3,2,5,5,FALSE,TRUE,Some controls missing
100,661,1,R_3TGbp2pZPkVI9yd,0,0,1,0,0,1,0,1,0,0,0,1,0,1,0,0,0,1,0,0,1,0,0,1,1,0,0,0,0,1,0,1,0,Rarely,Never,Frequently,4,4,3,4,-99,-99,7,8,8,8,7,5,1,2,2,3,2,2,purple,2,2,2,2,3,3,3,2,3,3,1,2,2,2,2,2,1,2,2,2,4,3,3,5,1,2,1,2,3,2,1,2,2,2,2,3,2,2,1,1,3,3,3,2,3,3,2,3,3,1,1,2,2,3,3,1,3,2,2,3,2,1,2,2,1,NA,3,2,4,2,2,2,3,2,3,3,4,4,4,5,5,5,4,4,6,NA,NA,NA,NA,NA,NA,NA,NA,NA,NA,NA,NA,NA,NA,NA,NA,NA,NA,NA,NA,NA,NA,NA,NA,NA,NA,NA,NA,NA,NA,NA,NA,NA,NA,NA,NA,NA,NA,NA,NA,NA,NA,NA,iPdae52353eaecea5e,NA,NA,B,TRUE,FALSE,TRUE,FALSE,TRUE,TRUE,TRUE,2,1,3,11.016666666666667,0,1,1,1,0,0,0,50,28,50,28,50,50,28,50,50,19,50,50,50,12,12,51,50,52,50,50,50,50,50,42,14,0,51,57,50,10,50,50,0,50,50,50,50,50,50,0,50,50,NA,NA,NA,NA,NA,NA,NA,NA,NA,NA,NA,NA,NA,NA,NA,NA,NA,NA,NA,NA,NA,NA,NA,50,50,50,52,50,50,0,49,42,50,50,50,26,50,50,32,50,50,0,96,31,NA,NA,NA,NA,NA,NA,NA,NA,NA,NA,NA,NA,NA,NA,NA,NA,NA,NA,NA,NA,NA,NA,43,0,43,1,FALSE,FALSE,FALSE,FALSE,FALSE,FALSE,0,0,1,0,0,NA,NA,NA,NA,NA,NA,47,-1.0251567803687391,5,3,Rehab (3),4,3,3.5,2.25,3,1,1,1,1,1,3,2,1,4,2.5,2,3,3,3,2,FALSE,TRUE,Some controls missing
100,2366,1,R_5lovUu29i3lqZAB,NA,1,0,1,0,0,1,0,0,0,1,0,0,1,0,1,0,0,1,0,0,0,1,0,0,1,0,1,0,0,1,0,0,Rarely,Rarely,Rarely,4,1,1,1,1,4,7,6,7,6,7,6,3,4,1,3,2,4,purple,1,1,1,1,3,4,5,5,5,5,1,1,1,1,2,1,1,1,4,4,3,4,3,4,2,1,2,1,2,2,1,2,2,2,2,2,2,2,2,2,3,1,1,1,2,2,1,1,1,5,5,4,4,3,4,3,4,1,2,3,3,3,2,2,2,NA,3,3,4,3,4,1,3,3,5,5,4,4,4,5,5,5,4,4,5,NA,NA,NA,NA,NA,NA,NA,NA,NA,NA,NA,NA,NA,NA,NA,NA,NA,NA,NA,NA,NA,NA,NA,NA,NA,NA,NA,NA,NA,NA,NA,NA,NA,NA,NA,NA,NA,NA,NA,NA,NA,NA,NA,iP2f21f9d644f06010,NA,NA,A,TRUE,FALSE,TRUE,FALSE,TRUE,TRUE,TRUE,2,1,3,39.43333333333333,0,0,0,0,0,0,0,90,90,100,100,90,80,20,70,100,0,0,10,90,80,90,100,90,90,100,100,90,100,90,100,10,0,80,90,90,0,90,0,0,0,0,100,100,0,80,10,90,90,80,70,90,50,90,90,90,50,10,100,100,10,80,20,0,20,10,90,0,100,100,100,100,NA,NA,NA,NA,NA,NA,NA,NA,NA,NA,NA,NA,NA,NA,NA,NA,NA,NA,NA,NA,NA,NA,NA,NA,NA,NA,NA,NA,NA,NA,NA,NA,NA,NA,NA,NA,NA,NA,NA,NA,NA,NA,NA,43,0,43,1,FALSE,FALSE,FALSE,FALSE,FALSE,FALSE,1,NA,NA,1,1,NA,NA,NA,NA,NA,NA,90,1.2191718471926052,6,2,Rehab (2),2,3,2.5,3,3,3,3,3,1,3,3,3,4,4,4,2,1,2,1,2,FALSE,TRUE,Some controls missing
100,799,1,R_3S4QpzTstBrbGgh,0,0,1,0,0,1,1,1,0,0,0,1,0,0,1,0,1,0,0,1,0,0,1,0,1,1,0,0,0,1,0,0,1,Never,Never,Rarely,1,NA,NA,NA,NA,NA,NA,NA,NA,NA,NA,NA,NA,NA,NA,NA,NA,NA,NA,NA,NA,NA,NA,NA,NA,NA,NA,NA,NA,NA,NA,NA,NA,NA,NA,NA,NA,NA,NA,NA,NA,NA,NA,NA,NA,NA,NA,NA,NA,NA,NA,NA,NA,NA,NA,NA,NA,NA,NA,NA,NA,NA,NA,NA,NA,NA,NA,NA,NA,NA,NA,NA,NA,NA,NA,NA,NA,NA,NA,NA,NA,NA,NA,NA,NA,NA,NA,NA,NA,NA,NA,NA,NA,NA,NA,NA,NA,NA,NA,NA,NA,NA,NA,NA,NA,NA,NA,NA,NA,NA,NA,NA,NA,NA,NA,NA,NA,NA,NA,NA,NA,NA,NA,NA,NA,NA,NA,NA,NA,NA,NA,NA,NA,NA,NA,NA,NA,NA,NA,NA,NA,NA,NA,NA,NA,NA,NA,iPf974bf9cf39a6849,NA,NA,A,FALSE,TRUE,FALSE,FALSE,TRUE,FALSE,FALSE,0,3,1,13.316666666666666,0,0,1,1,0,0,0,60,100,50,90,60,70,50,60,60,50,50,50,60,60,50,50,50,50,60,60,50,50,60,60,100,60,60,60,90,20,90,60,90,60,0,10,60,0,0,0,20,50,90,50,50,50,60,50,50,100,100,100,50,60,60,80,60,50,60,60,50,20,50,60,60,NA,NA,NA,NA,NA,NA,NA,NA,NA,NA,NA,NA,NA,NA,NA,NA,NA,NA,NA,NA,NA,NA,NA,NA,NA,NA,NA,NA,NA,NA,NA,NA,NA,NA,NA,NA,NA,NA,NA,NA,NA,NA,NA,145,0,145,1,FALSE,FALSE,FALSE,FALSE,FALSE,FALSE,0,0,1,0,0,NA,NA,NA,NA,NA,NA,60,-0.34663882319903044,NA,NA,NA,NA,NA,NA,NA,NA,NA,NA,NA,NA,NA,NA,NA,NA,NA,NA,NA,NA,NA,NA,NA,TRUE,TRUE,No controls
100,1099,1,R_11Mep1rTl4XBEIj,1,NA,0,1,0,0,0,1,0,0,1,0,0,1,0,1,0,0,1,0,0,0,1,0,0,1,0,1,0,0,0,1,0,Rarely,Rarely,Rarely,4,1,1,1,1,1,9,9,8,9,8,5,3,1,1,1,3,1,purple,1,1,1,1,4,1,4,5,4,4,1,1,1,1,1,1,1,1,4,4,4,4,4,4,1,2,2,2,2,2,2,2,2,2,2,2,2,2,2,1,2,2,2,1,3,2,2,1,1,5,5,4,3,3,4,4,4,2,3,3,3,3,3,1,3,NA,3,2,2,4,3,2,2,3,5,5,4,4,4,5,5,5,4,4,5,NA,NA,NA,NA,NA,NA,NA,NA,NA,NA,NA,NA,NA,NA,NA,NA,NA,NA,NA,NA,NA,NA,NA,NA,NA,NA,NA,NA,NA,NA,NA,NA,NA,NA,NA,NA,NA,NA,NA,NA,NA,NA,NA,iP7270ccb609009509,NA,NA,C,TRUE,FALSE,TRUE,FALSE,TRUE,TRUE,TRUE,2,1,3,18.316666666666663,0,0,1,1,0,0,0,100,100,50,100,99,100,0,100,100,0,0,0,100,100,100,98,100,100,50,100,95,100,100,97,0,0,100,100,100,0,100,0,0,0,0,100,100,0,100,8,100,100,NA,NA,NA,NA,NA,NA,NA,NA,NA,NA,NA,NA,NA,NA,NA,NA,NA,NA,NA,NA,NA,NA,NA,NA,NA,NA,NA,NA,NA,NA,NA,NA,NA,NA,NA,NA,NA,NA,NA,NA,NA,NA,NA,NA,50,100,97,100,100,100,95,100,90,100,86,0,100,100,100,100,100,51,96,0,0,0,43,0,43,1,FALSE,FALSE,FALSE,FALSE,FALSE,FALSE,1,1,NA,NA,1,NA,NA,NA,NA,NA,NA,99.77777777777776,1.7295101397646937,5,3,Rehab (3),2,2,2,1,3,3,3,3,3,3,3,3,4,4,4,4,4,3,4,3,FALSE,TRUE,Some controls missing
100,1099,1,R_3jjH2Dj7cA7nwz6,NA,1,0,NA,1,0,1,0,0,0,0,1,1,0,0,0,0,1,0,0,1,1,0,0,0,1,0,0,1,0,0,0,1,Frequently,Sometimes,Sometimes,4,1,1,1,1,1,9,9,10,10,10,4,2,2.5,2,4,3,2,purple,NA,NA,NA,NA,NA,NA,NA,NA,NA,NA,NA,NA,NA,NA,NA,NA,NA,NA,NA,NA,NA,NA,NA,NA,NA,NA,NA,NA,NA,NA,NA,NA,NA,NA,NA,NA,NA,NA,NA,NA,NA,NA,NA,NA,NA,NA,NA,NA,NA,NA,NA,NA,NA,NA,NA,NA,NA,NA,NA,NA,NA,NA,NA,NA,NA,NA,NA,NA,NA,NA,NA,NA,NA,NA,NA,NA,NA,NA,NA,NA,NA,NA,NA,NA,NA,NA,NA,NA,NA,NA,NA,NA,NA,NA,NA,NA,NA,NA,NA,NA,NA,NA,NA,NA,NA,NA,NA,NA,NA,NA,NA,NA,NA,NA,NA,NA,NA,NA,NA,NA,NA,NA,NA,NA,NA,NA,NA,NA,iP022453386aa8390e,NA,NA,B,TRUE,FALSE,TRUE,FALSE,TRUE,TRUE,FALSE,2,1,2,18.316666666666663,0,0,1,1,0,0,0,50,50,50,50,50,66,50,50,50,50,72,56,86,70,50,75,72,50,100,54,50,100,80,50,30,44,50,50,50,50,50,50,50,50,50,50,56,50,60,50,71,89,NA,NA,NA,NA,NA,NA,NA,NA,NA,NA,NA,NA,NA,NA,NA,NA,NA,NA,NA,NA,NA,NA,NA,100,95,50,50,50,50,50,50,50,78,50,50,100,100,100,85,100,100,50,50,50,NA,NA,NA,NA,NA,NA,NA,NA,NA,NA,NA,NA,NA,NA,NA,NA,NA,NA,NA,NA,NA,NA,127,0,127,0,FALSE,FALSE,FALSE,FALSE,FALSE,FALSE,1,NA,NA,1,NA,NA,NA,NA,NA,NA,NA,61.888888888888886,-0.24805074395214985,4,4,Neutral (4),3,2,2.5,2.625,NA,NA,NA,NA,NA,NA,NA,NA,NA,NA,NA,4,4,5,5,5,TRUE,TRUE,No controls
100,1009,1,R_5OUpjNaa1ShJMI1,1,1,0,1,0,0,1,1,0,0,1,0,1,1,0,0,1,0,0,1,0,1,1,0,1,1,0,0,1,0,1,0,0,Sometimes,Frequently,Sometimes,4,1,1,1,1,1,10,10,9,10,10,3,4,4,4,4,2,4,Purple,NA,NA,NA,NA,NA,NA,NA,NA,NA,NA,NA,NA,NA,NA,NA,NA,NA,NA,NA,NA,NA,NA,NA,NA,NA,NA,NA,NA,NA,NA,NA,NA,NA,NA,NA,NA,NA,NA,NA,NA,NA,NA,NA,NA,NA,NA,NA,NA,NA,NA,NA,NA,NA,NA,NA,NA,NA,NA,NA,NA,NA,NA,NA,NA,NA,NA,NA,NA,NA,NA,NA,NA,NA,NA,NA,NA,NA,NA,NA,NA,NA,NA,NA,NA,NA,NA,NA,NA,NA,NA,NA,NA,NA,NA,NA,NA,NA,NA,NA,NA,NA,NA,NA,NA,NA,NA,NA,NA,NA,NA,NA,NA,NA,NA,NA,NA,NA,NA,NA,NA,NA,NA,NA,NA,NA,NA,NA,NA,iP33dd96b7322f116b,NA,NA,A,TRUE,FALSE,TRUE,FALSE,TRUE,TRUE,FALSE,2,1,2,16.816666666666666,0,0,1,1,0,0,0,100,100,100,100,80,100,100,100,100,100,100,100,100,100,100,100,100,100,100,100,50,100,100,100,90,100,100,100,100,20,100,100,100,100,10,90,30,10,50,20,100,100,100,100,100,100,50,40,100,100,100,100,100,40,100,100,80,100,100,100,100,100,100,100,100,NA,NA,NA,NA,NA,NA,NA,NA,NA,NA,NA,NA,NA,NA,NA,NA,NA,NA,NA,NA,NA,NA,NA,NA,NA,NA,NA,NA,NA,NA,NA,NA,NA,NA,NA,NA,NA,NA,NA,NA,NA,NA,NA,127,0,127,0,FALSE,FALSE,FALSE,FALSE,FALSE,FALSE,1,1,0,1,1,NA,NA,NA,NA,NA,NA,100,1.7411087373231504,3,5,Punish (5),1,3,2,4,NA,NA,NA,NA,NA,NA,NA,NA,NA,NA,NA,5,5,4,5,5,TRUE,TRUE,No controls
100,21332,1,R_7mgExYM2j969oW7,1,1,0,1,1,0,1,1,0,0,0,1,0,1,0,0,0,1,0,0,1,0,1,0,1,1,0,1,1,0,1,0,0,Sometimes,Frequently,Frequently,1,NA,NA,NA,NA,NA,NA,NA,NA,NA,NA,NA,NA,NA,NA,NA,NA,NA,NA,NA,NA,NA,NA,NA,NA,NA,NA,NA,NA,NA,NA,NA,NA,NA,NA,NA,NA,NA,NA,NA,NA,NA,NA,NA,NA,NA,NA,NA,NA,NA,NA,NA,NA,NA,NA,NA,NA,NA,NA,NA,NA,NA,NA,NA,NA,NA,NA,NA,NA,NA,NA,NA,NA,NA,NA,NA,NA,NA,NA,NA,NA,NA,NA,NA,NA,NA,NA,NA,NA,NA,NA,NA,NA,NA,NA,NA,NA,NA,NA,NA,NA,NA,NA,NA,NA,NA,NA,NA,NA,NA,NA,NA,NA,NA,NA,NA,NA,NA,NA,NA,NA,NA,NA,NA,NA,NA,NA,NA,NA,NA,NA,NA,NA,NA,NA,NA,NA,NA,NA,NA,NA,NA,NA,NA,NA,NA,NA,iP6ea0fcfa2f8a2c17,NA,NA,A,FALSE,TRUE,FALSE,FALSE,TRUE,FALSE,FALSE,0,3,1,355.53333333333336,0,0,0,0,1,1,0,50,60,50,50,50,50,50,50,50,20,50,50,50,50,50,50,90,100,50,60,10,50,50,100,10,50,80,50,0,50,50,50,50,50,50,50,10,80,10,10,20,50,20,50,60,50,50,10,90,50,50,50,50,10,90,100,50,80,60,50,50,70,70,60,90,NA,NA,NA,NA,NA,NA,NA,NA,NA,NA,NA,NA,NA,NA,NA,NA,NA,NA,NA,NA,NA,NA,NA,NA,NA,NA,NA,NA,NA,NA,NA,NA,NA,NA,NA,NA,NA,NA,NA,NA,NA,NA,NA,145,0,145,1,FALSE,FALSE,FALSE,FALSE,FALSE,FALSE,1,1,0,1,1,NA,NA,NA,NA,NA,NA,58.888888888888886,-0.4046318109913134,NA,NA,NA,NA,NA,NA,NA,NA,NA,NA,NA,NA,NA,NA,NA,NA,NA,NA,NA,NA,NA,NA,NA,TRUE,TRUE,No controls
100,1444,1,R_5rlHxZIpJw6BCVE,NA,1,0,NA,0,1,0,1,0,0,0,1,1,0,0,0,1,0,0,1,0,0,1,0,0,1,0,0,1,0,0,1,0,Never,Never,Never,4,1,2,2,2,1,9,9,10,9,9,4,2,3,2,3,2,3,purple,2,1,2,1,2,2,2,3,2,1,1,2,1,1,1,1,1,1,4,4,3,2,3,4,2,1,1,1,1,1,2,1,1,1,1,2,2,2,2,1,3,2,1,1,1,2,3,1,1,2,1,2,3,4,4,2,3,4,2,3,3,3,2,2,3,NA,3,2,3,1,3,3,3,1,4,3,4,4,4,5,5,5,5,4,5,NA,NA,NA,NA,NA,NA,NA,NA,NA,NA,NA,NA,NA,NA,NA,NA,NA,NA,NA,NA,NA,NA,NA,NA,NA,NA,NA,NA,NA,NA,NA,NA,NA,NA,NA,NA,NA,NA,NA,NA,NA,NA,NA,iP50e5660b5256e1ed,NA,NA,B,TRUE,FALSE,TRUE,FALSE,TRUE,TRUE,TRUE,2,1,3,24.066666666666663,0,0,0,1,0,0,0,76,66,78,80,65,70,62,64,90,79,59,64,88,76,86,60,58,90,61,88,64,71,88,74,55,62,72,61,56,46,72,55,55,60,37,62,80,56,60,68,56,66,NA,NA,NA,NA,NA,NA,NA,NA,NA,NA,NA,NA,NA,NA,NA,NA,NA,NA,NA,NA,NA,NA,NA,70,73,68,59,66,58,67,68,55,56,84,63,58,64,79,88,65,63,61,89,55,NA,NA,NA,NA,NA,NA,NA,NA,NA,NA,NA,NA,NA,NA,NA,NA,NA,NA,NA,NA,NA,NA,43,0,43,1,FALSE,FALSE,FALSE,FALSE,FALSE,FALSE,1,NA,NA,1,NA,NA,NA,NA,NA,NA,NA,72.11111111111111,0.2854847437368523,4,4,Neutral (4),3,3,3,2.75,3,1,3,3,3,3,3,2,1,4,2.5,4,4,5,4,4,FALSE,TRUE,Some controls missing
100,3756,1,R_3fSFMSDqEV63wyu,0,0,1,0,0,1,1,0,0,0,0,1,0,0,1,0,0,1,0,0,1,0,0,1,1,0,0,1,0,0,0,0,1,Never,Never,Never,4,2,2,2,2,2,8,8,8,9,8,2,3,2.5,2.5,2.5,5,2.5,purple,3,2,3,3,3,3,3,3,3,3,3,3,3,3,3,3,3,2,3,3,3,3,3,3,1,2,2,2,2,2,2,2,2,2,2,2,2,2,2,3,3,4,4,3,2,3,4,2,2,3,3,3,3,2,4,3,2,3,2,2,2,3,2,3,3,NA,3,2,2,3,3,2,2,3,3,3,4,5,5,5,5,5,5,5,5,NA,NA,NA,NA,NA,NA,NA,NA,NA,NA,NA,NA,NA,NA,NA,NA,NA,NA,NA,NA,NA,NA,NA,NA,NA,NA,NA,NA,NA,NA,NA,NA,NA,NA,NA,NA,NA,NA,NA,NA,NA,NA,NA,iP78e4e05ae2293623,NA,NA,C,TRUE,FALSE,TRUE,FALSE,TRUE,TRUE,TRUE,2,1,3,62.6,0,0,0,0,1,0,0,57,73,68,80,66,69,46,44,41,0,0,0,42,73,60,77,33,80,93,81,40,71,45,78,35,42,73,76,97,77,38,0,7,25,76,67,54,57,17,36,44,30,NA,NA,NA,NA,NA,NA,NA,NA,NA,NA,NA,NA,NA,NA,NA,NA,NA,NA,NA,NA,NA,NA,NA,NA,NA,NA,NA,NA,NA,NA,NA,NA,NA,NA,NA,NA,NA,NA,NA,NA,NA,NA,NA,NA,38,68,66,73,60,64,69,70,80,14,55,0,36,61,97,43,62,67,81,69,37,13,43,0,43,1,FALSE,FALSE,FALSE,FALSE,FALSE,FALSE,0,0,1,0,0,NA,NA,NA,NA,NA,NA,70.22222222222223,0.1868966644899717,2,6,Punish (6),2,2.5,2.25,2.5,2,2,2,2,2,2,2,2,2.5,2.5,2.5,3,3,3,4,3,FALSE,TRUE,Some controls missing
100,822,1,R_5g8dYe5pctzVYqY,0,0,1,0,0,1,1,0,0,0,1,0,0,1,0,0,0,1,0,0,1,0,0,1,1,0,0,1,0,0,0,0,1,Sometimes,Never,Sometimes,1,NA,NA,NA,NA,NA,NA,NA,NA,NA,NA,NA,NA,NA,NA,NA,NA,NA,NA,NA,NA,NA,NA,NA,NA,NA,NA,NA,NA,NA,NA,NA,NA,NA,NA,NA,NA,NA,NA,NA,NA,NA,NA,NA,NA,NA,NA,NA,NA,NA,NA,NA,NA,NA,NA,NA,NA,NA,NA,NA,NA,NA,NA,NA,NA,NA,NA,NA,NA,NA,NA,NA,NA,NA,NA,NA,NA,NA,NA,NA,NA,NA,NA,NA,NA,NA,NA,NA,NA,NA,NA,NA,NA,NA,NA,NA,NA,NA,NA,NA,NA,NA,NA,NA,NA,NA,NA,NA,NA,NA,NA,NA,NA,NA,NA,NA,NA,NA,NA,NA,NA,NA,NA,NA,NA,NA,NA,NA,NA,NA,NA,NA,NA,NA,NA,NA,NA,NA,NA,NA,NA,NA,NA,NA,NA,NA,NA,iPad14056cce771547,NA,NA,B,FALSE,TRUE,FALSE,FALSE,TRUE,FALSE,FALSE,0,3,1,13.7,0,0,1,1,0,0,0,NA,100,NA,NA,NA,NA,69,NA,14,0,0,0,52,64,NA,100,82,55,100,75,34,100,80,100,0,0,76,NA,0,55,NA,37,21,20,53,100,0,100,18,47,10,68,NA,NA,NA,NA,NA,NA,NA,NA,NA,NA,NA,NA,NA,NA,NA,NA,NA,NA,NA,NA,NA,NA,NA,0,NA,84,81,NA,22,0,NA,0,0,10,8,100,100,100,100,96,76,0,95,0,NA,NA,NA,NA,NA,NA,NA,NA,NA,NA,NA,NA,NA,NA,NA,NA,NA,NA,NA,NA,NA,NA,154,3,157,1,FALSE,FALSE,FALSE,FALSE,FALSE,FALSE,0,0,1,0,0,NA,NA,NA,NA,NA,NA,63,-0.1900577561598669,NA,NA,NA,NA,NA,NA,NA,NA,NA,NA,NA,NA,NA,NA,NA,NA,NA,NA,NA,NA,NA,NA,NA,TRUE,TRUE,No controls
7,26406,0,R_3xK5R6JtWPks9FS,NA,NA,NA,NA,NA,NA,NA,NA,NA,NA,NA,NA,NA,NA,NA,NA,NA,NA,NA,NA,NA,NA,NA,NA,NA,NA,NA,NA,NA,NA,NA,NA,NA,NA,NA,NA,NA,NA,NA,NA,NA,NA,NA,NA,NA,NA,NA,NA,NA,NA,NA,NA,NA,NA,NA,NA,NA,NA,NA,NA,NA,NA,NA,NA,NA,NA,NA,NA,NA,NA,NA,NA,NA,NA,NA,NA,NA,NA,NA,NA,NA,NA,NA,NA,NA,NA,NA,NA,NA,NA,NA,NA,NA,NA,NA,NA,NA,NA,NA,NA,NA,NA,NA,NA,NA,NA,NA,NA,NA,NA,NA,NA,NA,NA,NA,NA,NA,NA,NA,NA,NA,NA,NA,NA,NA,NA,NA,NA,NA,NA,NA,NA,NA,NA,NA,NA,NA,NA,NA,NA,NA,NA,NA,NA,NA,NA,NA,NA,NA,NA,NA,NA,NA,NA,NA,NA,NA,NA,NA,NA,NA,NA,NA,NA,NA,NA,NA,NA,NA,NA,NA,NA,NA,NA,NA,NA,NA,NA,NA,NA,NA,NA,NA,iPcc675756c22ef481,NA,NA,B,FALSE,FALSE,FALSE,FALSE,FALSE,FALSE,FALSE,0,3,0,440.1,0,0,0,0,1,1,1,NA,NA,NA,NA,NA,NA,NA,NA,NA,NA,NA,NA,NA,NA,NA,NA,NA,NA,NA,NA,NA,NA,NA,NA,NA,NA,NA,NA,NA,NA,NA,NA,NA,NA,NA,NA,NA,NA,NA,NA,NA,NA,NA,NA,NA,NA,NA,NA,NA,NA,NA,NA,NA,NA,NA,NA,NA,NA,NA,NA,NA,NA,NA,NA,NA,NA,NA,NA,NA,NA,NA,NA,NA,NA,NA,NA,NA,NA,NA,NA,NA,NA,NA,NA,NA,NA,NA,NA,NA,NA,NA,NA,NA,NA,NA,NA,NA,NA,NA,NA,NA,NA,NA,NA,NA,NA,NA,NA,224,21,245,0,TRUE,TRUE,TRUE,FALSE,FALSE,FALSE,NA,NA,NA,NA,NA,NA,NA,NA,NA,NA,NA,NA,NA,NA,NA,NA,NA,NA,NA,NA,NA,NA,NA,NA,NA,NA,NA,NA,NA,NA,NA,NA,NA,NA,NA,NA,TRUE,TRUE,No controls
100,667,1,R_3fwp0jDBIxPOtop,0,0,1,0,0,1,0,0,1,0,0,1,0,0,1,0,1,0,0,0,1,0,0,1,0,1,0,0,0,1,0,0,1,Sometimes,Sometimes,Sometimes,4,-99,-99,-99,-99,-99,8,8,8,8,8,4,5,2.5,2.5,2.5,5,2.5,Purple,3,5,5,2,2,2,2,6,2,2,3,3,3,3,3,3,3,1,5,5,5,5,5,5,2,1,3,3,3,3,3,3,3,3,3,3,3,3,3,4,4,4,4,4,4,4,4,1,1,3,3,5,5,5,5,5,5,3,1,2,2,2,3,2,3,NA,2,3,3,3,3,2,3,3,3,3,5,5,5,5,5,6,5,5,5,NA,NA,NA,NA,NA,NA,NA,NA,NA,NA,NA,NA,NA,NA,NA,NA,NA,NA,NA,NA,NA,NA,NA,NA,NA,NA,NA,NA,NA,NA,NA,NA,NA,NA,NA,NA,NA,NA,NA,NA,NA,NA,NA,iP18ca2256b3444771,NA,NA,B,TRUE,FALSE,TRUE,FALSE,TRUE,TRUE,TRUE,2,1,3,11.116666666666667,0,1,1,1,0,0,0,50,50,50,50,50,50,50,50,50,50,50,50,50,50,50,50,50,50,50,50,50,50,50,50,50,50,50,50,50,50,50,50,50,50,50,50,50,50,51,50,50,50,NA,NA,NA,NA,NA,NA,NA,NA,NA,NA,NA,NA,NA,NA,NA,NA,NA,NA,NA,NA,NA,NA,NA,50,50,50,50,50,50,50,50,50,50,50,50,50,50,50,50,50,50,50,50,50,NA,NA,NA,NA,NA,NA,NA,NA,NA,NA,NA,NA,NA,NA,NA,NA,NA,NA,NA,NA,NA,NA,43,0,43,1,FALSE,FALSE,FALSE,FALSE,FALSE,FALSE,0,0,1,0,0,NA,NA,NA,NA,NA,NA,50,-0.8685757133295756,4,4,Neutral (4),2.5,2.5,2.5,2.5,2,2,2,2,2,2,2,2,2.5,2.5,2.5,3,3,3,3,3,FALSE,TRUE,Some controls missing
100,594,1,R_5SelTSC0sfScMep,NA,1,0,NA,1,0,0,1,0,0,1,0,0,1,0,0,1,0,0,0,1,0,0,1,0,1,0,1,0,0,0,0,1,Sometimes,Sometimes,Frequently,1,NA,NA,NA,NA,NA,NA,NA,NA,NA,NA,NA,NA,NA,NA,NA,NA,NA,NA,NA,NA,NA,NA,NA,NA,NA,NA,NA,NA,NA,NA,NA,NA,NA,NA,NA,NA,NA,NA,NA,NA,NA,NA,NA,NA,NA,NA,NA,NA,NA,NA,NA,NA,NA,NA,NA,NA,NA,NA,NA,NA,NA,NA,NA,NA,NA,NA,NA,NA,NA,NA,NA,NA,NA,NA,NA,NA,NA,NA,NA,NA,NA,NA,NA,NA,NA,NA,NA,NA,NA,NA,NA,NA,NA,NA,NA,NA,NA,NA,NA,NA,NA,NA,NA,NA,NA,NA,NA,NA,NA,NA,NA,NA,NA,NA,NA,NA,NA,NA,NA,NA,NA,NA,NA,NA,NA,NA,NA,NA,NA,NA,NA,NA,NA,NA,NA,NA,NA,NA,NA,NA,NA,NA,NA,NA,NA,NA,iPb6b1fbeb73591cce,NA,NA,B,FALSE,TRUE,FALSE,FALSE,TRUE,FALSE,FALSE,0,3,1,9.9,0,1,1,1,0,0,0,0,13,26,20,81,23,67,19,20,80,79,51,63,73,44,28,56,48,75,32,47,28,19,0,82,59,31,19,34,81,50,90,98,91,76,11,34,26,40,85,48,58,NA,NA,NA,NA,NA,NA,NA,NA,NA,NA,NA,NA,NA,NA,NA,NA,NA,NA,NA,NA,NA,NA,NA,40,44,1,48,29,67,0,79,17,38,90,22,21,1,23,22,18,17,17,80,50,NA,NA,NA,NA,NA,NA,NA,NA,NA,NA,NA,NA,NA,NA,NA,NA,NA,NA,NA,NA,NA,NA,145,0,145,1,FALSE,FALSE,FALSE,FALSE,FALSE,FALSE,1,NA,NA,1,NA,NA,NA,NA,NA,NA,NA,42.666666666666664,-1.2513294327586422,NA,NA,NA,NA,NA,NA,NA,NA,NA,NA,NA,NA,NA,NA,NA,NA,NA,NA,NA,NA,NA,NA,NA,TRUE,TRUE,No controls
100,25831,1,R_7pGp3ncSPem8g5p,0,0,1,0,0,1,1,0,0,0,0,1,1,0,0,0,0,1,1,0,0,0,0,1,0,0,1,0,0,1,0,0,1,Never,Never,Rarely,4,1,1,1,1,1,10,10,10,10,10,1,4,1,2,2,1,3,Purple,NA,NA,NA,NA,NA,NA,NA,NA,NA,NA,NA,NA,NA,NA,NA,NA,NA,NA,NA,NA,NA,NA,NA,NA,NA,NA,NA,NA,NA,NA,NA,NA,NA,NA,NA,NA,NA,NA,NA,NA,NA,NA,NA,NA,NA,NA,NA,NA,NA,NA,NA,NA,NA,NA,NA,NA,NA,NA,NA,NA,NA,NA,NA,NA,NA,NA,NA,NA,NA,NA,NA,NA,NA,NA,NA,NA,NA,NA,NA,NA,NA,NA,NA,NA,NA,NA,NA,NA,NA,NA,NA,NA,NA,NA,NA,NA,NA,NA,NA,NA,NA,NA,NA,NA,NA,NA,NA,NA,NA,NA,NA,NA,NA,NA,NA,NA,NA,NA,NA,NA,NA,NA,NA,NA,NA,NA,NA,NA,iP4a20a3d1f58ea497,NA,NA,A,TRUE,FALSE,TRUE,FALSE,TRUE,TRUE,FALSE,2,1,2,430.51666666666665,0,0,0,0,1,1,0,100,100,100,100,100,100,100,100,100,100,100,100,100,100,100,100,100,100,100,100,100,100,100,100,100,100,100,100,100,100,100,100,100,100,100,100,100,100,100,100,100,100,100,100,100,100,100,100,100,100,100,100,100,100,100,100,100,100,100,100,100,100,100,100,100,NA,NA,NA,NA,NA,NA,NA,NA,NA,NA,NA,NA,NA,NA,NA,NA,NA,NA,NA,NA,NA,NA,NA,NA,NA,NA,NA,NA,NA,NA,NA,NA,NA,NA,NA,NA,NA,NA,NA,NA,NA,NA,NA,127,0,127,0,FALSE,FALSE,FALSE,FALSE,FALSE,FALSE,0,0,1,0,0,NA,NA,NA,NA,NA,NA,100,1.7411087373231504,1,7,Punish (7),1,4,2.5,2,NA,NA,NA,NA,NA,NA,NA,NA,NA,NA,NA,5,5,5,5,5,TRUE,TRUE,No controls
100,1098,1,R_7AuTpO3R0NU8ZkB,NA,1,0,NA,1,0,0,1,0,0,0,1,0,1,0,1,0,0,0,1,0,0,1,0,1,0,0,1,0,0,1,0,0,Sometimes,Sometimes,Rarely,4,3,4,4,4,2,7,8,9,9,10,-99,4,1,3,3,2,2,Purple,NA,NA,NA,NA,NA,NA,NA,NA,NA,NA,NA,NA,NA,NA,NA,NA,NA,NA,NA,NA,NA,NA,NA,NA,NA,NA,NA,NA,NA,NA,NA,NA,NA,NA,NA,NA,NA,NA,NA,NA,NA,NA,NA,NA,NA,NA,NA,NA,NA,NA,NA,NA,NA,NA,NA,NA,NA,NA,NA,NA,NA,NA,NA,NA,NA,NA,NA,NA,NA,NA,NA,NA,NA,NA,NA,NA,NA,NA,NA,NA,NA,NA,NA,NA,NA,NA,NA,NA,NA,NA,NA,NA,NA,NA,NA,NA,NA,NA,NA,NA,NA,NA,NA,NA,NA,NA,NA,NA,NA,NA,NA,NA,NA,NA,NA,NA,NA,NA,NA,NA,NA,NA,NA,NA,NA,NA,NA,NA,iP911615de4f950d82,NA,NA,A,TRUE,FALSE,TRUE,FALSE,TRUE,TRUE,FALSE,2,1,2,18.3,0,0,1,1,0,0,0,20,20,20,80,20,80,80,70,80,80,30,20,80,90,80,20,80,70,70,20,80,30,80,30,70,80,30,70,80,30,80,70,30,20,70,80,100,30,30,80,100,30,80,90,80,80,30,30,90,50,80,80,80,80,80,80,20,80,20,70,20,20,10,70,30,NA,NA,NA,NA,NA,NA,NA,NA,NA,NA,NA,NA,NA,NA,NA,NA,NA,NA,NA,NA,NA,NA,NA,NA,NA,NA,NA,NA,NA,NA,NA,NA,NA,NA,NA,NA,NA,NA,NA,NA,NA,NA,NA,127,0,127,0,FALSE,FALSE,FALSE,FALSE,FALSE,FALSE,1,NA,NA,1,NA,NA,NA,NA,NA,NA,NA,60,-0.34663882319903044,NA,107,NA,1,3,2,2.25,NA,NA,NA,NA,NA,NA,NA,NA,NA,NA,NA,2,3,4,4,5,TRUE,TRUE,No controls
100,1312,1,R_1lzHNLB9iDnTvGh,NA,1,0,NA,0,1,1,0,0,0,0,1,1,0,0,0,0,1,0,0,1,0,0,1,1,0,0,1,0,0,0,1,0,Never,Never,Rarely,1,NA,NA,NA,NA,NA,NA,NA,NA,NA,NA,NA,NA,NA,NA,NA,NA,NA,NA,NA,NA,NA,NA,NA,NA,NA,NA,NA,NA,NA,NA,NA,NA,NA,NA,NA,NA,NA,NA,NA,NA,NA,NA,NA,NA,NA,NA,NA,NA,NA,NA,NA,NA,NA,NA,NA,NA,NA,NA,NA,NA,NA,NA,NA,NA,NA,NA,NA,NA,NA,NA,NA,NA,NA,NA,NA,NA,NA,NA,NA,NA,NA,NA,NA,NA,NA,NA,NA,NA,NA,NA,NA,NA,NA,NA,NA,NA,NA,NA,NA,NA,NA,NA,NA,NA,NA,NA,NA,NA,NA,NA,NA,NA,NA,NA,NA,NA,NA,NA,NA,NA,NA,NA,NA,NA,NA,NA,NA,NA,NA,NA,NA,NA,NA,NA,NA,NA,NA,NA,NA,NA,NA,NA,NA,NA,NA,NA,iPb25080ba72ce7c54,NA,NA,A,FALSE,TRUE,FALSE,FALSE,TRUE,FALSE,FALSE,0,3,1,21.866666666666667,0,0,0,1,0,0,0,100,100,90,80,80,100,90,100,90,90,80,70,100,100,100,90,80,90,10,90,NA,100,70,100,NA,80,100,80,80,90,50,80,100,80,NA,80,NA,NA,0,0,100,80,80,80,90,100,80,NA,70,100,90,100,90,80,90,100,100,80,70,NA,NA,80,80,90,90,NA,NA,NA,NA,NA,NA,NA,NA,NA,NA,NA,NA,NA,NA,NA,NA,NA,NA,NA,NA,NA,NA,NA,NA,NA,NA,NA,NA,NA,NA,NA,NA,NA,NA,NA,NA,NA,NA,NA,NA,NA,NA,NA,150,3,153,1,FALSE,FALSE,FALSE,FALSE,FALSE,FALSE,1,NA,NA,1,NA,NA,NA,NA,NA,NA,NA,90,1.2191718471926052,NA,NA,NA,NA,NA,NA,NA,NA,NA,NA,NA,NA,NA,NA,NA,NA,NA,NA,NA,NA,NA,NA,NA,TRUE,TRUE,No controls
100,760,1,R_67QBHobSY53FOPZ,0,0,1,0,0,1,0,1,0,0,0,1,1,0,0,0,0,1,0,0,1,0,1,0,1,0,0,1,0,0,0,0,1,Rarely,Rarely,Rarely,4,1,1,1,1,1,8,8,8,9,9,3,2,2,3,3,2,3,Purple,NA,NA,NA,NA,NA,NA,NA,NA,NA,NA,NA,NA,NA,NA,NA,NA,NA,NA,NA,NA,NA,NA,NA,NA,NA,NA,NA,NA,NA,NA,NA,NA,NA,NA,NA,NA,NA,NA,NA,NA,NA,NA,NA,NA,NA,NA,NA,NA,NA,NA,NA,NA,NA,NA,NA,NA,NA,NA,NA,NA,NA,NA,NA,NA,NA,NA,NA,NA,NA,NA,NA,NA,NA,NA,NA,NA,NA,NA,NA,NA,NA,NA,NA,NA,NA,NA,NA,NA,NA,NA,NA,NA,NA,NA,NA,NA,NA,NA,NA,NA,NA,NA,NA,NA,NA,NA,NA,NA,NA,NA,NA,NA,NA,NA,NA,NA,NA,NA,NA,NA,NA,NA,NA,NA,NA,NA,NA,NA,iP9d3df00d84b0c571,NA,NA,B,TRUE,FALSE,TRUE,FALSE,TRUE,TRUE,FALSE,2,1,2,12.666666666666666,0,0,1,1,0,0,0,50,50,50,49,50,50,11,48,50,50,50,50,49,50,10,50,90,33,73,74,3,74,49,89,6,11,50,50,50,53,50,50,50,50,0,50,5,9,6,5,50,50,NA,NA,NA,NA,NA,NA,NA,NA,NA,NA,NA,NA,NA,NA,NA,NA,NA,NA,NA,NA,NA,NA,NA,49,44,50,50,50,11,50,0,50,50,0,4,72,72,80,50,72,50,50,4,50,NA,NA,NA,NA,NA,NA,NA,NA,NA,NA,NA,NA,NA,NA,NA,NA,NA,NA,NA,NA,NA,NA,127,0,127,0,FALSE,FALSE,FALSE,FALSE,FALSE,FALSE,0,0,1,0,0,NA,NA,NA,NA,NA,NA,55.111111111111114,-0.6018079694850746,3,5,Punish (5),3,3,3,2.75,NA,NA,NA,NA,NA,NA,NA,NA,NA,NA,NA,3,3,3,4,4,TRUE,TRUE,No controls
7,854,0,R_3zJsK4IdEC6dxyp,NA,NA,NA,NA,NA,NA,NA,NA,NA,NA,NA,NA,NA,NA,NA,NA,NA,NA,NA,NA,NA,NA,NA,NA,NA,NA,NA,NA,NA,NA,NA,NA,NA,NA,NA,NA,NA,NA,NA,NA,NA,NA,NA,NA,NA,NA,NA,NA,NA,NA,NA,NA,NA,NA,NA,NA,NA,NA,NA,NA,NA,NA,NA,NA,NA,NA,NA,NA,NA,NA,NA,NA,NA,NA,NA,NA,NA,NA,NA,NA,NA,NA,NA,NA,NA,NA,NA,NA,NA,NA,NA,NA,NA,NA,NA,NA,NA,NA,NA,NA,NA,NA,NA,NA,NA,NA,NA,NA,NA,NA,NA,NA,NA,NA,NA,NA,NA,NA,NA,NA,NA,NA,NA,NA,NA,NA,NA,NA,NA,NA,NA,NA,NA,NA,NA,NA,NA,NA,NA,NA,NA,NA,NA,NA,NA,NA,NA,NA,NA,NA,NA,NA,NA,NA,NA,NA,NA,NA,NA,NA,NA,NA,NA,NA,NA,NA,NA,NA,NA,NA,NA,NA,NA,NA,NA,NA,NA,NA,NA,NA,NA,NA,NA,iP9d3df00d84b0c571,NA,NA,C,FALSE,FALSE,FALSE,FALSE,FALSE,FALSE,FALSE,0,3,0,14.233333333333333,0,0,1,1,0,0,1,NA,NA,NA,NA,NA,NA,NA,NA,NA,NA,NA,NA,NA,NA,NA,NA,NA,NA,NA,NA,NA,NA,NA,NA,NA,NA,NA,NA,NA,NA,NA,NA,NA,NA,NA,NA,NA,NA,NA,NA,NA,NA,NA,NA,NA,NA,NA,NA,NA,NA,NA,NA,NA,NA,NA,NA,NA,NA,NA,NA,NA,NA,NA,NA,NA,NA,NA,NA,NA,NA,NA,NA,NA,NA,NA,NA,NA,NA,NA,NA,NA,NA,NA,NA,NA,NA,NA,NA,NA,NA,NA,NA,NA,NA,NA,NA,NA,NA,NA,NA,NA,NA,NA,NA,NA,NA,NA,NA,224,22,246,0,TRUE,TRUE,TRUE,FALSE,FALSE,FALSE,NA,NA,NA,NA,NA,NA,NA,NA,NA,NA,NA,NA,NA,NA,NA,NA,NA,NA,NA,NA,NA,NA,NA,NA,NA,NA,NA,NA,NA,NA,NA,NA,NA,NA,NA,NA,TRUE,TRUE,No controls
100,515,1,R_3BqR4QAAjiDnWGx,1,NA,0,1,0,0,1,0,0,1,0,0,1,0,0,1,0,0,1,0,0,1,0,0,1,0,0,1,0,0,1,0,0,Frequently,Frequently,Frequently,4,1,1,1,1,1,10,10,10,10,10,6,1,4,4,4,1,4,Purple,1,1,1,5,5,4,5,5,5,5,1,1,1,1,1,1,1,2,4,3,3,4,4,4,1,2,2,1,2,2,3,2,2,2,2,2,2,2,2,1,2,2,2,1,2,2,2,1,1,1,1,4,4,4,4,4,4,1,3,2,2,2,2,2,2,NA,2,2,2,2,2,2,2,2,5,5,4,4,5,4,5,4,4,4,4,NA,NA,NA,NA,NA,NA,NA,NA,NA,NA,NA,NA,NA,NA,NA,NA,NA,NA,NA,NA,NA,NA,NA,NA,NA,NA,NA,NA,NA,NA,NA,NA,NA,NA,NA,NA,NA,NA,NA,NA,NA,NA,NA,iPd96c47177bb771fa,NA,NA,A,TRUE,FALSE,TRUE,FALSE,TRUE,TRUE,TRUE,2,1,3,8.583333333333334,0,1,1,1,0,0,0,70,100,80,80,80,80,70,90,70,90,80,60,80,80,90,90,90,80,90,90,80,80,80,80,80,90,80,90,80,80,90,80,90,90,80,80,70,100,90,80,80,90,80,70,90,90,80,90,70,80,80,100,100,80,100,80,90,80,90,70,60,90,80,100,100,NA,NA,NA,NA,NA,NA,NA,NA,NA,NA,NA,NA,NA,NA,NA,NA,NA,NA,NA,NA,NA,NA,NA,NA,NA,NA,NA,NA,NA,NA,NA,NA,NA,NA,NA,NA,NA,NA,NA,NA,NA,NA,NA,43,0,43,1,FALSE,FALSE,FALSE,FALSE,FALSE,FALSE,1,1,NA,NA,1,NA,NA,NA,NA,NA,NA,84.44444444444444,0.9292069082311912,6,2,Rehab (2),4,4,4,4,3,3,3,3,3,3,3,3,4,4,4,5,5,5,5,5,FALSE,TRUE,Some controls missing
7,1065,0,R_7JLgZQXD7QEhPu4,NA,NA,NA,NA,NA,NA,NA,NA,NA,NA,NA,NA,NA,NA,NA,NA,NA,NA,NA,NA,NA,NA,NA,NA,NA,NA,NA,NA,NA,NA,NA,NA,NA,NA,NA,NA,NA,NA,NA,NA,NA,NA,NA,NA,NA,NA,NA,NA,NA,NA,NA,NA,NA,NA,NA,NA,NA,NA,NA,NA,NA,NA,NA,NA,NA,NA,NA,NA,NA,NA,NA,NA,NA,NA,NA,NA,NA,NA,NA,NA,NA,NA,NA,NA,NA,NA,NA,NA,NA,NA,NA,NA,NA,NA,NA,NA,NA,NA,NA,NA,NA,NA,NA,NA,NA,NA,NA,NA,NA,NA,NA,NA,NA,NA,NA,NA,NA,NA,NA,NA,NA,NA,NA,NA,NA,NA,NA,NA,NA,NA,NA,NA,NA,NA,NA,NA,NA,NA,NA,NA,NA,NA,NA,NA,NA,NA,NA,NA,NA,NA,NA,NA,NA,NA,NA,NA,NA,NA,NA,NA,NA,NA,NA,NA,NA,NA,NA,NA,NA,NA,NA,NA,NA,NA,NA,NA,NA,NA,NA,NA,NA,NA,NA,iP2f42788fd88ccbd9,NA,NA,C,FALSE,FALSE,FALSE,FALSE,FALSE,FALSE,FALSE,0,3,0,17.75,0,0,1,1,0,0,1,NA,NA,NA,NA,NA,NA,NA,NA,NA,NA,NA,NA,NA,NA,NA,NA,NA,NA,NA,NA,NA,NA,NA,NA,NA,NA,NA,NA,NA,NA,NA,NA,NA,NA,NA,NA,NA,NA,NA,NA,NA,NA,NA,NA,NA,NA,NA,NA,NA,NA,NA,NA,NA,NA,NA,NA,NA,NA,NA,NA,NA,NA,NA,NA,NA,NA,NA,NA,NA,NA,NA,NA,NA,NA,NA,NA,NA,NA,NA,NA,NA,NA,NA,NA,NA,NA,NA,NA,NA,NA,NA,NA,NA,NA,NA,NA,NA,NA,NA,NA,NA,NA,NA,NA,NA,NA,NA,NA,224,22,246,0,TRUE,TRUE,TRUE,FALSE,FALSE,FALSE,NA,NA,NA,NA,NA,NA,NA,NA,NA,NA,NA,NA,NA,NA,NA,NA,NA,NA,NA,NA,NA,NA,NA,NA,NA,NA,NA,NA,NA,NA,NA,NA,NA,NA,NA,NA,TRUE,TRUE,No controls
100,3427,1,R_3BuMWuIFgJM8xa1,NA,1,0,NA,1,0,0,1,0,0,1,0,1,1,0,0,1,0,0,1,0,0,1,0,1,1,0,1,0,0,0,1,0,Never,Never,Rarely,1,NA,NA,NA,NA,NA,NA,NA,NA,NA,NA,NA,NA,NA,NA,NA,NA,NA,NA,NA,NA,NA,NA,NA,NA,NA,NA,NA,NA,NA,NA,NA,NA,NA,NA,NA,NA,NA,NA,NA,NA,NA,NA,NA,NA,NA,NA,NA,NA,NA,NA,NA,NA,NA,NA,NA,NA,NA,NA,NA,NA,NA,NA,NA,NA,NA,NA,NA,NA,NA,NA,NA,NA,NA,NA,NA,NA,NA,NA,NA,NA,NA,NA,NA,NA,NA,NA,NA,NA,NA,NA,NA,NA,NA,NA,NA,NA,NA,NA,NA,NA,NA,NA,NA,NA,NA,NA,NA,NA,NA,NA,NA,NA,NA,NA,NA,NA,NA,NA,NA,NA,NA,NA,NA,NA,NA,NA,NA,NA,NA,NA,NA,NA,NA,NA,NA,NA,NA,NA,NA,NA,NA,NA,NA,NA,NA,NA,iPd438988f8ee127b7,NA,NA,C,FALSE,TRUE,FALSE,FALSE,TRUE,FALSE,FALSE,0,3,1,57.11666666666667,0,0,0,0,1,0,0,100,32,12,50,100,9,58,80,77,26,24,17,100,100,100,22,100,77,94,85,0,100,22,18,1,20,83,34,18,11,100,41,0,37,14,13,42,2,0,0,5,84,NA,NA,NA,NA,NA,NA,NA,NA,NA,NA,NA,NA,NA,NA,NA,NA,NA,NA,NA,NA,NA,NA,NA,NA,NA,NA,NA,NA,NA,NA,NA,NA,NA,NA,NA,NA,NA,NA,NA,NA,NA,NA,NA,NA,77,31,100,7,10,100,100,96,100,0,12,0,3,75,22,100,100,95,100,80,0,1,145,0,145,1,FALSE,FALSE,FALSE,FALSE,FALSE,FALSE,1,NA,NA,1,NA,NA,NA,NA,NA,NA,NA,68.77777777777777,0.1115057803600034,NA,NA,NA,NA,NA,NA,NA,NA,NA,NA,NA,NA,NA,NA,NA,NA,NA,NA,NA,NA,NA,NA,NA,TRUE,TRUE,No controls
100,622,1,R_6duDWuPS3i6aAUN,NA,1,0,NA,1,0,0,1,0,0,1,0,0,1,0,0,1,0,0,1,0,0,0,1,0,1,0,0,1,0,0,0,1,Sometimes,Sometimes,Sometimes,4,2,2,2,1,3,8,10,10,10,10,4,3,1,1,3,2,1,Purple,NA,NA,NA,NA,NA,NA,NA,NA,NA,NA,NA,NA,NA,NA,NA,NA,NA,NA,NA,NA,NA,NA,NA,NA,NA,NA,NA,NA,NA,NA,NA,NA,NA,NA,NA,NA,NA,NA,NA,NA,NA,NA,NA,NA,NA,NA,NA,NA,NA,NA,NA,NA,NA,NA,NA,NA,NA,NA,NA,NA,NA,NA,NA,NA,NA,NA,NA,NA,NA,NA,NA,NA,NA,NA,NA,NA,NA,NA,NA,NA,NA,NA,NA,NA,NA,NA,NA,NA,NA,NA,NA,NA,NA,NA,NA,NA,NA,NA,NA,NA,NA,NA,NA,NA,NA,NA,NA,NA,NA,NA,NA,NA,NA,NA,NA,NA,NA,NA,NA,NA,NA,NA,NA,NA,NA,NA,NA,NA,iP278bd353ae629581,NA,NA,A,TRUE,FALSE,TRUE,FALSE,TRUE,TRUE,FALSE,2,1,2,10.366666666666667,0,1,1,1,0,0,0,70,90,40,70,30,30,60,90,60,40,90,60,20,30,30,70,90,60,70,80,20,90,70,70,0,10,80,80,80,20,60,70,10,70,20,40,30,10,40,30,70,70,60,60,60,10,80,20,60,30,20,30,60,60,60,70,30,0,60,20,0,60,80,30,30,NA,NA,NA,NA,NA,NA,NA,NA,NA,NA,NA,NA,NA,NA,NA,NA,NA,NA,NA,NA,NA,NA,NA,NA,NA,NA,NA,NA,NA,NA,NA,NA,NA,NA,NA,NA,NA,NA,NA,NA,NA,NA,NA,127,0,127,0,FALSE,FALSE,FALSE,FALSE,FALSE,FALSE,1,NA,NA,1,NA,NA,NA,NA,NA,NA,NA,65.55555555555556,-0.05667388423761632,4,4,Neutral (4),2,3,2.5,1.5,NA,NA,NA,NA,NA,NA,NA,NA,NA,NA,NA,3,5,5,5,5,TRUE,TRUE,No controls
100,534,1,R_5JJCTnEORwe5Uuw,0,0,1,0,0,1,0,0,1,0,0,1,1,0,0,0,0,1,0,0,1,0,0,1,1,0,0,1,0,0,0,0,1,Sometimes,Never,Sometimes,4,1,1,1,1,1,10,10,10,10,10,7,3,4,4,4,1,4,purple,NA,NA,NA,NA,NA,NA,NA,NA,NA,NA,NA,NA,NA,NA,NA,NA,NA,NA,NA,NA,NA,NA,NA,NA,NA,NA,NA,NA,NA,NA,NA,NA,NA,NA,NA,NA,NA,NA,NA,NA,NA,NA,NA,NA,NA,NA,NA,NA,NA,NA,NA,NA,NA,NA,NA,NA,NA,NA,NA,NA,NA,NA,NA,NA,NA,NA,NA,NA,NA,NA,NA,NA,NA,NA,NA,NA,NA,NA,NA,NA,NA,NA,NA,NA,NA,NA,NA,NA,NA,NA,NA,NA,NA,NA,NA,NA,NA,NA,NA,NA,NA,NA,NA,NA,NA,NA,NA,NA,NA,NA,NA,NA,NA,NA,NA,NA,NA,NA,NA,NA,NA,NA,NA,NA,NA,NA,NA,NA,iP916bff1a38d8fa5e,NA,NA,A,TRUE,FALSE,TRUE,FALSE,TRUE,TRUE,FALSE,2,1,2,8.9,0,1,1,1,0,0,0,100,100,100,100,100,20,100,100,100,100,100,100,100,100,100,100,100,100,90,100,60,100,100,100,100,100,100,100,NA,90,100,100,100,100,100,NA,90,100,100,100,100,100,100,100,100,100,100,100,60,100,100,100,100,80,100,80,100,80,100,100,70,100,100,100,100,NA,NA,NA,NA,NA,NA,NA,NA,NA,NA,NA,NA,NA,NA,NA,NA,NA,NA,NA,NA,NA,NA,NA,NA,NA,NA,NA,NA,NA,NA,NA,NA,NA,NA,NA,NA,NA,NA,NA,NA,NA,NA,NA,129,0,129,0,FALSE,FALSE,FALSE,FALSE,FALSE,FALSE,0,0,1,0,0,NA,NA,NA,NA,NA,NA,100,1.7411087373231504,7,1,Rehab (1),2,4,3,4,NA,NA,NA,NA,NA,NA,NA,NA,NA,NA,NA,5,5,5,5,5,TRUE,TRUE,No controls
100,601,1,R_5GHgMvyJAjWUci5,NA,1,0,NA,0,1,0,0,1,0,1,0,1,0,0,0,1,0,0,0,1,0,0,1,1,0,0,1,0,0,1,0,0,Frequently,Frequently,Frequently,1,NA,NA,NA,NA,NA,NA,NA,NA,NA,NA,NA,NA,NA,NA,NA,NA,NA,NA,NA,NA,NA,NA,NA,NA,NA,NA,NA,NA,NA,NA,NA,NA,NA,NA,NA,NA,NA,NA,NA,NA,NA,NA,NA,NA,NA,NA,NA,NA,NA,NA,NA,NA,NA,NA,NA,NA,NA,NA,NA,NA,NA,NA,NA,NA,NA,NA,NA,NA,NA,NA,NA,NA,NA,NA,NA,NA,NA,NA,NA,NA,NA,NA,NA,NA,NA,NA,NA,NA,NA,NA,NA,NA,NA,NA,NA,NA,NA,NA,NA,NA,NA,NA,NA,NA,NA,NA,NA,NA,NA,NA,NA,NA,NA,NA,NA,NA,NA,NA,NA,NA,NA,NA,NA,NA,NA,NA,NA,NA,NA,NA,NA,NA,NA,NA,NA,NA,NA,NA,NA,NA,NA,NA,NA,NA,NA,NA,iPe5e6e6a98bed08d0,NA,NA,C,FALSE,TRUE,FALSE,FALSE,TRUE,FALSE,FALSE,0,3,1,10.016666666666667,0,1,1,1,0,0,0,95,97,99,94,98,98,72,16,44,22,25,21,88,85,87,77,67,75,38,100,43,100,68,90,0,19,81,14,8,41,63,0,0,0,0,14,0,9,18,6,100,100,NA,NA,NA,NA,NA,NA,NA,NA,NA,NA,NA,NA,NA,NA,NA,NA,NA,NA,NA,NA,NA,NA,NA,NA,NA,NA,NA,NA,NA,NA,NA,NA,NA,NA,NA,NA,NA,NA,NA,NA,NA,NA,NA,NA,100,100,56,100,86,22,100,60,100,39,12,0,91,56,8,100,100,100,86,16,0,0,145,0,145,1,FALSE,FALSE,FALSE,FALSE,FALSE,FALSE,1,NA,NA,1,NA,NA,NA,NA,NA,NA,NA,66.11111111111111,-0.02767739034147484,NA,NA,NA,NA,NA,NA,NA,NA,NA,NA,NA,NA,NA,NA,NA,NA,NA,NA,NA,NA,NA,NA,NA,TRUE,TRUE,No controls
100,1223,1,R_72y0dxREYxg8amw,0,0,1,0,0,1,0,0,1,0,0,1,0,1,0,0,1,0,0,1,0,0,1,0,1,0,0,0,0,1,0,0,1,Never,Never,Never,1,NA,NA,NA,NA,NA,NA,NA,NA,NA,NA,NA,NA,NA,NA,NA,NA,NA,NA,NA,NA,NA,NA,NA,NA,NA,NA,NA,NA,NA,NA,NA,NA,NA,NA,NA,NA,NA,NA,NA,NA,NA,NA,NA,NA,NA,NA,NA,NA,NA,NA,NA,NA,NA,NA,NA,NA,NA,NA,NA,NA,NA,NA,NA,NA,NA,NA,NA,NA,NA,NA,NA,NA,NA,NA,NA,NA,NA,NA,NA,NA,NA,NA,NA,NA,NA,NA,NA,NA,NA,NA,NA,NA,NA,NA,NA,NA,NA,NA,NA,NA,NA,NA,NA,NA,NA,NA,NA,NA,NA,NA,NA,NA,NA,NA,NA,NA,NA,NA,NA,NA,NA,NA,NA,NA,NA,NA,NA,NA,NA,NA,NA,NA,NA,NA,NA,NA,NA,NA,NA,NA,NA,NA,NA,NA,NA,NA,iPa80fca612f0b6b0f,NA,NA,B,FALSE,TRUE,FALSE,FALSE,TRUE,FALSE,FALSE,0,3,1,20.383333333333333,0,0,0,1,0,0,0,50,75,66,50,51,50,50,65,51,50,49,100,49,51,50,70,75,70,80,70,60,75,50,90,21,30,70,50,5,60,50,50,50,60,54,85,35,55,50,50,55,55,NA,NA,NA,NA,NA,NA,NA,NA,NA,NA,NA,NA,NA,NA,NA,NA,NA,NA,NA,NA,NA,NA,NA,50,50,80,50,66,50,50,50,50,10,40,50,80,70,80,65,90,70,50,50,50,NA,NA,NA,NA,NA,NA,NA,NA,NA,NA,NA,NA,NA,NA,NA,NA,NA,NA,NA,NA,NA,NA,145,0,145,1,FALSE,FALSE,FALSE,FALSE,FALSE,FALSE,0,0,1,0,0,NA,NA,NA,NA,NA,NA,56.666666666666664,-0.520617786575879,NA,NA,NA,NA,NA,NA,NA,NA,NA,NA,NA,NA,NA,NA,NA,NA,NA,NA,NA,NA,NA,NA,NA,TRUE,TRUE,No controls
100,898,1,R_3qyLZnnWbEgbJuN,NA,NA,1,1,0,0,0,0,1,1,0,0,1,0,0,0,0,1,0,0,1,0,0,1,1,0,0,1,0,0,0,0,1,Frequently,Sometimes,Frequently,4,1,1,1,1,1,10,10,10,9,10,1,1,1,1,1,1,1,Purple,NA,NA,NA,NA,NA,NA,NA,NA,NA,NA,NA,NA,NA,NA,NA,NA,NA,NA,NA,NA,NA,NA,NA,NA,NA,NA,NA,NA,NA,NA,NA,NA,NA,NA,NA,NA,NA,NA,NA,NA,NA,NA,NA,NA,NA,NA,NA,NA,NA,NA,NA,NA,NA,NA,NA,NA,NA,NA,NA,NA,NA,NA,NA,NA,NA,NA,NA,NA,NA,NA,NA,NA,NA,NA,NA,NA,NA,NA,NA,NA,NA,NA,NA,NA,NA,NA,NA,NA,NA,NA,NA,NA,NA,NA,NA,NA,NA,NA,NA,NA,NA,NA,NA,NA,NA,NA,NA,NA,NA,NA,NA,NA,NA,NA,NA,NA,NA,NA,NA,NA,NA,NA,NA,NA,NA,NA,NA,NA,iP108efe396c97fcf2,NA,NA,C,TRUE,FALSE,TRUE,FALSE,TRUE,TRUE,FALSE,2,1,2,14.966666666666669,0,0,1,1,0,0,0,22,76,30,82,55,79,0,83,74,75,86,79,0,14,6,94,73,0,73,100,24,100,14,89,0,0,78,68,19,50,76,82,64,80,17,96,20,50,0,11,10,100,NA,NA,NA,NA,NA,NA,NA,NA,NA,NA,NA,NA,NA,NA,NA,NA,NA,NA,NA,NA,NA,NA,NA,NA,NA,NA,NA,NA,NA,NA,NA,NA,NA,NA,NA,NA,NA,NA,NA,NA,NA,NA,NA,NA,79,87,66,65,100,88,100,78,85,0,83,0,0,84,88,91,85,87,92,84,86,63,127,0,127,0,FALSE,FALSE,FALSE,FALSE,FALSE,FALSE,1,NA,1,NA,1,NA,NA,NA,NA,NA,NA,49.55555555555556,-0.8917729084464887,1,7,Punish (7),4,4,4,1,NA,NA,NA,NA,NA,NA,NA,NA,NA,NA,NA,5,5,5,4,5,TRUE,TRUE,No controls
100,1266,1,R_5P7rapTL6nEKqUs,NA,1,0,NA,0,1,0,1,0,0,1,0,0,1,0,0,1,0,0,1,0,0,0,1,1,0,0,0,1,0,1,0,0,Rarely,Never,Never,4,1,1,2,2,1,6,10,10,10,10,4,1,3,3,2.5,1,1,Purple,NA,NA,NA,NA,NA,NA,NA,NA,NA,NA,NA,NA,NA,NA,NA,NA,NA,NA,NA,NA,NA,NA,NA,NA,NA,NA,NA,NA,NA,NA,NA,NA,NA,NA,NA,NA,NA,NA,NA,NA,NA,NA,NA,NA,NA,NA,NA,NA,NA,NA,NA,NA,NA,NA,NA,NA,NA,NA,NA,NA,NA,NA,NA,NA,NA,NA,NA,NA,NA,NA,NA,NA,NA,NA,NA,NA,NA,NA,NA,NA,NA,NA,NA,NA,NA,NA,NA,NA,NA,NA,NA,NA,NA,NA,NA,NA,NA,NA,NA,NA,NA,NA,NA,NA,NA,NA,NA,NA,NA,NA,NA,NA,NA,NA,NA,NA,NA,NA,NA,NA,NA,NA,NA,NA,NA,NA,NA,NA,iP7cfe5757663e8e76,NA,NA,A,TRUE,FALSE,TRUE,FALSE,TRUE,TRUE,FALSE,2,1,2,21.1,0,0,0,1,0,0,0,100,100,100,100,50,70,100,100,100,100,100,100,90,100,90,90,100,100,90,100,0,80,100,100,0,100,90,100,80,0,90,100,100,100,0,100,10,0,0,0,10,90,100,60,80,90,80,30,100,100,90,100,100,20,100,100,100,100,60,60,40,100,100,100,70,NA,NA,NA,NA,NA,NA,NA,NA,NA,NA,NA,NA,NA,NA,NA,NA,NA,NA,NA,NA,NA,NA,NA,NA,NA,NA,NA,NA,NA,NA,NA,NA,NA,NA,NA,NA,NA,NA,NA,NA,NA,NA,NA,127,0,127,0,FALSE,FALSE,FALSE,FALSE,FALSE,FALSE,1,NA,NA,1,NA,NA,NA,NA,NA,NA,NA,94.44444444444444,1.4511437983617363,4,4,Neutral (4),4,4,4,2.375,NA,NA,NA,NA,NA,NA,NA,NA,NA,NA,NA,1,5,5,5,5,TRUE,TRUE,No controls
100,559,1,R_5zTLwKWWQiRlQes,NA,1,0,NA,0,1,0,1,0,0,0,1,1,0,0,0,0,1,0,1,0,0,0,1,1,0,0,0,1,0,0,0,1,Never,Never,Sometimes,4,1,1,2,2,1,10,10,10,10,10,3,1,4,4,4,2,2.5,Purple,NA,NA,NA,NA,NA,NA,NA,NA,NA,NA,NA,NA,NA,NA,NA,NA,NA,NA,NA,NA,NA,NA,NA,NA,NA,NA,NA,NA,NA,NA,NA,NA,NA,NA,NA,NA,NA,NA,NA,NA,NA,NA,NA,NA,NA,NA,NA,NA,NA,NA,NA,NA,NA,NA,NA,NA,NA,NA,NA,NA,NA,NA,NA,NA,NA,NA,NA,NA,NA,NA,NA,NA,NA,NA,NA,NA,NA,NA,NA,NA,NA,NA,NA,NA,NA,NA,NA,NA,NA,NA,NA,NA,NA,NA,NA,NA,NA,NA,NA,NA,NA,NA,NA,NA,NA,NA,NA,NA,NA,NA,NA,NA,NA,NA,NA,NA,NA,NA,NA,NA,NA,NA,NA,NA,NA,NA,NA,NA,iPda6e392db089c7ac,NA,NA,B,TRUE,FALSE,TRUE,FALSE,TRUE,TRUE,FALSE,2,1,2,9.316666666666666,0,1,1,1,0,0,0,51,77,67,53,51,53,50,73,53,53,71,66,55,61,63,52,68,53,53,60,36,71,69,82,48,34,60,64,35,38,64,54,53,43,38,74,50,37,40,38,64,70,NA,NA,NA,NA,NA,NA,NA,NA,NA,NA,NA,NA,NA,NA,NA,NA,NA,NA,NA,NA,NA,NA,NA,60,43,66,55,54,19,49,30,68,52,30,37,87,96,93,75,77,65,71,41,50,NA,NA,NA,NA,NA,NA,NA,NA,NA,NA,NA,NA,NA,NA,NA,NA,NA,NA,NA,NA,NA,NA,127,0,127,0,FALSE,FALSE,FALSE,FALSE,FALSE,FALSE,1,NA,NA,1,NA,NA,NA,NA,NA,NA,NA,56.44444444444444,-0.5322163841343355,3,5,Punish (5),4,3,3.5,3.625,NA,NA,NA,NA,NA,NA,NA,NA,NA,NA,NA,5,5,5,5,5,TRUE,TRUE,No controls
100,1187,1,R_3B4ME3AQI1SYEu8,0,0,1,0,0,1,0,1,0,0,0,1,0,1,0,0,0,1,0,0,1,0,0,1,0,1,0,0,1,0,0,0,1,Never,Never,Sometimes,4,1,1,2,2,2,8,8,9,9,8,4,5,2.5,2.5,3,5,2.5,purple,NA,NA,NA,NA,NA,NA,NA,NA,NA,NA,NA,NA,NA,NA,NA,NA,NA,NA,NA,NA,NA,NA,NA,NA,NA,NA,NA,NA,NA,NA,NA,NA,NA,NA,NA,NA,NA,NA,NA,NA,NA,NA,NA,NA,NA,NA,NA,NA,NA,NA,NA,NA,NA,NA,NA,NA,NA,NA,NA,NA,NA,NA,NA,NA,NA,NA,NA,NA,NA,NA,NA,NA,NA,NA,NA,NA,NA,NA,NA,NA,NA,NA,NA,NA,NA,NA,NA,NA,NA,NA,NA,NA,NA,NA,NA,NA,NA,NA,NA,NA,NA,NA,NA,NA,NA,NA,NA,NA,NA,NA,NA,NA,NA,NA,NA,NA,NA,NA,NA,NA,NA,NA,NA,NA,NA,NA,NA,NA,iP5b04d9f108649461,NA,NA,A,TRUE,FALSE,TRUE,FALSE,TRUE,TRUE,FALSE,2,1,2,19.783333333333335,0,0,1,1,0,0,0,50,50,50,50,50,50,50,50,50,50,50,50,50,50,50,50,50,50,50,50,50,50,50,50,50,50,50,50,50,50,50,50,50,50,50,50,50,50,50,50,50,50,50,50,50,50,50,50,50,50,50,50,50,50,50,60,50,50,50,50,50,50,50,50,50,NA,NA,NA,NA,NA,NA,NA,NA,NA,NA,NA,NA,NA,NA,NA,NA,NA,NA,NA,NA,NA,NA,NA,NA,NA,NA,NA,NA,NA,NA,NA,NA,NA,NA,NA,NA,NA,NA,NA,NA,NA,NA,NA,127,0,127,0,FALSE,FALSE,FALSE,FALSE,FALSE,FALSE,0,0,1,0,0,NA,NA,NA,NA,NA,NA,50,-0.8685757133295756,4,4,Neutral (4),2.5,2.5,2.5,2.625,NA,NA,NA,NA,NA,NA,NA,NA,NA,NA,NA,3,3,4,4,3,TRUE,TRUE,No controls
100,1555,1,R_5QLaoEPtbtElAjT,1,1,0,NA,1,0,0,0,1,0,0,1,0,1,0,0,1,0,0,1,0,0,0,1,0,1,0,0,1,0,0,1,0,Never,Never,Never,4,-99,-99,-99,-99,-99,8,8,9,9,9,4,3,3,2,3,2,3,Purple,NA,NA,NA,NA,NA,NA,NA,NA,NA,NA,NA,NA,NA,NA,NA,NA,NA,NA,NA,NA,NA,NA,NA,NA,NA,NA,NA,NA,NA,NA,NA,NA,NA,NA,NA,NA,NA,NA,NA,NA,NA,NA,NA,NA,NA,NA,NA,NA,NA,NA,NA,NA,NA,NA,NA,NA,NA,NA,NA,NA,NA,NA,NA,NA,NA,NA,NA,NA,NA,NA,NA,NA,NA,NA,NA,NA,NA,NA,NA,NA,NA,NA,NA,NA,NA,NA,NA,NA,NA,NA,NA,NA,NA,NA,NA,NA,NA,NA,NA,NA,NA,NA,NA,NA,NA,NA,NA,NA,NA,NA,NA,NA,NA,NA,NA,NA,NA,NA,NA,NA,NA,NA,NA,NA,NA,NA,NA,NA,iP8ac8ac8aa4eb4470,NA,NA,C,TRUE,FALSE,TRUE,FALSE,TRUE,TRUE,FALSE,2,1,2,25.916666666666668,0,0,0,1,0,0,0,75,100,80,100,75,75,58,100,100,0,42,40,60,75,100,100,100,100,80,100,38,100,100,100,40,44,54,100,75,100,100,41,0,25,100,58,80,100,45,100,100,100,NA,NA,NA,NA,NA,NA,NA,NA,NA,NA,NA,NA,NA,NA,NA,NA,NA,NA,NA,NA,NA,NA,NA,NA,NA,NA,NA,NA,NA,NA,NA,NA,NA,NA,NA,NA,NA,NA,NA,NA,NA,NA,NA,NA,100,100,100,100,100,100,100,100,100,0,75,0,100,100,56,100,80,100,100,100,100,39,127,0,127,0,FALSE,FALSE,FALSE,FALSE,FALSE,FALSE,1,1,0,1,NA,NA,NA,NA,NA,NA,NA,84.88888888888889,0.9524041033481042,4,4,Neutral (4),2,3,2.5,2.75,NA,NA,NA,NA,NA,NA,NA,NA,NA,NA,NA,3,3,4,4,4,TRUE,TRUE,No controls
100,974,1,R_1TLcuMQIEZIkX6X,0,0,1,0,0,1,0,0,1,0,0,1,0,0,1,0,0,1,0,1,0,0,0,1,0,1,0,1,0,0,0,0,1,Never,Rarely,Never,4,1,1,1,1,1,9,10,10,10,10,6,1,3,3,4,2,2.5,Purple,NA,NA,NA,NA,NA,NA,NA,NA,NA,NA,NA,NA,NA,NA,NA,NA,NA,NA,NA,NA,NA,NA,NA,NA,NA,NA,NA,NA,NA,NA,NA,NA,NA,NA,NA,NA,NA,NA,NA,NA,NA,NA,NA,NA,NA,NA,NA,NA,NA,NA,NA,NA,NA,NA,NA,NA,NA,NA,NA,NA,NA,NA,NA,NA,NA,NA,NA,NA,NA,NA,NA,NA,NA,NA,NA,NA,NA,NA,NA,NA,NA,NA,NA,NA,NA,NA,NA,NA,NA,NA,NA,NA,NA,NA,NA,NA,NA,NA,NA,NA,NA,NA,NA,NA,NA,NA,NA,NA,NA,NA,NA,NA,NA,NA,NA,NA,NA,NA,NA,NA,NA,NA,NA,NA,NA,NA,NA,NA,iP698a96944a04437d,NA,NA,A,TRUE,FALSE,TRUE,FALSE,TRUE,TRUE,FALSE,2,1,2,16.233333333333334,0,0,1,1,0,0,0,90,90,80,100,60,70,80,90,90,80,100,80,90,80,90,90,100,80,80,90,90,90,80,80,30,80,80,80,90,40,80,80,90,100,30,80,70,20,70,40,30,90,90,30,70,70,90,100,70,30,70,90,90,70,90,80,70,30,60,80,20,80,100,80,60,NA,NA,NA,NA,NA,NA,NA,NA,NA,NA,NA,NA,NA,NA,NA,NA,NA,NA,NA,NA,NA,NA,NA,NA,NA,NA,NA,NA,NA,NA,NA,NA,NA,NA,NA,NA,NA,NA,NA,NA,NA,NA,NA,127,0,127,0,FALSE,FALSE,FALSE,FALSE,FALSE,FALSE,0,0,1,0,0,NA,NA,NA,NA,NA,NA,86.66666666666667,1.0451928838157571,6,2,Rehab (2),4,3,3.5,3.125,NA,NA,NA,NA,NA,NA,NA,NA,NA,NA,NA,4,5,5,5,5,TRUE,TRUE,No controls
100,1056,1,R_6sbLJAzVSWoMxhb,0,0,1,0,0,1,1,0,0,0,0,1,1,0,0,0,1,0,0,1,0,0,0,1,1,0,0,0,0,1,0,0,1,Sometimes,Never,Rarely,4,1,1,1,2,1,10,10,10,10,10,1,1,2,3,3,3,4,Purple,NA,NA,NA,NA,NA,NA,NA,NA,NA,NA,NA,NA,NA,NA,NA,NA,NA,NA,NA,NA,NA,NA,NA,NA,NA,NA,NA,NA,NA,NA,NA,NA,NA,NA,NA,NA,NA,NA,NA,NA,NA,NA,NA,NA,NA,NA,NA,NA,NA,NA,NA,NA,NA,NA,NA,NA,NA,NA,NA,NA,NA,NA,NA,NA,NA,NA,NA,NA,NA,NA,NA,NA,NA,NA,NA,NA,NA,NA,NA,NA,NA,NA,NA,NA,NA,NA,NA,NA,NA,NA,NA,NA,NA,NA,NA,NA,NA,NA,NA,NA,NA,NA,NA,NA,NA,NA,NA,NA,NA,NA,NA,NA,NA,NA,NA,NA,NA,NA,NA,NA,NA,NA,NA,NA,NA,NA,NA,NA,iPde842dab2a2a5d83,NA,NA,C,TRUE,FALSE,TRUE,FALSE,TRUE,TRUE,FALSE,2,1,2,17.6,0,0,1,1,0,0,0,85,81,78,87,49,64,48,82,79,81,48,66,65,65,77,78,70,48,64,60,56,91,86,60,11,52,45,79,62,59,78,57,45,51,33,55,50,41,49,31,70,80,NA,NA,NA,NA,NA,NA,NA,NA,NA,NA,NA,NA,NA,NA,NA,NA,NA,NA,NA,NA,NA,NA,NA,NA,NA,NA,NA,NA,NA,NA,NA,NA,NA,NA,NA,NA,NA,NA,NA,NA,NA,NA,NA,NA,97,79,86,93,83,89,84,100,96,0,82,18,55,79,77,79,63,71,52,55,49,48,127,0,127,0,FALSE,FALSE,FALSE,FALSE,FALSE,FALSE,0,0,1,0,0,NA,NA,NA,NA,NA,NA,63.55555555555556,-0.16106126226372536,1,7,Punish (7),4,2,3,3,NA,NA,NA,NA,NA,NA,NA,NA,NA,NA,NA,5,5,5,5,5,TRUE,TRUE,No controls
100,1188,1,R_2Rb7zwwWqcpXxao,0,0,1,0,0,1,0,0,1,0,0,1,0,0,1,0,0,1,0,0,1,0,0,1,0,0,1,1,0,0,0,0,1,Never,Never,Never,4,2,2,2,2,3,8,10,8,10,10,1,2,2,2,2,2,2,Purple,NA,NA,NA,NA,NA,NA,NA,NA,NA,NA,NA,NA,NA,NA,NA,NA,NA,NA,NA,NA,NA,NA,NA,NA,NA,NA,NA,NA,NA,NA,NA,NA,NA,NA,NA,NA,NA,NA,NA,NA,NA,NA,NA,NA,NA,NA,NA,NA,NA,NA,NA,NA,NA,NA,NA,NA,NA,NA,NA,NA,NA,NA,NA,NA,NA,NA,NA,NA,NA,NA,NA,NA,NA,NA,NA,NA,NA,NA,NA,NA,NA,NA,NA,NA,NA,NA,NA,NA,NA,NA,NA,NA,NA,NA,NA,NA,NA,NA,NA,NA,NA,NA,NA,NA,NA,NA,NA,NA,NA,NA,NA,NA,NA,NA,NA,NA,NA,NA,NA,NA,NA,NA,NA,NA,NA,NA,NA,NA,iP3c9ee86afd732435,NA,NA,C,TRUE,FALSE,TRUE,FALSE,TRUE,TRUE,FALSE,2,1,2,19.8,0,0,1,1,0,0,0,0,0,100,100,100,100,0,100,100,0,100,100,0,0,0,100,100,0,100,100,100,100,100,100,0,0,0,0,0,100,100,0,0,0,100,0,0,100,100,0,100,100,NA,NA,NA,NA,NA,NA,NA,NA,NA,NA,NA,NA,NA,NA,NA,NA,NA,NA,NA,NA,NA,NA,NA,NA,NA,NA,NA,NA,NA,NA,NA,NA,NA,NA,NA,NA,NA,NA,NA,NA,NA,NA,NA,NA,100,100,100,0,100,100,100,100,100,0,100,0,100,100,0,100,100,0,0,0,0,0,127,0,127,0,FALSE,FALSE,FALSE,FALSE,FALSE,FALSE,0,0,1,0,0,NA,NA,NA,NA,NA,NA,33.333333333333336,-1.7384705302138177,1,7,Punish (7),3,3,3,2,NA,NA,NA,NA,NA,NA,NA,NA,NA,NA,NA,3,5,3,5,5,TRUE,TRUE,No controls
100,1784,1,R_7sb6CG4pedNHIv2,0,0,1,0,0,1,0,1,0,0,0,1,0,1,0,0,0,1,0,0,1,0,0,1,0,0,1,0,0,1,0,0,1,Rarely,Rarely,Rarely,4,1,1,2,1,1,9,9,10,10,9,4,2,3,3,4,1,2.5,purple,NA,NA,NA,NA,NA,NA,NA,NA,NA,NA,NA,NA,NA,NA,NA,NA,NA,NA,NA,NA,NA,NA,NA,NA,NA,NA,NA,NA,NA,NA,NA,NA,NA,NA,NA,NA,NA,NA,NA,NA,NA,NA,NA,NA,NA,NA,NA,NA,NA,NA,NA,NA,NA,NA,NA,NA,NA,NA,NA,NA,NA,NA,NA,NA,NA,NA,NA,NA,NA,NA,NA,NA,NA,NA,NA,NA,NA,NA,NA,NA,NA,NA,NA,NA,NA,NA,NA,NA,NA,NA,NA,NA,NA,NA,NA,NA,NA,NA,NA,NA,NA,NA,NA,NA,NA,NA,NA,NA,NA,NA,NA,NA,NA,NA,NA,NA,NA,NA,NA,NA,NA,NA,NA,NA,NA,NA,NA,NA,iP05aa4452f3fc2d9e,NA,NA,B,TRUE,FALSE,TRUE,FALSE,TRUE,TRUE,FALSE,2,1,2,29.733333333333334,0,0,0,1,0,0,0,80,85,75,75,50,75,50,60,80,70,70,80,75,75,75,75,80,80,60,85,10,90,75,95,20,50,90,70,70,15,75,80,85,90,0,50,30,5,20,20,50,85,NA,NA,NA,NA,NA,NA,NA,NA,NA,NA,NA,NA,NA,NA,NA,NA,NA,NA,NA,NA,NA,NA,NA,75,0,60,60,60,0,75,6,70,50,0,40,85,90,90,95,95,75,60,45,50,NA,NA,NA,NA,NA,NA,NA,NA,NA,NA,NA,NA,NA,NA,NA,NA,NA,NA,NA,NA,NA,NA,127,0,127,0,FALSE,FALSE,FALSE,FALSE,FALSE,FALSE,0,0,1,0,0,NA,NA,NA,NA,NA,NA,77.77777777777777,0.5812489814774942,4,4,Neutral (4),3,4,3.5,3.125,NA,NA,NA,NA,NA,NA,NA,NA,NA,NA,NA,4,4,5,5,4,TRUE,TRUE,No controls
100,1091,1,R_6POBebptPmpT6lb,NA,1,0,NA,1,0,0,1,0,0,0,1,0,1,0,0,1,0,0,0,1,0,1,0,0,1,0,1,1,0,0,0,1,Sometimes,Never,Rarely,1,NA,NA,NA,NA,NA,NA,NA,NA,NA,NA,NA,NA,NA,NA,NA,NA,NA,NA,NA,NA,NA,NA,NA,NA,NA,NA,NA,NA,NA,NA,NA,NA,NA,NA,NA,NA,NA,NA,NA,NA,NA,NA,NA,NA,NA,NA,NA,NA,NA,NA,NA,NA,NA,NA,NA,NA,NA,NA,NA,NA,NA,NA,NA,NA,NA,NA,NA,NA,NA,NA,NA,NA,NA,NA,NA,NA,NA,NA,NA,NA,NA,NA,NA,NA,NA,NA,NA,NA,NA,NA,NA,NA,NA,NA,NA,NA,NA,NA,NA,NA,NA,NA,NA,NA,NA,NA,NA,NA,NA,NA,NA,NA,NA,NA,NA,NA,NA,NA,NA,NA,NA,NA,NA,NA,NA,NA,NA,NA,NA,NA,NA,NA,NA,NA,NA,NA,NA,NA,NA,NA,NA,NA,NA,NA,NA,NA,iP597c999546a8de4c,NA,NA,C,FALSE,TRUE,FALSE,FALSE,TRUE,FALSE,FALSE,0,3,1,18.183333333333337,0,0,1,1,0,0,0,100,30,65,53,100,29,41,82,68,55,57,41,53,66,49,48,27,29,34,59,26,63,79,34,50,50,48,50,38,79,43,60,41,45,49,33,52,82,72,28,74,46,NA,NA,NA,NA,NA,NA,NA,NA,NA,NA,NA,NA,NA,NA,NA,NA,NA,NA,NA,NA,NA,NA,NA,NA,NA,NA,NA,NA,NA,NA,NA,NA,NA,NA,NA,NA,NA,NA,NA,NA,NA,NA,NA,NA,72,52,70,74,35,37,70,55,76,32,46,41,100,27,47,46,80,27,39,49,79,25,145,0,145,1,FALSE,FALSE,FALSE,FALSE,FALSE,FALSE,1,NA,NA,1,NA,NA,NA,NA,NA,NA,NA,46.44444444444444,-1.0541532742648807,NA,NA,NA,NA,NA,NA,NA,NA,NA,NA,NA,NA,NA,NA,NA,NA,NA,NA,NA,NA,NA,NA,NA,TRUE,TRUE,No controls
100,2024,1,R_67g9ajEuK6u6rbg,0,0,1,0,0,1,0,0,1,0,0,1,0,0,1,0,0,1,0,0,1,0,0,1,0,0,1,0,1,0,0,0,1,Sometimes,Sometimes,Rarely,4,1,1,4,1,1,10,10,10,10,10,5,1,4,4,4,2,3,Purple6,NA,NA,NA,NA,NA,NA,NA,NA,NA,NA,NA,NA,NA,NA,NA,NA,NA,NA,NA,NA,NA,NA,NA,NA,NA,NA,NA,NA,NA,NA,NA,NA,NA,NA,NA,NA,NA,NA,NA,NA,NA,NA,NA,NA,NA,NA,NA,NA,NA,NA,NA,NA,NA,NA,NA,NA,NA,NA,NA,NA,NA,NA,NA,NA,NA,NA,NA,NA,NA,NA,NA,NA,NA,NA,NA,NA,NA,NA,NA,NA,NA,NA,NA,NA,NA,NA,NA,NA,NA,NA,NA,NA,NA,NA,NA,NA,NA,NA,NA,NA,NA,NA,NA,NA,NA,NA,NA,NA,NA,NA,NA,NA,NA,NA,NA,NA,NA,NA,NA,NA,NA,NA,NA,NA,NA,NA,NA,NA,iPeeaecae52d94b601,NA,NA,C,TRUE,FALSE,TRUE,FALSE,TRUE,TRUE,FALSE,2,1,2,33.733333333333334,0,0,0,0,0,0,0,0,50,18,100,100,0,0,86,97,68,100,38,50,50,71,85,100,89,0,0,100,100,89,100,51,50,0,85,75,32,93,0,0,0,0,50,4,2,50,29,77,54,NA,NA,NA,NA,NA,NA,NA,NA,NA,NA,NA,NA,NA,NA,NA,NA,NA,NA,NA,NA,NA,NA,NA,NA,NA,NA,NA,NA,NA,NA,NA,NA,NA,NA,NA,NA,NA,NA,NA,NA,NA,NA,NA,NA,60,100,26,70,41,99,100,100,100,0,100,1,72,70,38,88,17,59,63,50,0,0,127,0,127,0,FALSE,FALSE,FALSE,FALSE,FALSE,FALSE,0,0,1,0,0,NA,NA,NA,NA,NA,NA,59.333333333333336,-0.3814346158744,5,3,Rehab (3),4,3,3.5,3.75,NA,NA,NA,NA,NA,NA,NA,NA,NA,NA,NA,5,5,5,5,5,TRUE,TRUE,No controls
100,1010,1,R_5CJFLuEiAbolVbJ,1,NA,0,1,1,0,1,1,0,1,0,0,1,1,0,0,1,0,0,0,1,0,0,1,1,1,0,1,1,0,1,0,0,Sometimes,Sometimes,Frequently,4,1,1,1,1,1,10,10,10,10,10,2,2,4,4,4,5,4,Purple,NA,NA,NA,NA,NA,NA,NA,NA,NA,NA,NA,NA,NA,NA,NA,NA,NA,NA,NA,NA,NA,NA,NA,NA,NA,NA,NA,NA,NA,NA,NA,NA,NA,NA,NA,NA,NA,NA,NA,NA,NA,NA,NA,NA,NA,NA,NA,NA,NA,NA,NA,NA,NA,NA,NA,NA,NA,NA,NA,NA,NA,NA,NA,NA,NA,NA,NA,NA,NA,NA,NA,NA,NA,NA,NA,NA,NA,NA,NA,NA,NA,NA,NA,NA,NA,NA,NA,NA,NA,NA,NA,NA,NA,NA,NA,NA,NA,NA,NA,NA,NA,NA,NA,NA,NA,NA,NA,NA,NA,NA,NA,NA,NA,NA,NA,NA,NA,NA,NA,NA,NA,NA,NA,NA,NA,NA,NA,NA,iP8ffbe168aac72c0e,NA,NA,B,TRUE,FALSE,TRUE,FALSE,TRUE,TRUE,FALSE,2,1,2,16.833333333333332,0,0,1,1,0,0,0,75,100,75,75,75,75,50,70,69,70,88,85,80,88,72,94,91,79,69,100,15,89,71,100,18,30,100,65,33,59,100,66,74,74,38,40,63,51,29,15,79,100,NA,NA,NA,NA,NA,NA,NA,NA,NA,NA,NA,NA,NA,NA,NA,NA,NA,NA,NA,NA,NA,NA,NA,68,62,93,82,76,0,62,35,69,68,28,85,70,100,91,94,71,76,52,60,55,NA,NA,NA,NA,NA,NA,NA,NA,NA,NA,NA,NA,NA,NA,NA,NA,NA,NA,NA,NA,NA,NA,127,0,127,0,FALSE,FALSE,FALSE,FALSE,FALSE,FALSE,1,1,NA,NA,1,NA,NA,NA,NA,NA,NA,81.11111111111111,0.755227944854343,2,6,Punish (6),3,2.5,2.75,4,NA,NA,NA,NA,NA,NA,NA,NA,NA,NA,NA,5,5,5,5,5,TRUE,TRUE,No controls
100,1274,1,R_5puvkHREk70fWst,0,0,1,0,0,1,1,1,0,0,0,1,1,1,0,0,1,0,0,1,0,0,0,1,1,1,0,0,1,0,0,1,0,Sometimes,Rarely,Sometimes,4,1,1,1,1,1,10,10,10,10,10,7,4,1,3,4,2,3,purple,NA,NA,NA,NA,NA,NA,NA,NA,NA,NA,NA,NA,NA,NA,NA,NA,NA,NA,NA,NA,NA,NA,NA,NA,NA,NA,NA,NA,NA,NA,NA,NA,NA,NA,NA,NA,NA,NA,NA,NA,NA,NA,NA,NA,NA,NA,NA,NA,NA,NA,NA,NA,NA,NA,NA,NA,NA,NA,NA,NA,NA,NA,NA,NA,NA,NA,NA,NA,NA,NA,NA,NA,NA,NA,NA,NA,NA,NA,NA,NA,NA,NA,NA,NA,NA,NA,NA,NA,NA,NA,NA,NA,NA,NA,NA,NA,NA,NA,NA,NA,NA,NA,NA,NA,NA,NA,NA,NA,NA,NA,NA,NA,NA,NA,NA,NA,NA,NA,NA,NA,NA,NA,NA,NA,NA,NA,NA,NA,iP6e1c23d72836a655,NA,NA,B,TRUE,FALSE,TRUE,FALSE,TRUE,TRUE,FALSE,2,1,2,21.233333333333334,0,0,0,1,0,0,0,100,100,100,100,100,100,100,100,100,100,100,100,100,100,100,100,100,100,100,100,0,100,100,100,0,100,100,100,60,5,100,100,100,100,0,100,100,0,20,0,100,100,NA,NA,NA,NA,NA,NA,NA,NA,NA,NA,NA,NA,NA,NA,NA,NA,NA,NA,NA,NA,NA,NA,NA,100,0,100,100,100,0,100,0,100,100,0,90,100,100,100,100,100,100,100,0,100,NA,NA,NA,NA,NA,NA,NA,NA,NA,NA,NA,NA,NA,NA,NA,NA,NA,NA,NA,NA,NA,NA,127,0,127,0,FALSE,FALSE,FALSE,FALSE,FALSE,FALSE,0,0,1,0,0,NA,NA,NA,NA,NA,NA,95.55555555555556,1.5091367861540192,7,1,Rehab (1),1,3,2,2.75,NA,NA,NA,NA,NA,NA,NA,NA,NA,NA,NA,5,5,5,5,5,TRUE,TRUE,No controls
100,1138,1,R_6SpQNyTzx1KH8pX,NA,1,0,NA,1,0,0,1,0,0,1,0,0,1,0,0,0,1,0,1,0,0,1,0,1,1,0,1,0,0,1,0,0,Sometimes,Rarely,Sometimes,1,NA,NA,NA,NA,NA,NA,NA,NA,NA,NA,NA,NA,NA,NA,NA,NA,NA,NA,NA,NA,NA,NA,NA,NA,NA,NA,NA,NA,NA,NA,NA,NA,NA,NA,NA,NA,NA,NA,NA,NA,NA,NA,NA,NA,NA,NA,NA,NA,NA,NA,NA,NA,NA,NA,NA,NA,NA,NA,NA,NA,NA,NA,NA,NA,NA,NA,NA,NA,NA,NA,NA,NA,NA,NA,NA,NA,NA,NA,NA,NA,NA,NA,NA,NA,NA,NA,NA,NA,NA,NA,NA,NA,NA,NA,NA,NA,NA,NA,NA,NA,NA,NA,NA,NA,NA,NA,NA,NA,NA,NA,NA,NA,NA,NA,NA,NA,NA,NA,NA,NA,NA,NA,NA,NA,NA,NA,NA,NA,NA,NA,NA,NA,NA,NA,NA,NA,NA,NA,NA,NA,NA,NA,NA,NA,NA,NA,iP1c2bceabcc5d9249,NA,NA,A,FALSE,TRUE,FALSE,FALSE,TRUE,FALSE,FALSE,0,3,1,18.966666666666665,0,0,1,1,0,0,0,90,100,100,90,50,100,40,100,60,60,70,60,70,90,90,90,90,60,70,80,30,100,60,100,30,40,60,100,40,40,90,90,100,60,100,40,30,70,20,20,60,90,100,40,60,40,90,100,100,100,90,100,90,60,90,90,50,30,50,80,90,60,100,60,60,NA,NA,NA,NA,NA,NA,NA,NA,NA,NA,NA,NA,NA,NA,NA,NA,NA,NA,NA,NA,NA,NA,NA,NA,NA,NA,NA,NA,NA,NA,NA,NA,NA,NA,NA,NA,NA,NA,NA,NA,NA,NA,NA,145,0,145,1,FALSE,FALSE,FALSE,FALSE,FALSE,FALSE,1,NA,NA,1,NA,NA,NA,NA,NA,NA,NA,75.55555555555556,0.4652630058929289,NA,NA,NA,NA,NA,NA,NA,NA,NA,NA,NA,NA,NA,NA,NA,NA,NA,NA,NA,NA,NA,NA,NA,TRUE,TRUE,No controls
100,666,1,R_54jD7fiTMXOMRUE,0,0,1,0,1,0,0,1,0,0,0,1,0,1,0,0,0,1,0,1,0,0,0,1,0,1,0,1,0,0,0,0,1,Sometimes,Sometimes,Sometimes,1,NA,NA,NA,NA,NA,NA,NA,NA,NA,NA,NA,NA,NA,NA,NA,NA,NA,NA,NA,NA,NA,NA,NA,NA,NA,NA,NA,NA,NA,NA,NA,NA,NA,NA,NA,NA,NA,NA,NA,NA,NA,NA,NA,NA,NA,NA,NA,NA,NA,NA,NA,NA,NA,NA,NA,NA,NA,NA,NA,NA,NA,NA,NA,NA,NA,NA,NA,NA,NA,NA,NA,NA,NA,NA,NA,NA,NA,NA,NA,NA,NA,NA,NA,NA,NA,NA,NA,NA,NA,NA,NA,NA,NA,NA,NA,NA,NA,NA,NA,NA,NA,NA,NA,NA,NA,NA,NA,NA,NA,NA,NA,NA,NA,NA,NA,NA,NA,NA,NA,NA,NA,NA,NA,NA,NA,NA,NA,NA,NA,NA,NA,NA,NA,NA,NA,NA,NA,NA,NA,NA,NA,NA,NA,NA,NA,NA,iPc2eab6378ea74745,NA,NA,C,FALSE,TRUE,FALSE,FALSE,TRUE,FALSE,FALSE,0,3,1,11.1,0,1,1,1,0,0,0,55,82,50,50,50,50,50,50,50,50,50,51,50,60,50,77,81,50,81,67,50,73,73,73,42,50,84,50,29,50,50,50,50,50,50,67,50,75,36,39,50,56,NA,NA,NA,NA,NA,NA,NA,NA,NA,NA,NA,NA,NA,NA,NA,NA,NA,NA,NA,NA,NA,NA,NA,NA,NA,NA,NA,NA,NA,NA,NA,NA,NA,NA,NA,NA,NA,NA,NA,NA,NA,NA,NA,NA,77,93,62,80,82,79,100,50,83,27,56,25,38,74,70,81,71,76,82,75,50,50,145,0,145,1,FALSE,FALSE,FALSE,FALSE,FALSE,FALSE,0,0,1,0,0,NA,NA,NA,NA,NA,NA,60.888888888888886,-0.30024443296520437,NA,NA,NA,NA,NA,NA,NA,NA,NA,NA,NA,NA,NA,NA,NA,NA,NA,NA,NA,NA,NA,NA,NA,TRUE,TRUE,No controls
100,2485,1,R_6867jFNQrUpR4sh,NA,1,0,NA,0,1,0,1,0,0,1,0,0,1,0,0,0,1,0,1,0,0,0,1,0,1,0,0,1,0,0,0,1,Never,Never,Never,1,NA,NA,NA,NA,NA,NA,NA,NA,NA,NA,NA,NA,NA,NA,NA,NA,NA,NA,NA,NA,NA,NA,NA,NA,NA,NA,NA,NA,NA,NA,NA,NA,NA,NA,NA,NA,NA,NA,NA,NA,NA,NA,NA,NA,NA,NA,NA,NA,NA,NA,NA,NA,NA,NA,NA,NA,NA,NA,NA,NA,NA,NA,NA,NA,NA,NA,NA,NA,NA,NA,NA,NA,NA,NA,NA,NA,NA,NA,NA,NA,NA,NA,NA,NA,NA,NA,NA,NA,NA,NA,NA,NA,NA,NA,NA,NA,NA,NA,NA,NA,NA,NA,NA,NA,NA,NA,NA,NA,NA,NA,NA,NA,NA,NA,NA,NA,NA,NA,NA,NA,NA,NA,NA,NA,NA,NA,NA,NA,NA,NA,NA,NA,NA,NA,NA,NA,NA,NA,NA,NA,NA,NA,NA,NA,NA,NA,iP1b81b02f9043088d,NA,NA,A,FALSE,TRUE,FALSE,FALSE,TRUE,FALSE,FALSE,0,3,1,41.416666666666664,0,0,0,0,0,0,0,80,80,80,80,80,80,80,80,80,80,80,80,80,80,80,80,80,80,80,80,80,80,80,80,80,80,80,80,80,80,80,80,80,80,70,80,80,60,80,80,80,80,80,80,80,80,80,80,80,80,80,80,80,80,80,90,80,80,80,80,80,80,80,80,80,NA,NA,NA,NA,NA,NA,NA,NA,NA,NA,NA,NA,NA,NA,NA,NA,NA,NA,NA,NA,NA,NA,NA,NA,NA,NA,NA,NA,NA,NA,NA,NA,NA,NA,NA,NA,NA,NA,NA,NA,NA,NA,NA,145,0,145,1,FALSE,FALSE,FALSE,FALSE,FALSE,FALSE,1,NA,NA,1,NA,NA,NA,NA,NA,NA,NA,80,0.6972349570620601,NA,NA,NA,NA,NA,NA,NA,NA,NA,NA,NA,NA,NA,NA,NA,NA,NA,NA,NA,NA,NA,NA,NA,TRUE,TRUE,No controls
100,622,1,R_60C5CTP8XtYuorf,0,0,1,0,0,1,0,0,1,0,0,1,0,0,1,0,0,1,0,0,1,0,0,1,0,0,1,0,0,1,0,0,1,Never,Never,Never,4,2,2,2,2,2,8,8,8,9,8,4,5,2.5,3,2.5,5,2.5,Purple,NA,NA,NA,NA,NA,NA,NA,NA,NA,NA,NA,NA,NA,NA,NA,NA,NA,NA,NA,NA,NA,NA,NA,NA,NA,NA,NA,NA,NA,NA,NA,NA,NA,NA,NA,NA,NA,NA,NA,NA,NA,NA,NA,NA,NA,NA,NA,NA,NA,NA,NA,NA,NA,NA,NA,NA,NA,NA,NA,NA,NA,NA,NA,NA,NA,NA,NA,NA,NA,NA,NA,NA,NA,NA,NA,NA,NA,NA,NA,NA,NA,NA,NA,NA,NA,NA,NA,NA,NA,NA,NA,NA,NA,NA,NA,NA,NA,NA,NA,NA,NA,NA,NA,NA,NA,NA,NA,NA,NA,NA,NA,NA,NA,NA,NA,NA,NA,NA,NA,NA,NA,NA,NA,NA,NA,NA,NA,NA,iP74e244a1097341a3,NA,NA,B,TRUE,FALSE,TRUE,FALSE,TRUE,TRUE,FALSE,2,1,2,10.366666666666667,0,1,1,1,0,0,0,50,50,50,50,50,50,50,50,50,50,50,50,50,50,50,50,50,50,50,50,50,50,50,50,50,50,50,50,50,50,50,50,50,50,50,50,50,50,50,50,50,50,NA,NA,NA,NA,NA,NA,NA,NA,NA,NA,NA,NA,NA,NA,NA,NA,NA,NA,NA,NA,NA,NA,NA,50,50,50,50,50,50,50,50,50,50,50,50,50,50,50,50,50,50,50,50,50,NA,NA,NA,NA,NA,NA,NA,NA,NA,NA,NA,NA,NA,NA,NA,NA,NA,NA,NA,NA,NA,NA,127,0,127,0,FALSE,FALSE,FALSE,FALSE,FALSE,FALSE,0,0,1,0,0,NA,NA,NA,NA,NA,NA,50,-0.8685757133295756,4,4,Neutral (4),2.5,2.5,2.5,2.625,NA,NA,NA,NA,NA,NA,NA,NA,NA,NA,NA,3,3,3,4,3,TRUE,TRUE,No controls
100,3087,1,R_7P1n4VvEQZwzx5N,0,0,1,0,1,0,0,1,0,0,1,0,1,1,0,0,1,0,0,1,0,0,0,1,0,1,0,0,1,0,0,0,1,Frequently,Frequently,Frequently,4,1,1,1,1,1,10,8,9,9,9,6,3,3,3,3,3,1,Purple,3,3,3,5,3,2,4,1,2,1,1,1,1,1,1,1,1,3,3,2,4,2,4,4,2,3,3,1,2,1,2,2,2,2,2,2,3,3,3,2,2,2,2,2,1,2,2,2,2,3,3,3,3,3,3,3,3,3,2,3,3,3,3,3,4,NA,3,4,2,3,2,1,2,3,3,3,5,5,5,5,5,5,5,5,5,NA,NA,NA,NA,NA,NA,NA,NA,NA,NA,NA,NA,NA,NA,NA,NA,NA,NA,NA,NA,NA,NA,NA,NA,NA,NA,NA,NA,NA,NA,NA,NA,NA,NA,NA,NA,NA,NA,NA,NA,NA,NA,NA,iPe7b44ca1afed6c72,NA,NA,B,TRUE,FALSE,TRUE,FALSE,TRUE,TRUE,TRUE,2,1,3,51.45,0,0,0,0,0,0,0,62,70,75,68,64,77,77,70,65,70,70,75,75,75,76,72,71,70,79,68,70,75,71,79,77,70,72,77,38,81,69,23,31,45,69,95,72,69,68,70,68,79,NA,NA,NA,NA,NA,NA,NA,NA,NA,NA,NA,NA,NA,NA,NA,NA,NA,NA,NA,NA,NA,NA,NA,65,62,66,83,72,66,82,66,69,63,67,70,86,66,75,71,65,75,69,66,72,NA,NA,NA,NA,NA,NA,NA,NA,NA,NA,NA,NA,NA,NA,NA,NA,NA,NA,NA,NA,NA,NA,43,0,43,1,FALSE,FALSE,FALSE,FALSE,FALSE,FALSE,0,0,1,0,0,NA,NA,NA,NA,NA,NA,68.66666666666667,0.1057064815807757,6,2,Rehab (2),2,2,2,2.5,3,3,3,3,3,3,3,3,4,4,4,5,3,4,4,4,FALSE,TRUE,Some controls missing
100,3114,1,R_72DsfJV6OQl1Fm4,0,0,1,0,0,1,0,1,0,0,0,1,0,0,1,0,0,1,0,1,0,0,0,1,0,0,1,0,0,1,0,0,1,Never,Never,Never,1,NA,NA,NA,NA,NA,NA,NA,NA,NA,NA,NA,NA,NA,NA,NA,NA,NA,NA,NA,NA,NA,NA,NA,NA,NA,NA,NA,NA,NA,NA,NA,NA,NA,NA,NA,NA,NA,NA,NA,NA,NA,NA,NA,NA,NA,NA,NA,NA,NA,NA,NA,NA,NA,NA,NA,NA,NA,NA,NA,NA,NA,NA,NA,NA,NA,NA,NA,NA,NA,NA,NA,NA,NA,NA,NA,NA,NA,NA,NA,NA,NA,NA,NA,NA,NA,NA,NA,NA,NA,NA,NA,NA,NA,NA,NA,NA,NA,NA,NA,NA,NA,NA,NA,NA,NA,NA,NA,NA,NA,NA,NA,NA,NA,NA,NA,NA,NA,NA,NA,NA,NA,NA,NA,NA,NA,NA,NA,NA,NA,NA,NA,NA,NA,NA,NA,NA,NA,NA,NA,NA,NA,NA,NA,NA,NA,NA,iP1a426243ab10d55e,NA,NA,C,FALSE,TRUE,FALSE,FALSE,TRUE,FALSE,FALSE,0,3,1,51.9,0,0,0,0,0,0,0,100,100,100,100,100,100,100,100,100,100,100,100,100,100,100,100,100,100,100,100,100,100,100,100,100,100,100,100,100,100,100,100,100,100,0,0,0,0,0,0,0,100,NA,NA,NA,NA,NA,NA,NA,NA,NA,NA,NA,NA,NA,NA,NA,NA,NA,NA,NA,NA,NA,NA,NA,NA,NA,NA,NA,NA,NA,NA,NA,NA,NA,NA,NA,NA,NA,NA,NA,NA,NA,NA,NA,NA,100,100,100,100,100,100,100,100,100,100,100,100,100,100,100,100,100,100,100,100,100,100,145,0,145,1,FALSE,FALSE,FALSE,FALSE,FALSE,FALSE,0,0,1,0,0,NA,NA,NA,NA,NA,NA,100,1.7411087373231504,NA,NA,NA,NA,NA,NA,NA,NA,NA,NA,NA,NA,NA,NA,NA,NA,NA,NA,NA,NA,NA,NA,NA,TRUE,TRUE,No controls
100,878,1,R_6PHMFgwzzHiNRfZ,1,NA,0,1,0,0,1,0,0,0,0,1,1,0,0,0,0,1,0,0,1,0,0,1,1,0,0,0,1,0,1,0,1,Frequently,Sometimes,Sometimes,4,1,1,1,1,1,10,8,10,9,10,7,1,4,4,4,1,4,Purple,NA,NA,NA,NA,NA,NA,NA,NA,NA,NA,NA,NA,NA,NA,NA,NA,NA,NA,NA,NA,NA,NA,NA,NA,NA,NA,NA,NA,NA,NA,NA,NA,NA,NA,NA,NA,NA,NA,NA,NA,NA,NA,NA,NA,NA,NA,NA,NA,NA,NA,NA,NA,NA,NA,NA,NA,NA,NA,NA,NA,NA,NA,NA,NA,NA,NA,NA,NA,NA,NA,NA,NA,NA,NA,NA,NA,NA,NA,NA,NA,NA,NA,NA,NA,NA,NA,NA,NA,NA,NA,NA,NA,NA,NA,NA,NA,NA,NA,NA,NA,NA,NA,NA,NA,NA,NA,NA,NA,NA,NA,NA,NA,NA,NA,NA,NA,NA,NA,NA,NA,NA,NA,NA,NA,NA,NA,NA,NA,iPe2e7ab0fb06f04d8,NA,NA,B,TRUE,FALSE,TRUE,FALSE,TRUE,TRUE,FALSE,2,1,2,14.633333333333333,0,0,1,1,0,0,0,78,76,65,69,66,65,73,100,100,21,1,0,75,100,100,71,100,100,100,100,100,70,19,46,72,51,70,0,0,100,71,17,0,0,100,29,74,100,83,69,100,88,NA,NA,NA,NA,NA,NA,NA,NA,NA,NA,NA,NA,NA,NA,NA,NA,NA,NA,NA,NA,NA,NA,NA,50,100,100,78,72,100,1,100,51,50,50,100,100,100,100,100,100,100,51,100,26,NA,NA,NA,NA,NA,NA,NA,NA,NA,NA,NA,NA,NA,NA,NA,NA,NA,NA,NA,NA,NA,NA,127,0,127,0,FALSE,FALSE,FALSE,FALSE,FALSE,FALSE,1,1,NA,NA,1,NA,NA,NA,NA,NA,NA,68.44444444444444,0.0941078840223188,7,1,Rehab (1),4,4,4,4,NA,NA,NA,NA,NA,NA,NA,NA,NA,NA,NA,5,3,5,4,5,TRUE,TRUE,No controls
100,882,1,R_1DZiIncpCqjyjQ4,NA,1,0,NA,1,0,0,0,1,0,1,0,0,1,0,0,0,1,0,0,1,0,0,1,0,1,0,1,0,0,0,0,1,Sometimes,Sometimes,Rarely,1,NA,NA,NA,NA,NA,NA,NA,NA,NA,NA,NA,NA,NA,NA,NA,NA,NA,NA,NA,NA,NA,NA,NA,NA,NA,NA,NA,NA,NA,NA,NA,NA,NA,NA,NA,NA,NA,NA,NA,NA,NA,NA,NA,NA,NA,NA,NA,NA,NA,NA,NA,NA,NA,NA,NA,NA,NA,NA,NA,NA,NA,NA,NA,NA,NA,NA,NA,NA,NA,NA,NA,NA,NA,NA,NA,NA,NA,NA,NA,NA,NA,NA,NA,NA,NA,NA,NA,NA,NA,NA,NA,NA,NA,NA,NA,NA,NA,NA,NA,NA,NA,NA,NA,NA,NA,NA,NA,NA,NA,NA,NA,NA,NA,NA,NA,NA,NA,NA,NA,NA,NA,NA,NA,NA,NA,NA,NA,NA,NA,NA,NA,NA,NA,NA,NA,NA,NA,NA,NA,NA,NA,NA,NA,NA,NA,NA,iP3763671a7cfabc1a,NA,NA,B,FALSE,TRUE,FALSE,FALSE,TRUE,FALSE,FALSE,0,3,1,14.7,0,0,1,1,0,0,0,55,63,39,42,66,67,57,38,60,41,58,58,70,62,44,61,62,65,65,39,46,66,61,61,42,57,57,59,60,61,59,54,62,62,41,58,59,44,62,41,56,55,NA,NA,NA,NA,NA,NA,NA,NA,NA,NA,NA,NA,NA,NA,NA,NA,NA,NA,NA,NA,NA,NA,NA,59,58,67,61,58,57,57,61,58,64,63,69,64,70,40,35,60,36,59,60,35,NA,NA,NA,NA,NA,NA,NA,NA,NA,NA,NA,NA,NA,NA,NA,NA,NA,NA,NA,NA,NA,NA,145,0,145,1,FALSE,FALSE,FALSE,FALSE,FALSE,FALSE,1,NA,NA,1,NA,NA,NA,NA,NA,NA,NA,59.44444444444444,-0.3756353170951719,NA,NA,NA,NA,NA,NA,NA,NA,NA,NA,NA,NA,NA,NA,NA,NA,NA,NA,NA,NA,NA,NA,NA,TRUE,TRUE,No controls
100,644,1,R_1g6IWEktbuJGI7L,NA,1,0,NA,1,0,0,1,0,1,1,0,0,1,0,0,1,0,1,1,0,0,1,0,1,1,0,0,0,1,0,0,1,Sometimes,Sometimes,Sometimes,1,NA,NA,NA,NA,NA,NA,NA,NA,NA,NA,NA,NA,NA,NA,NA,NA,NA,NA,NA,NA,NA,NA,NA,NA,NA,NA,NA,NA,NA,NA,NA,NA,NA,NA,NA,NA,NA,NA,NA,NA,NA,NA,NA,NA,NA,NA,NA,NA,NA,NA,NA,NA,NA,NA,NA,NA,NA,NA,NA,NA,NA,NA,NA,NA,NA,NA,NA,NA,NA,NA,NA,NA,NA,NA,NA,NA,NA,NA,NA,NA,NA,NA,NA,NA,NA,NA,NA,NA,NA,NA,NA,NA,NA,NA,NA,NA,NA,NA,NA,NA,NA,NA,NA,NA,NA,NA,NA,NA,NA,NA,NA,NA,NA,NA,NA,NA,NA,NA,NA,NA,NA,NA,NA,NA,NA,NA,NA,NA,NA,NA,NA,NA,NA,NA,NA,NA,NA,NA,NA,NA,NA,NA,NA,NA,NA,NA,iP31258616fa377710,NA,NA,B,FALSE,TRUE,FALSE,FALSE,TRUE,FALSE,FALSE,0,3,1,10.733333333333333,0,1,1,1,0,0,0,32,92,72,84,30,67,42,79,71,58,57,95,80,69,84,69,75,66,56,58,61,70,39,66,46,42,66,24,22,81,44,32,28,40,64,36,38,59,33,69,85,37,NA,NA,NA,NA,NA,NA,NA,NA,NA,NA,NA,NA,NA,NA,NA,NA,NA,NA,NA,NA,NA,NA,NA,42,62,64,58,57,97,20,54,72,28,67,78,75,36,76,67,82,90,80,66,72,NA,NA,NA,NA,NA,NA,NA,NA,NA,NA,NA,NA,NA,NA,NA,NA,NA,NA,NA,NA,NA,NA,145,0,145,1,FALSE,FALSE,FALSE,FALSE,FALSE,FALSE,1,NA,NA,1,NA,NA,NA,NA,NA,NA,NA,58.77777777777778,-0.4104311097705415,NA,NA,NA,NA,NA,NA,NA,NA,NA,NA,NA,NA,NA,NA,NA,NA,NA,NA,NA,NA,NA,NA,NA,TRUE,TRUE,No controls
100,3190,1,R_7pWF6R3ir25eWlf,0,0,1,0,1,1,0,1,1,0,1,1,0,1,1,0,0,1,0,0,1,0,1,1,1,1,0,0,1,1,0,0,1,Sometimes,Rarely,Sometimes,4,2,2,2,2,2,9,7,7,10,7,3,2,2.5,2,4,1,2,purple,NA,NA,NA,NA,NA,NA,NA,NA,NA,NA,NA,NA,NA,NA,NA,NA,NA,NA,NA,NA,NA,NA,NA,NA,NA,NA,NA,NA,NA,NA,NA,NA,NA,NA,NA,NA,NA,NA,NA,NA,NA,NA,NA,NA,NA,NA,NA,NA,NA,NA,NA,NA,NA,NA,NA,NA,NA,NA,NA,NA,NA,NA,NA,NA,NA,NA,NA,NA,NA,NA,NA,NA,NA,NA,NA,NA,NA,NA,NA,NA,NA,NA,NA,NA,NA,NA,NA,NA,NA,NA,NA,NA,NA,NA,NA,NA,NA,NA,NA,NA,NA,NA,NA,NA,NA,NA,NA,NA,NA,NA,NA,NA,NA,NA,NA,NA,NA,NA,NA,NA,NA,NA,NA,NA,NA,NA,NA,NA,iP322c13fc5c63b897,NA,NA,A,TRUE,FALSE,TRUE,FALSE,TRUE,TRUE,FALSE,2,1,2,53.166666666666664,0,0,0,0,1,0,0,50,50,50,50,50,50,40,50,50,30,30,40,50,50,40,50,50,50,60,50,50,50,50,70,20,30,50,50,30,50,50,30,30,40,50,50,40,50,50,50,50,50,40,40,60,50,50,50,50,40,50,50,50,50,60,50,50,40,50,50,50,50,50,50,50,NA,NA,NA,NA,NA,NA,NA,NA,NA,NA,NA,NA,NA,NA,NA,NA,NA,NA,NA,NA,NA,NA,NA,NA,NA,NA,NA,NA,NA,NA,NA,NA,NA,NA,NA,NA,NA,NA,NA,NA,NA,NA,NA,127,0,127,0,FALSE,FALSE,FALSE,FALSE,FALSE,FALSE,0,0,1,0,0,NA,NA,NA,NA,NA,NA,47.77777777777778,-0.9845616889141412,3,5,Punish (5),3,4,3.5,2.625,NA,NA,NA,NA,NA,NA,NA,NA,NA,NA,NA,4,2,2,5,2,TRUE,TRUE,No controls
100,794,1,R_76bRFk8c9Syxcxj,0,0,1,0,1,0,0,1,0,0,1,0,0,0,1,0,1,1,0,1,0,0,0,1,0,1,0,0,1,0,0,0,1,Rarely,Never,Rarely,4,2,2,1,1,2,9,9,9,10,10,3,1,3,3,3,1,4,purple,3,3,3,3,1,1,1,4,2,2,2,2,1,1,1,1,2,1,4,4,3,1,2,4,2,1,1,1,1,1,2,1,1,1,2,2,2,2,2,1,1,1,1,2,1,1,3,3,1,2,2,5,3,2,4,5,2,2,3,3,3,1,3,1,4,NA,1,4,1,4,2,1,2,3,2,2,4,4,4,4,4,4,4,4,4,NA,NA,NA,NA,NA,NA,NA,NA,NA,NA,NA,NA,NA,NA,NA,NA,NA,NA,NA,NA,NA,NA,NA,NA,NA,NA,NA,NA,NA,NA,NA,NA,NA,NA,NA,NA,NA,NA,NA,NA,NA,NA,NA,iPdb81896ec67cfefc,NA,NA,C,TRUE,FALSE,TRUE,FALSE,TRUE,TRUE,TRUE,2,1,3,13.233333333333333,0,0,1,1,0,0,0,4,85,53,32,46,36,100,50,10,30,0,0,60,55,34,62,37,47,57,68,0,71,75,100,0,29,42,53,0,20,65,50,74,90,8,68,22,20,13,31,55,38,NA,NA,NA,NA,NA,NA,NA,NA,NA,NA,NA,NA,NA,NA,NA,NA,NA,NA,NA,NA,NA,NA,NA,NA,NA,NA,NA,NA,NA,NA,NA,NA,NA,NA,NA,NA,NA,NA,NA,NA,NA,NA,NA,NA,43,79,29,35,34,89,68,100,24,0,89,0,27,37,92,100,76,40,88,40,48,56,43,0,43,1,FALSE,FALSE,FALSE,FALSE,FALSE,FALSE,0,0,1,0,0,NA,NA,NA,NA,NA,NA,47.111111111111114,-1.0193574815895108,3,5,Punish (5),4,4,4,3.25,1,1,3,3,3,3,1,1,1,1,1,4,4,4,5,5,FALSE,TRUE,Some controls missing
100,1771,1,R_5CEzzIRu1PQRXnR,NA,1,0,NA,0,1,0,1,0,0,0,1,0,1,0,0,0,1,0,0,1,0,0,1,0,1,0,0,0,1,0,0,1,Never,Never,Rarely,4,1,1,1,1,1,8,10,10,10,10,4,1,3,2.5,4,2,2.5,purple,NA,NA,NA,NA,NA,NA,NA,NA,NA,NA,NA,NA,NA,NA,NA,NA,NA,NA,NA,NA,NA,NA,NA,NA,NA,NA,NA,NA,NA,NA,NA,NA,NA,NA,NA,NA,NA,NA,NA,NA,NA,NA,NA,NA,NA,NA,NA,NA,NA,NA,NA,NA,NA,NA,NA,NA,NA,NA,NA,NA,NA,NA,NA,NA,NA,NA,NA,NA,NA,NA,NA,NA,NA,NA,NA,NA,NA,NA,NA,NA,NA,NA,NA,NA,NA,NA,NA,NA,NA,NA,NA,NA,NA,NA,NA,NA,NA,NA,NA,NA,NA,NA,NA,NA,NA,NA,NA,NA,NA,NA,NA,NA,NA,NA,NA,NA,NA,NA,NA,NA,NA,NA,NA,NA,NA,NA,NA,NA,iP85905c46883cf569,NA,NA,B,TRUE,FALSE,TRUE,FALSE,TRUE,TRUE,FALSE,2,1,2,29.516666666666666,0,0,0,1,0,0,0,72,91,75,75,74,69,50,93,93,73,94,68,59,85,89,75,85,81,90,82,19,83,77,100,34,25,80,82,19,62,92,59,59,86,24,87,79,17,36,13,78,73,NA,NA,NA,NA,NA,NA,NA,NA,NA,NA,NA,NA,NA,NA,NA,NA,NA,NA,NA,NA,NA,NA,NA,52,52,87,51,65,41,83,44,66,50,18,50,98,93,86,81,86,61,75,74,60,NA,NA,NA,NA,NA,NA,NA,NA,NA,NA,NA,NA,NA,NA,NA,NA,NA,NA,NA,NA,NA,NA,127,0,127,0,FALSE,FALSE,FALSE,FALSE,FALSE,FALSE,1,NA,NA,1,NA,NA,NA,NA,NA,NA,NA,72,0.2796854449576239,4,4,Neutral (4),4,3,3.5,3,NA,NA,NA,NA,NA,NA,NA,NA,NA,NA,NA,3,5,5,5,5,TRUE,TRUE,No controls
100,877,1,R_7azI17jxh4BQFFf,0,0,1,0,0,1,0,1,0,0,0,1,0,1,0,0,0,1,0,0,1,0,0,1,0,1,0,1,1,0,0,0,1,Frequently,Never,Rarely,4,4,4,4,4,4,9,7,8,7,6,1,1,1,4,3,1,1,"""purple""",NA,NA,NA,NA,NA,NA,NA,NA,NA,NA,NA,NA,NA,NA,NA,NA,NA,NA,NA,NA,NA,NA,NA,NA,NA,NA,NA,NA,NA,NA,NA,NA,NA,NA,NA,NA,NA,NA,NA,NA,NA,NA,NA,NA,NA,NA,NA,NA,NA,NA,NA,NA,NA,NA,NA,NA,NA,NA,NA,NA,NA,NA,NA,NA,NA,NA,NA,NA,NA,NA,NA,NA,NA,NA,NA,NA,NA,NA,NA,NA,NA,NA,NA,NA,NA,NA,NA,NA,NA,NA,NA,NA,NA,NA,NA,NA,NA,NA,NA,NA,NA,NA,NA,NA,NA,NA,NA,NA,NA,NA,NA,NA,NA,NA,NA,NA,NA,NA,NA,NA,NA,NA,NA,NA,NA,NA,NA,NA,iPb21a900a08d01cff,NA,NA,B,TRUE,FALSE,TRUE,FALSE,TRUE,TRUE,FALSE,2,1,2,14.616666666666667,0,0,1,1,0,0,0,88,96,97,73,100,65,53,79,23,37,100,0,36,7,0,76,100,81,100,92,50,68,60,55,15,50,56,49,0,100,91,0,0,0,84,82,89,100,0,9,52,83,NA,NA,NA,NA,NA,NA,NA,NA,NA,NA,NA,NA,NA,NA,NA,NA,NA,NA,NA,NA,NA,NA,NA,50,100,100,86,83,0,0,100,0,0,85,34,100,99,100,74,100,86,0,100,18,NA,NA,NA,NA,NA,NA,NA,NA,NA,NA,NA,NA,NA,NA,NA,NA,NA,NA,NA,NA,NA,NA,127,0,127,0,FALSE,FALSE,FALSE,FALSE,FALSE,FALSE,0,0,1,0,0,NA,NA,NA,NA,NA,NA,55.22222222222222,-0.5960086707058465,1,7,Punish (7),4,4,4,2.25,NA,NA,NA,NA,NA,NA,NA,NA,NA,NA,NA,4,2,3,2,1,TRUE,TRUE,No controls
100,960,1,R_6fHDTU5BZR5jd7i,0,0,1,0,0,1,1,1,0,0,0,1,1,1,0,0,0,1,0,0,1,0,0,1,0,0,1,0,0,1,0,0,1,Never,Never,Never,4,1,1,1,1,1,8,10,10,10,10,4,1,4,4,4,1,4,purple,NA,NA,NA,NA,NA,NA,NA,NA,NA,NA,NA,NA,NA,NA,NA,NA,NA,NA,NA,NA,NA,NA,NA,NA,NA,NA,NA,NA,NA,NA,NA,NA,NA,NA,NA,NA,NA,NA,NA,NA,NA,NA,NA,NA,NA,NA,NA,NA,NA,NA,NA,NA,NA,NA,NA,NA,NA,NA,NA,NA,NA,NA,NA,NA,NA,NA,NA,NA,NA,NA,NA,NA,NA,NA,NA,NA,NA,NA,NA,NA,NA,NA,NA,NA,NA,NA,NA,NA,NA,NA,NA,NA,NA,NA,NA,NA,NA,NA,NA,NA,NA,NA,NA,NA,NA,NA,NA,NA,NA,NA,NA,NA,NA,NA,NA,NA,NA,NA,NA,NA,NA,NA,NA,NA,NA,NA,NA,NA,iP955671c3c2526cbf,NA,NA,B,TRUE,FALSE,TRUE,FALSE,TRUE,TRUE,FALSE,2,1,2,16,0,0,1,1,0,0,0,50,75,50,50,75,50,50,50,50,10,0,10,75,75,50,75,75,50,75,75,10,75,50,75,0,50,50,10,0,50,75,50,50,10,50,75,10,50,10,20,50,50,NA,NA,NA,NA,NA,NA,NA,NA,NA,NA,NA,NA,NA,NA,NA,NA,NA,NA,NA,NA,NA,NA,NA,0,75,50,50,50,10,0,75,10,0,50,50,75,75,75,50,50,50,10,75,50,NA,NA,NA,NA,NA,NA,NA,NA,NA,NA,NA,NA,NA,NA,NA,NA,NA,NA,NA,NA,NA,NA,127,0,127,0,FALSE,FALSE,FALSE,FALSE,FALSE,FALSE,0,0,1,0,0,NA,NA,NA,NA,NA,NA,53.888888888888886,-0.665600256056586,4,4,Neutral (4),4,4,4,4,NA,NA,NA,NA,NA,NA,NA,NA,NA,NA,NA,3,5,5,5,5,TRUE,TRUE,No controls
100,1278,1,R_5cDsHTwdAv6XVap,1,NA,0,1,0,0,1,0,0,0,0,1,1,0,0,0,1,0,0,0,1,1,0,0,1,0,0,1,0,0,0,0,1,Rarely,Never,Frequently,1,NA,NA,NA,NA,NA,NA,NA,NA,NA,NA,NA,NA,NA,NA,NA,NA,NA,NA,NA,NA,NA,NA,NA,NA,NA,NA,NA,NA,NA,NA,NA,NA,NA,NA,NA,NA,NA,NA,NA,NA,NA,NA,NA,NA,NA,NA,NA,NA,NA,NA,NA,NA,NA,NA,NA,NA,NA,NA,NA,NA,NA,NA,NA,NA,NA,NA,NA,NA,NA,NA,NA,NA,NA,NA,NA,NA,NA,NA,NA,NA,NA,NA,NA,NA,NA,NA,NA,NA,NA,NA,NA,NA,NA,NA,NA,NA,NA,NA,NA,NA,NA,NA,NA,NA,NA,NA,NA,NA,NA,NA,NA,NA,NA,NA,NA,NA,NA,NA,NA,NA,NA,NA,NA,NA,NA,NA,NA,NA,NA,NA,NA,NA,NA,NA,NA,NA,NA,NA,NA,NA,NA,NA,NA,NA,NA,NA,iPe5a81e0d3bdc4650,NA,NA,A,FALSE,TRUE,FALSE,FALSE,TRUE,FALSE,FALSE,0,3,1,21.3,0,0,0,1,0,0,0,50,100,50,50,50,50,70,50,70,50,20,20,100,100,80,100,100,80,60,100,100,100,90,100,0,50,90,100,0,100,100,100,80,0,100,90,70,100,60,100,70,80,30,100,80,0,50,50,100,50,50,50,50,50,50,100,80,50,80,70,50,50,100,50,50,NA,NA,NA,NA,NA,NA,NA,NA,NA,NA,NA,NA,NA,NA,NA,NA,NA,NA,NA,NA,NA,NA,NA,NA,NA,NA,NA,NA,NA,NA,NA,NA,NA,NA,NA,NA,NA,NA,NA,NA,NA,NA,NA,145,0,145,1,FALSE,FALSE,FALSE,FALSE,FALSE,FALSE,1,1,NA,NA,1,NA,NA,NA,NA,NA,NA,85.55555555555556,0.987199896023474,NA,NA,NA,NA,NA,NA,NA,NA,NA,NA,NA,NA,NA,NA,NA,NA,NA,NA,NA,NA,NA,NA,NA,TRUE,TRUE,No controls
100,762,1,R_1coLwnnXH0zkeS7,NA,NA,1,1,0,0,0,1,0,0,0,1,0,1,0,0,0,1,0,0,1,0,0,1,1,1,0,0,0,1,1,1,0,Rarely,Never,Rarely,4,1,1,2,1,1,8,8,10,10,8,1,2,1,2.5,3,2,2.5,purple,NA,NA,NA,NA,NA,NA,NA,NA,NA,NA,NA,NA,NA,NA,NA,NA,NA,NA,NA,NA,NA,NA,NA,NA,NA,NA,NA,NA,NA,NA,NA,NA,NA,NA,NA,NA,NA,NA,NA,NA,NA,NA,NA,NA,NA,NA,NA,NA,NA,NA,NA,NA,NA,NA,NA,NA,NA,NA,NA,NA,NA,NA,NA,NA,NA,NA,NA,NA,NA,NA,NA,NA,NA,NA,NA,NA,NA,NA,NA,NA,NA,NA,NA,NA,NA,NA,NA,NA,NA,NA,NA,NA,NA,NA,NA,NA,NA,NA,NA,NA,NA,NA,NA,NA,NA,NA,NA,NA,NA,NA,NA,NA,NA,NA,NA,NA,NA,NA,NA,NA,NA,NA,NA,NA,NA,NA,NA,NA,iP73137a95726ca308,NA,NA,A,TRUE,FALSE,TRUE,FALSE,TRUE,TRUE,FALSE,2,1,2,12.7,0,0,1,1,0,0,0,90,100,90,100,70,70,50,100,50,70,0,0,100,100,80,100,100,100,80,100,70,70,80,100,10,NA,100,70,0,90,60,0,0,0,10,80,100,80,80,70,50,70,90,60,100,0,0,100,100,10,80,70,60,20,100,100,100,50,70,100,50,50,40,70,50,NA,NA,NA,NA,NA,NA,NA,NA,NA,NA,NA,NA,NA,NA,NA,NA,NA,NA,NA,NA,NA,NA,NA,NA,NA,NA,NA,NA,NA,NA,NA,NA,NA,NA,NA,NA,NA,NA,NA,NA,NA,NA,NA,128,0,128,0,FALSE,FALSE,FALSE,FALSE,FALSE,FALSE,1,NA,1,NA,1,NA,NA,NA,NA,NA,NA,85.55555555555556,0.987199896023474,1,7,Punish (7),3,3,3,2.25,NA,NA,NA,NA,NA,NA,NA,NA,NA,NA,NA,3,3,5,5,3,TRUE,TRUE,No controls
100,1165,1,R_7jCVB6iISgTKwtt,0,0,1,0,0,1,0,1,0,0,0,1,0,0,1,0,0,1,0,1,0,0,0,1,0,1,0,0,1,0,0,0,1,Never,Never,Never,4,1,2,3,-99,2,8,8,9,10,10,3,1,1,2.5,2.5,2,3,Purpke,NA,NA,NA,NA,NA,NA,NA,NA,NA,NA,NA,NA,NA,NA,NA,NA,NA,NA,NA,NA,NA,NA,NA,NA,NA,NA,NA,NA,NA,NA,NA,NA,NA,NA,NA,NA,NA,NA,NA,NA,NA,NA,NA,NA,NA,NA,NA,NA,NA,NA,NA,NA,NA,NA,NA,NA,NA,NA,NA,NA,NA,NA,NA,NA,NA,NA,NA,NA,NA,NA,NA,NA,NA,NA,NA,NA,NA,NA,NA,NA,NA,NA,NA,NA,NA,NA,NA,NA,NA,NA,NA,NA,NA,NA,NA,NA,NA,NA,NA,NA,NA,NA,NA,NA,NA,NA,NA,NA,NA,NA,NA,NA,NA,NA,NA,NA,NA,NA,NA,NA,NA,NA,NA,NA,NA,NA,NA,NA,iP04a54133c63cef14,NA,NA,A,TRUE,FALSE,TRUE,FALSE,TRUE,TRUE,FALSE,2,1,2,19.416666666666668,0,0,1,1,0,0,0,70,80,60,60,70,80,20,90,60,50,70,60,60,50,70,60,60,60,80,70,60,80,60,70,10,30,60,50,0,80,80,60,50,20,50,80,10,70,60,60,70,70,50,20,60,80,60,60,70,50,70,80,70,60,80,60,70,20,70,70,70,60,60,80,70,NA,NA,NA,NA,NA,NA,NA,NA,NA,NA,NA,NA,NA,NA,NA,NA,NA,NA,NA,NA,NA,NA,NA,NA,NA,NA,NA,NA,NA,NA,NA,NA,NA,NA,NA,NA,NA,NA,NA,NA,NA,NA,NA,127,0,127,0,FALSE,FALSE,FALSE,FALSE,FALSE,FALSE,0,0,1,0,0,NA,NA,NA,NA,NA,NA,52.22222222222222,-0.75258973774501,3,5,Punish (5),4,3,3.5,2.25,NA,NA,NA,NA,NA,NA,NA,NA,NA,NA,NA,3,3,4,5,5,TRUE,TRUE,No controls
100,8243,1,R_1esBMpaXy1ekE1J,0,0,1,0,0,1,0,0,1,0,0,1,1,0,0,0,0,1,0,0,1,0,0,1,0,1,0,0,0,1,0,0,1,Frequently,Sometimes,Sometimes,4,2,2,2,2,2,9,9,9,9,9,4,2,3,2,3,2,3,Purple,NA,NA,NA,NA,NA,NA,NA,NA,NA,NA,NA,NA,NA,NA,NA,NA,NA,NA,NA,NA,NA,NA,NA,NA,NA,NA,NA,NA,NA,NA,NA,NA,NA,NA,NA,NA,NA,NA,NA,NA,NA,NA,NA,NA,NA,NA,NA,NA,NA,NA,NA,NA,NA,NA,NA,NA,NA,NA,NA,NA,NA,NA,NA,NA,NA,NA,NA,NA,NA,NA,NA,NA,NA,NA,NA,NA,NA,NA,NA,NA,NA,NA,NA,NA,NA,NA,NA,NA,NA,NA,NA,NA,NA,NA,NA,NA,NA,NA,NA,NA,NA,NA,NA,NA,NA,NA,NA,NA,NA,NA,NA,NA,NA,NA,NA,NA,NA,NA,NA,NA,NA,NA,NA,NA,NA,NA,NA,NA,iP5286e08dda857f0b,NA,NA,A,TRUE,FALSE,TRUE,FALSE,TRUE,TRUE,FALSE,2,1,2,137.38333333333333,0,0,0,0,1,0,0,70,80,70,70,70,60,50,100,70,70,50,60,70,70,60,100,70,60,70,100,10,90,60,100,30,50,90,70,50,60,60,60,70,70,60,60,60,10,50,30,60,60,60,60,60,50,60,60,70,10,60,70,70,50,90,80,70,20,90,80,40,60,60,80,50,NA,NA,NA,NA,NA,NA,NA,NA,NA,NA,NA,NA,NA,NA,NA,NA,NA,NA,NA,NA,NA,NA,NA,NA,NA,NA,NA,NA,NA,NA,NA,NA,NA,NA,NA,NA,NA,NA,NA,NA,NA,NA,NA,127,0,127,0,FALSE,FALSE,FALSE,FALSE,FALSE,FALSE,0,0,1,0,0,NA,NA,NA,NA,NA,NA,75.55555555555556,0.4652630058929289,4,4,Neutral (4),3,3,3,2.75,NA,NA,NA,NA,NA,NA,NA,NA,NA,NA,NA,4,4,4,4,4,TRUE,TRUE,No controls
100,655,1,R_7q4EgXJziIz3z8M,NA,1,0,NA,0,1,1,1,0,1,1,0,1,1,0,0,0,1,1,1,0,1,1,0,1,1,0,1,1,0,1,1,0,Sometimes,Rarely,Rarely,4,1,1,2,2,1,9,10,10,10,10,2,2,3,3,4,2,3,Purple,NA,NA,NA,NA,NA,NA,NA,NA,NA,NA,NA,NA,NA,NA,NA,NA,NA,NA,NA,NA,NA,NA,NA,NA,NA,NA,NA,NA,NA,NA,NA,NA,NA,NA,NA,NA,NA,NA,NA,NA,NA,NA,NA,NA,NA,NA,NA,NA,NA,NA,NA,NA,NA,NA,NA,NA,NA,NA,NA,NA,NA,NA,NA,NA,NA,NA,NA,NA,NA,NA,NA,NA,NA,NA,NA,NA,NA,NA,NA,NA,NA,NA,NA,NA,NA,NA,NA,NA,NA,NA,NA,NA,NA,NA,NA,NA,NA,NA,NA,NA,NA,NA,NA,NA,NA,NA,NA,NA,NA,NA,NA,NA,NA,NA,NA,NA,NA,NA,NA,NA,NA,NA,NA,NA,NA,NA,NA,NA,iP04f7e5a13e4caba4,NA,NA,B,TRUE,FALSE,TRUE,FALSE,TRUE,TRUE,FALSE,2,1,2,10.916666666666666,0,1,1,1,0,0,0,83,87,82,85,89,87,32,89,83,92,50,69,81,88,84,90,91,71,70,98,0,90,87,94,44,64,84,84,48,0,95,74,67,50,31,56,22,0,22,0,57,81,NA,NA,NA,NA,NA,NA,NA,NA,NA,NA,NA,NA,NA,NA,NA,NA,NA,NA,NA,NA,NA,NA,NA,86,0,89,81,79,0,72,0,100,81,0,60,63,87,85,95,90,100,97,1,60,NA,NA,NA,NA,NA,NA,NA,NA,NA,NA,NA,NA,NA,NA,NA,NA,NA,NA,NA,NA,NA,NA,127,0,127,0,FALSE,FALSE,FALSE,FALSE,FALSE,FALSE,1,NA,NA,1,NA,NA,NA,NA,NA,NA,NA,81.66666666666667,0.7842244387504845,2,6,Punish (6),3,3,3,3.25,NA,NA,NA,NA,NA,NA,NA,NA,NA,NA,NA,4,5,5,5,5,TRUE,TRUE,No controls
100,576,1,R_7HbiV7RvzpmxT0Z,0,0,1,0,0,1,1,0,0,0,0,1,1,0,0,0,0,1,0,0,1,0,0,1,0,0,1,0,0,1,0,0,1,Sometimes,Never,Never,4,2,2,2,2,2,8,7,10,10,10,7,2,3,4,4,5,3,purple,NA,NA,NA,NA,NA,NA,NA,NA,NA,NA,NA,NA,NA,NA,NA,NA,NA,NA,NA,NA,NA,NA,NA,NA,NA,NA,NA,NA,NA,NA,NA,NA,NA,NA,NA,NA,NA,NA,NA,NA,NA,NA,NA,NA,NA,NA,NA,NA,NA,NA,NA,NA,NA,NA,NA,NA,NA,NA,NA,NA,NA,NA,NA,NA,NA,NA,NA,NA,NA,NA,NA,NA,NA,NA,NA,NA,NA,NA,NA,NA,NA,NA,NA,NA,NA,NA,NA,NA,NA,NA,NA,NA,NA,NA,NA,NA,NA,NA,NA,NA,NA,NA,NA,NA,NA,NA,NA,NA,NA,NA,NA,NA,NA,NA,NA,NA,NA,NA,NA,NA,NA,NA,NA,NA,NA,NA,NA,NA,iPb210ce57c9ee1253,NA,NA,C,TRUE,FALSE,TRUE,FALSE,TRUE,TRUE,FALSE,2,1,2,9.6,0,1,1,1,0,0,0,89,51,71,64,50,51,50,74,51,51,51,75,49,79,53,71,65,50,50,50,70,64,70,75,50,50,51,75,50,50,68,77,66,51,50,69,64,50,50,50,51,50,NA,NA,NA,NA,NA,NA,NA,NA,NA,NA,NA,NA,NA,NA,NA,NA,NA,NA,NA,NA,NA,NA,NA,NA,NA,NA,NA,NA,NA,NA,NA,NA,NA,NA,NA,NA,NA,NA,NA,NA,NA,NA,NA,NA,72,67,58,50,65,51,50,50,54,50,51,51,48,70,90,50,50,51,50,51,50,72,127,0,127,0,FALSE,FALSE,FALSE,FALSE,FALSE,FALSE,0,0,1,0,0,NA,NA,NA,NA,NA,NA,60,-0.34663882319903044,7,1,Rehab (1),3,2.5,2.75,3.5,NA,NA,NA,NA,NA,NA,NA,NA,NA,NA,NA,3,2,5,5,5,TRUE,TRUE,No controls
100,738,1,R_55HsdXB8zquMbrW,0,0,1,0,0,1,1,0,0,0,0,1,0,0,1,0,0,1,0,0,1,0,0,1,0,0,1,0,0,1,0,0,1,Rarely,Rarely,Rarely,4,4,4,4,4,3,9,10,10,8,10,4,2,1,2,1,2,3,Purple,NA,NA,NA,NA,NA,NA,NA,NA,NA,NA,NA,NA,NA,NA,NA,NA,NA,NA,NA,NA,NA,NA,NA,NA,NA,NA,NA,NA,NA,NA,NA,NA,NA,NA,NA,NA,NA,NA,NA,NA,NA,NA,NA,NA,NA,NA,NA,NA,NA,NA,NA,NA,NA,NA,NA,NA,NA,NA,NA,NA,NA,NA,NA,NA,NA,NA,NA,NA,NA,NA,NA,NA,NA,NA,NA,NA,NA,NA,NA,NA,NA,NA,NA,NA,NA,NA,NA,NA,NA,NA,NA,NA,NA,NA,NA,NA,NA,NA,NA,NA,NA,NA,NA,NA,NA,NA,NA,NA,NA,NA,NA,NA,NA,NA,NA,NA,NA,NA,NA,NA,NA,NA,NA,NA,NA,NA,NA,NA,iP6e2b32ffe7ce9047,NA,NA,A,TRUE,FALSE,TRUE,FALSE,TRUE,TRUE,FALSE,2,1,2,12.3,0,1,1,1,0,0,0,80,80,70,70,30,40,70,70,70,30,40,10,20,20,40,70,40,30,40,40,30,80,80,70,20,30,20,40,30,30,70,10,20,10,30,40,40,30,40,40,80,70,40,40,70,20,0,40,30,40,80,70,70,40,60,70,30,10,40,70,10,60,60,60,60,NA,NA,NA,NA,NA,NA,NA,NA,NA,NA,NA,NA,NA,NA,NA,NA,NA,NA,NA,NA,NA,NA,NA,NA,NA,NA,NA,NA,NA,NA,NA,NA,NA,NA,NA,NA,NA,NA,NA,NA,NA,NA,NA,127,0,127,0,FALSE,FALSE,FALSE,FALSE,FALSE,FALSE,0,0,1,0,0,NA,NA,NA,NA,NA,NA,34.44444444444444,-1.680477542421535,4,4,Neutral (4),3,3,3,1.75,NA,NA,NA,NA,NA,NA,NA,NA,NA,NA,NA,4,5,5,3,5,TRUE,TRUE,No controls
100,7719,1,R_6L4Ghig5jXbdpME,0,0,1,0,0,1,0,0,1,0,0,1,0,1,0,0,0,1,0,0,1,0,0,1,0,1,0,0,0,1,0,0,1,Rarely,Rarely,Rarely,4,2,1,1,1,1,8,8,8,8,8,6,3,2,2,2,3,2,purple,2,6,3,5,5,5,5,5,5,5,1,2,1,1,1,2,1,1,1,3,1,2,1,1,3,2,2,3,3,3,3,3,3,3,3,3,2,2,2,1,1,2,2,1,2,1,1,2,2,4,4,4,4,4,4,3,4,3,2,3,3,2,2,2,2,NA,2,3,2,2,2,2,2,2,3,3,5,-99,5,5,5,5,5,5,5,NA,NA,NA,NA,NA,NA,NA,NA,NA,NA,NA,NA,NA,NA,NA,NA,NA,NA,NA,NA,NA,NA,NA,NA,NA,NA,NA,NA,NA,NA,NA,NA,NA,NA,NA,NA,NA,NA,NA,NA,NA,NA,NA,iP6ef8b45dfe9979e3,NA,NA,C,TRUE,FALSE,TRUE,FALSE,TRUE,TRUE,TRUE,2,1,3,128.65,0,0,0,0,1,0,0,58,70,100,64,100,100,79,82,27,76,53,27,97,86,100,100,76,63,89,45,99,100,100,55,32,85,76,39,71,56,62,70,46,65,66,13,100,77,75,88,100,80,NA,NA,NA,NA,NA,NA,NA,NA,NA,NA,NA,NA,NA,NA,NA,NA,NA,NA,NA,NA,NA,NA,NA,NA,NA,NA,NA,NA,NA,NA,NA,NA,NA,NA,NA,NA,NA,NA,NA,NA,NA,NA,NA,NA,46,100,55,75,92,26,68,100,73,9,66,38,31,100,88,61,26,95,73,31,66,75,43,0,43,1,FALSE,FALSE,FALSE,FALSE,FALSE,FALSE,0,0,1,0,0,NA,NA,NA,NA,NA,NA,72.55555555555556,0.3086819388537653,6,2,Rehab (2),2,2,2,2,3,1,3,3,3,1,3,2,1,4,2.5,3,3,3,3,3,FALSE,TRUE,Some controls missing
100,1242,1,R_3bZchkb3gSFtXow,NA,1,0,NA,0,1,0,1,0,0,1,0,0,1,0,0,1,0,0,1,0,0,0,1,0,1,0,0,1,0,0,0,1,Rarely,Never,Rarely,4,2,1,1,1,1,10,10,10,10,10,6,2,3,3,3,3,3,purple,NA,NA,NA,NA,NA,NA,NA,NA,NA,NA,NA,NA,NA,NA,NA,NA,NA,NA,NA,NA,NA,NA,NA,NA,NA,NA,NA,NA,NA,NA,NA,NA,NA,NA,NA,NA,NA,NA,NA,NA,NA,NA,NA,NA,NA,NA,NA,NA,NA,NA,NA,NA,NA,NA,NA,NA,NA,NA,NA,NA,NA,NA,NA,NA,NA,NA,NA,NA,NA,NA,NA,NA,NA,NA,NA,NA,NA,NA,NA,NA,NA,NA,NA,NA,NA,NA,NA,NA,NA,NA,NA,NA,NA,NA,NA,NA,NA,NA,NA,NA,NA,NA,NA,NA,NA,NA,NA,NA,NA,NA,NA,NA,NA,NA,NA,NA,NA,NA,NA,NA,NA,NA,NA,NA,NA,NA,NA,NA,iP443d9da6d70d8667,NA,NA,C,TRUE,FALSE,TRUE,FALSE,TRUE,TRUE,FALSE,2,1,2,20.7,0,0,0,1,0,0,0,100,100,100,100,100,100,100,100,100,98,100,100,100,100,100,100,100,100,100,100,100,100,100,100,0,100,100,100,0,100,100,100,100,100,100,100,100,100,100,100,100,98,NA,NA,NA,NA,NA,NA,NA,NA,NA,NA,NA,NA,NA,NA,NA,NA,NA,NA,NA,NA,NA,NA,NA,NA,NA,NA,NA,NA,NA,NA,NA,NA,NA,NA,NA,NA,NA,NA,NA,NA,NA,NA,NA,NA,100,100,100,100,99,100,99,100,100,0,100,0,100,100,100,100,100,100,100,100,100,100,127,0,127,0,FALSE,FALSE,FALSE,FALSE,FALSE,FALSE,1,NA,NA,1,NA,NA,NA,NA,NA,NA,NA,88.88888888888889,1.1611788594003225,6,2,Rehab (2),3,2,2.5,3,NA,NA,NA,NA,NA,NA,NA,NA,NA,NA,NA,5,5,5,5,5,TRUE,TRUE,No controls
100,4432,1,R_7A0aukSBiiWBvcb,1,NA,0,NA,0,1,1,0,0,0,0,1,1,0,0,0,0,1,0,0,1,0,0,1,1,0,0,1,0,0,0,0,1,Rarely,Never,Rarely,4,1,1,1,1,1,8,7,10,10,9,6,4,2,2,3,2,3,Purple,NA,NA,NA,NA,NA,NA,NA,NA,NA,NA,NA,NA,NA,NA,NA,NA,NA,NA,NA,NA,NA,NA,NA,NA,NA,NA,NA,NA,NA,NA,NA,NA,NA,NA,NA,NA,NA,NA,NA,NA,NA,NA,NA,NA,NA,NA,NA,NA,NA,NA,NA,NA,NA,NA,NA,NA,NA,NA,NA,NA,NA,NA,NA,NA,NA,NA,NA,NA,NA,NA,NA,NA,NA,NA,NA,NA,NA,NA,NA,NA,NA,NA,NA,NA,NA,NA,NA,NA,NA,NA,NA,NA,NA,NA,NA,NA,NA,NA,NA,NA,NA,NA,NA,NA,NA,NA,NA,NA,NA,NA,NA,NA,NA,NA,NA,NA,NA,NA,NA,NA,NA,NA,NA,NA,NA,NA,NA,NA,iP9143db81b1ef84da,NA,NA,B,TRUE,FALSE,TRUE,FALSE,TRUE,TRUE,FALSE,2,1,2,73.86666666666666,0,0,0,0,1,0,0,88,87,57,52,52,50,48,61,95,55,15,85,50,75,90,71,54,68,80,81,50,94,68,100,39,76,82,50,94,54,80,55,50,50,21,66,22,22,32,47,96,96,NA,NA,NA,NA,NA,NA,NA,NA,NA,NA,NA,NA,NA,NA,NA,NA,NA,NA,NA,NA,NA,NA,NA,50,50,50,55,54,51,53,53,72,53,50,51,94,95,94,88,87,75,70,30,50,NA,NA,NA,NA,NA,NA,NA,NA,NA,NA,NA,NA,NA,NA,NA,NA,NA,NA,NA,NA,NA,NA,127,0,127,0,FALSE,FALSE,FALSE,FALSE,FALSE,FALSE,1,1,NA,NA,NA,NA,NA,NA,NA,NA,NA,69.44444444444444,0.14630157303537333,6,2,Rehab (2),1,3,2,2.5,NA,NA,NA,NA,NA,NA,NA,NA,NA,NA,NA,3,2,5,5,4,TRUE,TRUE,No controls
100,1479,1,R_3dXcOT7HNQOjPwZ,NA,1,0,NA,0,1,0,1,0,0,0,1,0,1,0,0,0,1,1,0,0,0,0,1,0,0,1,0,1,0,0,0,1,Never,Never,Never,4,2,2,2,2,4,10,7,9,10,9,6,2,1,3,3,5,2.5,purple,NA,NA,NA,NA,NA,NA,NA,NA,NA,NA,NA,NA,NA,NA,NA,NA,NA,NA,NA,NA,NA,NA,NA,NA,NA,NA,NA,NA,NA,NA,NA,NA,NA,NA,NA,NA,NA,NA,NA,NA,NA,NA,NA,NA,NA,NA,NA,NA,NA,NA,NA,NA,NA,NA,NA,NA,NA,NA,NA,NA,NA,NA,NA,NA,NA,NA,NA,NA,NA,NA,NA,NA,NA,NA,NA,NA,NA,NA,NA,NA,NA,NA,NA,NA,NA,NA,NA,NA,NA,NA,NA,NA,NA,NA,NA,NA,NA,NA,NA,NA,NA,NA,NA,NA,NA,NA,NA,NA,NA,NA,NA,NA,NA,NA,NA,NA,NA,NA,NA,NA,NA,NA,NA,NA,NA,NA,NA,NA,iP21fca8779f6c48c5,NA,NA,C,TRUE,FALSE,TRUE,FALSE,TRUE,TRUE,FALSE,2,1,2,24.65,0,0,0,1,0,0,0,50,50,59,50,50,50,0,50,50,31,66,41,40,40,60,45,100,100,100,50,50,76,74,53,0,10,50,59,28,75,79,47,50,52,64,95,10,66,71,51,70,50,NA,NA,NA,NA,NA,NA,NA,NA,NA,NA,NA,NA,NA,NA,NA,NA,NA,NA,NA,NA,NA,NA,NA,NA,NA,NA,NA,NA,NA,NA,NA,NA,NA,NA,NA,NA,NA,NA,NA,NA,NA,NA,NA,NA,100,100,90,41,75,100,100,100,98,11,50,4,10,82,80,50,72,58,50,48,52,51,127,0,127,0,FALSE,FALSE,FALSE,FALSE,FALSE,FALSE,1,NA,NA,1,NA,NA,NA,NA,NA,NA,NA,56.888888888888886,-0.5090191890174224,6,2,Rehab (2),3,2.5,2.75,2.375,NA,NA,NA,NA,NA,NA,NA,NA,NA,NA,NA,5,2,4,5,4,TRUE,TRUE,No controls
100,11325,1,R_3fvcge8tWHtJXHP,1,NA,0,NA,1,0,0,0,1,0,0,1,0,0,1,0,0,1,0,1,0,0,1,0,0,1,0,0,0,1,0,1,0,Rarely,Sometimes,Sometimes,4,2,2,2,4,3,8,8,8,9,8,4,3,4,3,4,1,1,purple,2,3,1,2,2,1,4,3,1,1,3,2,2,1,2,2,2,2,2,3,1,1,3,3,1,2,1,2,1,2,2,2,2,2,2,1,1,1,2,2,1,2,2,1,2,2,2,2,1,3,2,4,4,2,4,2,3,3,2,1,1,3,2,2,2,NA,2,1,2,2,2,2,2,3,3,1,5,5,5,5,5,5,5,6,6,NA,NA,NA,NA,NA,NA,NA,NA,NA,NA,NA,NA,NA,NA,NA,NA,NA,NA,NA,NA,NA,NA,NA,NA,NA,NA,NA,NA,NA,NA,NA,NA,NA,NA,NA,NA,NA,NA,NA,NA,NA,NA,NA,iP12b87bb81481d111,NA,NA,C,TRUE,FALSE,TRUE,FALSE,TRUE,TRUE,TRUE,2,1,3,188.75,0,0,0,0,1,1,0,0,0,0,50,39,50,0,50,0,43,0,0,0,50,50,75,0,0,0,50,50,50,50,50,0,0,0,0,0,0,0,50,50,0,0,0,50,0,76,50,0,63,NA,NA,NA,NA,NA,NA,NA,NA,NA,NA,NA,NA,NA,NA,NA,NA,NA,NA,NA,NA,NA,NA,NA,NA,NA,NA,NA,NA,NA,NA,NA,NA,NA,NA,NA,NA,NA,NA,NA,NA,NA,NA,NA,NA,54,0,0,50,50,0,0,0,0,50,0,0,50,50,0,0,50,50,0,73,0,50,43,0,43,1,FALSE,FALSE,FALSE,FALSE,FALSE,FALSE,1,1,NA,NA,NA,NA,NA,NA,NA,NA,NA,19.444444444444443,-2.4633828776173528,4,4,Neutral (4),2,4,3,3,2,1,1,3,1,1,1,1,1,1,1,3,3,3,4,3,FALSE,TRUE,Some controls missing
100,706,1,R_5IEmhC3wp2GYFSD,NA,NA,1,1,0,0,1,0,0,0,0,1,0,0,1,1,0,0,0,0,1,1,0,0,0,0,1,1,0,0,0,0,1,Sometimes,Frequently,Sometimes,4,1,2,1,1,2,8,10,8,10,10,4,4,4,4,4,5,4,Purple,NA,NA,NA,NA,NA,NA,NA,NA,NA,NA,NA,NA,NA,NA,NA,NA,NA,NA,NA,NA,NA,NA,NA,NA,NA,NA,NA,NA,NA,NA,NA,NA,NA,NA,NA,NA,NA,NA,NA,NA,NA,NA,NA,NA,NA,NA,NA,NA,NA,NA,NA,NA,NA,NA,NA,NA,NA,NA,NA,NA,NA,NA,NA,NA,NA,NA,NA,NA,NA,NA,NA,NA,NA,NA,NA,NA,NA,NA,NA,NA,NA,NA,NA,NA,NA,NA,NA,NA,NA,NA,NA,NA,NA,NA,NA,NA,NA,NA,NA,NA,NA,NA,NA,NA,NA,NA,NA,NA,NA,NA,NA,NA,NA,NA,NA,NA,NA,NA,NA,NA,NA,NA,NA,NA,NA,NA,NA,NA,iP8590e48987eb34aa,NA,NA,A,TRUE,FALSE,TRUE,FALSE,TRUE,TRUE,FALSE,2,1,2,11.766666666666667,0,1,1,1,0,0,0,90,80,80,90,100,80,90,100,80,100,90,90,90,90,70,80,80,70,70,80,80,80,90,60,90,90,80,80,80,50,80,50,50,10,40,70,90,80,80,80,100,100,80,70,100,50,60,50,70,60,80,100,90,80,80,90,60,80,80,80,90,80,70,80,70,NA,NA,NA,NA,NA,NA,NA,NA,NA,NA,NA,NA,NA,NA,NA,NA,NA,NA,NA,NA,NA,NA,NA,NA,NA,NA,NA,NA,NA,NA,NA,NA,NA,NA,NA,NA,NA,NA,NA,NA,NA,NA,NA,127,0,127,0,FALSE,FALSE,FALSE,FALSE,FALSE,FALSE,1,NA,1,NA,1,NA,NA,NA,NA,NA,NA,81.11111111111111,0.755227944854343,4,4,Neutral (4),1,2.5,1.75,4,NA,NA,NA,NA,NA,NA,NA,NA,NA,NA,NA,3,5,3,5,5,TRUE,TRUE,No controls
100,745,1,R_6VDwh0DAB1rMfpu,NA,1,0,NA,0,1,0,1,0,0,0,1,0,1,0,1,0,0,0,0,1,0,0,1,0,1,0,0,0,1,0,0,1,Never,Never,Never,4,1,2,2,2,2,9,8,10,10,10,4,2,2.5,3,4,5,2.5,Purple,NA,NA,NA,NA,NA,NA,NA,NA,NA,NA,NA,NA,NA,NA,NA,NA,NA,NA,NA,NA,NA,NA,NA,NA,NA,NA,NA,NA,NA,NA,NA,NA,NA,NA,NA,NA,NA,NA,NA,NA,NA,NA,NA,NA,NA,NA,NA,NA,NA,NA,NA,NA,NA,NA,NA,NA,NA,NA,NA,NA,NA,NA,NA,NA,NA,NA,NA,NA,NA,NA,NA,NA,NA,NA,NA,NA,NA,NA,NA,NA,NA,NA,NA,NA,NA,NA,NA,NA,NA,NA,NA,NA,NA,NA,NA,NA,NA,NA,NA,NA,NA,NA,NA,NA,NA,NA,NA,NA,NA,NA,NA,NA,NA,NA,NA,NA,NA,NA,NA,NA,NA,NA,NA,NA,NA,NA,NA,NA,iP4fb31f2f97ffca51,NA,NA,C,TRUE,FALSE,TRUE,FALSE,TRUE,TRUE,FALSE,2,1,2,12.416666666666666,0,1,1,1,0,0,0,70,74,70,71,50,74,65,55,61,50,69,66,50,69,63,50,51,87,25,83,27,82,71,68,50,60,83,72,62,35,40,74,89,81,50,39,31,48,33,33,50,63,NA,NA,NA,NA,NA,NA,NA,NA,NA,NA,NA,NA,NA,NA,NA,NA,NA,NA,NA,NA,NA,NA,NA,NA,NA,NA,NA,NA,NA,NA,NA,NA,NA,NA,NA,NA,NA,NA,NA,NA,NA,NA,NA,NA,75,78,60,65,79,50,73,73,73,0,100,0,67,65,57,100,100,75,82,76,71,71,127,0,127,0,FALSE,FALSE,FALSE,FALSE,FALSE,FALSE,1,NA,NA,1,NA,NA,NA,NA,NA,NA,NA,67.44444444444444,0.04191419500926428,4,4,Neutral (4),3,2.5,2.75,3,NA,NA,NA,NA,NA,NA,NA,NA,NA,NA,NA,4,3,5,5,5,TRUE,TRUE,No controls
100,80803,1,R_11yGq1TtfElWGZu,NA,1,0,NA,0,1,1,1,0,0,0,1,1,1,0,0,0,1,0,0,1,0,0,1,0,0,1,0,0,1,0,1,0,Sometimes,Rarely,Rarely,4,1,1,1,1,1,6,6,6,6,6,7,1,4,4,4,1,4,Purple,NA,NA,NA,NA,NA,NA,NA,NA,NA,NA,NA,NA,NA,NA,NA,NA,NA,NA,NA,NA,NA,NA,NA,NA,NA,NA,NA,NA,NA,NA,NA,NA,NA,NA,NA,NA,NA,NA,NA,NA,NA,NA,NA,NA,NA,NA,NA,NA,NA,NA,NA,NA,NA,NA,NA,NA,NA,NA,NA,NA,NA,NA,NA,NA,NA,NA,NA,NA,NA,NA,NA,NA,NA,NA,NA,NA,NA,NA,NA,NA,NA,NA,NA,NA,NA,NA,NA,NA,NA,NA,NA,NA,NA,NA,NA,NA,NA,NA,NA,NA,NA,NA,NA,NA,NA,NA,NA,NA,NA,NA,NA,NA,NA,NA,NA,NA,NA,NA,NA,NA,NA,NA,NA,NA,NA,NA,NA,NA,iP51e4d0b7de46ffae,NA,NA,B,TRUE,FALSE,TRUE,FALSE,TRUE,TRUE,FALSE,2,1,2,1346.7166666666667,0,0,0,0,1,1,0,50,50,50,50,50,50,50,50,50,50,50,50,50,50,50,50,50,50,50,50,50,50,50,50,50,50,50,50,50,50,50,50,50,50,50,50,50,50,50,50,50,50,NA,NA,NA,NA,NA,NA,NA,NA,NA,NA,NA,NA,NA,NA,NA,NA,NA,NA,NA,NA,NA,NA,NA,50,50,50,50,50,50,50,50,50,50,50,50,50,50,50,50,50,50,50,50,50,NA,NA,NA,NA,NA,NA,NA,NA,NA,NA,NA,NA,NA,NA,NA,NA,NA,NA,NA,NA,NA,NA,127,0,127,0,FALSE,FALSE,FALSE,FALSE,FALSE,FALSE,1,NA,NA,1,NA,NA,NA,NA,NA,NA,NA,50,-0.8685757133295756,7,1,Rehab (1),4,4,4,4,NA,NA,NA,NA,NA,NA,NA,NA,NA,NA,NA,1,1,1,1,1,TRUE,TRUE,No controls
100,617,1,R_5cvj18kgReLZ9l6,1,NA,0,NA,1,0,0,1,0,0,0,1,0,1,0,0,1,0,0,1,0,0,1,0,0,1,0,1,0,0,0,0,1,Frequently,Frequently,Frequently,4,1,1,1,1,1,10,10,10,10,10,1,4,4,4,4,1,4,Purple,NA,NA,NA,NA,NA,NA,NA,NA,NA,NA,NA,NA,NA,NA,NA,NA,NA,NA,NA,NA,NA,NA,NA,NA,NA,NA,NA,NA,NA,NA,NA,NA,NA,NA,NA,NA,NA,NA,NA,NA,NA,NA,NA,NA,NA,NA,NA,NA,NA,NA,NA,NA,NA,NA,NA,NA,NA,NA,NA,NA,NA,NA,NA,NA,NA,NA,NA,NA,NA,NA,NA,NA,NA,NA,NA,NA,NA,NA,NA,NA,NA,NA,NA,NA,NA,NA,NA,NA,NA,NA,NA,NA,NA,NA,NA,NA,NA,NA,NA,NA,NA,NA,NA,NA,NA,NA,NA,NA,NA,NA,NA,NA,NA,NA,NA,NA,NA,NA,NA,NA,NA,NA,NA,NA,NA,NA,NA,NA,iP111deb2f4ddb1469,NA,NA,B,TRUE,FALSE,TRUE,FALSE,TRUE,TRUE,FALSE,2,1,2,10.283333333333331,0,1,1,1,0,0,0,100,100,100,100,55,100,100,100,100,100,100,100,100,100,100,100,100,100,0,100,6,100,100,100,100,100,100,100,100,100,100,100,100,100,0,0,37,0,0,0,0,100,NA,NA,NA,NA,NA,NA,NA,NA,NA,NA,NA,NA,NA,NA,NA,NA,NA,NA,NA,NA,NA,NA,NA,100,0,100,100,100,0,100,0,100,100,0,100,0,65,8,100,100,100,83,0,43,NA,NA,NA,NA,NA,NA,NA,NA,NA,NA,NA,NA,NA,NA,NA,NA,NA,NA,NA,NA,NA,NA,127,0,127,0,FALSE,FALSE,FALSE,FALSE,FALSE,FALSE,1,1,NA,NA,NA,NA,NA,NA,NA,NA,NA,100,1.7411087373231504,1,7,Punish (7),1,4,2.5,4,NA,NA,NA,NA,NA,NA,NA,NA,NA,NA,NA,5,5,5,5,5,TRUE,TRUE,No controls
100,17255,1,R_72fBbKxSrildPGN,1,NA,0,NA,1,0,1,0,0,0,0,1,1,0,0,0,0,1,0,1,0,0,0,1,1,0,0,1,0,0,0,1,0,Frequently,Sometimes,Sometimes,1,NA,NA,NA,NA,NA,NA,NA,NA,NA,NA,NA,NA,NA,NA,NA,NA,NA,NA,NA,NA,NA,NA,NA,NA,NA,NA,NA,NA,NA,NA,NA,NA,NA,NA,NA,NA,NA,NA,NA,NA,NA,NA,NA,NA,NA,NA,NA,NA,NA,NA,NA,NA,NA,NA,NA,NA,NA,NA,NA,NA,NA,NA,NA,NA,NA,NA,NA,NA,NA,NA,NA,NA,NA,NA,NA,NA,NA,NA,NA,NA,NA,NA,NA,NA,NA,NA,NA,NA,NA,NA,NA,NA,NA,NA,NA,NA,NA,NA,NA,NA,NA,NA,NA,NA,NA,NA,NA,NA,NA,NA,NA,NA,NA,NA,NA,NA,NA,NA,NA,NA,NA,NA,NA,NA,NA,NA,NA,NA,NA,NA,NA,NA,NA,NA,NA,NA,NA,NA,NA,NA,NA,NA,NA,NA,NA,NA,iP29168cb508ae5b2b,NA,NA,C,FALSE,TRUE,FALSE,FALSE,TRUE,FALSE,FALSE,0,3,1,287.5833333333333,0,0,0,0,1,1,0,51,50,50,51,50,49,50,58,55,50,30,35,60,98,66,60,55,55,80,75,40,81,55,100,20,50,72,50,29,51,55,50,48,55,50,51,31,51,30,49,40,85,NA,NA,NA,NA,NA,NA,NA,NA,NA,NA,NA,NA,NA,NA,NA,NA,NA,NA,NA,NA,NA,NA,NA,NA,NA,NA,NA,NA,NA,NA,NA,NA,NA,NA,NA,NA,NA,NA,NA,NA,NA,NA,NA,NA,92,91,50,57,65,93,75,60,92,15,55,15,66,56,60,59,50,50,71,50,50,49,145,0,145,1,FALSE,FALSE,FALSE,FALSE,FALSE,FALSE,1,1,NA,NA,NA,NA,NA,NA,NA,NA,NA,61.55555555555556,-0.2654486402898344,NA,NA,NA,NA,NA,NA,NA,NA,NA,NA,NA,NA,NA,NA,NA,NA,NA,NA,NA,NA,NA,NA,NA,TRUE,TRUE,No controls
100,1068,1,R_1huczcAx6CubPei,1,1,0,1,1,0,1,1,0,1,1,0,1,1,0,0,0,1,0,0,1,0,1,0,1,1,0,1,1,0,0,0,1,Frequently,Sometimes,Frequently,1,NA,NA,NA,NA,NA,NA,NA,NA,NA,NA,NA,NA,NA,NA,NA,NA,NA,NA,NA,NA,NA,NA,NA,NA,NA,NA,NA,NA,NA,NA,NA,NA,NA,NA,NA,NA,NA,NA,NA,NA,NA,NA,NA,NA,NA,NA,NA,NA,NA,NA,NA,NA,NA,NA,NA,NA,NA,NA,NA,NA,NA,NA,NA,NA,NA,NA,NA,NA,NA,NA,NA,NA,NA,NA,NA,NA,NA,NA,NA,NA,NA,NA,NA,NA,NA,NA,NA,NA,NA,NA,NA,NA,NA,NA,NA,NA,NA,NA,NA,NA,NA,NA,NA,NA,NA,NA,NA,NA,NA,NA,NA,NA,NA,NA,NA,NA,NA,NA,NA,NA,NA,NA,NA,NA,NA,NA,NA,NA,NA,NA,NA,NA,NA,NA,NA,NA,NA,NA,NA,NA,NA,NA,NA,NA,NA,NA,iP360221b8c41698ee,NA,NA,C,FALSE,TRUE,FALSE,FALSE,TRUE,FALSE,FALSE,0,3,1,17.8,0,0,1,1,0,0,0,50,53,71,52,71,50,64,50,54,57,78,58,86,72,38,70,65,83,50,84,40,68,55,85,45,63,86,60,23,54,86,51,50,50,23,34,38,43,34,41,57,35,NA,NA,NA,NA,NA,NA,NA,NA,NA,NA,NA,NA,NA,NA,NA,NA,NA,NA,NA,NA,NA,NA,NA,NA,NA,NA,NA,NA,NA,NA,NA,NA,NA,NA,NA,NA,NA,NA,NA,NA,NA,NA,NA,NA,81,71,74,50,50,73,70,68,74,9,71,20,35,56,25,64,67,87,71,50,50,50,145,0,145,1,FALSE,FALSE,FALSE,FALSE,FALSE,FALSE,1,1,0,1,1,NA,NA,NA,NA,NA,NA,69.88888888888889,0.16949876815228637,NA,NA,NA,NA,NA,NA,NA,NA,NA,NA,NA,NA,NA,NA,NA,NA,NA,NA,NA,NA,NA,NA,NA,TRUE,TRUE,No controls
100,2442,1,R_3F281OQT1KlsoHz,NA,1,0,NA,0,1,1,0,0,0,0,1,1,0,0,0,0,1,0,0,1,0,0,1,0,1,0,1,1,0,0,0,1,Never,Sometimes,Rarely,4,1,1,2,2,1,6,10,10,9,9,6,2,4,4,4,3,2,purple,NA,NA,NA,NA,NA,NA,NA,NA,NA,NA,NA,NA,NA,NA,NA,NA,NA,NA,NA,NA,NA,NA,NA,NA,NA,NA,NA,NA,NA,NA,NA,NA,NA,NA,NA,NA,NA,NA,NA,NA,NA,NA,NA,NA,NA,NA,NA,NA,NA,NA,NA,NA,NA,NA,NA,NA,NA,NA,NA,NA,NA,NA,NA,NA,NA,NA,NA,NA,NA,NA,NA,NA,NA,NA,NA,NA,NA,NA,NA,NA,NA,NA,NA,NA,NA,NA,NA,NA,NA,NA,NA,NA,NA,NA,NA,NA,NA,NA,NA,NA,NA,NA,NA,NA,NA,NA,NA,NA,NA,NA,NA,NA,NA,NA,NA,NA,NA,NA,NA,NA,NA,NA,NA,NA,NA,NA,NA,NA,iPc4eb71aab079e1ad,NA,NA,B,TRUE,FALSE,TRUE,FALSE,TRUE,TRUE,FALSE,2,1,2,40.7,0,0,0,0,0,0,0,100,100,100,100,100,89,68,86,85,85,14,24,77,94,85,100,86,76,80,100,15,100,85,100,24,47,100,86,0,71,89,85,85,100,83,89,13,74,76,11,17,100,NA,NA,NA,NA,NA,NA,NA,NA,NA,NA,NA,NA,NA,NA,NA,NA,NA,NA,NA,NA,NA,NA,NA,0,78,100,91,86,0,17,72,71,0,5,24,100,100,93,96,100,85,17,82,0,NA,NA,NA,NA,NA,NA,NA,NA,NA,NA,NA,NA,NA,NA,NA,NA,NA,NA,NA,NA,NA,NA,127,0,127,0,FALSE,FALSE,FALSE,FALSE,FALSE,FALSE,1,NA,NA,1,NA,NA,NA,NA,NA,NA,NA,79.88888888888889,0.6914356582828316,6,2,Rehab (2),3,2,2.5,3.5,NA,NA,NA,NA,NA,NA,NA,NA,NA,NA,NA,1,5,5,4,4,TRUE,TRUE,No controls
100,687,1,R_7ilzEDv5HIjXh1d,NA,1,0,NA,0,1,1,0,0,0,0,1,0,0,1,0,1,0,0,0,1,0,0,1,1,0,0,0,0,1,0,0,1,Never,Never,Never,4,1,1,1,1,1,10,7,10,10,10,4,1,4,1,4,1,2.5,purple,NA,NA,NA,NA,NA,NA,NA,NA,NA,NA,NA,NA,NA,NA,NA,NA,NA,NA,NA,NA,NA,NA,NA,NA,NA,NA,NA,NA,NA,NA,NA,NA,NA,NA,NA,NA,NA,NA,NA,NA,NA,NA,NA,NA,NA,NA,NA,NA,NA,NA,NA,NA,NA,NA,NA,NA,NA,NA,NA,NA,NA,NA,NA,NA,NA,NA,NA,NA,NA,NA,NA,NA,NA,NA,NA,NA,NA,NA,NA,NA,NA,NA,NA,NA,NA,NA,NA,NA,NA,NA,NA,NA,NA,NA,NA,NA,NA,NA,NA,NA,NA,NA,NA,NA,NA,NA,NA,NA,NA,NA,NA,NA,NA,NA,NA,NA,NA,NA,NA,NA,NA,NA,NA,NA,NA,NA,NA,NA,iP68c73266ee972188,NA,NA,C,TRUE,FALSE,TRUE,FALSE,TRUE,TRUE,FALSE,2,1,2,11.45,0,1,1,1,0,0,0,93,87,86,79,27,32,60,83,63,96,98,67,78,100,40,95,85,83,34,94,20,83,82,82,38,0,80,86,20,36,88,100,90,83,33,36,33,24,36,27,88,72,NA,NA,NA,NA,NA,NA,NA,NA,NA,NA,NA,NA,NA,NA,NA,NA,NA,NA,NA,NA,NA,NA,NA,NA,NA,NA,NA,NA,NA,NA,NA,NA,NA,NA,NA,NA,NA,NA,NA,NA,NA,NA,NA,NA,85,68,75,14,82,69,91,86,75,22,82,0,25,79,31,98,91,76,31,87,87,86,127,0,127,0,FALSE,FALSE,FALSE,FALSE,FALSE,FALSE,1,NA,NA,1,NA,NA,NA,NA,NA,NA,NA,80.11111111111111,0.7030342558412884,4,4,Neutral (4),4,4,4,2.875,NA,NA,NA,NA,NA,NA,NA,NA,NA,NA,NA,5,2,5,5,5,TRUE,TRUE,No controls
100,1425,1,R_3CEvxNeDUVk7Wdg,0,0,1,0,0,1,0,0,1,0,0,1,0,0,1,0,0,1,0,0,1,0,0,1,0,0,1,0,0,1,0,0,1,Never,Sometimes,Rarely,4,1,2,2,3,2,9,9,9,9,10,7,2,3,2,3,3,1,purple,2,1,3,2,3,2,3,3,2,3,1,2,1,1,1,1,2,1,4,3,4,1,1,4,2,1,2,2,1,1,2,2,2,2,2,2,2,1,1,3,3,2,1,2,2,2,3,1,1,2,2,2,3,2,2,1,2,2,3,2,3,4,2,3,4,NA,2,3,2,3,3,3,3,3,1,1,4,5,4,5,5,5,5,4,5,NA,NA,NA,NA,NA,NA,NA,NA,NA,NA,NA,NA,NA,NA,NA,NA,NA,NA,NA,NA,NA,NA,NA,NA,NA,NA,NA,NA,NA,NA,NA,NA,NA,NA,NA,NA,NA,NA,NA,NA,NA,NA,NA,iPf4618c708675a6d1,NA,NA,B,TRUE,FALSE,TRUE,FALSE,TRUE,TRUE,TRUE,2,1,3,23.75,0,0,0,1,0,0,0,32,83,69,75,92,23,34,69,69,80,70,35,34,34,75,41,41,60,79,42,82,78,81,74,28,77,23,71,43,59,73,38,38,36,65,90,81,81,86,81,75,73,NA,NA,NA,NA,NA,NA,NA,NA,NA,NA,NA,NA,NA,NA,NA,NA,NA,NA,NA,NA,NA,NA,NA,71,78,69,79,39,87,77,81,73,82,58,82,65,67,89,78,66,90,81,73,71,NA,NA,NA,NA,NA,NA,NA,NA,NA,NA,NA,NA,NA,NA,NA,NA,NA,NA,NA,NA,NA,NA,43,0,43,1,FALSE,FALSE,FALSE,FALSE,FALSE,FALSE,0,0,1,0,0,NA,NA,NA,NA,NA,NA,43.22222222222222,-1.2223329388625008,7,1,Rehab (1),3,2,2.5,2.25,3,1,3,3,3,3,1,1,1,1,1,4,4,4,4,5,FALSE,TRUE,Some controls missing
100,24736,1,R_1GNtKMUUaIrtGcV,0,0,1,0,0,1,0,1,0,0,0,1,0,1,0,0,1,0,0,0,1,0,0,1,0,1,0,0,0,1,0,1,0,Never,Never,Never,4,1,1,1,1,1,8,9,10,10,10,5,2,3,4,4,1,4,purple,NA,NA,NA,NA,NA,NA,NA,NA,NA,NA,NA,NA,NA,NA,NA,NA,NA,NA,NA,NA,NA,NA,NA,NA,NA,NA,NA,NA,NA,NA,NA,NA,NA,NA,NA,NA,NA,NA,NA,NA,NA,NA,NA,NA,NA,NA,NA,NA,NA,NA,NA,NA,NA,NA,NA,NA,NA,NA,NA,NA,NA,NA,NA,NA,NA,NA,NA,NA,NA,NA,NA,NA,NA,NA,NA,NA,NA,NA,NA,NA,NA,NA,NA,NA,NA,NA,NA,NA,NA,NA,NA,NA,NA,NA,NA,NA,NA,NA,NA,NA,NA,NA,NA,NA,NA,NA,NA,NA,NA,NA,NA,NA,NA,NA,NA,NA,NA,NA,NA,NA,NA,NA,NA,NA,NA,NA,NA,NA,iP0d3d9a638fba0ab0,NA,NA,B,TRUE,FALSE,TRUE,FALSE,TRUE,TRUE,FALSE,2,1,2,412.26666666666665,0,0,0,0,1,1,0,100,100,89,92,77,96,73,100,94,100,90,80,93,100,99,42,100,85,85,83,79,77,79,100,40,50,100,82,97,100,88,96,86,82,65,55,54,100,83,96,84,94,NA,NA,NA,NA,NA,NA,NA,NA,NA,NA,NA,NA,NA,NA,NA,NA,NA,NA,NA,NA,NA,NA,NA,100,76,96,100,100,89,100,50,94,72,50,40,100,95,99,96,98,61,100,81,40,NA,NA,NA,NA,NA,NA,NA,NA,NA,NA,NA,NA,NA,NA,NA,NA,NA,NA,NA,NA,NA,NA,127,0,127,0,FALSE,FALSE,FALSE,FALSE,FALSE,FALSE,0,0,1,0,0,NA,NA,NA,NA,NA,NA,86.88888888888889,1.0567914813742132,5,3,Rehab (3),3,4,3.5,3.75,NA,NA,NA,NA,NA,NA,NA,NA,NA,NA,NA,3,4,5,5,5,TRUE,TRUE,No controls
100,1323,1,R_5pEvU876zutFfjP,0,0,1,0,0,1,0,0,1,0,0,1,0,0,1,0,0,1,0,1,0,0,0,1,0,0,1,0,0,1,0,0,1,Sometimes,Never,Rarely,1,NA,NA,NA,NA,NA,NA,NA,NA,NA,NA,NA,NA,NA,NA,NA,NA,NA,NA,NA,NA,NA,NA,NA,NA,NA,NA,NA,NA,NA,NA,NA,NA,NA,NA,NA,NA,NA,NA,NA,NA,NA,NA,NA,NA,NA,NA,NA,NA,NA,NA,NA,NA,NA,NA,NA,NA,NA,NA,NA,NA,NA,NA,NA,NA,NA,NA,NA,NA,NA,NA,NA,NA,NA,NA,NA,NA,NA,NA,NA,NA,NA,NA,NA,NA,NA,NA,NA,NA,NA,NA,NA,NA,NA,NA,NA,NA,NA,NA,NA,NA,NA,NA,NA,NA,NA,NA,NA,NA,NA,NA,NA,NA,NA,NA,NA,NA,NA,NA,NA,NA,NA,NA,NA,NA,NA,NA,NA,NA,NA,NA,NA,NA,NA,NA,NA,NA,NA,NA,NA,NA,NA,NA,NA,NA,NA,NA,iP4eb87f54fc6af82f,NA,NA,A,FALSE,TRUE,FALSE,FALSE,TRUE,FALSE,FALSE,0,3,1,22.05,0,0,0,1,0,0,0,70,90,90,70,90,90,30,100,60,80,80,70,70,80,70,80,100,70,80,70,80,100,90,100,30,20,70,30,20,30,90,70,50,50,30,80,30,10,30,30,90,90,50,30,50,90,80,30,90,60,90,90,90,40,90,90,20,20,80,90,10,50,90,70,70,NA,NA,NA,NA,NA,NA,NA,NA,NA,NA,NA,NA,NA,NA,NA,NA,NA,NA,NA,NA,NA,NA,NA,NA,NA,NA,NA,NA,NA,NA,NA,NA,NA,NA,NA,NA,NA,NA,NA,NA,NA,NA,NA,145,0,145,1,FALSE,FALSE,FALSE,FALSE,FALSE,FALSE,0,0,1,0,0,NA,NA,NA,NA,NA,NA,65.55555555555556,-0.05667388423761632,NA,NA,NA,NA,NA,NA,NA,NA,NA,NA,NA,NA,NA,NA,NA,NA,NA,NA,NA,NA,NA,NA,NA,TRUE,TRUE,No controls
100,1029,1,R_6RsbOxJ2jA915mc,0,0,1,0,0,1,0,0,1,0,0,1,0,0,1,0,0,1,1,0,0,0,0,1,0,1,0,0,1,0,0,0,1,Never,Never,Never,1,NA,NA,NA,NA,NA,NA,NA,NA,NA,NA,NA,NA,NA,NA,NA,NA,NA,NA,NA,NA,NA,NA,NA,NA,NA,NA,NA,NA,NA,NA,NA,NA,NA,NA,NA,NA,NA,NA,NA,NA,NA,NA,NA,NA,NA,NA,NA,NA,NA,NA,NA,NA,NA,NA,NA,NA,NA,NA,NA,NA,NA,NA,NA,NA,NA,NA,NA,NA,NA,NA,NA,NA,NA,NA,NA,NA,NA,NA,NA,NA,NA,NA,NA,NA,NA,NA,NA,NA,NA,NA,NA,NA,NA,NA,NA,NA,NA,NA,NA,NA,NA,NA,NA,NA,NA,NA,NA,NA,NA,NA,NA,NA,NA,NA,NA,NA,NA,NA,NA,NA,NA,NA,NA,NA,NA,NA,NA,NA,NA,NA,NA,NA,NA,NA,NA,NA,NA,NA,NA,NA,NA,NA,NA,NA,NA,NA,iP3bc30126fcc2d484,NA,NA,B,FALSE,TRUE,FALSE,FALSE,TRUE,FALSE,FALSE,0,3,1,17.15,0,0,1,1,0,0,0,82,85,100,94,100,100,48,100,86,50,79,66,72,65,90,72,72,50,100,76,59,100,63,100,31,41,83,87,40,61,82,100,100,97,36,100,10,15,50,61,85,100,NA,NA,NA,NA,NA,NA,NA,NA,NA,NA,NA,NA,NA,NA,NA,NA,NA,NA,NA,NA,NA,NA,NA,72,24,90,87,74,67,67,85,42,74,5,71,100,100,100,100,100,100,69,85,41,NA,NA,NA,NA,NA,NA,NA,NA,NA,NA,NA,NA,NA,NA,NA,NA,NA,NA,NA,NA,NA,NA,145,0,145,1,FALSE,FALSE,FALSE,FALSE,FALSE,FALSE,0,0,1,0,0,NA,NA,NA,NA,NA,NA,68.55555555555556,0.09990718280154724,NA,NA,NA,NA,NA,NA,NA,NA,NA,NA,NA,NA,NA,NA,NA,NA,NA,NA,NA,NA,NA,NA,NA,TRUE,TRUE,No controls
100,3117,1,R_5awtnc7hXVmGpiq,NA,1,0,NA,1,0,0,1,0,0,1,0,0,1,0,0,0,1,0,0,1,0,0,1,0,1,0,0,1,0,0,0,1,Sometimes,Never,Rarely,4,1,2,3,3,1,9,9,10,10,10,7,2,3,2,4,2,3,Purple,NA,NA,NA,NA,NA,NA,NA,NA,NA,NA,NA,NA,NA,NA,NA,NA,NA,NA,NA,NA,NA,NA,NA,NA,NA,NA,NA,NA,NA,NA,NA,NA,NA,NA,NA,NA,NA,NA,NA,NA,NA,NA,NA,NA,NA,NA,NA,NA,NA,NA,NA,NA,NA,NA,NA,NA,NA,NA,NA,NA,NA,NA,NA,NA,NA,NA,NA,NA,NA,NA,NA,NA,NA,NA,NA,NA,NA,NA,NA,NA,NA,NA,NA,NA,NA,NA,NA,NA,NA,NA,NA,NA,NA,NA,NA,NA,NA,NA,NA,NA,NA,NA,NA,NA,NA,NA,NA,NA,NA,NA,NA,NA,NA,NA,NA,NA,NA,NA,NA,NA,NA,NA,NA,NA,NA,NA,NA,NA,iP2ca486f864488fa6,NA,NA,A,TRUE,FALSE,TRUE,FALSE,TRUE,TRUE,FALSE,2,1,2,51.95,0,0,0,0,0,0,0,70,80,70,70,70,60,30,80,100,60,60,40,50,50,70,70,100,60,100,60,30,80,80,100,30,30,80,60,20,60,90,60,20,30,50,80,40,30,20,20,100,100,60,40,80,30,70,40,70,20,50,60,70,70,80,100,30,20,80,60,0,90,90,70,60,NA,NA,NA,NA,NA,NA,NA,NA,NA,NA,NA,NA,NA,NA,NA,NA,NA,NA,NA,NA,NA,NA,NA,NA,NA,NA,NA,NA,NA,NA,NA,NA,NA,NA,NA,NA,NA,NA,NA,NA,NA,NA,NA,127,0,127,0,FALSE,FALSE,FALSE,FALSE,FALSE,FALSE,1,NA,NA,1,NA,NA,NA,NA,NA,NA,NA,61.111111111111114,-0.28864583540674743,7,1,Rehab (1),3,3,3,3,NA,NA,NA,NA,NA,NA,NA,NA,NA,NA,NA,4,4,5,5,5,TRUE,TRUE,No controls
100,741,1,R_5rU7k8JnrlPGsj7,0,0,1,0,0,1,0,1,0,0,0,1,0,0,1,0,0,1,0,0,1,0,0,1,0,0,1,0,0,1,0,0,1,Never,Never,Rarely,4,1,1,1,1,1,10,9,10,10,10,6,1,4,4,4,5,4,purple,NA,NA,NA,NA,NA,NA,NA,NA,NA,NA,NA,NA,NA,NA,NA,NA,NA,NA,NA,NA,NA,NA,NA,NA,NA,NA,NA,NA,NA,NA,NA,NA,NA,NA,NA,NA,NA,NA,NA,NA,NA,NA,NA,NA,NA,NA,NA,NA,NA,NA,NA,NA,NA,NA,NA,NA,NA,NA,NA,NA,NA,NA,NA,NA,NA,NA,NA,NA,NA,NA,NA,NA,NA,NA,NA,NA,NA,NA,NA,NA,NA,NA,NA,NA,NA,NA,NA,NA,NA,NA,NA,NA,NA,NA,NA,NA,NA,NA,NA,NA,NA,NA,NA,NA,NA,NA,NA,NA,NA,NA,NA,NA,NA,NA,NA,NA,NA,NA,NA,NA,NA,NA,NA,NA,NA,NA,NA,NA,iPfe5a46bad76323e4,NA,NA,B,TRUE,FALSE,TRUE,FALSE,TRUE,TRUE,FALSE,2,1,2,12.35,0,1,1,1,0,0,0,100,100,100,100,100,100,100,100,100,100,100,77,100,100,100,100,100,100,100,100,100,100,100,100,51,100,100,100,100,100,100,100,100,100,100,100,80,98,94,94,100,100,NA,NA,NA,NA,NA,NA,NA,NA,NA,NA,NA,NA,NA,NA,NA,NA,NA,NA,NA,NA,NA,NA,NA,100,36,100,100,100,89,80,100,100,28,43,93,100,100,100,100,100,100,100,100,85,NA,NA,NA,NA,NA,NA,NA,NA,NA,NA,NA,NA,NA,NA,NA,NA,NA,NA,NA,NA,NA,NA,127,0,127,0,FALSE,FALSE,FALSE,FALSE,FALSE,FALSE,0,0,1,0,0,NA,NA,NA,NA,NA,NA,100,1.7411087373231504,6,2,Rehab (2),4,2.5,3.25,4,NA,NA,NA,NA,NA,NA,NA,NA,NA,NA,NA,5,4,5,5,5,TRUE,TRUE,No controls
100,2916,1,R_5IMJNoeXM5q5hQo,0,0,1,0,0,1,0,1,0,0,0,1,1,1,0,0,0,1,1,0,0,0,0,1,0,1,0,0,0,1,0,0,1,Rarely,Never,Rarely,4,2,2,2,2,2,9,8,9,9,8,4,1,2.5,2,1,1,2,Purple,2,2,1,2,2,1,1,3,3,3,1,1,1,1,2,2,2,2,4,4,2,3,4,3,4,2,1,1,3,2,2,2,3,3,3,3,-99,2,3,2,2,3,3,3,1,4,4,2,2,3,1,1,3,3,3,3,2,1,2,3,3,3,3,1,3,NA,3,1,4,3,1,2,3,2,3,2,5,6,5,4,5,5,6,6,6,NA,NA,NA,NA,NA,NA,NA,NA,NA,NA,NA,NA,NA,NA,NA,NA,NA,NA,NA,NA,NA,NA,NA,NA,NA,NA,NA,NA,NA,NA,NA,NA,NA,NA,NA,NA,NA,NA,NA,NA,NA,NA,NA,iPc962a7dd410bda1f,NA,NA,C,TRUE,FALSE,TRUE,FALSE,TRUE,TRUE,TRUE,2,1,3,48.6,0,0,0,0,0,0,0,50,50,50,50,50,50,50,50,50,50,50,50,50,50,49,50,50,50,50,50,50,50,50,50,50,50,50,50,50,37,50,49,50,50,50,46,50,50,50,50,50,49,NA,NA,NA,NA,NA,NA,NA,NA,NA,NA,NA,NA,NA,NA,NA,NA,NA,NA,NA,NA,NA,NA,NA,NA,NA,NA,NA,NA,NA,NA,NA,NA,NA,NA,NA,NA,NA,NA,NA,NA,NA,NA,NA,NA,50,49,50,50,50,50,50,50,51,50,50,50,50,50,50,50,50,49,50,50,50,37,43,0,43,1,FALSE,FALSE,FALSE,FALSE,FALSE,FALSE,0,0,1,0,0,NA,NA,NA,NA,NA,NA,50,-0.8685757133295756,4,4,Neutral (4),4,4,4,1.875,3,3,3,3,1,1,1,2,4,1,2.5,4,3,4,4,3,FALSE,TRUE,Some controls missing
100,37387,1,R_59vXW9gVzQUtDLX,0,0,1,0,1,1,0,0,1,0,0,1,0,0,1,0,0,1,0,0,1,0,0,1,0,0,1,0,0,1,0,0,1,Never,Never,Rarely,4,1,1,1,1,1,8,8,8,8,8,4,5,2.5,2.5,2.5,5,2.5,purple,NA,NA,NA,NA,NA,NA,NA,NA,NA,NA,NA,NA,NA,NA,NA,NA,NA,NA,NA,NA,NA,NA,NA,NA,NA,NA,NA,NA,NA,NA,NA,NA,NA,NA,NA,NA,NA,NA,NA,NA,NA,NA,NA,NA,NA,NA,NA,NA,NA,NA,NA,NA,NA,NA,NA,NA,NA,NA,NA,NA,NA,NA,NA,NA,NA,NA,NA,NA,NA,NA,NA,NA,NA,NA,NA,NA,NA,NA,NA,NA,NA,NA,NA,NA,NA,NA,NA,NA,NA,NA,NA,NA,NA,NA,NA,NA,NA,NA,NA,NA,NA,NA,NA,NA,NA,NA,NA,NA,NA,NA,NA,NA,NA,NA,NA,NA,NA,NA,NA,NA,NA,NA,NA,NA,NA,NA,NA,NA,iP4e4e9878a0f81420,NA,NA,C,TRUE,FALSE,TRUE,FALSE,TRUE,TRUE,FALSE,2,1,2,623.1166666666667,0,0,0,0,1,1,0,50,50,50,50,50,50,50,50,50,50,50,50,50,50,50,50,50,50,50,50,50,50,50,50,50,50,50,50,50,50,50,50,50,50,50,50,50,50,50,50,50,50,NA,NA,NA,NA,NA,NA,NA,NA,NA,NA,NA,NA,NA,NA,NA,NA,NA,NA,NA,NA,NA,NA,NA,NA,NA,NA,NA,NA,NA,NA,NA,NA,NA,NA,NA,NA,NA,NA,NA,NA,NA,NA,NA,NA,50,50,50,50,50,50,50,50,50,50,50,50,50,50,50,50,50,50,50,50,50,50,127,0,127,0,FALSE,FALSE,FALSE,FALSE,FALSE,FALSE,0,0,1,0,0,NA,NA,NA,NA,NA,NA,50,-0.8685757133295756,4,4,Neutral (4),2.5,2.5,2.5,2.5,NA,NA,NA,NA,NA,NA,NA,NA,NA,NA,NA,3,3,3,3,3,TRUE,TRUE,No controls
100,900,1,R_38XV03i0v68mPaH,NA,1,0,NA,1,0,0,1,0,0,1,0,1,0,0,0,1,0,0,0,1,0,0,1,1,0,0,1,1,0,0,1,1,Frequently,Sometimes,Frequently,4,1,1,1,1,1,10,10,10,10,10,2,5,4,2.5,4,5,2.5,purple,NA,NA,NA,NA,NA,NA,NA,NA,NA,NA,NA,NA,NA,NA,NA,NA,NA,NA,NA,NA,NA,NA,NA,NA,NA,NA,NA,NA,NA,NA,NA,NA,NA,NA,NA,NA,NA,NA,NA,NA,NA,NA,NA,NA,NA,NA,NA,NA,NA,NA,NA,NA,NA,NA,NA,NA,NA,NA,NA,NA,NA,NA,NA,NA,NA,NA,NA,NA,NA,NA,NA,NA,NA,NA,NA,NA,NA,NA,NA,NA,NA,NA,NA,NA,NA,NA,NA,NA,NA,NA,NA,NA,NA,NA,NA,NA,NA,NA,NA,NA,NA,NA,NA,NA,NA,NA,NA,NA,NA,NA,NA,NA,NA,NA,NA,NA,NA,NA,NA,NA,NA,NA,NA,NA,NA,NA,NA,NA,iP534f35d6a6d9c9e8,NA,NA,A,TRUE,FALSE,TRUE,FALSE,TRUE,TRUE,FALSE,2,1,2,15,0,0,1,1,0,0,0,100,100,100,60,100,100,100,100,100,100,100,100,40,70,100,80,40,50,40,100,90,0,40,100,80,100,100,80,100,70,90,80,100,80,90,40,100,100,100,80,100,80,100,70,100,100,100,60,60,30,60,100,100,70,70,100,100,80,60,100,100,100,100,80,100,NA,NA,NA,NA,NA,NA,NA,NA,NA,NA,NA,NA,NA,NA,NA,NA,NA,NA,NA,NA,NA,NA,NA,NA,NA,NA,NA,NA,NA,NA,NA,NA,NA,NA,NA,NA,NA,NA,NA,NA,NA,NA,NA,127,0,127,0,FALSE,FALSE,FALSE,FALSE,FALSE,FALSE,1,NA,NA,1,NA,NA,NA,NA,NA,NA,NA,73.33333333333333,0.349277030308363,2,6,Punish (6),2.5,2.5,2.5,3.25,NA,NA,NA,NA,NA,NA,NA,NA,NA,NA,NA,5,5,5,5,5,TRUE,TRUE,No controls
100,797,1,R_1Ns2FM4IyE3EDvG,0,0,1,0,1,0,0,1,0,0,0,1,1,0,0,0,0,1,0,0,1,0,0,1,1,0,0,0,0,1,0,0,1,Never,Never,Rarely,1,NA,NA,NA,NA,NA,NA,NA,NA,NA,NA,NA,NA,NA,NA,NA,NA,NA,NA,NA,NA,NA,NA,NA,NA,NA,NA,NA,NA,NA,NA,NA,NA,NA,NA,NA,NA,NA,NA,NA,NA,NA,NA,NA,NA,NA,NA,NA,NA,NA,NA,NA,NA,NA,NA,NA,NA,NA,NA,NA,NA,NA,NA,NA,NA,NA,NA,NA,NA,NA,NA,NA,NA,NA,NA,NA,NA,NA,NA,NA,NA,NA,NA,NA,NA,NA,NA,NA,NA,NA,NA,NA,NA,NA,NA,NA,NA,NA,NA,NA,NA,NA,NA,NA,NA,NA,NA,NA,NA,NA,NA,NA,NA,NA,NA,NA,NA,NA,NA,NA,NA,NA,NA,NA,NA,NA,NA,NA,NA,NA,NA,NA,NA,NA,NA,NA,NA,NA,NA,NA,NA,NA,NA,NA,NA,NA,NA,iP7246e133ceee83f0,NA,NA,A,FALSE,TRUE,FALSE,FALSE,TRUE,FALSE,FALSE,0,3,1,13.283333333333331,0,0,1,1,0,0,0,70,60,60,60,70,60,10,80,60,30,60,20,NA,70,30,70,70,70,70,70,40,80,60,70,20,10,20,30,40,20,80,30,20,10,20,70,30,40,60,40,70,70,70,0,70,10,60,30,60,20,20,80,60,30,70,80,70,10,70,70,60,70,70,60,60,NA,NA,NA,NA,NA,NA,NA,NA,NA,NA,NA,NA,NA,NA,NA,NA,NA,NA,NA,NA,NA,NA,NA,NA,NA,NA,NA,NA,NA,NA,NA,NA,NA,NA,NA,NA,NA,NA,NA,NA,NA,NA,NA,146,0,146,1,FALSE,FALSE,FALSE,FALSE,FALSE,FALSE,0,0,1,0,0,NA,NA,NA,NA,NA,NA,55,-0.607607268264303,NA,NA,NA,NA,NA,NA,NA,NA,NA,NA,NA,NA,NA,NA,NA,NA,NA,NA,NA,NA,NA,NA,NA,TRUE,TRUE,No controls
100,743,1,R_778pyHRaOiPjmyB,1,1,0,1,1,0,1,1,0,0,1,0,1,1,0,0,0,1,0,1,0,0,1,0,1,1,0,1,1,0,0,0,1,Sometimes,Rarely,Sometimes,4,2,2,2,2,1,9,9,10,9,10,2,3,3,4,3,2,3,Purple,NA,NA,NA,NA,NA,NA,NA,NA,NA,NA,NA,NA,NA,NA,NA,NA,NA,NA,NA,NA,NA,NA,NA,NA,NA,NA,NA,NA,NA,NA,NA,NA,NA,NA,NA,NA,NA,NA,NA,NA,NA,NA,NA,NA,NA,NA,NA,NA,NA,NA,NA,NA,NA,NA,NA,NA,NA,NA,NA,NA,NA,NA,NA,NA,NA,NA,NA,NA,NA,NA,NA,NA,NA,NA,NA,NA,NA,NA,NA,NA,NA,NA,NA,NA,NA,NA,NA,NA,NA,NA,NA,NA,NA,NA,NA,NA,NA,NA,NA,NA,NA,NA,NA,NA,NA,NA,NA,NA,NA,NA,NA,NA,NA,NA,NA,NA,NA,NA,NA,NA,NA,NA,NA,NA,NA,NA,NA,NA,iPaf256b5a7012eb15,NA,NA,B,TRUE,FALSE,TRUE,FALSE,TRUE,TRUE,FALSE,2,1,2,12.383333333333333,0,1,1,1,0,0,0,31,80,36,28,65,6,32,61,28,21,16,27,38,69,15,71,60,29,15,82,0,67,70,78,0,26,0,0,0,58,39,15,6,13,36,19,6,37,17,0,39,41,NA,NA,NA,NA,NA,NA,NA,NA,NA,NA,NA,NA,NA,NA,NA,NA,NA,NA,NA,NA,NA,NA,NA,14,5,68,37,53,1,0,42,17,16,35,19,71,68,64,67,63,37,20,35,9,NA,NA,NA,NA,NA,NA,NA,NA,NA,NA,NA,NA,NA,NA,NA,NA,NA,NA,NA,NA,NA,NA,127,0,127,0,FALSE,FALSE,FALSE,FALSE,FALSE,FALSE,1,1,0,1,1,NA,NA,NA,NA,NA,NA,38.77777777777778,-1.454304890031632,2,6,Punish (6),2,3,2.5,3.25,NA,NA,NA,NA,NA,NA,NA,NA,NA,NA,NA,4,4,5,4,5,TRUE,TRUE,No controls
100,920,1,R_32z6sadwRCN6TmE,NA,NA,1,1,1,0,1,1,0,0,0,1,0,0,1,0,0,1,0,0,1,1,1,0,0,0,1,0,0,1,0,0,1,Sometimes,Sometimes,Sometimes,4,2,2,2,2,2,9,8,8,8,9,5,5,3,3,4,1,3,purple,NA,NA,NA,NA,NA,NA,NA,NA,NA,NA,NA,NA,NA,NA,NA,NA,NA,NA,NA,NA,NA,NA,NA,NA,NA,NA,NA,NA,NA,NA,NA,NA,NA,NA,NA,NA,NA,NA,NA,NA,NA,NA,NA,NA,NA,NA,NA,NA,NA,NA,NA,NA,NA,NA,NA,NA,NA,NA,NA,NA,NA,NA,NA,NA,NA,NA,NA,NA,NA,NA,NA,NA,NA,NA,NA,NA,NA,NA,NA,NA,NA,NA,NA,NA,NA,NA,NA,NA,NA,NA,NA,NA,NA,NA,NA,NA,NA,NA,NA,NA,NA,NA,NA,NA,NA,NA,NA,NA,NA,NA,NA,NA,NA,NA,NA,NA,NA,NA,NA,NA,NA,NA,NA,NA,NA,NA,NA,NA,iPab555086668e5271,NA,NA,C,TRUE,FALSE,TRUE,FALSE,TRUE,TRUE,FALSE,2,1,2,15.333333333333334,0,0,1,1,0,0,0,88,92,86,75,86,72,14,77,100,84,65,71,77,82,78,77,13,71,67,90,77,89,88,97,90,76,75,88,87,95,90,23,100,83,95,72,26,71,100,86,77,21,NA,NA,NA,NA,NA,NA,NA,NA,NA,NA,NA,NA,NA,NA,NA,NA,NA,NA,NA,NA,NA,NA,NA,NA,NA,NA,NA,NA,NA,NA,NA,NA,NA,NA,NA,NA,NA,NA,NA,NA,NA,NA,NA,NA,22,100,94,86,80,87,86,88,81,74,92,67,85,89,12,77,76,88,76,79,87,78,127,0,127,0,FALSE,FALSE,FALSE,FALSE,FALSE,FALSE,1,NA,1,NA,1,NA,NA,NA,NA,NA,NA,73.33333333333333,0.349277030308363,5,3,Rehab (3),2.5,4,3.25,3.25,NA,NA,NA,NA,NA,NA,NA,NA,NA,NA,NA,4,3,3,3,4,TRUE,TRUE,No controls
100,627,1,R_7Ew2SK8zAtCELMR,NA,1,0,NA,0,1,0,1,0,0,1,0,0,1,0,0,0,1,0,0,1,0,0,1,1,0,0,1,0,0,0,0,1,Sometimes,Sometimes,Sometimes,1,NA,NA,NA,NA,NA,NA,NA,NA,NA,NA,NA,NA,NA,NA,NA,NA,NA,NA,NA,NA,NA,NA,NA,NA,NA,NA,NA,NA,NA,NA,NA,NA,NA,NA,NA,NA,NA,NA,NA,NA,NA,NA,NA,NA,NA,NA,NA,NA,NA,NA,NA,NA,NA,NA,NA,NA,NA,NA,NA,NA,NA,NA,NA,NA,NA,NA,NA,NA,NA,NA,NA,NA,NA,NA,NA,NA,NA,NA,NA,NA,NA,NA,NA,NA,NA,NA,NA,NA,NA,NA,NA,NA,NA,NA,NA,NA,NA,NA,NA,NA,NA,NA,NA,NA,NA,NA,NA,NA,NA,NA,NA,NA,NA,NA,NA,NA,NA,NA,NA,NA,NA,NA,NA,NA,NA,NA,NA,NA,NA,NA,NA,NA,NA,NA,NA,NA,NA,NA,NA,NA,NA,NA,NA,NA,NA,NA,iPcb7f9c587e4d8b46,NA,NA,A,FALSE,TRUE,FALSE,FALSE,TRUE,FALSE,FALSE,0,3,1,10.45,0,1,1,1,0,0,0,70,70,50,50,50,50,50,70,60,50,50,60,70,70,60,70,80,80,70,90,20,60,80,50,40,60,80,50,60,60,50,50,50,50,50,80,50,50,20,20,60,60,60,50,50,70,50,20,50,50,50,50,50,60,70,80,50,50,50,50,60,50,30,50,70,NA,NA,NA,NA,NA,NA,NA,NA,NA,NA,NA,NA,NA,NA,NA,NA,NA,NA,NA,NA,NA,NA,NA,NA,NA,NA,NA,NA,NA,NA,NA,NA,NA,NA,NA,NA,NA,NA,NA,NA,NA,NA,NA,145,0,145,1,FALSE,FALSE,FALSE,FALSE,FALSE,FALSE,1,NA,NA,1,NA,NA,NA,NA,NA,NA,NA,72.22222222222223,0.29128404251608075,NA,NA,NA,NA,NA,NA,NA,NA,NA,NA,NA,NA,NA,NA,NA,NA,NA,NA,NA,NA,NA,NA,NA,TRUE,TRUE,No controls
100,610,1,R_3hEkFSN7xdBcWCg,0,0,1,0,0,1,1,0,0,0,0,1,0,0,1,0,0,1,0,0,1,0,0,1,0,0,1,0,1,0,1,0,0,Sometimes,Never,Sometimes,4,1,1,1,1,1,6,9,9,10,10,6,5,4,2.5,4,3,2.5,Purple,NA,NA,NA,NA,NA,NA,NA,NA,NA,NA,NA,NA,NA,NA,NA,NA,NA,NA,NA,NA,NA,NA,NA,NA,NA,NA,NA,NA,NA,NA,NA,NA,NA,NA,NA,NA,NA,NA,NA,NA,NA,NA,NA,NA,NA,NA,NA,NA,NA,NA,NA,NA,NA,NA,NA,NA,NA,NA,NA,NA,NA,NA,NA,NA,NA,NA,NA,NA,NA,NA,NA,NA,NA,NA,NA,NA,NA,NA,NA,NA,NA,NA,NA,NA,NA,NA,NA,NA,NA,NA,NA,NA,NA,NA,NA,NA,NA,NA,NA,NA,NA,NA,NA,NA,NA,NA,NA,NA,NA,NA,NA,NA,NA,NA,NA,NA,NA,NA,NA,NA,NA,NA,NA,NA,NA,NA,NA,NA,iP251a1a1159db0269,NA,NA,A,TRUE,FALSE,TRUE,FALSE,TRUE,TRUE,FALSE,2,1,2,10.166666666666666,0,1,1,1,0,0,0,100,100,100,100,100,100,30,100,100,20,100,20,100,100,100,100,100,100,100,100,100,100,100,100,10,30,100,30,20,100,100,20,30,60,70,20,100,100,100,100,100,100,100,20,100,10,100,100,100,70,100,100,100,100,100,100,10,20,100,100,20,100,100,100,100,NA,NA,NA,NA,NA,NA,NA,NA,NA,NA,NA,NA,NA,NA,NA,NA,NA,NA,NA,NA,NA,NA,NA,NA,NA,NA,NA,NA,NA,NA,NA,NA,NA,NA,NA,NA,NA,NA,NA,NA,NA,NA,NA,127,0,127,0,FALSE,FALSE,FALSE,FALSE,FALSE,FALSE,0,0,1,0,0,NA,NA,NA,NA,NA,NA,83.33333333333333,0.8712139204389082,6,2,Rehab (2),2.5,2,2.25,3.25,NA,NA,NA,NA,NA,NA,NA,NA,NA,NA,NA,1,4,4,5,5,TRUE,TRUE,No controls
100,784,1,R_1jNBFWsBoHSwYCs,0,0,1,0,0,1,1,1,0,0,1,0,1,1,0,0,0,1,1,1,0,0,0,1,0,0,1,1,1,0,0,0,1,Sometimes,Sometimes,Frequently,1,NA,NA,NA,NA,NA,NA,NA,NA,NA,NA,NA,NA,NA,NA,NA,NA,NA,NA,NA,NA,NA,NA,NA,NA,NA,NA,NA,NA,NA,NA,NA,NA,NA,NA,NA,NA,NA,NA,NA,NA,NA,NA,NA,NA,NA,NA,NA,NA,NA,NA,NA,NA,NA,NA,NA,NA,NA,NA,NA,NA,NA,NA,NA,NA,NA,NA,NA,NA,NA,NA,NA,NA,NA,NA,NA,NA,NA,NA,NA,NA,NA,NA,NA,NA,NA,NA,NA,NA,NA,NA,NA,NA,NA,NA,NA,NA,NA,NA,NA,NA,NA,NA,NA,NA,NA,NA,NA,NA,NA,NA,NA,NA,NA,NA,NA,NA,NA,NA,NA,NA,NA,NA,NA,NA,NA,NA,NA,NA,NA,NA,NA,NA,NA,NA,NA,NA,NA,NA,NA,NA,NA,NA,NA,NA,NA,NA,iPc509c620baaba30c,NA,NA,C,FALSE,TRUE,FALSE,FALSE,TRUE,FALSE,FALSE,0,3,1,13.066666666666666,0,0,1,1,0,0,0,100,100,100,100,50,100,95,100,100,88,100,86,99,100,75,99,100,50,100,100,24,70,92,89,81,49,100,100,74,70,100,100,100,100,93,55,100,100,27,31,74,86,NA,NA,NA,NA,NA,NA,NA,NA,NA,NA,NA,NA,NA,NA,NA,NA,NA,NA,NA,NA,NA,NA,NA,NA,NA,NA,NA,NA,NA,NA,NA,NA,NA,NA,NA,NA,NA,NA,NA,NA,NA,NA,NA,NA,100,100,100,81,81,100,94,100,100,0,100,0,30,100,100,100,100,100,100,50,100,100,145,0,145,1,FALSE,FALSE,FALSE,FALSE,FALSE,FALSE,0,0,1,0,0,NA,NA,NA,NA,NA,NA,91.33333333333331,1.2887634325433444,NA,NA,NA,NA,NA,NA,NA,NA,NA,NA,NA,NA,NA,NA,NA,NA,NA,NA,NA,NA,NA,NA,NA,TRUE,TRUE,No controls
100,711,1,R_3spunp2e69AU5Fw,0,0,1,0,0,1,0,0,1,0,0,1,0,1,0,0,0,1,0,0,1,0,0,1,1,1,0,0,0,1,0,0,1,Rarely,Never,Rarely,4,1,1,2,2,2,10,10,10,10,10,4,2,2.5,1,3,2,2.5,purple,NA,NA,NA,NA,NA,NA,NA,NA,NA,NA,NA,NA,NA,NA,NA,NA,NA,NA,NA,NA,NA,NA,NA,NA,NA,NA,NA,NA,NA,NA,NA,NA,NA,NA,NA,NA,NA,NA,NA,NA,NA,NA,NA,NA,NA,NA,NA,NA,NA,NA,NA,NA,NA,NA,NA,NA,NA,NA,NA,NA,NA,NA,NA,NA,NA,NA,NA,NA,NA,NA,NA,NA,NA,NA,NA,NA,NA,NA,NA,NA,NA,NA,NA,NA,NA,NA,NA,NA,NA,NA,NA,NA,NA,NA,NA,NA,NA,NA,NA,NA,NA,NA,NA,NA,NA,NA,NA,NA,NA,NA,NA,NA,NA,NA,NA,NA,NA,NA,NA,NA,NA,NA,NA,NA,NA,NA,NA,NA,iP1a7a9788203804f7,NA,NA,C,TRUE,FALSE,TRUE,FALSE,TRUE,TRUE,FALSE,2,1,2,11.85,0,1,1,1,0,0,0,94,100,80,86,70,72,51,100,72,77,46,16,49,67,54,100,100,73,100,84,50,100,80,79,14,11,94,75,9,50,67,66,63,56,30,73,45,50,50,50,67,70,NA,NA,NA,NA,NA,NA,NA,NA,NA,NA,NA,NA,NA,NA,NA,NA,NA,NA,NA,NA,NA,NA,NA,NA,NA,NA,NA,NA,NA,NA,NA,NA,NA,NA,NA,NA,NA,NA,NA,NA,NA,NA,NA,NA,72,100,88,74,79,82,100,90,85,0,76,0,43,92,50,69,64,51,85,53,54,72,127,0,127,0,FALSE,FALSE,FALSE,FALSE,FALSE,FALSE,0,0,1,0,0,NA,NA,NA,NA,NA,NA,72.33333333333333,0.29708334129530845,4,4,Neutral (4),3,3,3,2.25,NA,NA,NA,NA,NA,NA,NA,NA,NA,NA,NA,5,5,5,5,5,TRUE,TRUE,No controls
100,868,1,R_3rz8j19a1hicry9,NA,1,0,NA,0,1,0,1,0,0,1,0,0,1,0,0,0,1,0,0,1,0,0,1,1,0,0,0,0,1,0,0,1,Sometimes,Never,Rarely,4,1,2,3,2,2,7,8,9,9,9,3,3,2,2,3,2,2,Purple,NA,NA,NA,NA,NA,NA,NA,NA,NA,NA,NA,NA,NA,NA,NA,NA,NA,NA,NA,NA,NA,NA,NA,NA,NA,NA,NA,NA,NA,NA,NA,NA,NA,NA,NA,NA,NA,NA,NA,NA,NA,NA,NA,NA,NA,NA,NA,NA,NA,NA,NA,NA,NA,NA,NA,NA,NA,NA,NA,NA,NA,NA,NA,NA,NA,NA,NA,NA,NA,NA,NA,NA,NA,NA,NA,NA,NA,NA,NA,NA,NA,NA,NA,NA,NA,NA,NA,NA,NA,NA,NA,NA,NA,NA,NA,NA,NA,NA,NA,NA,NA,NA,NA,NA,NA,NA,NA,NA,NA,NA,NA,NA,NA,NA,NA,NA,NA,NA,NA,NA,NA,NA,NA,NA,NA,NA,NA,NA,iPe3c5cf15bb87bc1f,NA,NA,B,TRUE,FALSE,TRUE,FALSE,TRUE,TRUE,FALSE,2,1,2,14.466666666666669,0,0,1,1,0,0,0,49,49,49,49,49,49,21,49,20,20,0,0,60,70,59,63,70,66,70,90,45,77,44,94,15,15,75,60,29,49,70,40,15,8,40,69,29,49,30,11,42,60,NA,NA,NA,NA,NA,NA,NA,NA,NA,NA,NA,NA,NA,NA,NA,NA,NA,NA,NA,NA,NA,NA,NA,49,49,60,55,47,30,20,53,35,3,63,46,98,100,100,76,61,67,50,60,30,NA,NA,NA,NA,NA,NA,NA,NA,NA,NA,NA,NA,NA,NA,NA,NA,NA,NA,NA,NA,NA,NA,127,0,127,0,FALSE,FALSE,FALSE,FALSE,FALSE,FALSE,1,NA,NA,1,NA,NA,NA,NA,NA,NA,NA,64.77777777777777,-0.0972689756922147,3,5,Punish (5),2,3,2.5,2.25,NA,NA,NA,NA,NA,NA,NA,NA,NA,NA,NA,2,3,4,4,4,TRUE,TRUE,No controls
100,881,1,R_13vZdGoLER3K4KS,NA,1,0,NA,1,0,0,1,0,0,0,1,0,1,0,0,0,1,0,0,1,0,0,1,0,1,0,0,1,0,0,0,1,Sometimes,Rarely,Sometimes,1,NA,NA,NA,NA,NA,NA,NA,NA,NA,NA,NA,NA,NA,NA,NA,NA,NA,NA,NA,NA,NA,NA,NA,NA,NA,NA,NA,NA,NA,NA,NA,NA,NA,NA,NA,NA,NA,NA,NA,NA,NA,NA,NA,NA,NA,NA,NA,NA,NA,NA,NA,NA,NA,NA,NA,NA,NA,NA,NA,NA,NA,NA,NA,NA,NA,NA,NA,NA,NA,NA,NA,NA,NA,NA,NA,NA,NA,NA,NA,NA,NA,NA,NA,NA,NA,NA,NA,NA,NA,NA,NA,NA,NA,NA,NA,NA,NA,NA,NA,NA,NA,NA,NA,NA,NA,NA,NA,NA,NA,NA,NA,NA,NA,NA,NA,NA,NA,NA,NA,NA,NA,NA,NA,NA,NA,NA,NA,NA,NA,NA,NA,NA,NA,NA,NA,NA,NA,NA,NA,NA,NA,NA,NA,NA,NA,NA,iPe5722a4606df10a6,NA,NA,B,FALSE,TRUE,FALSE,FALSE,TRUE,FALSE,FALSE,0,3,1,14.683333333333334,0,0,1,1,0,0,0,57,99,45,100,74,28,25,72,7,77,77,93,70,33,61,92,77,70,76,27,33,87,96,90,76,77,16,80,71,51,30,29,24,16,60,25,20,70,37,38,30,67,NA,NA,NA,NA,NA,NA,NA,NA,NA,NA,NA,NA,NA,NA,NA,NA,NA,NA,NA,NA,NA,NA,NA,77,57,77,71,91,11,77,65,76,100,100,73,100,85,83,68,75,85,100,27,16,NA,NA,NA,NA,NA,NA,NA,NA,NA,NA,NA,NA,NA,NA,NA,NA,NA,NA,NA,NA,NA,NA,145,0,145,1,FALSE,FALSE,FALSE,FALSE,FALSE,FALSE,1,NA,NA,1,NA,NA,NA,NA,NA,NA,NA,59.55555555555556,-0.3698360183159435,NA,NA,NA,NA,NA,NA,NA,NA,NA,NA,NA,NA,NA,NA,NA,NA,NA,NA,NA,NA,NA,NA,NA,TRUE,TRUE,No controls
100,763,1,R_3qvU3rI2a6ld0wF,0,0,1,0,0,1,0,1,0,0,0,1,0,1,0,0,0,1,0,0,1,0,0,1,0,1,0,0,1,0,0,0,1,Never,Never,Never,1,NA,NA,NA,NA,NA,NA,NA,NA,NA,NA,NA,NA,NA,NA,NA,NA,NA,NA,NA,NA,NA,NA,NA,NA,NA,NA,NA,NA,NA,NA,NA,NA,NA,NA,NA,NA,NA,NA,NA,NA,NA,NA,NA,NA,NA,NA,NA,NA,NA,NA,NA,NA,NA,NA,NA,NA,NA,NA,NA,NA,NA,NA,NA,NA,NA,NA,NA,NA,NA,NA,NA,NA,NA,NA,NA,NA,NA,NA,NA,NA,NA,NA,NA,NA,NA,NA,NA,NA,NA,NA,NA,NA,NA,NA,NA,NA,NA,NA,NA,NA,NA,NA,NA,NA,NA,NA,NA,NA,NA,NA,NA,NA,NA,NA,NA,NA,NA,NA,NA,NA,NA,NA,NA,NA,NA,NA,NA,NA,NA,NA,NA,NA,NA,NA,NA,NA,NA,NA,NA,NA,NA,NA,NA,NA,NA,NA,iPdd7bbeb024d933f9,NA,NA,C,FALSE,TRUE,FALSE,FALSE,TRUE,FALSE,FALSE,0,3,1,12.716666666666669,0,0,1,1,0,0,0,100,100,100,100,100,100,90,100,100,50,0,0,100,100,100,100,100,100,100,100,100,100,60,100,0,80,100,100,90,100,100,100,100,100,100,100,25,100,80,60,100,100,NA,NA,NA,NA,NA,NA,NA,NA,NA,NA,NA,NA,NA,NA,NA,NA,NA,NA,NA,NA,NA,NA,NA,NA,NA,NA,NA,NA,NA,NA,NA,NA,NA,NA,NA,NA,NA,NA,NA,NA,NA,NA,NA,NA,100,100,100,100,100,100,100,100,100,10,100,0,80,100,100,100,100,100,100,100,100,100,145,0,145,1,FALSE,FALSE,FALSE,FALSE,FALSE,FALSE,0,0,1,0,0,NA,NA,NA,NA,NA,NA,98.88888888888889,1.6831157495308675,NA,NA,NA,NA,NA,NA,NA,NA,NA,NA,NA,NA,NA,NA,NA,NA,NA,NA,NA,NA,NA,NA,NA,TRUE,TRUE,No controls
100,613,1,R_1KryMKSUXsFMbrS,0,0,1,0,0,1,1,0,0,0,0,1,1,0,0,0,0,1,0,0,1,0,0,1,0,0,1,0,0,1,0,0,1,Rarely,Never,Sometimes,4,1,1,2,-99,1,10,10,10,10,10,4,5,4,4,4,2,4,Purple,NA,NA,NA,NA,NA,NA,NA,NA,NA,NA,NA,NA,NA,NA,NA,NA,NA,NA,NA,NA,NA,NA,NA,NA,NA,NA,NA,NA,NA,NA,NA,NA,NA,NA,NA,NA,NA,NA,NA,NA,NA,NA,NA,NA,NA,NA,NA,NA,NA,NA,NA,NA,NA,NA,NA,NA,NA,NA,NA,NA,NA,NA,NA,NA,NA,NA,NA,NA,NA,NA,NA,NA,NA,NA,NA,NA,NA,NA,NA,NA,NA,NA,NA,NA,NA,NA,NA,NA,NA,NA,NA,NA,NA,NA,NA,NA,NA,NA,NA,NA,NA,NA,NA,NA,NA,NA,NA,NA,NA,NA,NA,NA,NA,NA,NA,NA,NA,NA,NA,NA,NA,NA,NA,NA,NA,NA,NA,NA,iPaf4e0e38b5999788,NA,NA,B,TRUE,FALSE,TRUE,FALSE,TRUE,TRUE,FALSE,2,1,2,10.216666666666669,0,1,1,1,0,0,0,74,89,76,83,82,78,49,72,21,32,50,50,66,78,33,78,71,61,71,83,16,75,24,82,18,33,69,66,62,70,76,15,1,24,49,35,1,69,29,11,23,78,NA,NA,NA,NA,NA,NA,NA,NA,NA,NA,NA,NA,NA,NA,NA,NA,NA,NA,NA,NA,NA,NA,NA,9,5,86,69,78,9,12,1,68,5,2,22,87,91,88,75,81,62,73,8,23,NA,NA,NA,NA,NA,NA,NA,NA,NA,NA,NA,NA,NA,NA,NA,NA,NA,NA,NA,NA,NA,NA,127,0,127,0,FALSE,FALSE,FALSE,FALSE,FALSE,FALSE,0,0,1,0,0,NA,NA,NA,NA,NA,NA,70.44444444444444,0.19849526204842785,4,4,Neutral (4),2.5,3,2.75,4,NA,NA,NA,NA,NA,NA,NA,NA,NA,NA,NA,5,5,5,5,5,TRUE,TRUE,No controls
100,1067,1,R_5X5L6y8eFo11V7Q,0,0,1,0,0,1,0,0,1,0,0,1,0,0,1,0,0,1,0,0,1,0,0,1,0,0,1,0,0,1,0,0,1,Sometimes,Sometimes,Rarely,4,2,2,2,1,2,6,9,8,9,8,5,2,2,3,4,3,2,Purple,NA,NA,NA,NA,NA,NA,NA,NA,NA,NA,NA,NA,NA,NA,NA,NA,NA,NA,NA,NA,NA,NA,NA,NA,NA,NA,NA,NA,NA,NA,NA,NA,NA,NA,NA,NA,NA,NA,NA,NA,NA,NA,NA,NA,NA,NA,NA,NA,NA,NA,NA,NA,NA,NA,NA,NA,NA,NA,NA,NA,NA,NA,NA,NA,NA,NA,NA,NA,NA,NA,NA,NA,NA,NA,NA,NA,NA,NA,NA,NA,NA,NA,NA,NA,NA,NA,NA,NA,NA,NA,NA,NA,NA,NA,NA,NA,NA,NA,NA,NA,NA,NA,NA,NA,NA,NA,NA,NA,NA,NA,NA,NA,NA,NA,NA,NA,NA,NA,NA,NA,NA,NA,NA,NA,NA,NA,NA,NA,iPaec120e4c6114e0d,NA,NA,A,TRUE,FALSE,TRUE,FALSE,TRUE,TRUE,FALSE,2,1,2,17.783333333333335,0,0,1,1,0,0,0,70,70,20,90,60,70,30,30,30,80,70,70,100,80,70,30,30,100,60,70,20,50,80,70,70,30,80,80,100,90,80,20,60,70,30,70,30,70,30,70,30,100,20,30,80,30,70,20,80,100,80,60,30,20,80,80,20,30,70,80,60,80,30,30,70,NA,NA,NA,NA,NA,NA,NA,NA,NA,NA,NA,NA,NA,NA,NA,NA,NA,NA,NA,NA,NA,NA,NA,NA,NA,NA,NA,NA,NA,NA,NA,NA,NA,NA,NA,NA,NA,NA,NA,NA,NA,NA,NA,127,0,127,0,FALSE,FALSE,FALSE,FALSE,FALSE,FALSE,0,0,1,0,0,NA,NA,NA,NA,NA,NA,74.44444444444444,0.40727001810064595,5,3,Rehab (3),3,2,2.5,2.75,NA,NA,NA,NA,NA,NA,NA,NA,NA,NA,NA,1,4,3,4,3,TRUE,TRUE,No controls
100,1007,1,R_5D6HovHlg2uf1Q8,NA,1,0,NA,1,0,0,0,1,0,0,1,0,0,1,0,0,1,0,0,1,0,1,0,0,1,0,0,1,0,0,1,0,Sometimes,Never,Never,4,1,1,3,2,3,9,10,10,10,10,5,2,3,1,3,2,4,Purple,NA,NA,NA,NA,NA,NA,NA,NA,NA,NA,NA,NA,NA,NA,NA,NA,NA,NA,NA,NA,NA,NA,NA,NA,NA,NA,NA,NA,NA,NA,NA,NA,NA,NA,NA,NA,NA,NA,NA,NA,NA,NA,NA,NA,NA,NA,NA,NA,NA,NA,NA,NA,NA,NA,NA,NA,NA,NA,NA,NA,NA,NA,NA,NA,NA,NA,NA,NA,NA,NA,NA,NA,NA,NA,NA,NA,NA,NA,NA,NA,NA,NA,NA,NA,NA,NA,NA,NA,NA,NA,NA,NA,NA,NA,NA,NA,NA,NA,NA,NA,NA,NA,NA,NA,NA,NA,NA,NA,NA,NA,NA,NA,NA,NA,NA,NA,NA,NA,NA,NA,NA,NA,NA,NA,NA,NA,NA,NA,iPc42cf4e16fea5e5a,NA,NA,B,TRUE,FALSE,TRUE,FALSE,TRUE,TRUE,FALSE,2,1,2,16.783333333333335,0,0,1,1,0,0,0,66,61,19,30,12,25,77,71,82,65,89,27,64,14,24,60,70,32,5,59,20,80,87,73,4,21,61,33,19,25,81,40,14,18,17,13,80,26,13,10,82,70,NA,NA,NA,NA,NA,NA,NA,NA,NA,NA,NA,NA,NA,NA,NA,NA,NA,NA,NA,NA,NA,NA,NA,58,31,30,70,21,86,21,9,69,27,4,10,79,76,77,84,33,87,92,2,21,NA,NA,NA,NA,NA,NA,NA,NA,NA,NA,NA,NA,NA,NA,NA,NA,NA,NA,NA,NA,NA,NA,127,0,127,0,FALSE,FALSE,FALSE,FALSE,FALSE,FALSE,1,NA,NA,1,NA,NA,NA,NA,NA,NA,NA,45.77777777777778,-1.0889490669402502,5,3,Rehab (3),3,3,3,2.75,NA,NA,NA,NA,NA,NA,NA,NA,NA,NA,NA,4,5,5,5,5,TRUE,TRUE,No controls
100,1387,1,R_3hXxWNJ0JGgzycd,NA,1,0,1,0,0,1,1,0,0,1,0,1,1,0,0,0,1,0,0,1,0,1,1,1,1,0,1,1,0,0,1,0,Frequently,Frequently,Frequently,4,1,1,2,1,1,9,10,10,10,10,7,3,3,3,4,3,4,Purple,NA,NA,NA,NA,NA,NA,NA,NA,NA,NA,NA,NA,NA,NA,NA,NA,NA,NA,NA,NA,NA,NA,NA,NA,NA,NA,NA,NA,NA,NA,NA,NA,NA,NA,NA,NA,NA,NA,NA,NA,NA,NA,NA,NA,NA,NA,NA,NA,NA,NA,NA,NA,NA,NA,NA,NA,NA,NA,NA,NA,NA,NA,NA,NA,NA,NA,NA,NA,NA,NA,NA,NA,NA,NA,NA,NA,NA,NA,NA,NA,NA,NA,NA,NA,NA,NA,NA,NA,NA,NA,NA,NA,NA,NA,NA,NA,NA,NA,NA,NA,NA,NA,NA,NA,NA,NA,NA,NA,NA,NA,NA,NA,NA,NA,NA,NA,NA,NA,NA,NA,NA,NA,NA,NA,NA,NA,NA,NA,iP2e271f60d43d2004,NA,NA,A,TRUE,FALSE,TRUE,FALSE,TRUE,TRUE,FALSE,2,1,2,23.116666666666667,0,0,0,1,0,0,0,100,100,100,100,100,100,100,100,100,100,100,100,100,100,100,100,100,100,100,100,100,100,100,100,100,100,100,100,100,100,100,100,100,100,100,100,100,100,100,90,100,100,100,100,100,100,100,100,100,100,100,100,100,100,100,100,100,100,100,100,100,100,100,100,100,NA,NA,NA,NA,NA,NA,NA,NA,NA,NA,NA,NA,NA,NA,NA,NA,NA,NA,NA,NA,NA,NA,NA,NA,NA,NA,NA,NA,NA,NA,NA,NA,NA,NA,NA,NA,NA,NA,NA,NA,NA,NA,NA,127,0,127,0,FALSE,FALSE,FALSE,FALSE,FALSE,FALSE,1,NA,NA,1,1,NA,NA,NA,NA,NA,NA,100,1.7411087373231504,7,1,Rehab (1),2,2,2,3.5,NA,NA,NA,NA,NA,NA,NA,NA,NA,NA,NA,4,5,5,5,5,TRUE,TRUE,No controls
100,1006,1,R_7udOERLH6BSSCg9,0,0,1,0,0,1,1,0,0,0,0,1,1,0,0,0,0,1,0,0,1,0,0,1,1,0,0,1,0,0,0,0,1,Rarely,Sometimes,Sometimes,4,2,1,1,1,2,9,7,10,10,9,5,2,4,4,3,1,3,purple,NA,NA,NA,NA,NA,NA,NA,NA,NA,NA,NA,NA,NA,NA,NA,NA,NA,NA,NA,NA,NA,NA,NA,NA,NA,NA,NA,NA,NA,NA,NA,NA,NA,NA,NA,NA,NA,NA,NA,NA,NA,NA,NA,NA,NA,NA,NA,NA,NA,NA,NA,NA,NA,NA,NA,NA,NA,NA,NA,NA,NA,NA,NA,NA,NA,NA,NA,NA,NA,NA,NA,NA,NA,NA,NA,NA,NA,NA,NA,NA,NA,NA,NA,NA,NA,NA,NA,NA,NA,NA,NA,NA,NA,NA,NA,NA,NA,NA,NA,NA,NA,NA,NA,NA,NA,NA,NA,NA,NA,NA,NA,NA,NA,NA,NA,NA,NA,NA,NA,NA,NA,NA,NA,NA,NA,NA,NA,NA,iPa870f663972bc9dc,NA,NA,A,TRUE,FALSE,TRUE,FALSE,TRUE,TRUE,FALSE,2,1,2,16.766666666666666,0,0,1,1,0,0,0,90,40,50,50,80,50,40,100,50,50,70,40,70,80,70,100,80,70,70,50,70,100,70,70,30,30,60,20,10,40,100,50,80,40,40,60,50,50,80,70,100,80,60,40,70,30,80,70,50,10,10,100,80,30,10,50,20,30,90,70,40,80,80,80,50,NA,NA,NA,NA,NA,NA,NA,NA,NA,NA,NA,NA,NA,NA,NA,NA,NA,NA,NA,NA,NA,NA,NA,NA,NA,NA,NA,NA,NA,NA,NA,NA,NA,NA,NA,NA,NA,NA,NA,NA,NA,NA,NA,127,0,127,0,FALSE,FALSE,FALSE,FALSE,FALSE,FALSE,0,0,1,0,0,NA,NA,NA,NA,NA,NA,60,-0.34663882319903044,5,3,Rehab (3),3,4,3.5,3.5,NA,NA,NA,NA,NA,NA,NA,NA,NA,NA,NA,4,2,5,5,4,TRUE,TRUE,No controls
100,1948,1,R_6aefe0wvFUt43NT,0,0,1,0,1,0,0,0,1,0,0,1,0,1,0,0,0,1,0,0,1,0,1,0,0,1,0,1,1,0,0,0,1,Rarely,Frequently,Rarely,1,NA,NA,NA,NA,NA,NA,NA,NA,NA,NA,NA,NA,NA,NA,NA,NA,NA,NA,NA,NA,NA,NA,NA,NA,NA,NA,NA,NA,NA,NA,NA,NA,NA,NA,NA,NA,NA,NA,NA,NA,NA,NA,NA,NA,NA,NA,NA,NA,NA,NA,NA,NA,NA,NA,NA,NA,NA,NA,NA,NA,NA,NA,NA,NA,NA,NA,NA,NA,NA,NA,NA,NA,NA,NA,NA,NA,NA,NA,NA,NA,NA,NA,NA,NA,NA,NA,NA,NA,NA,NA,NA,NA,NA,NA,NA,NA,NA,NA,NA,NA,NA,NA,NA,NA,NA,NA,NA,NA,NA,NA,NA,NA,NA,NA,NA,NA,NA,NA,NA,NA,NA,NA,NA,NA,NA,NA,NA,NA,NA,NA,NA,NA,NA,NA,NA,NA,NA,NA,NA,NA,NA,NA,NA,NA,NA,NA,iP4417f0a3028e4d21,NA,NA,C,FALSE,TRUE,FALSE,FALSE,TRUE,FALSE,FALSE,0,3,1,32.46666666666667,0,0,0,0,0,0,0,100,100,100,100,100,100,100,100,100,100,100,100,100,100,100,100,100,100,100,100,100,100,100,100,100,100,100,98,100,100,100,100,100,100,100,100,100,100,81,79,82,92,NA,NA,NA,NA,NA,NA,NA,NA,NA,NA,NA,NA,NA,NA,NA,NA,NA,NA,NA,NA,NA,NA,NA,NA,NA,NA,NA,NA,NA,NA,NA,NA,NA,NA,NA,NA,NA,NA,NA,NA,NA,NA,NA,NA,100,100,100,100,100,100,100,100,100,83,100,100,72,100,100,100,100,100,100,100,100,100,145,0,145,1,FALSE,FALSE,FALSE,FALSE,FALSE,FALSE,0,0,1,0,0,NA,NA,NA,NA,NA,NA,99.77777777777776,1.7295101397646937,NA,NA,NA,NA,NA,NA,NA,NA,NA,NA,NA,NA,NA,NA,NA,NA,NA,NA,NA,NA,NA,NA,NA,TRUE,TRUE,No controls
100,1422,1,R_59Ui2Jy4otliMYF,NA,NA,1,1,0,0,0,1,0,0,0,1,1,0,0,0,0,1,0,1,0,0,1,0,0,1,0,0,1,0,0,0,1,Never,Rarely,Never,4,1,1,1,1,1,10,10,10,10,10,4,2,3,1,3,2,4,Purple,NA,NA,NA,NA,NA,NA,NA,NA,NA,NA,NA,NA,NA,NA,NA,NA,NA,NA,NA,NA,NA,NA,NA,NA,NA,NA,NA,NA,NA,NA,NA,NA,NA,NA,NA,NA,NA,NA,NA,NA,NA,NA,NA,NA,NA,NA,NA,NA,NA,NA,NA,NA,NA,NA,NA,NA,NA,NA,NA,NA,NA,NA,NA,NA,NA,NA,NA,NA,NA,NA,NA,NA,NA,NA,NA,NA,NA,NA,NA,NA,NA,NA,NA,NA,NA,NA,NA,NA,NA,NA,NA,NA,NA,NA,NA,NA,NA,NA,NA,NA,NA,NA,NA,NA,NA,NA,NA,NA,NA,NA,NA,NA,NA,NA,NA,NA,NA,NA,NA,NA,NA,NA,NA,NA,NA,NA,NA,NA,iP0ee7912ba7b05c6f,NA,NA,B,TRUE,FALSE,TRUE,FALSE,TRUE,TRUE,FALSE,2,1,2,23.7,0,0,0,1,0,0,0,100,100,100,100,16,89,85,85,83,75,98,87,99,100,100,93,100,69,57,100,8,100,100,100,63,66,66,50,34,66,78,92,74,78,50,2,64,16,1,0,69,93,NA,NA,NA,NA,NA,NA,NA,NA,NA,NA,NA,NA,NA,NA,NA,NA,NA,NA,NA,NA,NA,NA,NA,86,0,100,79,82,0,100,1,73,51,0,83,73,100,70,99,100,99,68,22,72,NA,NA,NA,NA,NA,NA,NA,NA,NA,NA,NA,NA,NA,NA,NA,NA,NA,NA,NA,NA,NA,NA,127,0,127,0,FALSE,FALSE,FALSE,FALSE,FALSE,FALSE,1,NA,1,NA,1,NA,NA,NA,NA,NA,NA,79,0.6450412680490055,4,4,Neutral (4),3,3,3,2.75,NA,NA,NA,NA,NA,NA,NA,NA,NA,NA,NA,5,5,5,5,5,TRUE,TRUE,No controls
100,1005,1,R_3Ae1Jy2pfW6dzNL,0,0,1,0,0,1,0,0,1,0,0,1,0,0,1,1,0,0,0,0,1,0,0,1,1,1,0,1,0,0,0,0,1,Sometimes,Rarely,Frequently,1,NA,NA,NA,NA,NA,NA,NA,NA,NA,NA,NA,NA,NA,NA,NA,NA,NA,NA,NA,NA,NA,NA,NA,NA,NA,NA,NA,NA,NA,NA,NA,NA,NA,NA,NA,NA,NA,NA,NA,NA,NA,NA,NA,NA,NA,NA,NA,NA,NA,NA,NA,NA,NA,NA,NA,NA,NA,NA,NA,NA,NA,NA,NA,NA,NA,NA,NA,NA,NA,NA,NA,NA,NA,NA,NA,NA,NA,NA,NA,NA,NA,NA,NA,NA,NA,NA,NA,NA,NA,NA,NA,NA,NA,NA,NA,NA,NA,NA,NA,NA,NA,NA,NA,NA,NA,NA,NA,NA,NA,NA,NA,NA,NA,NA,NA,NA,NA,NA,NA,NA,NA,NA,NA,NA,NA,NA,NA,NA,NA,NA,NA,NA,NA,NA,NA,NA,NA,NA,NA,NA,NA,NA,NA,NA,NA,NA,iPba06e29a59965a42,NA,NA,A,FALSE,TRUE,FALSE,FALSE,TRUE,FALSE,FALSE,0,3,1,16.75,0,0,1,1,0,0,0,100,100,100,100,20,100,20,100,80,100,100,100,50,100,70,50,100,100,20,100,0,100,100,100,30,30,100,100,100,0,50,80,0,30,0,0,50,0,50,70,40,50,100,50,100,80,0,50,50,30,50,100,100,0,80,100,70,30,50,70,40,60,0,70,100,NA,NA,NA,NA,NA,NA,NA,NA,NA,NA,NA,NA,NA,NA,NA,NA,NA,NA,NA,NA,NA,NA,NA,NA,NA,NA,NA,NA,NA,NA,NA,NA,NA,NA,NA,NA,NA,NA,NA,NA,NA,NA,NA,145,0,145,1,FALSE,FALSE,FALSE,FALSE,FALSE,FALSE,0,0,1,0,0,NA,NA,NA,NA,NA,NA,88.88888888888889,1.1611788594003225,NA,NA,NA,NA,NA,NA,NA,NA,NA,NA,NA,NA,NA,NA,NA,NA,NA,NA,NA,NA,NA,NA,NA,TRUE,TRUE,No controls
100,569,1,R_2MVGH3rQ1d2mfpT,0,0,1,0,0,1,0,0,1,0,0,1,0,0,1,0,0,1,0,0,1,0,0,1,0,0,1,0,0,1,0,0,1,Never,Never,Never,4,1,1,1,1,1,8,10,10,10,10,4,5,4,4,4,5,2.5,Purple,NA,NA,NA,NA,NA,NA,NA,NA,NA,NA,NA,NA,NA,NA,NA,NA,NA,NA,NA,NA,NA,NA,NA,NA,NA,NA,NA,NA,NA,NA,NA,NA,NA,NA,NA,NA,NA,NA,NA,NA,NA,NA,NA,NA,NA,NA,NA,NA,NA,NA,NA,NA,NA,NA,NA,NA,NA,NA,NA,NA,NA,NA,NA,NA,NA,NA,NA,NA,NA,NA,NA,NA,NA,NA,NA,NA,NA,NA,NA,NA,NA,NA,NA,NA,NA,NA,NA,NA,NA,NA,NA,NA,NA,NA,NA,NA,NA,NA,NA,NA,NA,NA,NA,NA,NA,NA,NA,NA,NA,NA,NA,NA,NA,NA,NA,NA,NA,NA,NA,NA,NA,NA,NA,NA,NA,NA,NA,NA,iP47a9ca513301e6f9,NA,NA,A,TRUE,FALSE,TRUE,FALSE,TRUE,TRUE,FALSE,2,1,2,9.483333333333333,0,1,1,1,0,0,0,90,80,50,50,50,50,50,50,40,50,50,50,50,100,50,50,50,80,70,90,10,50,60,80,50,80,50,50,50,50,50,50,50,50,40,50,50,50,20,20,50,50,50,70,80,50,50,50,50,80,50,80,80,50,50,70,50,50,50,50,50,50,50,50,50,NA,NA,NA,NA,NA,NA,NA,NA,NA,NA,NA,NA,NA,NA,NA,NA,NA,NA,NA,NA,NA,NA,NA,NA,NA,NA,NA,NA,NA,NA,NA,NA,NA,NA,NA,NA,NA,NA,NA,NA,NA,NA,NA,127,0,127,0,FALSE,FALSE,FALSE,FALSE,FALSE,FALSE,0,0,1,0,0,NA,NA,NA,NA,NA,NA,63.333333333333336,-0.17265985982218188,4,4,Neutral (4),2.5,2.5,2.5,3.625,NA,NA,NA,NA,NA,NA,NA,NA,NA,NA,NA,3,5,5,5,5,TRUE,TRUE,No controls
100,894,1,R_1w7cbiLqC5Ukwz6,0,0,1,0,0,1,0,0,1,0,0,1,0,0,1,0,0,1,0,1,0,0,0,1,0,1,0,0,1,0,0,1,0,Rarely,Never,Never,4,2,2,4,2,2,9,8,7,9,8,4,3,3,2,3,2,3,Purple,NA,NA,NA,NA,NA,NA,NA,NA,NA,NA,NA,NA,NA,NA,NA,NA,NA,NA,NA,NA,NA,NA,NA,NA,NA,NA,NA,NA,NA,NA,NA,NA,NA,NA,NA,NA,NA,NA,NA,NA,NA,NA,NA,NA,NA,NA,NA,NA,NA,NA,NA,NA,NA,NA,NA,NA,NA,NA,NA,NA,NA,NA,NA,NA,NA,NA,NA,NA,NA,NA,NA,NA,NA,NA,NA,NA,NA,NA,NA,NA,NA,NA,NA,NA,NA,NA,NA,NA,NA,NA,NA,NA,NA,NA,NA,NA,NA,NA,NA,NA,NA,NA,NA,NA,NA,NA,NA,NA,NA,NA,NA,NA,NA,NA,NA,NA,NA,NA,NA,NA,NA,NA,NA,NA,NA,NA,NA,NA,iPbf1dd7734a384bef,NA,NA,C,TRUE,FALSE,TRUE,FALSE,TRUE,TRUE,FALSE,2,1,2,14.9,0,0,1,1,0,0,0,80,55,74,98,72,29,51,34,30,1,5,7,54,52,75,59,50,62,98,66,76,11,51,100,23,50,72,60,18,68,49,20,11,42,65,86,30,81,72,72,27,76,NA,NA,NA,NA,NA,NA,NA,NA,NA,NA,NA,NA,NA,NA,NA,NA,NA,NA,NA,NA,NA,NA,NA,NA,NA,NA,NA,NA,NA,NA,NA,NA,NA,NA,NA,NA,NA,NA,NA,NA,NA,NA,NA,NA,87,78,91,60,87,90,86,84,75,9,51,37,50,79,29,77,68,50,83,50,50,35,127,0,127,0,FALSE,FALSE,FALSE,FALSE,FALSE,FALSE,0,0,1,0,0,NA,NA,NA,NA,NA,NA,54.77777777777778,-0.6192058658227596,4,4,Neutral (4),2,3,2.5,2.75,NA,NA,NA,NA,NA,NA,NA,NA,NA,NA,NA,4,3,2,4,3,TRUE,TRUE,No controls
100,1747,1,R_1PXcyszOPDp0boB,0,0,1,0,0,1,0,0,1,0,0,1,0,0,1,0,0,1,1,1,0,1,1,0,0,1,0,0,0,1,0,0,1,Never,Never,Never,4,2,2,2,2,2,8,9,9,10,9,3,4,3,3,4,2,2,Purple,NA,NA,NA,NA,NA,NA,NA,NA,NA,NA,NA,NA,NA,NA,NA,NA,NA,NA,NA,NA,NA,NA,NA,NA,NA,NA,NA,NA,NA,NA,NA,NA,NA,NA,NA,NA,NA,NA,NA,NA,NA,NA,NA,NA,NA,NA,NA,NA,NA,NA,NA,NA,NA,NA,NA,NA,NA,NA,NA,NA,NA,NA,NA,NA,NA,NA,NA,NA,NA,NA,NA,NA,NA,NA,NA,NA,NA,NA,NA,NA,NA,NA,NA,NA,NA,NA,NA,NA,NA,NA,NA,NA,NA,NA,NA,NA,NA,NA,NA,NA,NA,NA,NA,NA,NA,NA,NA,NA,NA,NA,NA,NA,NA,NA,NA,NA,NA,NA,NA,NA,NA,NA,NA,NA,NA,NA,NA,NA,iPd431e8c31b1b1abc,NA,NA,A,TRUE,FALSE,TRUE,FALSE,TRUE,TRUE,FALSE,2,1,2,29.116666666666667,0,0,0,1,0,0,0,60,60,70,70,60,60,40,70,70,70,50,70,50,50,70,50,50,40,40,50,40,80,70,70,10,20,30,60,60,50,60,70,70,60,20,30,30,20,20,20,60,80,50,30,60,60,50,20,60,60,40,60,60,40,50,60,50,20,60,70,40,50,50,50,50,NA,NA,NA,NA,NA,NA,NA,NA,NA,NA,NA,NA,NA,NA,NA,NA,NA,NA,NA,NA,NA,NA,NA,NA,NA,NA,NA,NA,NA,NA,NA,NA,NA,NA,NA,NA,NA,NA,NA,NA,NA,NA,NA,127,0,127,0,FALSE,FALSE,FALSE,FALSE,FALSE,FALSE,0,0,1,0,0,NA,NA,NA,NA,NA,NA,48.888888888888886,-0.9265687011218586,3,5,Punish (5),1,3,2,3,NA,NA,NA,NA,NA,NA,NA,NA,NA,NA,NA,3,4,4,5,4,TRUE,TRUE,No controls
100,1200,1,R_3Qzmz5YpeWqDK1u,NA,1,0,NA,1,0,0,1,0,0,1,0,0,1,0,0,1,0,0,0,1,0,0,1,0,1,0,0,1,0,1,1,0,Never,Never,Never,4,1,2,1,2,2,9,9,10,10,9,3,2,4,3,3,3,4,Purple,NA,NA,NA,NA,NA,NA,NA,NA,NA,NA,NA,NA,NA,NA,NA,NA,NA,NA,NA,NA,NA,NA,NA,NA,NA,NA,NA,NA,NA,NA,NA,NA,NA,NA,NA,NA,NA,NA,NA,NA,NA,NA,NA,NA,NA,NA,NA,NA,NA,NA,NA,NA,NA,NA,NA,NA,NA,NA,NA,NA,NA,NA,NA,NA,NA,NA,NA,NA,NA,NA,NA,NA,NA,NA,NA,NA,NA,NA,NA,NA,NA,NA,NA,NA,NA,NA,NA,NA,NA,NA,NA,NA,NA,NA,NA,NA,NA,NA,NA,NA,NA,NA,NA,NA,NA,NA,NA,NA,NA,NA,NA,NA,NA,NA,NA,NA,NA,NA,NA,NA,NA,NA,NA,NA,NA,NA,NA,NA,iP619446ac13ab822f,NA,NA,C,TRUE,FALSE,TRUE,FALSE,TRUE,TRUE,FALSE,2,1,2,20,0,0,1,1,0,0,0,89,93,100,94,100,100,100,97,100,84,60,100,91,96,100,92,100,100,74,76,89,100,100,98,58,74,100,94,94,69,100,97,100,94,41,91,63,95,85,80,100,91,NA,NA,NA,NA,NA,NA,NA,NA,NA,NA,NA,NA,NA,NA,NA,NA,NA,NA,NA,NA,NA,NA,NA,NA,NA,NA,NA,NA,NA,NA,NA,NA,NA,NA,NA,NA,NA,NA,NA,NA,NA,NA,NA,NA,85,100,100,100,82,100,96,100,100,90,100,95,100,96,100,100,100,100,100,100,100,99,127,0,127,0,FALSE,FALSE,FALSE,FALSE,FALSE,FALSE,1,NA,NA,1,NA,NA,NA,NA,NA,NA,NA,93.66666666666669,1.4105487069071387,3,5,Punish (5),3,2,2.5,3.5,NA,NA,NA,NA,NA,NA,NA,NA,NA,NA,NA,4,4,5,5,4,TRUE,TRUE,No controls
100,738,1,R_3tT2727WwZKRVgR,0,0,1,0,0,1,0,0,1,0,0,1,0,0,1,0,0,1,0,0,1,0,0,1,0,0,1,0,0,1,0,0,1,Sometimes,Sometimes,Sometimes,4,3,3,2,1,3,8,8,8,8,8,4,3,3,4,3,2,3,Purple,3,3,3,4,3,-99,3,3,2,4,2,2,2,2,1,3,3,3,4,4,4,3,3,4,4,1,1,1,1,1,3,1,3,3,1,3,2,2,2,1,4,2,1,2,2,3,3,3,3,2,2,3,3,3,3,3,3,2,1,3,3,4,1,1,4,NA,4,4,4,1,4,4,4,2,3,3,5,5,5,5,6,6,6,6,6,NA,NA,NA,NA,NA,NA,NA,NA,NA,NA,NA,NA,NA,NA,NA,NA,NA,NA,NA,NA,NA,NA,NA,NA,NA,NA,NA,NA,NA,NA,NA,NA,NA,NA,NA,NA,NA,NA,NA,NA,NA,NA,NA,iPa0ecbb6b8925cb12,NA,NA,A,TRUE,FALSE,TRUE,FALSE,TRUE,TRUE,TRUE,2,1,3,12.3,0,1,1,1,0,0,0,50,NA,NA,NA,NA,50,50,NA,50,NA,NA,60,NA,NA,NA,50,NA,NA,50,NA,NA,NA,NA,NA,NA,NA,50,NA,50,NA,NA,NA,NA,50,NA,NA,NA,NA,NA,NA,50,NA,NA,NA,NA,NA,NA,50,50,40,NA,NA,NA,60,60,NA,NA,NA,NA,NA,NA,60,NA,NA,50,NA,NA,NA,NA,NA,NA,NA,NA,NA,NA,NA,NA,NA,NA,NA,NA,NA,NA,NA,NA,NA,NA,NA,NA,NA,NA,NA,NA,NA,NA,NA,NA,NA,NA,NA,NA,NA,NA,NA,NA,NA,NA,NA,74,16,90,1,FALSE,FALSE,FALSE,FALSE,FALSE,FALSE,0,0,1,0,0,NA,NA,NA,NA,NA,NA,NA,NA,4,4,Neutral (4),2,3,2.5,3.25,1,1,1,1,3,2,2,1.5,1,2.5,1.75,3,3,3,3,3,FALSE,TRUE,Some controls missing
100,1771,1,R_60pMovymHfT2ksV,NA,1,0,1,1,0,1,1,0,0,0,1,1,1,0,0,0,1,0,0,1,0,0,1,1,1,0,1,1,0,0,0,1,Frequently,Rarely,Frequently,1,NA,NA,NA,NA,NA,NA,NA,NA,NA,NA,NA,NA,NA,NA,NA,NA,NA,NA,NA,NA,NA,NA,NA,NA,NA,NA,NA,NA,NA,NA,NA,NA,NA,NA,NA,NA,NA,NA,NA,NA,NA,NA,NA,NA,NA,NA,NA,NA,NA,NA,NA,NA,NA,NA,NA,NA,NA,NA,NA,NA,NA,NA,NA,NA,NA,NA,NA,NA,NA,NA,NA,NA,NA,NA,NA,NA,NA,NA,NA,NA,NA,NA,NA,NA,NA,NA,NA,NA,NA,NA,NA,NA,NA,NA,NA,NA,NA,NA,NA,NA,NA,NA,NA,NA,NA,NA,NA,NA,NA,NA,NA,NA,NA,NA,NA,NA,NA,NA,NA,NA,NA,NA,NA,NA,NA,NA,NA,NA,NA,NA,NA,NA,NA,NA,NA,NA,NA,NA,NA,NA,NA,NA,NA,NA,NA,NA,iP9bae4efd59d2497f,NA,NA,C,FALSE,TRUE,FALSE,FALSE,TRUE,FALSE,FALSE,0,3,1,29.516666666666666,0,0,0,1,0,0,0,50,50,65,65,74,75,40,25,50,10,20,10,75,75,55,90,75,40,10,100,0,80,71,75,20,75,90,75,75,70,60,25,20,30,50,40,10,35,5,2,10,40,NA,NA,NA,NA,NA,NA,NA,NA,NA,NA,NA,NA,NA,NA,NA,NA,NA,NA,NA,NA,NA,NA,NA,NA,NA,NA,NA,NA,NA,NA,NA,NA,NA,NA,NA,NA,NA,NA,NA,NA,NA,NA,NA,NA,60,90,25,60,89,70,60,90,60,0,50,0,75,30,85,60,85,75,40,40,10,10,145,0,145,1,FALSE,FALSE,FALSE,FALSE,FALSE,FALSE,1,NA,NA,1,1,NA,NA,NA,NA,NA,NA,77.22222222222223,0.5522524875813534,NA,NA,NA,NA,NA,NA,NA,NA,NA,NA,NA,NA,NA,NA,NA,NA,NA,NA,NA,NA,NA,NA,NA,TRUE,TRUE,No controls
100,684,1,R_7uP2NBxElZaG1tN,0,0,1,0,1,0,0,1,0,0,0,1,1,0,0,0,0,1,0,1,0,0,0,1,1,0,0,1,0,0,0,0,1,Frequently,Never,Frequently,4,2,2,2,2,2,10,9,10,9,10,4,1,3,3,3,2,3,Purple,NA,NA,NA,NA,NA,NA,NA,NA,NA,NA,NA,NA,NA,NA,NA,NA,NA,NA,NA,NA,NA,NA,NA,NA,NA,NA,NA,NA,NA,NA,NA,NA,NA,NA,NA,NA,NA,NA,NA,NA,NA,NA,NA,NA,NA,NA,NA,NA,NA,NA,NA,NA,NA,NA,NA,NA,NA,NA,NA,NA,NA,NA,NA,NA,NA,NA,NA,NA,NA,NA,NA,NA,NA,NA,NA,NA,NA,NA,NA,NA,NA,NA,NA,NA,NA,NA,NA,NA,NA,NA,NA,NA,NA,NA,NA,NA,NA,NA,NA,NA,NA,NA,NA,NA,NA,NA,NA,NA,NA,NA,NA,NA,NA,NA,NA,NA,NA,NA,NA,NA,NA,NA,NA,NA,NA,NA,NA,NA,iP5b272c5fd2963199,NA,NA,B,TRUE,FALSE,TRUE,FALSE,TRUE,TRUE,FALSE,2,1,2,11.4,0,1,1,1,0,0,0,50,50,50,50,50,50,50,50,50,50,50,50,50,50,50,50,50,50,50,50,50,50,50,50,50,50,50,50,50,50,50,50,50,50,50,49,50,50,50,50,50,50,NA,NA,NA,NA,NA,NA,NA,NA,NA,NA,NA,NA,NA,NA,NA,NA,NA,NA,NA,NA,NA,NA,NA,50,50,50,50,50,50,50,50,50,50,0,50,50,50,50,50,50,50,50,50,50,NA,NA,NA,NA,NA,NA,NA,NA,NA,NA,NA,NA,NA,NA,NA,NA,NA,NA,NA,NA,NA,NA,127,0,127,0,FALSE,FALSE,FALSE,FALSE,FALSE,FALSE,0,0,1,0,0,NA,NA,NA,NA,NA,NA,50,-0.8685757133295756,4,4,Neutral (4),4,3,3.5,3,NA,NA,NA,NA,NA,NA,NA,NA,NA,NA,NA,5,4,5,4,5,TRUE,TRUE,No controls
100,1095,1,R_3cqzoEVrHYdWZbP,0,0,1,0,0,1,0,0,1,0,0,1,0,0,1,0,0,1,0,0,1,0,0,1,1,0,0,0,0,1,0,0,1,Never,Never,Never,4,2,2,2,2,2,10,9,9,10,8,6,2,2,1,4,5,3,purple,NA,NA,NA,NA,NA,NA,NA,NA,NA,NA,NA,NA,NA,NA,NA,NA,NA,NA,NA,NA,NA,NA,NA,NA,NA,NA,NA,NA,NA,NA,NA,NA,NA,NA,NA,NA,NA,NA,NA,NA,NA,NA,NA,NA,NA,NA,NA,NA,NA,NA,NA,NA,NA,NA,NA,NA,NA,NA,NA,NA,NA,NA,NA,NA,NA,NA,NA,NA,NA,NA,NA,NA,NA,NA,NA,NA,NA,NA,NA,NA,NA,NA,NA,NA,NA,NA,NA,NA,NA,NA,NA,NA,NA,NA,NA,NA,NA,NA,NA,NA,NA,NA,NA,NA,NA,NA,NA,NA,NA,NA,NA,NA,NA,NA,NA,NA,NA,NA,NA,NA,NA,NA,NA,NA,NA,NA,NA,NA,iP73315fe7086cbb0a,NA,NA,A,TRUE,FALSE,TRUE,FALSE,TRUE,TRUE,FALSE,2,1,2,18.25,0,0,1,1,0,0,0,60,50,50,50,80,50,20,70,70,50,60,60,50,50,70,50,60,20,80,40,60,80,80,30,20,10,20,50,0,60,70,50,50,50,50,70,50,50,60,60,80,70,50,20,50,50,60,80,50,50,50,60,60,60,60,60,40,0,70,70,60,70,70,50,60,NA,NA,NA,NA,NA,NA,NA,NA,NA,NA,NA,NA,NA,NA,NA,NA,NA,NA,NA,NA,NA,NA,NA,NA,NA,NA,NA,NA,NA,NA,NA,NA,NA,NA,NA,NA,NA,NA,NA,NA,NA,NA,NA,127,0,127,0,FALSE,FALSE,FALSE,FALSE,FALSE,FALSE,0,0,1,0,0,NA,NA,NA,NA,NA,NA,37.77777777777778,-1.5064985790446863,6,2,Rehab (2),3,2.5,2.75,2.5,NA,NA,NA,NA,NA,NA,NA,NA,NA,NA,NA,5,4,4,5,3,TRUE,TRUE,No controls
100,1020,1,R_34pkG9T3eKmYquB,0,0,1,0,0,1,0,0,1,0,0,1,1,0,0,0,0,1,1,0,0,0,0,1,0,0,1,0,0,1,0,0,1,Never,Never,Never,4,2,2,2,2,-99,8,8,7,8,8,4,2,2,3,2,2,3,Purple,NA,NA,NA,NA,NA,NA,NA,NA,NA,NA,NA,NA,NA,NA,NA,NA,NA,NA,NA,NA,NA,NA,NA,NA,NA,NA,NA,NA,NA,NA,NA,NA,NA,NA,NA,NA,NA,NA,NA,NA,NA,NA,NA,NA,NA,NA,NA,NA,NA,NA,NA,NA,NA,NA,NA,NA,NA,NA,NA,NA,NA,NA,NA,NA,NA,NA,NA,NA,NA,NA,NA,NA,NA,NA,NA,NA,NA,NA,NA,NA,NA,NA,NA,NA,NA,NA,NA,NA,NA,NA,NA,NA,NA,NA,NA,NA,NA,NA,NA,NA,NA,NA,NA,NA,NA,NA,NA,NA,NA,NA,NA,NA,NA,NA,NA,NA,NA,NA,NA,NA,NA,NA,NA,NA,NA,NA,NA,NA,iP6ad97bba46acf87b,NA,NA,B,TRUE,FALSE,TRUE,FALSE,TRUE,TRUE,FALSE,2,1,2,17,0,0,1,1,0,0,0,86,87,84,82,87,79,8,94,94,80,78,64,31,50,99,37,64,60,100,66,99,97,100,96,18,12,24,85,28,61,100,82,62,74,61,98,98,71,100,93,100,91,NA,NA,NA,NA,NA,NA,NA,NA,NA,NA,NA,NA,NA,NA,NA,NA,NA,NA,NA,NA,NA,NA,NA,70,55,78,92,100,100,100,81,96,8,71,99,98,84,91,100,100,100,99,81,94,NA,NA,NA,NA,NA,NA,NA,NA,NA,NA,NA,NA,NA,NA,NA,NA,NA,NA,NA,NA,NA,NA,127,0,127,0,FALSE,FALSE,FALSE,FALSE,FALSE,FALSE,0,0,1,0,0,NA,NA,NA,NA,NA,NA,49.44444444444444,-0.8975722072257172,4,4,Neutral (4),3,3,3,2.5,NA,NA,NA,NA,NA,NA,NA,NA,NA,NA,NA,3,3,2,3,3,TRUE,TRUE,No controls
100,950,1,R_5PveNFbckhznDrN,0,0,1,0,0,1,0,0,1,0,0,1,0,0,1,0,0,1,0,0,1,0,0,1,1,1,0,1,1,0,0,0,1,Sometimes,Sometimes,Frequently,1,NA,NA,NA,NA,NA,NA,NA,NA,NA,NA,NA,NA,NA,NA,NA,NA,NA,NA,NA,NA,NA,NA,NA,NA,NA,NA,NA,NA,NA,NA,NA,NA,NA,NA,NA,NA,NA,NA,NA,NA,NA,NA,NA,NA,NA,NA,NA,NA,NA,NA,NA,NA,NA,NA,NA,NA,NA,NA,NA,NA,NA,NA,NA,NA,NA,NA,NA,NA,NA,NA,NA,NA,NA,NA,NA,NA,NA,NA,NA,NA,NA,NA,NA,NA,NA,NA,NA,NA,NA,NA,NA,NA,NA,NA,NA,NA,NA,NA,NA,NA,NA,NA,NA,NA,NA,NA,NA,NA,NA,NA,NA,NA,NA,NA,NA,NA,NA,NA,NA,NA,NA,NA,NA,NA,NA,NA,NA,NA,NA,NA,NA,NA,NA,NA,NA,NA,NA,NA,NA,NA,NA,NA,NA,NA,NA,NA,iP234a19b0466e3914,NA,NA,B,FALSE,TRUE,FALSE,FALSE,TRUE,FALSE,FALSE,0,3,1,15.833333333333334,0,0,1,1,0,0,0,100,100,100,100,85,100,100,100,100,100,69,100,100,100,100,100,100,100,88,100,59,100,100,100,64,90,100,100,97,81,100,100,100,100,69,100,100,75,74,50,100,100,NA,NA,NA,NA,NA,NA,NA,NA,NA,NA,NA,NA,NA,NA,NA,NA,NA,NA,NA,NA,NA,NA,NA,100,27,100,100,100,13,100,60,100,100,0,90,100,100,100,100,100,100,91,85,100,NA,NA,NA,NA,NA,NA,NA,NA,NA,NA,NA,NA,NA,NA,NA,NA,NA,NA,NA,NA,NA,NA,145,0,145,1,FALSE,FALSE,FALSE,FALSE,FALSE,FALSE,0,0,1,0,0,NA,NA,NA,NA,NA,NA,99.66666666666669,1.7237108409854658,NA,NA,NA,NA,NA,NA,NA,NA,NA,NA,NA,NA,NA,NA,NA,NA,NA,NA,NA,NA,NA,NA,NA,TRUE,TRUE,No controls
100,2396,1,R_3WPA5M5PXYpdQhQ,NA,1,0,NA,1,0,1,0,0,0,0,1,1,0,0,0,0,1,0,1,0,0,0,1,0,1,0,1,0,0,0,1,0,Never,Never,Sometimes,1,NA,NA,NA,NA,NA,NA,NA,NA,NA,NA,NA,NA,NA,NA,NA,NA,NA,NA,NA,NA,NA,NA,NA,NA,NA,NA,NA,NA,NA,NA,NA,NA,NA,NA,NA,NA,NA,NA,NA,NA,NA,NA,NA,NA,NA,NA,NA,NA,NA,NA,NA,NA,NA,NA,NA,NA,NA,NA,NA,NA,NA,NA,NA,NA,NA,NA,NA,NA,NA,NA,NA,NA,NA,NA,NA,NA,NA,NA,NA,NA,NA,NA,NA,NA,NA,NA,NA,NA,NA,NA,NA,NA,NA,NA,NA,NA,NA,NA,NA,NA,NA,NA,NA,NA,NA,NA,NA,NA,NA,NA,NA,NA,NA,NA,NA,NA,NA,NA,NA,NA,NA,NA,NA,NA,NA,NA,NA,NA,NA,NA,NA,NA,NA,NA,NA,NA,NA,NA,NA,NA,NA,NA,NA,NA,NA,NA,iPc9e96f42d690895a,NA,NA,A,FALSE,TRUE,FALSE,FALSE,TRUE,FALSE,FALSE,0,3,1,39.93333333333333,0,0,0,0,0,0,0,70,100,80,80,70,60,50,90,60,60,80,60,50,60,60,80,80,50,80,70,60,100,70,100,30,30,30,40,50,70,100,70,70,80,60,70,50,60,50,50,100,80,70,50,70,60,70,60,70,50,60,80,80,50,60,80,60,60,70,70,50,70,100,70,60,NA,NA,NA,NA,NA,NA,NA,NA,NA,NA,NA,NA,NA,NA,NA,NA,NA,NA,NA,NA,NA,NA,NA,NA,NA,NA,NA,NA,NA,NA,NA,NA,NA,NA,NA,NA,NA,NA,NA,NA,NA,NA,NA,145,0,145,1,FALSE,FALSE,FALSE,FALSE,FALSE,FALSE,1,NA,NA,1,NA,NA,NA,NA,NA,NA,NA,56.666666666666664,-0.520617786575879,NA,NA,NA,NA,NA,NA,NA,NA,NA,NA,NA,NA,NA,NA,NA,NA,NA,NA,NA,NA,NA,NA,NA,TRUE,TRUE,No controls
100,6046,1,R_3oEkXPhX6PBTSDf,NA,1,0,1,1,0,1,1,0,0,1,0,1,1,0,0,0,1,0,0,1,0,1,0,1,1,0,1,1,0,1,0,0,Never,Never,Sometimes,1,NA,NA,NA,NA,NA,NA,NA,NA,NA,NA,NA,NA,NA,NA,NA,NA,NA,NA,NA,NA,NA,NA,NA,NA,NA,NA,NA,NA,NA,NA,NA,NA,NA,NA,NA,NA,NA,NA,NA,NA,NA,NA,NA,NA,NA,NA,NA,NA,NA,NA,NA,NA,NA,NA,NA,NA,NA,NA,NA,NA,NA,NA,NA,NA,NA,NA,NA,NA,NA,NA,NA,NA,NA,NA,NA,NA,NA,NA,NA,NA,NA,NA,NA,NA,NA,NA,NA,NA,NA,NA,NA,NA,NA,NA,NA,NA,NA,NA,NA,NA,NA,NA,NA,NA,NA,NA,NA,NA,NA,NA,NA,NA,NA,NA,NA,NA,NA,NA,NA,NA,NA,NA,NA,NA,NA,NA,NA,NA,NA,NA,NA,NA,NA,NA,NA,NA,NA,NA,NA,NA,NA,NA,NA,NA,NA,NA,iP7c795b1c9f2c220b,NA,NA,B,FALSE,TRUE,FALSE,FALSE,TRUE,FALSE,FALSE,0,3,1,100.76666666666668,0,0,0,0,1,0,0,58,100,49,50,87,50,68,99,88,100,100,15,85,70,65,86,87,100,91,2,38,74,81,100,1,61,89,50,20,80,96,83,50,70,53,12,50,50,9,39,33,100,NA,NA,NA,NA,NA,NA,NA,NA,NA,NA,NA,NA,NA,NA,NA,NA,NA,NA,NA,NA,NA,NA,NA,50,50,93,72,78,6,87,5,76,8,50,16,94,98,88,70,50,68,81,9,51,NA,NA,NA,NA,NA,NA,NA,NA,NA,NA,NA,NA,NA,NA,NA,NA,NA,NA,NA,NA,NA,NA,145,0,145,1,FALSE,FALSE,FALSE,FALSE,FALSE,FALSE,1,NA,NA,1,1,NA,NA,NA,NA,NA,NA,65.44444444444444,-0.06247318301684477,NA,NA,NA,NA,NA,NA,NA,NA,NA,NA,NA,NA,NA,NA,NA,NA,NA,NA,NA,NA,NA,NA,NA,TRUE,TRUE,No controls
100,5231,1,R_3YWeI4BDRjVNFIk,0,0,1,0,1,1,1,0,0,0,0,1,1,0,0,0,0,1,0,0,1,0,0,1,1,0,0,0,0,1,0,0,1,Never,Never,Never,4,1,1,1,1,1,10,10,10,10,10,1,2,2.5,4,3,5,4,Purple,NA,NA,NA,NA,NA,NA,NA,NA,NA,NA,NA,NA,NA,NA,NA,NA,NA,NA,NA,NA,NA,NA,NA,NA,NA,NA,NA,NA,NA,NA,NA,NA,NA,NA,NA,NA,NA,NA,NA,NA,NA,NA,NA,NA,NA,NA,NA,NA,NA,NA,NA,NA,NA,NA,NA,NA,NA,NA,NA,NA,NA,NA,NA,NA,NA,NA,NA,NA,NA,NA,NA,NA,NA,NA,NA,NA,NA,NA,NA,NA,NA,NA,NA,NA,NA,NA,NA,NA,NA,NA,NA,NA,NA,NA,NA,NA,NA,NA,NA,NA,NA,NA,NA,NA,NA,NA,NA,NA,NA,NA,NA,NA,NA,NA,NA,NA,NA,NA,NA,NA,NA,NA,NA,NA,NA,NA,NA,NA,iPa1680caedc25a46e,NA,NA,A,TRUE,FALSE,TRUE,FALSE,TRUE,TRUE,FALSE,2,1,2,87.18333333333334,0,0,0,0,1,0,0,100,60,50,90,90,60,70,50,60,70,50,60,50,100,70,50,50,60,30,50,50,50,50,100,40,20,50,20,30,50,60,100,80,90,30,60,80,30,30,30,70,100,40,50,50,20,70,80,50,50,80,80,80,60,70,80,60,30,50,50,50,100,90,50,90,NA,NA,NA,NA,NA,NA,NA,NA,NA,NA,NA,NA,NA,NA,NA,NA,NA,NA,NA,NA,NA,NA,NA,NA,NA,NA,NA,NA,NA,NA,NA,NA,NA,NA,NA,NA,NA,NA,NA,NA,NA,NA,NA,127,0,127,0,FALSE,FALSE,FALSE,FALSE,FALSE,FALSE,0,0,1,0,0,NA,NA,NA,NA,NA,NA,51.111111111111114,-0.8105827255372927,1,7,Punish (7),3,2.5,2.75,3.375,NA,NA,NA,NA,NA,NA,NA,NA,NA,NA,NA,5,5,5,5,5,TRUE,TRUE,No controls
100,1964,1,R_5CEzinaqer5sBwT,0,0,1,0,0,1,0,1,0,0,0,1,1,1,0,0,0,1,1,1,0,0,0,1,0,1,0,0,0,1,0,0,1,Never,Rarely,Sometimes,4,2,1,2,2,2,7,10,9,10,10,7,4,3,1,4,5,4,Purple,NA,NA,NA,NA,NA,NA,NA,NA,NA,NA,NA,NA,NA,NA,NA,NA,NA,NA,NA,NA,NA,NA,NA,NA,NA,NA,NA,NA,NA,NA,NA,NA,NA,NA,NA,NA,NA,NA,NA,NA,NA,NA,NA,NA,NA,NA,NA,NA,NA,NA,NA,NA,NA,NA,NA,NA,NA,NA,NA,NA,NA,NA,NA,NA,NA,NA,NA,NA,NA,NA,NA,NA,NA,NA,NA,NA,NA,NA,NA,NA,NA,NA,NA,NA,NA,NA,NA,NA,NA,NA,NA,NA,NA,NA,NA,NA,NA,NA,NA,NA,NA,NA,NA,NA,NA,NA,NA,NA,NA,NA,NA,NA,NA,NA,NA,NA,NA,NA,NA,NA,NA,NA,NA,NA,NA,NA,NA,NA,iP83370914ae1c2295,NA,NA,A,TRUE,FALSE,TRUE,FALSE,TRUE,TRUE,FALSE,2,1,2,32.733333333333334,0,0,0,0,0,0,0,90,70,80,70,60,70,60,80,80,80,80,80,80,80,70,70,40,80,70,100,80,60,50,70,70,70,80,60,70,60,80,80,80,100,60,80,90,40,80,80,80,80,80,80,80,80,70,90,90,90,80,90,80,70,80,70,80,90,60,80,80,60,70,70,80,NA,NA,NA,NA,NA,NA,NA,NA,NA,NA,NA,NA,NA,NA,NA,NA,NA,NA,NA,NA,NA,NA,NA,NA,NA,NA,NA,NA,NA,NA,NA,NA,NA,NA,NA,NA,NA,NA,NA,NA,NA,NA,NA,127,0,127,0,FALSE,FALSE,FALSE,FALSE,FALSE,FALSE,0,0,1,0,0,NA,NA,NA,NA,NA,NA,73.33333333333333,0.349277030308363,7,1,Rehab (1),1,2.5,1.75,3,NA,NA,NA,NA,NA,NA,NA,NA,NA,NA,NA,2,5,4,5,5,TRUE,TRUE,No controls
100,2995,1,R_3sncrVxR8ULG6Ci,0,0,1,0,0,1,0,1,0,0,0,1,0,0,1,0,0,1,0,0,1,0,0,1,1,0,0,0,0,1,0,0,1,Sometimes,Never,Sometimes,4,4,1,1,1,1,9,9,8,8,8,5,5,2.5,1,2.5,5,2.5,Purple,NA,NA,NA,NA,NA,NA,NA,NA,NA,NA,NA,NA,NA,NA,NA,NA,NA,NA,NA,NA,NA,NA,NA,NA,NA,NA,NA,NA,NA,NA,NA,NA,NA,NA,NA,NA,NA,NA,NA,NA,NA,NA,NA,NA,NA,NA,NA,NA,NA,NA,NA,NA,NA,NA,NA,NA,NA,NA,NA,NA,NA,NA,NA,NA,NA,NA,NA,NA,NA,NA,NA,NA,NA,NA,NA,NA,NA,NA,NA,NA,NA,NA,NA,NA,NA,NA,NA,NA,NA,NA,NA,NA,NA,NA,NA,NA,NA,NA,NA,NA,NA,NA,NA,NA,NA,NA,NA,NA,NA,NA,NA,NA,NA,NA,NA,NA,NA,NA,NA,NA,NA,NA,NA,NA,NA,NA,NA,NA,iP0fed5c50ffd4a5df,NA,NA,A,TRUE,FALSE,TRUE,FALSE,TRUE,TRUE,FALSE,2,1,2,49.916666666666664,0,0,0,0,0,0,0,60,60,50,60,70,60,50,70,70,60,50,60,70,60,70,60,80,70,70,60,60,70,70,50,60,50,70,90,50,50,70,60,70,50,50,50,50,60,50,50,60,60,60,50,60,60,60,50,50,50,70,60,80,70,60,60,60,70,50,60,50,70,70,60,60,NA,NA,NA,NA,NA,NA,NA,NA,NA,NA,NA,NA,NA,NA,NA,NA,NA,NA,NA,NA,NA,NA,NA,NA,NA,NA,NA,NA,NA,NA,NA,NA,NA,NA,NA,NA,NA,NA,NA,NA,NA,NA,NA,127,0,127,0,FALSE,FALSE,FALSE,FALSE,FALSE,FALSE,0,0,1,0,0,NA,NA,NA,NA,NA,NA,67.77777777777777,0.05931209134694887,5,3,Rehab (3),2.5,2.5,2.5,2.125,NA,NA,NA,NA,NA,NA,NA,NA,NA,NA,NA,4,4,3,3,3,TRUE,TRUE,No controls
100,3899,1,R_7o4EwVRj9dgZl0Y,0,0,1,0,0,1,0,0,1,0,0,1,0,0,1,0,0,1,0,1,0,0,0,1,1,1,0,0,0,1,1,0,0,Never,Never,Never,1,NA,NA,NA,NA,NA,NA,NA,NA,NA,NA,NA,NA,NA,NA,NA,NA,NA,NA,NA,NA,NA,NA,NA,NA,NA,NA,NA,NA,NA,NA,NA,NA,NA,NA,NA,NA,NA,NA,NA,NA,NA,NA,NA,NA,NA,NA,NA,NA,NA,NA,NA,NA,NA,NA,NA,NA,NA,NA,NA,NA,NA,NA,NA,NA,NA,NA,NA,NA,NA,NA,NA,NA,NA,NA,NA,NA,NA,NA,NA,NA,NA,NA,NA,NA,NA,NA,NA,NA,NA,NA,NA,NA,NA,NA,NA,NA,NA,NA,NA,NA,NA,NA,NA,NA,NA,NA,NA,NA,NA,NA,NA,NA,NA,NA,NA,NA,NA,NA,NA,NA,NA,NA,NA,NA,NA,NA,NA,NA,NA,NA,NA,NA,NA,NA,NA,NA,NA,NA,NA,NA,NA,NA,NA,NA,NA,NA,iP3b0d65ecc47fb1d0,NA,NA,A,FALSE,TRUE,FALSE,FALSE,TRUE,FALSE,FALSE,0,3,1,64.98333333333333,0,0,0,0,1,0,0,70,80,90,90,60,80,60,90,90,70,60,60,30,50,60,60,100,60,90,60,40,80,80,100,0,50,60,90,20,100,100,100,100,100,60,40,30,30,30,20,50,90,50,60,70,30,80,40,80,60,60,60,60,90,100,100,50,60,70,60,40,70,100,90,70,NA,NA,NA,NA,NA,NA,NA,NA,NA,NA,NA,NA,NA,NA,NA,NA,NA,NA,NA,NA,NA,NA,NA,NA,NA,NA,NA,NA,NA,NA,NA,NA,NA,NA,NA,NA,NA,NA,NA,NA,NA,NA,NA,145,0,145,1,FALSE,FALSE,FALSE,FALSE,FALSE,FALSE,0,0,1,0,0,NA,NA,NA,NA,NA,NA,58.888888888888886,-0.4046318109913134,NA,NA,NA,NA,NA,NA,NA,NA,NA,NA,NA,NA,NA,NA,NA,NA,NA,NA,NA,NA,NA,NA,NA,TRUE,TRUE,No controls
100,637,1,R_5VSwmqhgImTqyWt,1,NA,0,NA,0,1,1,0,0,1,0,0,1,0,0,0,0,1,0,0,1,0,0,1,1,0,0,0,0,1,0,0,1,Rarely,Never,Sometimes,4,1,2,2,2,2,8,10,10,10,10,1,1,3,4,4,2,3,Purple,NA,NA,NA,NA,NA,NA,NA,NA,NA,NA,NA,NA,NA,NA,NA,NA,NA,NA,NA,NA,NA,NA,NA,NA,NA,NA,NA,NA,NA,NA,NA,NA,NA,NA,NA,NA,NA,NA,NA,NA,NA,NA,NA,NA,NA,NA,NA,NA,NA,NA,NA,NA,NA,NA,NA,NA,NA,NA,NA,NA,NA,NA,NA,NA,NA,NA,NA,NA,NA,NA,NA,NA,NA,NA,NA,NA,NA,NA,NA,NA,NA,NA,NA,NA,NA,NA,NA,NA,NA,NA,NA,NA,NA,NA,NA,NA,NA,NA,NA,NA,NA,NA,NA,NA,NA,NA,NA,NA,NA,NA,NA,NA,NA,NA,NA,NA,NA,NA,NA,NA,NA,NA,NA,NA,NA,NA,NA,NA,iPfa9fda468b0ecd8d,NA,NA,C,TRUE,FALSE,TRUE,FALSE,TRUE,TRUE,FALSE,2,1,2,10.616666666666667,0,1,1,1,0,0,0,100,100,50,70,50,70,75,90,50,50,50,50,75,85,51,90,80,51,85,100,0,100,50,85,60,90,90,70,70,50,100,100,65,51,30,60,50,40,20,10,30,65,NA,NA,NA,NA,NA,NA,NA,NA,NA,NA,NA,NA,NA,NA,NA,NA,NA,NA,NA,NA,NA,NA,NA,NA,NA,NA,NA,NA,NA,NA,NA,NA,NA,NA,NA,NA,NA,NA,NA,NA,NA,NA,NA,NA,80,100,70,70,100,80,90,100,85,75,95,15,100,100,75,80,75,70,70,80,100,100,127,0,127,0,FALSE,FALSE,FALSE,FALSE,FALSE,FALSE,1,1,NA,NA,NA,NA,NA,NA,NA,NA,NA,79,0.6450412680490055,1,7,Punish (7),4,3,3.5,3.5,NA,NA,NA,NA,NA,NA,NA,NA,NA,NA,NA,3,5,5,5,5,TRUE,TRUE,No controls
100,1098,1,R_7tMrFE379nkx8CX,0,0,1,0,0,1,0,1,0,0,0,1,0,1,0,0,0,1,0,0,1,0,0,1,0,0,1,0,1,0,0,0,1,Sometimes,Rarely,Sometimes,4,2,2,-99,2,2,7,6,9,8,9,5,3,3,3,3,1,3,Purple,NA,NA,NA,NA,NA,NA,NA,NA,NA,NA,NA,NA,NA,NA,NA,NA,NA,NA,NA,NA,NA,NA,NA,NA,NA,NA,NA,NA,NA,NA,NA,NA,NA,NA,NA,NA,NA,NA,NA,NA,NA,NA,NA,NA,NA,NA,NA,NA,NA,NA,NA,NA,NA,NA,NA,NA,NA,NA,NA,NA,NA,NA,NA,NA,NA,NA,NA,NA,NA,NA,NA,NA,NA,NA,NA,NA,NA,NA,NA,NA,NA,NA,NA,NA,NA,NA,NA,NA,NA,NA,NA,NA,NA,NA,NA,NA,NA,NA,NA,NA,NA,NA,NA,NA,NA,NA,NA,NA,NA,NA,NA,NA,NA,NA,NA,NA,NA,NA,NA,NA,NA,NA,NA,NA,NA,NA,NA,NA,iP18559a0e92a5d572,NA,NA,B,TRUE,FALSE,TRUE,FALSE,TRUE,TRUE,FALSE,2,1,2,18.3,0,0,1,1,0,0,0,67,70,50,85,68,50,0,49,81,11,11,6,11,90,51,79,84,47,90,90,9,96,87,96,2,35,59,50,21,50,94,11,0,38,43,94,76,32,21,21,50,49,NA,NA,NA,NA,NA,NA,NA,NA,NA,NA,NA,NA,NA,NA,NA,NA,NA,NA,NA,NA,NA,NA,NA,14,46,50,96,50,5,5,77,50,27,15,50,98,95,98,96,93,90,13,70,73,NA,NA,NA,NA,NA,NA,NA,NA,NA,NA,NA,NA,NA,NA,NA,NA,NA,NA,NA,NA,NA,NA,127,0,127,0,FALSE,FALSE,FALSE,FALSE,FALSE,FALSE,0,0,1,0,0,NA,NA,NA,NA,NA,NA,59,-0.39883251221208493,5,3,Rehab (3),2,4,3,3,NA,NA,NA,NA,NA,NA,NA,NA,NA,NA,NA,2,1,4,3,4,TRUE,TRUE,No controls
100,708,1,R_1U4uVmEVDhWk1Ng,NA,1,0,NA,1,0,1,0,0,0,1,0,1,0,0,0,1,0,0,0,1,0,0,1,1,0,0,0,1,0,0,0,1,Frequently,Frequently,Frequently,1,NA,NA,NA,NA,NA,NA,NA,NA,NA,NA,NA,NA,NA,NA,NA,NA,NA,NA,NA,NA,NA,NA,NA,NA,NA,NA,NA,NA,NA,NA,NA,NA,NA,NA,NA,NA,NA,NA,NA,NA,NA,NA,NA,NA,NA,NA,NA,NA,NA,NA,NA,NA,NA,NA,NA,NA,NA,NA,NA,NA,NA,NA,NA,NA,NA,NA,NA,NA,NA,NA,NA,NA,NA,NA,NA,NA,NA,NA,NA,NA,NA,NA,NA,NA,NA,NA,NA,NA,NA,NA,NA,NA,NA,NA,NA,NA,NA,NA,NA,NA,NA,NA,NA,NA,NA,NA,NA,NA,NA,NA,NA,NA,NA,NA,NA,NA,NA,NA,NA,NA,NA,NA,NA,NA,NA,NA,NA,NA,NA,NA,NA,NA,NA,NA,NA,NA,NA,NA,NA,NA,NA,NA,NA,NA,NA,NA,iP0bdf8dd8bcaa7a46,NA,NA,A,FALSE,TRUE,FALSE,FALSE,TRUE,FALSE,FALSE,0,3,1,11.8,0,1,1,1,0,0,0,100,100,100,100,100,100,0,100,0,100,0,0,100,100,100,100,100,100,100,100,0,100,0,100,0,0,100,100,0,0,100,0,0,0,0,80,0,0,100,0,100,100,100,0,100,0,100,0,100,0,100,100,100,100,100,100,0,0,100,100,0,100,100,100,100,NA,NA,NA,NA,NA,NA,NA,NA,NA,NA,NA,NA,NA,NA,NA,NA,NA,NA,NA,NA,NA,NA,NA,NA,NA,NA,NA,NA,NA,NA,NA,NA,NA,NA,NA,NA,NA,NA,NA,NA,NA,NA,NA,145,0,145,1,FALSE,FALSE,FALSE,FALSE,FALSE,FALSE,1,NA,NA,1,NA,NA,NA,NA,NA,NA,NA,88.88888888888889,1.1611788594003225,NA,NA,NA,NA,NA,NA,NA,NA,NA,NA,NA,NA,NA,NA,NA,NA,NA,NA,NA,NA,NA,NA,NA,TRUE,TRUE,No controls
100,3017,1,R_3LRSil2cmSMpKq6,0,0,1,0,0,1,0,0,1,0,0,1,0,0,1,0,0,1,0,0,1,0,0,1,0,0,1,0,0,1,0,0,1,Never,Never,Never,4,4,4,4,4,4,8,9,8,10,6,1,1,1,1,2,2,2,"""purple""",NA,NA,NA,NA,NA,NA,NA,NA,NA,NA,NA,NA,NA,NA,NA,NA,NA,NA,NA,NA,NA,NA,NA,NA,NA,NA,NA,NA,NA,NA,NA,NA,NA,NA,NA,NA,NA,NA,NA,NA,NA,NA,NA,NA,NA,NA,NA,NA,NA,NA,NA,NA,NA,NA,NA,NA,NA,NA,NA,NA,NA,NA,NA,NA,NA,NA,NA,NA,NA,NA,NA,NA,NA,NA,NA,NA,NA,NA,NA,NA,NA,NA,NA,NA,NA,NA,NA,NA,NA,NA,NA,NA,NA,NA,NA,NA,NA,NA,NA,NA,NA,NA,NA,NA,NA,NA,NA,NA,NA,NA,NA,NA,NA,NA,NA,NA,NA,NA,NA,NA,NA,NA,NA,NA,NA,NA,NA,NA,iPf26234312166e315,NA,NA,A,TRUE,FALSE,TRUE,FALSE,TRUE,TRUE,FALSE,2,1,2,50.28333333333333,0,0,0,0,0,0,0,40,40,60,20,60,40,10,90,60,80,60,40,0,10,60,10,100,10,100,40,50,100,90,90,0,0,10,0,0,50,90,80,100,100,50,50,40,30,50,50,70,60,10,0,60,50,90,30,90,0,50,60,50,50,80,40,50,40,70,90,50,70,90,60,40,NA,NA,NA,NA,NA,NA,NA,NA,NA,NA,NA,NA,NA,NA,NA,NA,NA,NA,NA,NA,NA,NA,NA,NA,NA,NA,NA,NA,NA,NA,NA,NA,NA,NA,NA,NA,NA,NA,NA,NA,NA,NA,NA,127,0,127,0,FALSE,FALSE,FALSE,FALSE,FALSE,FALSE,0,0,1,0,0,NA,NA,NA,NA,NA,NA,20,-2.434386383721211,1,7,Punish (7),4,3,3.5,1.5,NA,NA,NA,NA,NA,NA,NA,NA,NA,NA,NA,3,4,3,5,1,TRUE,TRUE,No controls
100,1573,1,R_1Jhew3ZkvKXiBZn,1,NA,0,NA,0,1,1,0,0,0,0,1,1,0,0,0,0,1,1,0,0,0,1,0,1,0,0,1,0,0,0,0,1,Never,Never,Never,1,NA,NA,NA,NA,NA,NA,NA,NA,NA,NA,NA,NA,NA,NA,NA,NA,NA,NA,NA,NA,NA,NA,NA,NA,NA,NA,NA,NA,NA,NA,NA,NA,NA,NA,NA,NA,NA,NA,NA,NA,NA,NA,NA,NA,NA,NA,NA,NA,NA,NA,NA,NA,NA,NA,NA,NA,NA,NA,NA,NA,NA,NA,NA,NA,NA,NA,NA,NA,NA,NA,NA,NA,NA,NA,NA,NA,NA,NA,NA,NA,NA,NA,NA,NA,NA,NA,NA,NA,NA,NA,NA,NA,NA,NA,NA,NA,NA,NA,NA,NA,NA,NA,NA,NA,NA,NA,NA,NA,NA,NA,NA,NA,NA,NA,NA,NA,NA,NA,NA,NA,NA,NA,NA,NA,NA,NA,NA,NA,NA,NA,NA,NA,NA,NA,NA,NA,NA,NA,NA,NA,NA,NA,NA,NA,NA,NA,iPeeac9bc50df998f9,NA,NA,C,FALSE,TRUE,FALSE,FALSE,TRUE,FALSE,FALSE,0,3,1,26.216666666666665,0,0,0,1,0,0,0,100,100,100,100,100,100,68,100,27,50,100,100,74,100,50,23,100,100,100,100,100,100,100,100,0,25,75,90,29,100,100,50,50,0,100,100,71,24,100,100,66,100,NA,NA,NA,NA,NA,NA,NA,NA,NA,NA,NA,NA,NA,NA,NA,NA,NA,NA,NA,NA,NA,NA,NA,NA,NA,NA,NA,NA,NA,NA,NA,NA,NA,NA,NA,NA,NA,NA,NA,NA,NA,NA,NA,NA,100,100,100,52,100,100,100,100,100,0,100,0,60,100,50,100,100,75,22,100,100,100,145,0,145,1,FALSE,FALSE,FALSE,FALSE,FALSE,FALSE,1,1,NA,NA,NA,NA,NA,NA,NA,NA,NA,76.77777777777777,0.5290552924644396,NA,NA,NA,NA,NA,NA,NA,NA,NA,NA,NA,NA,NA,NA,NA,NA,NA,NA,NA,NA,NA,NA,NA,TRUE,TRUE,No controls
100,1360,1,R_14R5E0qwa1mDwiJ,NA,1,0,NA,0,1,0,1,0,0,0,1,0,0,1,0,0,1,0,0,1,0,0,1,0,1,0,0,1,0,0,0,1,Never,Sometimes,Sometimes,4,1,1,1,1,1,8,8,9,9,9,3,5,3,3,3,2,2.5,"""purple""",NA,NA,NA,NA,NA,NA,NA,NA,NA,NA,NA,NA,NA,NA,NA,NA,NA,NA,NA,NA,NA,NA,NA,NA,NA,NA,NA,NA,NA,NA,NA,NA,NA,NA,NA,NA,NA,NA,NA,NA,NA,NA,NA,NA,NA,NA,NA,NA,NA,NA,NA,NA,NA,NA,NA,NA,NA,NA,NA,NA,NA,NA,NA,NA,NA,NA,NA,NA,NA,NA,NA,NA,NA,NA,NA,NA,NA,NA,NA,NA,NA,NA,NA,NA,NA,NA,NA,NA,NA,NA,NA,NA,NA,NA,NA,NA,NA,NA,NA,NA,NA,NA,NA,NA,NA,NA,NA,NA,NA,NA,NA,NA,NA,NA,NA,NA,NA,NA,NA,NA,NA,NA,NA,NA,NA,NA,NA,NA,iPbb13cd765093586f,NA,NA,C,TRUE,FALSE,TRUE,FALSE,TRUE,TRUE,FALSE,2,1,2,22.666666666666668,0,0,0,1,0,0,0,99,99,71,95,66,75,93,85,80,86,89,65,75,80,95,96,98,80,91,99,5,99,95,100,6,81,91,70,50,50,90,70,80,87,50,64,40,45,60,64,76,90,NA,NA,NA,NA,NA,NA,NA,NA,NA,NA,NA,NA,NA,NA,NA,NA,NA,NA,NA,NA,NA,NA,NA,NA,NA,NA,NA,NA,NA,NA,NA,NA,NA,NA,NA,NA,NA,NA,NA,NA,NA,NA,NA,NA,99,97,85,65,91,97,100,99,94,0,95,0,71,75,65,92,95,81,97,95,76,70,127,0,127,0,FALSE,FALSE,FALSE,FALSE,FALSE,FALSE,1,NA,NA,1,NA,NA,NA,NA,NA,NA,NA,82.11111111111111,0.8074216338673975,3,5,Punish (5),2.5,3,2.75,2.875,NA,NA,NA,NA,NA,NA,NA,NA,NA,NA,NA,3,3,4,4,4,TRUE,TRUE,No controls
100,2404,1,R_3fMOVQwFsemRq0X,0,0,1,0,0,1,1,0,0,0,0,1,1,0,0,0,0,1,0,0,1,0,0,1,0,0,1,0,0,1,0,0,1,Never,Never,Never,4,1,1,3,2,2,8,7,6,6,6,4,2,3,3,3,2,3,purple,NA,NA,NA,NA,NA,NA,NA,NA,NA,NA,NA,NA,NA,NA,NA,NA,NA,NA,NA,NA,NA,NA,NA,NA,NA,NA,NA,NA,NA,NA,NA,NA,NA,NA,NA,NA,NA,NA,NA,NA,NA,NA,NA,NA,NA,NA,NA,NA,NA,NA,NA,NA,NA,NA,NA,NA,NA,NA,NA,NA,NA,NA,NA,NA,NA,NA,NA,NA,NA,NA,NA,NA,NA,NA,NA,NA,NA,NA,NA,NA,NA,NA,NA,NA,NA,NA,NA,NA,NA,NA,NA,NA,NA,NA,NA,NA,NA,NA,NA,NA,NA,NA,NA,NA,NA,NA,NA,NA,NA,NA,NA,NA,NA,NA,NA,NA,NA,NA,NA,NA,NA,NA,NA,NA,NA,NA,NA,NA,iP886be3589360fc0d,NA,NA,A,TRUE,FALSE,TRUE,FALSE,TRUE,TRUE,FALSE,2,1,2,40.06666666666667,0,0,0,0,0,0,0,100,100,80,100,80,NA,0,0,0,0,10,0,80,100,0,100,100,NA,80,100,0,100,0,100,0,0,20,0,0,20,0,60,80,100,0,0,70,0,0,0,90,NA,70,100,20,0,0,0,0,NA,80,100,100,0,90,100,20,0,100,0,0,NA,100,20,NA,NA,NA,NA,NA,NA,NA,NA,NA,NA,NA,NA,NA,NA,NA,NA,NA,NA,NA,NA,NA,NA,NA,NA,NA,NA,NA,NA,NA,NA,NA,NA,NA,NA,NA,NA,NA,NA,NA,NA,NA,NA,NA,NA,130,3,133,0,FALSE,FALSE,FALSE,FALSE,FALSE,FALSE,0,0,1,0,0,NA,NA,NA,NA,NA,NA,62.5,-0.2161546006663941,4,4,Neutral (4),3,3,3,3,NA,NA,NA,NA,NA,NA,NA,NA,NA,NA,NA,3,2,1,1,1,TRUE,TRUE,No controls
100,1114,1,R_3qbOSk8TZCeYFAR,NA,1,0,NA,0,1,0,1,0,0,0,1,0,0,1,0,0,1,0,0,1,0,0,1,0,1,0,0,1,0,0,1,0,Rarely,Never,Never,4,1,1,2,1,1,8,9,10,10,9,6,5,3,3,3,2,3,purple,NA,NA,NA,NA,NA,NA,NA,NA,NA,NA,NA,NA,NA,NA,NA,NA,NA,NA,NA,NA,NA,NA,NA,NA,NA,NA,NA,NA,NA,NA,NA,NA,NA,NA,NA,NA,NA,NA,NA,NA,NA,NA,NA,NA,NA,NA,NA,NA,NA,NA,NA,NA,NA,NA,NA,NA,NA,NA,NA,NA,NA,NA,NA,NA,NA,NA,NA,NA,NA,NA,NA,NA,NA,NA,NA,NA,NA,NA,NA,NA,NA,NA,NA,NA,NA,NA,NA,NA,NA,NA,NA,NA,NA,NA,NA,NA,NA,NA,NA,NA,NA,NA,NA,NA,NA,NA,NA,NA,NA,NA,NA,NA,NA,NA,NA,NA,NA,NA,NA,NA,NA,NA,NA,NA,NA,NA,NA,NA,iP516a37ce90b965f3,NA,NA,A,TRUE,FALSE,TRUE,FALSE,TRUE,TRUE,FALSE,2,1,2,18.566666666666663,0,0,1,1,0,0,0,80,80,80,80,80,80,60,80,80,80,80,80,60,60,60,80,90,80,60,80,80,90,80,100,50,50,80,80,50,80,80,50,60,60,60,70,60,60,60,60,80,80,70,60,80,80,80,80,80,80,80,80,80,80,80,80,80,60,80,80,60,80,80,80,80,NA,NA,NA,NA,NA,NA,NA,NA,NA,NA,NA,NA,NA,NA,NA,NA,NA,NA,NA,NA,NA,NA,NA,NA,NA,NA,NA,NA,NA,NA,NA,NA,NA,NA,NA,NA,NA,NA,NA,NA,NA,NA,NA,127,0,127,0,FALSE,FALSE,FALSE,FALSE,FALSE,FALSE,1,NA,NA,1,NA,NA,NA,NA,NA,NA,NA,73.33333333333333,0.349277030308363,6,2,Rehab (2),2.5,3,2.75,3,NA,NA,NA,NA,NA,NA,NA,NA,NA,NA,NA,3,4,5,5,4,TRUE,TRUE,No controls
100,897,1,R_7tMxPwC5eg7UcQm,0,0,1,0,0,1,0,1,0,0,0,1,0,0,1,0,0,1,0,0,1,0,0,1,0,0,1,0,0,1,0,0,1,Never,Never,Rarely,4,1,1,1,1,1,8,9,10,10,10,4,2,3,3,3,2,2.5,purple,NA,NA,NA,NA,NA,NA,NA,NA,NA,NA,NA,NA,NA,NA,NA,NA,NA,NA,NA,NA,NA,NA,NA,NA,NA,NA,NA,NA,NA,NA,NA,NA,NA,NA,NA,NA,NA,NA,NA,NA,NA,NA,NA,NA,NA,NA,NA,NA,NA,NA,NA,NA,NA,NA,NA,NA,NA,NA,NA,NA,NA,NA,NA,NA,NA,NA,NA,NA,NA,NA,NA,NA,NA,NA,NA,NA,NA,NA,NA,NA,NA,NA,NA,NA,NA,NA,NA,NA,NA,NA,NA,NA,NA,NA,NA,NA,NA,NA,NA,NA,NA,NA,NA,NA,NA,NA,NA,NA,NA,NA,NA,NA,NA,NA,NA,NA,NA,NA,NA,NA,NA,NA,NA,NA,NA,NA,NA,NA,iPb62a201850cc0c95,NA,NA,B,TRUE,FALSE,TRUE,FALSE,TRUE,TRUE,FALSE,2,1,2,14.95,0,0,1,1,0,0,0,76,77,77,77,74,73,10,84,83,75,62,71,76,70,74,83,84,43,80,72,11,84,74,77,18,24,76,78,42,20,82,79,72,75,0,86,0,0,8,0,75,78,NA,NA,NA,NA,NA,NA,NA,NA,NA,NA,NA,NA,NA,NA,NA,NA,NA,NA,NA,NA,NA,NA,NA,55,39,79,52,75,0,61,0,73,17,0,50,86,85,86,75,79,75,81,24,53,NA,NA,NA,NA,NA,NA,NA,NA,NA,NA,NA,NA,NA,NA,NA,NA,NA,NA,NA,NA,NA,NA,127,0,127,0,FALSE,FALSE,FALSE,FALSE,FALSE,FALSE,0,0,1,0,0,NA,NA,NA,NA,NA,NA,69.33333333333333,0.1405022742561449,4,4,Neutral (4),3,3,3,2.875,NA,NA,NA,NA,NA,NA,NA,NA,NA,NA,NA,3,4,5,5,5,TRUE,TRUE,No controls
100,747,1,R_3wm7ewnJ0djS7S1,NA,1,0,NA,0,1,0,1,0,0,0,1,0,1,0,1,0,0,0,0,1,0,0,1,0,0,1,0,0,1,0,1,0,Sometimes,Never,Sometimes,1,NA,NA,NA,NA,NA,NA,NA,NA,NA,NA,NA,NA,NA,NA,NA,NA,NA,NA,NA,NA,NA,NA,NA,NA,NA,NA,NA,NA,NA,NA,NA,NA,NA,NA,NA,NA,NA,NA,NA,NA,NA,NA,NA,NA,NA,NA,NA,NA,NA,NA,NA,NA,NA,NA,NA,NA,NA,NA,NA,NA,NA,NA,NA,NA,NA,NA,NA,NA,NA,NA,NA,NA,NA,NA,NA,NA,NA,NA,NA,NA,NA,NA,NA,NA,NA,NA,NA,NA,NA,NA,NA,NA,NA,NA,NA,NA,NA,NA,NA,NA,NA,NA,NA,NA,NA,NA,NA,NA,NA,NA,NA,NA,NA,NA,NA,NA,NA,NA,NA,NA,NA,NA,NA,NA,NA,NA,NA,NA,NA,NA,NA,NA,NA,NA,NA,NA,NA,NA,NA,NA,NA,NA,NA,NA,NA,NA,iP4a1d1e32c0d4763e,NA,NA,A,FALSE,TRUE,FALSE,FALSE,TRUE,FALSE,FALSE,0,3,1,12.45,0,1,1,1,0,0,0,100,100,100,100,100,100,100,100,100,100,100,100,100,100,100,100,100,100,100,100,0,100,100,100,100,100,100,100,100,100,100,100,100,100,100,100,100,100,0,100,100,100,100,100,100,100,100,100,100,100,100,100,100,100,100,100,100,100,100,100,100,100,100,100,100,NA,NA,NA,NA,NA,NA,NA,NA,NA,NA,NA,NA,NA,NA,NA,NA,NA,NA,NA,NA,NA,NA,NA,NA,NA,NA,NA,NA,NA,NA,NA,NA,NA,NA,NA,NA,NA,NA,NA,NA,NA,NA,NA,145,0,145,1,FALSE,FALSE,FALSE,FALSE,FALSE,FALSE,1,NA,NA,1,NA,NA,NA,NA,NA,NA,NA,100,1.7411087373231504,NA,NA,NA,NA,NA,NA,NA,NA,NA,NA,NA,NA,NA,NA,NA,NA,NA,NA,NA,NA,NA,NA,NA,TRUE,TRUE,No controls
100,559,1,R_1mWXiZ2mmBp06RP,0,0,1,0,0,1,0,0,1,0,0,1,0,0,1,0,0,1,0,1,0,0,0,1,0,1,0,0,0,1,0,0,1,Rarely,Rarely,Rarely,1,NA,NA,NA,NA,NA,NA,NA,NA,NA,NA,NA,NA,NA,NA,NA,NA,NA,NA,NA,NA,NA,NA,NA,NA,NA,NA,NA,NA,NA,NA,NA,NA,NA,NA,NA,NA,NA,NA,NA,NA,NA,NA,NA,NA,NA,NA,NA,NA,NA,NA,NA,NA,NA,NA,NA,NA,NA,NA,NA,NA,NA,NA,NA,NA,NA,NA,NA,NA,NA,NA,NA,NA,NA,NA,NA,NA,NA,NA,NA,NA,NA,NA,NA,NA,NA,NA,NA,NA,NA,NA,NA,NA,NA,NA,NA,NA,NA,NA,NA,NA,NA,NA,NA,NA,NA,NA,NA,NA,NA,NA,NA,NA,NA,NA,NA,NA,NA,NA,NA,NA,NA,NA,NA,NA,NA,NA,NA,NA,NA,NA,NA,NA,NA,NA,NA,NA,NA,NA,NA,NA,NA,NA,NA,NA,NA,NA,iP03bbd55423055785,NA,NA,C,FALSE,TRUE,FALSE,FALSE,TRUE,FALSE,FALSE,0,3,1,9.316666666666666,0,1,1,1,0,0,0,50,51,50,57,47,54,55,73,50,50,49,50,50,51,53,52,73,50,72,50,32,52,68,94,19,54,63,57,42,49,68,69,56,51,50,49,36,50,51,50,56,50,NA,NA,NA,NA,NA,NA,NA,NA,NA,NA,NA,NA,NA,NA,NA,NA,NA,NA,NA,NA,NA,NA,NA,NA,NA,NA,NA,NA,NA,NA,NA,NA,NA,NA,NA,NA,NA,NA,NA,NA,NA,NA,NA,NA,50,50,50,63,75,74,95,50,83,8,62,23,51,72,43,67,65,80,77,50,50,50,145,0,145,1,FALSE,FALSE,FALSE,FALSE,FALSE,FALSE,0,0,1,0,0,NA,NA,NA,NA,NA,NA,54.22222222222222,-0.64820235971890106,NA,NA,NA,NA,NA,NA,NA,NA,NA,NA,NA,NA,NA,NA,NA,NA,NA,NA,NA,NA,NA,NA,NA,TRUE,TRUE,No controls
100,664,1,R_1RaFKDyL7qZIct9,0,0,1,0,0,1,0,0,1,0,0,1,0,0,1,0,0,1,0,0,1,0,0,1,0,0,1,0,0,1,0,0,1,Sometimes,Rarely,Sometimes,4,2,4,3,3,3,7,7,9,7,8,3,2,3,3,1,3,3,purple,3,6,2,2,3,5,1,3,3,4,1,2,2,2,2,2,2,1,3,2,1,3,1,1,1,2,3,1,1,2,2,2,1,2,1,2,1,1,1,1,1,1,2,2,2,1,1,2,1,3,3,2,3,2,3,2,3,2,3,1,2,2,1,3,1,NA,4,1,2,1,2,1,2,3,4,3,5,5,5,5,5,5,5,5,5,NA,NA,NA,NA,NA,NA,NA,NA,NA,NA,NA,NA,NA,NA,NA,NA,NA,NA,NA,NA,NA,NA,NA,NA,NA,NA,NA,NA,NA,NA,NA,NA,NA,NA,NA,NA,NA,NA,NA,NA,NA,NA,NA,iP2a0ba339a5aab2fd,NA,NA,B,TRUE,FALSE,TRUE,FALSE,TRUE,TRUE,TRUE,2,1,3,11.066666666666666,0,1,1,1,0,0,0,13,73,86,33,100,0,33,72,24,0,7,5,2,23,61,66,79,31,63,69,7,100,67,82,0,0,34,0,0,59,76,0,0,0,12,100,28,9,0,25,61,64,NA,NA,NA,NA,NA,NA,NA,NA,NA,NA,NA,NA,NA,NA,NA,NA,NA,NA,NA,NA,NA,NA,NA,0,74,61,19,67,19,0,35,46,72,34,30,100,83,79,60,68,41,60,66,60,NA,NA,NA,NA,NA,NA,NA,NA,NA,NA,NA,NA,NA,NA,NA,NA,NA,NA,NA,NA,NA,NA,43,0,43,1,FALSE,FALSE,FALSE,FALSE,FALSE,FALSE,0,0,1,0,0,NA,NA,NA,NA,NA,NA,33.77777777777778,-1.7152733350969045,3,5,Punish (5),3,2,2.5,2.5,3,1,1,1,1,1,1,1,1,1,1,2,2,4,2,3,FALSE,TRUE,Some controls missing
100,2447,1,R_5hAocHLdDTbNKKO,0,0,1,0,0,1,1,1,0,0,1,0,1,1,0,0,1,0,0,1,0,0,0,1,0,1,0,0,0,1,0,0,1,Rarely,Sometimes,Sometimes,4,1,1,-99,2,-99,8,8,8,9,9,6,5,2.5,3,4,5,2.5,Purple,NA,NA,NA,NA,NA,NA,NA,NA,NA,NA,NA,NA,NA,NA,NA,NA,NA,NA,NA,NA,NA,NA,NA,NA,NA,NA,NA,NA,NA,NA,NA,NA,NA,NA,NA,NA,NA,NA,NA,NA,NA,NA,NA,NA,NA,NA,NA,NA,NA,NA,NA,NA,NA,NA,NA,NA,NA,NA,NA,NA,NA,NA,NA,NA,NA,NA,NA,NA,NA,NA,NA,NA,NA,NA,NA,NA,NA,NA,NA,NA,NA,NA,NA,NA,NA,NA,NA,NA,NA,NA,NA,NA,NA,NA,NA,NA,NA,NA,NA,NA,NA,NA,NA,NA,NA,NA,NA,NA,NA,NA,NA,NA,NA,NA,NA,NA,NA,NA,NA,NA,NA,NA,NA,NA,NA,NA,NA,NA,iPab8017eae160a562,NA,NA,C,TRUE,FALSE,TRUE,FALSE,TRUE,TRUE,FALSE,2,1,2,40.78333333333333,0,0,0,0,0,0,0,81,65,69,93,81,64,51,96,84,66,73,2,87,99,73,100,98,78,63,95,29,92,65,100,0,25,85,82,70,30,59,41,50,40,50,50,61,22,71,50,88,87,NA,NA,NA,NA,NA,NA,NA,NA,NA,NA,NA,NA,NA,NA,NA,NA,NA,NA,NA,NA,NA,NA,NA,NA,NA,NA,NA,NA,NA,NA,NA,NA,NA,NA,NA,NA,NA,NA,NA,NA,NA,NA,NA,NA,88,88,62,77,50,72,100,100,84,0,88,0,19,70,50,70,85,51,64,83,50,5,127,0,127,0,FALSE,FALSE,FALSE,FALSE,FALSE,FALSE,0,0,1,0,0,NA,NA,NA,NA,NA,NA,88.22222222222223,1.126383066724953,6,2,Rehab (2),2.5,2.5,2.5,3,NA,NA,NA,NA,NA,NA,NA,NA,NA,NA,NA,3,3,3,4,4,TRUE,TRUE,No controls
100,528,1,R_7kOJyRWnBNQJi93,0,0,1,0,0,1,0,1,0,0,0,1,0,0,1,0,0,1,1,0,0,0,0,1,0,1,0,0,0,1,0,0,1,Never,Never,Never,4,1,2,1,1,-99,9,9,8,10,10,5,2,2,2,1,4,1,Purple,NA,NA,NA,NA,NA,NA,NA,NA,NA,NA,NA,NA,NA,NA,NA,NA,NA,NA,NA,NA,NA,NA,NA,NA,NA,NA,NA,NA,NA,NA,NA,NA,NA,NA,NA,NA,NA,NA,NA,NA,NA,NA,NA,NA,NA,NA,NA,NA,NA,NA,NA,NA,NA,NA,NA,NA,NA,NA,NA,NA,NA,NA,NA,NA,NA,NA,NA,NA,NA,NA,NA,NA,NA,NA,NA,NA,NA,NA,NA,NA,NA,NA,NA,NA,NA,NA,NA,NA,NA,NA,NA,NA,NA,NA,NA,NA,NA,NA,NA,NA,NA,NA,NA,NA,NA,NA,NA,NA,NA,NA,NA,NA,NA,NA,NA,NA,NA,NA,NA,NA,NA,NA,NA,NA,NA,NA,NA,NA,iP6e45aae7bdf8c4ff,NA,NA,A,TRUE,FALSE,TRUE,FALSE,TRUE,TRUE,FALSE,2,1,2,8.8,0,1,1,1,0,0,0,60,60,40,40,60,50,50,80,70,70,0,0,40,30,80,60,30,10,100,50,90,60,70,50,0,80,40,30,40,50,60,40,30,20,30,50,70,50,30,40,70,30,80,100,40,60,70,60,20,30,30,30,40,60,60,60,20,20,60,60,10,30,40,50,30,NA,NA,NA,NA,NA,NA,NA,NA,NA,NA,NA,NA,NA,NA,NA,NA,NA,NA,NA,NA,NA,NA,NA,NA,NA,NA,NA,NA,NA,NA,NA,NA,NA,NA,NA,NA,NA,NA,NA,NA,NA,NA,NA,127,0,127,0,FALSE,FALSE,FALSE,FALSE,FALSE,FALSE,0,0,1,0,0,NA,NA,NA,NA,NA,NA,36.666666666666664,-1.5644915668369694,5,3,Rehab (3),3,1,2,1.5,NA,NA,NA,NA,NA,NA,NA,NA,NA,NA,NA,4,4,3,5,5,TRUE,TRUE,No controls
100,1420,1,R_52IXcEh1bv2fPE2,0,0,1,0,1,0,0,0,1,0,0,1,0,0,1,0,1,0,0,1,0,0,0,1,1,1,0,1,1,0,0,0,1,Rarely,Never,Never,1,NA,NA,NA,NA,NA,NA,NA,NA,NA,NA,NA,NA,NA,NA,NA,NA,NA,NA,NA,NA,NA,NA,NA,NA,NA,NA,NA,NA,NA,NA,NA,NA,NA,NA,NA,NA,NA,NA,NA,NA,NA,NA,NA,NA,NA,NA,NA,NA,NA,NA,NA,NA,NA,NA,NA,NA,NA,NA,NA,NA,NA,NA,NA,NA,NA,NA,NA,NA,NA,NA,NA,NA,NA,NA,NA,NA,NA,NA,NA,NA,NA,NA,NA,NA,NA,NA,NA,NA,NA,NA,NA,NA,NA,NA,NA,NA,NA,NA,NA,NA,NA,NA,NA,NA,NA,NA,NA,NA,NA,NA,NA,NA,NA,NA,NA,NA,NA,NA,NA,NA,NA,NA,NA,NA,NA,NA,NA,NA,NA,NA,NA,NA,NA,NA,NA,NA,NA,NA,NA,NA,NA,NA,NA,NA,NA,NA,iPd3e61b9fbe67d154,NA,NA,C,FALSE,TRUE,FALSE,FALSE,TRUE,FALSE,FALSE,0,3,1,23.666666666666668,0,0,0,1,0,0,0,80,60,75,60,70,70,50,65,80,65,55,42,50,65,80,70,80,45,70,80,70,65,75,90,25,65,75,85,65,60,40,81,80,70,35,51,50,40,51,30,72,70,NA,NA,NA,NA,NA,NA,NA,NA,NA,NA,NA,NA,NA,NA,NA,NA,NA,NA,NA,NA,NA,NA,NA,NA,NA,NA,NA,NA,NA,NA,NA,NA,NA,NA,NA,NA,NA,NA,NA,NA,NA,NA,NA,NA,70,90,70,76,75,70,80,100,80,0,100,0,45,75,60,100,90,50,75,75,80,75,145,0,145,1,FALSE,FALSE,FALSE,FALSE,FALSE,FALSE,0,0,1,0,0,NA,NA,NA,NA,NA,NA,68.33333333333333,0.08830858524309035,NA,NA,NA,NA,NA,NA,NA,NA,NA,NA,NA,NA,NA,NA,NA,NA,NA,NA,NA,NA,NA,NA,NA,TRUE,TRUE,No controls
100,1777,1,R_3LXR7N7XgvTcWnX,NA,1,0,NA,0,1,0,0,1,0,1,0,0,1,0,0,0,1,1,0,0,0,1,0,1,0,0,0,1,0,0,0,1,Sometimes,Never,Rarely,1,NA,NA,NA,NA,NA,NA,NA,NA,NA,NA,NA,NA,NA,NA,NA,NA,NA,NA,NA,NA,NA,NA,NA,NA,NA,NA,NA,NA,NA,NA,NA,NA,NA,NA,NA,NA,NA,NA,NA,NA,NA,NA,NA,NA,NA,NA,NA,NA,NA,NA,NA,NA,NA,NA,NA,NA,NA,NA,NA,NA,NA,NA,NA,NA,NA,NA,NA,NA,NA,NA,NA,NA,NA,NA,NA,NA,NA,NA,NA,NA,NA,NA,NA,NA,NA,NA,NA,NA,NA,NA,NA,NA,NA,NA,NA,NA,NA,NA,NA,NA,NA,NA,NA,NA,NA,NA,NA,NA,NA,NA,NA,NA,NA,NA,NA,NA,NA,NA,NA,NA,NA,NA,NA,NA,NA,NA,NA,NA,NA,NA,NA,NA,NA,NA,NA,NA,NA,NA,NA,NA,NA,NA,NA,NA,NA,NA,iP1dcfd282c1f6d85b,NA,NA,B,FALSE,TRUE,FALSE,FALSE,TRUE,FALSE,FALSE,0,3,1,29.616666666666667,0,0,0,1,0,0,0,85,95,90,93,90,88,69,91,94,77,57,96,93,90,62,90,89,95,79,93,11,97,95,100,11,61,89,91,41,62,99,86,81,89,26,88,49,29,24,24,95,87,NA,NA,NA,NA,NA,NA,NA,NA,NA,NA,NA,NA,NA,NA,NA,NA,NA,NA,NA,NA,NA,NA,NA,77,11,88,79,90,9,62,13,81,56,10,59,97,91,98,95,94,97,71,70,78,NA,NA,NA,NA,NA,NA,NA,NA,NA,NA,NA,NA,NA,NA,NA,NA,NA,NA,NA,NA,NA,NA,145,0,145,1,FALSE,FALSE,FALSE,FALSE,FALSE,FALSE,1,NA,NA,1,NA,NA,NA,NA,NA,NA,NA,85.66666666666667,0.9929991948027026,NA,NA,NA,NA,NA,NA,NA,NA,NA,NA,NA,NA,NA,NA,NA,NA,NA,NA,NA,NA,NA,NA,NA,TRUE,TRUE,No controls
100,637,1,R_1GTguNCqnimkDTe,0,0,1,0,0,1,0,0,1,0,0,1,0,0,1,0,0,1,0,0,1,0,0,1,0,0,1,0,0,1,0,0,1,Never,Never,Rarely,4,2,2,2,2,2,7,8,8,8,9,4,2,2,2,2,3,2,Purple,NA,NA,NA,NA,NA,NA,NA,NA,NA,NA,NA,NA,NA,NA,NA,NA,NA,NA,NA,NA,NA,NA,NA,NA,NA,NA,NA,NA,NA,NA,NA,NA,NA,NA,NA,NA,NA,NA,NA,NA,NA,NA,NA,NA,NA,NA,NA,NA,NA,NA,NA,NA,NA,NA,NA,NA,NA,NA,NA,NA,NA,NA,NA,NA,NA,NA,NA,NA,NA,NA,NA,NA,NA,NA,NA,NA,NA,NA,NA,NA,NA,NA,NA,NA,NA,NA,NA,NA,NA,NA,NA,NA,NA,NA,NA,NA,NA,NA,NA,NA,NA,NA,NA,NA,NA,NA,NA,NA,NA,NA,NA,NA,NA,NA,NA,NA,NA,NA,NA,NA,NA,NA,NA,NA,NA,NA,NA,NA,iP1e01fa87248f3d3a,NA,NA,C,TRUE,FALSE,TRUE,FALSE,TRUE,TRUE,FALSE,2,1,2,10.616666666666667,0,1,1,1,0,0,0,26,66,67,24,84,64,24,57,35,30,35,31,50,17,64,26,73,59,50,40,61,71,74,63,13,26,50,50,35,13,65,26,36,18,24,30,68,25,82,58,66,59,NA,NA,NA,NA,NA,NA,NA,NA,NA,NA,NA,NA,NA,NA,NA,NA,NA,NA,NA,NA,NA,NA,NA,NA,NA,NA,NA,NA,NA,NA,NA,NA,NA,NA,NA,NA,NA,NA,NA,NA,NA,NA,NA,NA,50,67,61,74,58,68,75,62,68,23,2,13,28,50,66,31,29,22,13,34,11,16,127,0,127,0,FALSE,FALSE,FALSE,FALSE,FALSE,FALSE,0,0,1,0,0,NA,NA,NA,NA,NA,NA,44.44444444444444,-1.1585406522909898,4,4,Neutral (4),3,2,2.5,2,NA,NA,NA,NA,NA,NA,NA,NA,NA,NA,NA,2,3,3,3,4,TRUE,TRUE,No controls
100,1489,1,R_3MSaGSPtWcZpUYP,0,0,1,0,0,1,0,0,1,0,0,1,0,0,1,0,0,1,0,1,0,0,0,1,0,1,1,0,0,1,0,0,1,Never,Never,Rarely,4,1,3,1,1,3,10,10,10,10,10,1,3,2.5,3,2,1,4,"""purple""",NA,NA,NA,NA,NA,NA,NA,NA,NA,NA,NA,NA,NA,NA,NA,NA,NA,NA,NA,NA,NA,NA,NA,NA,NA,NA,NA,NA,NA,NA,NA,NA,NA,NA,NA,NA,NA,NA,NA,NA,NA,NA,NA,NA,NA,NA,NA,NA,NA,NA,NA,NA,NA,NA,NA,NA,NA,NA,NA,NA,NA,NA,NA,NA,NA,NA,NA,NA,NA,NA,NA,NA,NA,NA,NA,NA,NA,NA,NA,NA,NA,NA,NA,NA,NA,NA,NA,NA,NA,NA,NA,NA,NA,NA,NA,NA,NA,NA,NA,NA,NA,NA,NA,NA,NA,NA,NA,NA,NA,NA,NA,NA,NA,NA,NA,NA,NA,NA,NA,NA,NA,NA,NA,NA,NA,NA,NA,NA,iPd283e181502af9a1,NA,NA,C,TRUE,FALSE,TRUE,FALSE,TRUE,TRUE,FALSE,2,1,2,24.816666666666663,0,0,0,1,0,0,0,50,50,50,50,12,15,0,50,50,35,50,0,0,0,50,40,50,10,0,60,0,20,55,20,0,0,40,0,0,10,30,70,35,30,30,50,5,5,0,0,50,70,NA,NA,NA,NA,NA,NA,NA,NA,NA,NA,NA,NA,NA,NA,NA,NA,NA,NA,NA,NA,NA,NA,NA,NA,NA,NA,NA,NA,NA,NA,NA,NA,NA,NA,NA,NA,NA,NA,NA,NA,NA,NA,NA,NA,55,50,50,0,70,50,40,60,60,0,50,0,0,55,0,70,75,15,50,25,60,70,127,0,127,0,FALSE,FALSE,FALSE,FALSE,FALSE,FALSE,0,0,1,0,0,NA,NA,NA,NA,NA,NA,22.22222222222222,-2.318400408136646,1,7,Punish (7),2,4,3,2.875,NA,NA,NA,NA,NA,NA,NA,NA,NA,NA,NA,5,5,5,5,5,TRUE,TRUE,No controls
100,655,1,R_6c6huupVRz9rWA0,0,0,1,0,0,1,0,0,1,0,0,1,0,0,1,0,0,1,0,0,1,0,0,1,0,0,1,0,0,1,0,0,1,Never,Never,Never,1,NA,NA,NA,NA,NA,NA,NA,NA,NA,NA,NA,NA,NA,NA,NA,NA,NA,NA,NA,NA,NA,NA,NA,NA,NA,NA,NA,NA,NA,NA,NA,NA,NA,NA,NA,NA,NA,NA,NA,NA,NA,NA,NA,NA,NA,NA,NA,NA,NA,NA,NA,NA,NA,NA,NA,NA,NA,NA,NA,NA,NA,NA,NA,NA,NA,NA,NA,NA,NA,NA,NA,NA,NA,NA,NA,NA,NA,NA,NA,NA,NA,NA,NA,NA,NA,NA,NA,NA,NA,NA,NA,NA,NA,NA,NA,NA,NA,NA,NA,NA,NA,NA,NA,NA,NA,NA,NA,NA,NA,NA,NA,NA,NA,NA,NA,NA,NA,NA,NA,NA,NA,NA,NA,NA,NA,NA,NA,NA,NA,NA,NA,NA,NA,NA,NA,NA,NA,NA,NA,NA,NA,NA,NA,NA,NA,NA,iP5c1e4ccb910a7268,NA,NA,B,FALSE,TRUE,FALSE,FALSE,TRUE,FALSE,FALSE,0,3,1,10.916666666666666,0,1,1,1,0,0,0,100,100,100,99,100,100,91,94,99,89,94,98,NA,88,89,96,100,82,98,100,0,95,100,100,25,27,100,0,0,45,98,32,NA,NA,NA,100,NA,66,30,4,100,59,NA,NA,NA,NA,NA,NA,NA,NA,NA,NA,NA,NA,NA,NA,NA,NA,NA,NA,NA,NA,NA,NA,NA,NA,92,94,90,90,0,NA,18,92,NA,12,28,100,98,100,100,100,90,NA,20,27,NA,NA,NA,NA,NA,NA,NA,NA,NA,NA,NA,NA,NA,NA,NA,NA,NA,NA,NA,NA,NA,NA,150,4,154,1,FALSE,FALSE,FALSE,FALSE,FALSE,FALSE,0,0,1,0,0,NA,NA,NA,NA,NA,NA,70.75,0.2144433336913057,NA,NA,NA,NA,NA,NA,NA,NA,NA,NA,NA,NA,NA,NA,NA,NA,NA,NA,NA,NA,NA,NA,NA,TRUE,TRUE,No controls
100,1509,1,R_3QzjV9MH73jaeqg,NA,1,0,1,0,0,0,0,1,0,0,1,1,0,0,0,0,1,0,0,1,1,0,0,1,0,0,1,0,0,0,0,1,Sometimes,Sometimes,Frequently,1,NA,NA,NA,NA,NA,NA,NA,NA,NA,NA,NA,NA,NA,NA,NA,NA,NA,NA,NA,NA,NA,NA,NA,NA,NA,NA,NA,NA,NA,NA,NA,NA,NA,NA,NA,NA,NA,NA,NA,NA,NA,NA,NA,NA,NA,NA,NA,NA,NA,NA,NA,NA,NA,NA,NA,NA,NA,NA,NA,NA,NA,NA,NA,NA,NA,NA,NA,NA,NA,NA,NA,NA,NA,NA,NA,NA,NA,NA,NA,NA,NA,NA,NA,NA,NA,NA,NA,NA,NA,NA,NA,NA,NA,NA,NA,NA,NA,NA,NA,NA,NA,NA,NA,NA,NA,NA,NA,NA,NA,NA,NA,NA,NA,NA,NA,NA,NA,NA,NA,NA,NA,NA,NA,NA,NA,NA,NA,NA,NA,NA,NA,NA,NA,NA,NA,NA,NA,NA,NA,NA,NA,NA,NA,NA,NA,NA,iPa22977024ecfc201,NA,NA,A,FALSE,TRUE,FALSE,FALSE,TRUE,FALSE,FALSE,0,3,1,25.15,0,0,0,1,0,0,0,50,50,50,50,50,50,20,50,100,50,80,80,100,70,20,90,80,50,70,90,0,50,90,100,50,50,100,10,10,50,50,50,50,80,50,50,0,50,50,20,100,50,50,50,50,50,50,50,50,50,50,50,50,20,100,80,50,70,50,50,50,50,50,50,50,NA,NA,NA,NA,NA,NA,NA,NA,NA,NA,NA,NA,NA,NA,NA,NA,NA,NA,NA,NA,NA,NA,NA,NA,NA,NA,NA,NA,NA,NA,NA,NA,NA,NA,NA,NA,NA,NA,NA,NA,NA,NA,NA,145,0,145,1,FALSE,FALSE,FALSE,FALSE,FALSE,FALSE,1,NA,NA,1,1,NA,NA,NA,NA,NA,NA,66.66666666666667,0.00131910355466664,NA,NA,NA,NA,NA,NA,NA,NA,NA,NA,NA,NA,NA,NA,NA,NA,NA,NA,NA,NA,NA,NA,NA,TRUE,TRUE,No controls
100,2069,1,R_5RRhvp3snskXJoV,NA,1,0,NA,0,1,0,1,0,0,0,1,0,1,0,0,0,1,0,0,1,0,0,1,1,1,0,1,1,0,0,0,1,Frequently,Frequently,Frequently,4,1,1,1,1,-99,9,10,10,10,10,7,1,3,4,4,2,4,Purple,NA,NA,NA,NA,NA,NA,NA,NA,NA,NA,NA,NA,NA,NA,NA,NA,NA,NA,NA,NA,NA,NA,NA,NA,NA,NA,NA,NA,NA,NA,NA,NA,NA,NA,NA,NA,NA,NA,NA,NA,NA,NA,NA,NA,NA,NA,NA,NA,NA,NA,NA,NA,NA,NA,NA,NA,NA,NA,NA,NA,NA,NA,NA,NA,NA,NA,NA,NA,NA,NA,NA,NA,NA,NA,NA,NA,NA,NA,NA,NA,NA,NA,NA,NA,NA,NA,NA,NA,NA,NA,NA,NA,NA,NA,NA,NA,NA,NA,NA,NA,NA,NA,NA,NA,NA,NA,NA,NA,NA,NA,NA,NA,NA,NA,NA,NA,NA,NA,NA,NA,NA,NA,NA,NA,NA,NA,NA,NA,iPb5f292427180372f,NA,NA,A,TRUE,FALSE,TRUE,FALSE,TRUE,TRUE,FALSE,2,1,2,34.483333333333334,0,0,0,0,0,0,0,50,50,50,50,50,50,0,50,50,50,50,0,50,80,50,50,50,0,50,50,50,50,50,50,0,0,50,50,50,50,50,50,50,100,50,50,50,50,50,50,50,70,50,0,50,50,50,50,50,0,50,50,50,50,50,50,0,0,50,50,50,50,50,50,50,NA,NA,NA,NA,NA,NA,NA,NA,NA,NA,NA,NA,NA,NA,NA,NA,NA,NA,NA,NA,NA,NA,NA,NA,NA,NA,NA,NA,NA,NA,NA,NA,NA,NA,NA,NA,NA,NA,NA,NA,NA,NA,NA,127,0,127,0,FALSE,FALSE,FALSE,FALSE,FALSE,FALSE,1,NA,NA,1,NA,NA,NA,NA,NA,NA,NA,47.77777777777778,-0.9845616889141412,7,1,Rehab (1),4,3,3.5,3.75,NA,NA,NA,NA,NA,NA,NA,NA,NA,NA,NA,4,5,5,5,5,TRUE,TRUE,No controls
100,2275,1,R_8f7waTR5hhjSBIR,0,0,1,0,0,1,0,0,1,0,0,1,0,0,1,0,0,1,0,0,1,0,0,1,1,1,0,0,1,0,0,0,1,Frequently,Sometimes,Frequently,4,-99,2,2,2,-99,9,8,8,8,8,4,5,2,2.5,2.5,5,2.5,Purple,2,2,2,1,1,1,1,2,1,1,2,3,3,3,1,3,3,1,4,3,3,3,2,5,4,3,3,3,3,3,3,3,3,3,3,3,3,3,3,2,2,2,2,2,2,2,2,2,1,3,3,5,5,5,5,5,5,2,1,2,2,4,1,1,3,NA,2,2,3,2,3,2,2,3,2,1,6,6,6,4,6,5,5,5,5,NA,NA,NA,NA,NA,NA,NA,NA,NA,NA,NA,NA,NA,NA,NA,NA,NA,NA,NA,NA,NA,NA,NA,NA,NA,NA,NA,NA,NA,NA,NA,NA,NA,NA,NA,NA,NA,NA,NA,NA,NA,NA,NA,iP20650ee11a840451,NA,NA,B,TRUE,FALSE,TRUE,FALSE,TRUE,TRUE,TRUE,2,1,3,37.916666666666664,0,0,0,0,0,0,0,32,33,50,50,89,50,50,50,77,60,50,50,39,42,50,44,36,38,78,36,86,50,52,39,50,50,41,41,24,84,50,49,50,50,75,50,76,50,74,80,50,50,NA,NA,NA,NA,NA,NA,NA,NA,NA,NA,NA,NA,NA,NA,NA,NA,NA,NA,NA,NA,NA,NA,NA,50,50,44,50,50,92,34,81,50,50,50,69,43,38,40,44,63,50,50,76,51,NA,NA,NA,NA,NA,NA,NA,NA,NA,NA,NA,NA,NA,NA,NA,NA,NA,NA,NA,NA,NA,NA,43,0,43,1,FALSE,FALSE,FALSE,FALSE,FALSE,FALSE,0,0,1,0,0,NA,NA,NA,NA,NA,NA,37.888888888888886,-1.5006992802654584,4,4,Neutral (4),2.5,2.5,2.5,2.375,1,2,2,2,3,2,2,2,2.5,2.5,2.5,4,3,3,3,3,FALSE,TRUE,Some controls missing
100,1420,1,R_6CUsK6VYc1SklRD,0,0,1,0,0,1,1,0,0,0,0,1,1,0,0,0,0,1,0,0,1,0,0,1,1,0,0,0,0,1,0,0,1,Frequently,Never,Frequently,4,1,1,1,1,2,10,8,10,10,10,4,1,4,4,2.5,1,2.5,Purple,NA,NA,NA,NA,NA,NA,NA,NA,NA,NA,NA,NA,NA,NA,NA,NA,NA,NA,NA,NA,NA,NA,NA,NA,NA,NA,NA,NA,NA,NA,NA,NA,NA,NA,NA,NA,NA,NA,NA,NA,NA,NA,NA,NA,NA,NA,NA,NA,NA,NA,NA,NA,NA,NA,NA,NA,NA,NA,NA,NA,NA,NA,NA,NA,NA,NA,NA,NA,NA,NA,NA,NA,NA,NA,NA,NA,NA,NA,NA,NA,NA,NA,NA,NA,NA,NA,NA,NA,NA,NA,NA,NA,NA,NA,NA,NA,NA,NA,NA,NA,NA,NA,NA,NA,NA,NA,NA,NA,NA,NA,NA,NA,NA,NA,NA,NA,NA,NA,NA,NA,NA,NA,NA,NA,NA,NA,NA,NA,iPc89148274e9fce45,NA,NA,A,TRUE,FALSE,TRUE,FALSE,TRUE,TRUE,FALSE,2,1,2,23.666666666666668,0,0,0,1,0,0,0,100,100,40,50,100,100,90,60,100,40,70,100,100,100,100,30,10,100,30,100,10,100,90,100,50,20,100,0,20,10,50,100,100,100,0,100,70,0,40,40,40,30,50,20,100,100,50,80,50,30,50,100,100,30,90,30,10,30,100,100,100,70,90,50,40,NA,NA,NA,NA,NA,NA,NA,NA,NA,NA,NA,NA,NA,NA,NA,NA,NA,NA,NA,NA,NA,NA,NA,NA,NA,NA,NA,NA,NA,NA,NA,NA,NA,NA,NA,NA,NA,NA,NA,NA,NA,NA,NA,127,0,127,0,FALSE,FALSE,FALSE,FALSE,FALSE,FALSE,0,0,1,0,0,NA,NA,NA,NA,NA,NA,62.22222222222222,-0.2306528476144649,4,4,Neutral (4),4,4,4,3.25,NA,NA,NA,NA,NA,NA,NA,NA,NA,NA,NA,5,3,5,5,5,TRUE,TRUE,No controls
100,861,1,R_2wyLCJwtERnuIPD,0,0,1,0,0,1,0,0,1,0,0,1,0,0,1,1,0,0,0,0,1,0,0,1,0,0,1,0,0,1,0,0,1,Never,Never,Never,4,4,4,-99,-99,4,7,6,6,7,7,3,2,2,2,3,2,2,purple,3,1,2,1,2,2,3,3,2,2,2,3,2,1,1,2,2,1,1,2,2,1,3,4,2,1,1,1,1,1,1,1,2,2,2,2,1,1,2,2,1,1,2,3,3,2,2,2,1,3,3,2,2,2,1,1,1,3,2,2,3,2,2,1,2,NA,1,4,2,2,3,1,3,3,4,4,4,5,5,5,5,4,4,5,5,NA,NA,NA,NA,NA,NA,NA,NA,NA,NA,NA,NA,NA,NA,NA,NA,NA,NA,NA,NA,NA,NA,NA,NA,NA,NA,NA,NA,NA,NA,NA,NA,NA,NA,NA,NA,NA,NA,NA,NA,NA,NA,NA,iPff988ada5987fac2,NA,NA,B,TRUE,FALSE,TRUE,FALSE,TRUE,TRUE,TRUE,2,1,3,14.35,0,0,1,1,0,0,0,9,17,71,10,70,56,15,49,9,9,9,10,21,24,12,6,10,16,58,18,60,6,14,62,19,23,6,9,0,14,62,6,0,14,19,69,69,23,32,62,14,10,NA,NA,NA,NA,NA,NA,NA,NA,NA,NA,NA,NA,NA,NA,NA,NA,NA,NA,NA,NA,NA,NA,NA,7,56,16,17,75,61,3,72,17,11,32,8,8,60,84,62,68,10,13,62,25,NA,NA,NA,NA,NA,NA,NA,NA,NA,NA,NA,NA,NA,NA,NA,NA,NA,NA,NA,NA,NA,NA,43,0,43,1,FALSE,FALSE,FALSE,FALSE,FALSE,FALSE,0,0,1,0,0,NA,NA,NA,NA,NA,NA,12.22222222222222,-2.840337298267191,3,5,Punish (5),3,3,3,2.25,1,2,1,3,3,1,1,1.5,2.5,1,1.75,2,1,1,2,2,FALSE,TRUE,Some controls missing
100,1045,1,R_3jHzYh9MhthliIP,0,0,1,0,0,1,1,0,0,0,1,0,0,1,0,0,1,0,0,1,0,0,0,1,1,0,0,0,0,1,0,0,1,Never,Never,Sometimes,1,NA,NA,NA,NA,NA,NA,NA,NA,NA,NA,NA,NA,NA,NA,NA,NA,NA,NA,NA,NA,NA,NA,NA,NA,NA,NA,NA,NA,NA,NA,NA,NA,NA,NA,NA,NA,NA,NA,NA,NA,NA,NA,NA,NA,NA,NA,NA,NA,NA,NA,NA,NA,NA,NA,NA,NA,NA,NA,NA,NA,NA,NA,NA,NA,NA,NA,NA,NA,NA,NA,NA,NA,NA,NA,NA,NA,NA,NA,NA,NA,NA,NA,NA,NA,NA,NA,NA,NA,NA,NA,NA,NA,NA,NA,NA,NA,NA,NA,NA,NA,NA,NA,NA,NA,NA,NA,NA,NA,NA,NA,NA,NA,NA,NA,NA,NA,NA,NA,NA,NA,NA,NA,NA,NA,NA,NA,NA,NA,NA,NA,NA,NA,NA,NA,NA,NA,NA,NA,NA,NA,NA,NA,NA,NA,NA,NA,iP26e01037e2be2759,NA,NA,A,FALSE,TRUE,FALSE,FALSE,TRUE,FALSE,FALSE,0,3,1,17.416666666666668,0,0,1,1,0,0,0,100,90,60,90,100,70,80,70,70,70,100,100,100,100,100,100,100,70,100,100,100,100,90,100,70,70,90,60,50,60,100,100,70,100,60,60,80,70,80,80,100,100,70,80,100,70,80,80,80,90,70,100,100,80,90,60,90,60,100,90,70,80,80,80,100,NA,NA,NA,NA,NA,NA,NA,NA,NA,NA,NA,NA,NA,NA,NA,NA,NA,NA,NA,NA,NA,NA,NA,NA,NA,NA,NA,NA,NA,NA,NA,NA,NA,NA,NA,NA,NA,NA,NA,NA,NA,NA,NA,145,0,145,1,FALSE,FALSE,FALSE,FALSE,FALSE,FALSE,0,0,1,0,0,NA,NA,NA,NA,NA,NA,85.55555555555556,0.987199896023474,NA,NA,NA,NA,NA,NA,NA,NA,NA,NA,NA,NA,NA,NA,NA,NA,NA,NA,NA,NA,NA,NA,NA,TRUE,TRUE,No controls
100,578,1,R_1ux4u3nByIUi1a9,0,0,1,0,0,1,0,0,1,0,0,1,0,0,1,0,0,1,0,0,1,0,0,1,0,0,1,0,0,1,0,0,1,Never,Never,Never,3,NA,NA,NA,NA,NA,NA,NA,NA,NA,NA,NA,NA,NA,NA,NA,NA,NA,NA,NA,NA,NA,NA,NA,NA,NA,NA,NA,NA,NA,NA,NA,NA,NA,NA,NA,NA,NA,NA,NA,NA,NA,NA,NA,NA,NA,NA,NA,NA,NA,NA,NA,NA,NA,NA,NA,NA,NA,NA,NA,NA,NA,NA,NA,NA,NA,NA,NA,NA,NA,NA,NA,NA,NA,NA,NA,NA,NA,NA,NA,NA,NA,NA,NA,NA,NA,NA,NA,NA,NA,NA,NA,NA,NA,NA,NA,NA,NA,NA,NA,NA,NA,NA,NA,NA,NA,NA,NA,NA,NA,NA,NA,NA,NA,NA,NA,NA,NA,NA,NA,NA,NA,NA,NA,NA,NA,NA,NA,NA,NA,NA,NA,NA,NA,NA,NA,NA,NA,NA,NA,NA,NA,NA,NA,NA,NA,NA,iPa0328ea840797eb0,NA,NA,A,FALSE,FALSE,FALSE,FALSE,TRUE,FALSE,FALSE,0,3,1,9.633333333333333,0,1,1,1,0,0,0,50,50,50,50,50,50,50,50,50,0,0,0,50,50,50,50,50,100,70,100,50,90,50,100,0,50,100,80,50,50,50,0,0,0,50,50,50,50,50,90,100,50,50,50,50,0,0,100,100,0,0,50,50,50,50,100,50,50,50,50,0,50,50,50,50,NA,NA,NA,NA,NA,NA,NA,NA,NA,NA,NA,NA,NA,NA,NA,NA,NA,NA,NA,NA,NA,NA,NA,NA,NA,NA,NA,NA,NA,NA,NA,NA,NA,NA,NA,NA,NA,NA,NA,NA,NA,NA,NA,145,0,145,1,FALSE,FALSE,FALSE,FALSE,FALSE,FALSE,0,0,1,0,0,NA,NA,NA,NA,NA,NA,70,0.1752980669315148,NA,NA,NA,NA,NA,NA,NA,NA,NA,NA,NA,NA,NA,NA,NA,NA,NA,NA,NA,NA,NA,NA,NA,TRUE,TRUE,No controls
100,2281,1,R_1cZkF4vbQ2OnuYV,NA,NA,1,1,0,0,0,0,1,1,0,0,0,0,1,0,0,1,1,0,0,0,1,0,0,0,1,0,1,0,0,1,0,Sometimes,Frequently,Sometimes,4,1,1,1,1,1,10,8,10,10,10,7,2,4,4,3,3,3,Purple,NA,NA,NA,NA,NA,NA,NA,NA,NA,NA,NA,NA,NA,NA,NA,NA,NA,NA,NA,NA,NA,NA,NA,NA,NA,NA,NA,NA,NA,NA,NA,NA,NA,NA,NA,NA,NA,NA,NA,NA,NA,NA,NA,NA,NA,NA,NA,NA,NA,NA,NA,NA,NA,NA,NA,NA,NA,NA,NA,NA,NA,NA,NA,NA,NA,NA,NA,NA,NA,NA,NA,NA,NA,NA,NA,NA,NA,NA,NA,NA,NA,NA,NA,NA,NA,NA,NA,NA,NA,NA,NA,NA,NA,NA,NA,NA,NA,NA,NA,NA,NA,NA,NA,NA,NA,NA,NA,NA,NA,NA,NA,NA,NA,NA,NA,NA,NA,NA,NA,NA,NA,NA,NA,NA,NA,NA,NA,NA,iP4a8370dafaf1430b,NA,NA,B,TRUE,FALSE,TRUE,FALSE,TRUE,TRUE,FALSE,2,1,2,38.016666666666666,0,0,0,0,0,0,0,64,71,50,84,56,50,75,80,61,50,64,72,94,67,NA,65,65,59,64,91,43,100,50,100,80,54,74,62,65,27,50,100,75,91,6,50,42,12,44,51,30,61,NA,NA,NA,NA,NA,NA,NA,NA,NA,NA,NA,NA,NA,NA,NA,NA,NA,NA,NA,NA,NA,NA,NA,67,50,50,50,62,100,50,43,75,59,50,50,69,75,72,89,85,71,50,47,31,NA,NA,NA,NA,NA,NA,NA,NA,NA,NA,NA,NA,NA,NA,NA,NA,NA,NA,NA,NA,NA,NA,128,0,128,0,FALSE,FALSE,FALSE,FALSE,FALSE,FALSE,1,NA,1,NA,1,NA,NA,NA,NA,NA,NA,71.33333333333333,0.24488965228225393,7,1,Rehab (1),3,2,2.5,3.5,NA,NA,NA,NA,NA,NA,NA,NA,NA,NA,NA,5,3,5,5,5,TRUE,TRUE,No controls
100,1240,1,R_7IUV3Lyr7cacYYp,0,0,1,0,0,1,0,0,1,0,0,1,0,0,1,0,1,0,0,1,0,0,0,1,0,1,0,0,0,1,0,0,1,Never,Never,Never,4,2,2,4,4,4,8,6,7,7,6,2,1,1,1,3,1,2,"""purple""",NA,NA,NA,NA,NA,NA,NA,NA,NA,NA,NA,NA,NA,NA,NA,NA,NA,NA,NA,NA,NA,NA,NA,NA,NA,NA,NA,NA,NA,NA,NA,NA,NA,NA,NA,NA,NA,NA,NA,NA,NA,NA,NA,NA,NA,NA,NA,NA,NA,NA,NA,NA,NA,NA,NA,NA,NA,NA,NA,NA,NA,NA,NA,NA,NA,NA,NA,NA,NA,NA,NA,NA,NA,NA,NA,NA,NA,NA,NA,NA,NA,NA,NA,NA,NA,NA,NA,NA,NA,NA,NA,NA,NA,NA,NA,NA,NA,NA,NA,NA,NA,NA,NA,NA,NA,NA,NA,NA,NA,NA,NA,NA,NA,NA,NA,NA,NA,NA,NA,NA,NA,NA,NA,NA,NA,NA,NA,NA,iP951ec9f3fc1280e8,NA,NA,B,TRUE,FALSE,TRUE,FALSE,TRUE,TRUE,FALSE,2,1,2,20.666666666666668,0,0,0,1,0,0,0,23,35,22,46,58,12,0,7,40,0,0,0,21,24,12,38,80,56,82,44,71,65,53,41,1,0,32,54,0,87,71,33,6,2,78,94,4,83,53,28,13,78,NA,NA,NA,NA,NA,NA,NA,NA,NA,NA,NA,NA,NA,NA,NA,NA,NA,NA,NA,NA,NA,NA,NA,0,50,88,11,55,68,0,81,0,0,53,2,67,94,98,92,71,60,0,95,2,NA,NA,NA,NA,NA,NA,NA,NA,NA,NA,NA,NA,NA,NA,NA,NA,NA,NA,NA,NA,NA,NA,127,0,127,0,FALSE,FALSE,FALSE,FALSE,FALSE,FALSE,0,0,1,0,0,NA,NA,NA,NA,NA,NA,38.77777777777778,-1.454304890031632,2,6,Punish (6),4,4,4,1.75,NA,NA,NA,NA,NA,NA,NA,NA,NA,NA,NA,3,1,2,2,1,TRUE,TRUE,No controls
100,4178,1,R_3uWFvDrkPB4sA5D,1,1,0,NA,1,0,1,1,0,0,0,1,1,0,0,0,1,0,0,0,1,0,1,0,1,1,0,1,1,0,0,0,1,Never,Sometimes,Frequently,4,1,1,2,2,2,8,6,9,8,7,5,2,4,1,2,2,3,purple,NA,NA,NA,NA,NA,NA,NA,NA,NA,NA,NA,NA,NA,NA,NA,NA,NA,NA,NA,NA,NA,NA,NA,NA,NA,NA,NA,NA,NA,NA,NA,NA,NA,NA,NA,NA,NA,NA,NA,NA,NA,NA,NA,NA,NA,NA,NA,NA,NA,NA,NA,NA,NA,NA,NA,NA,NA,NA,NA,NA,NA,NA,NA,NA,NA,NA,NA,NA,NA,NA,NA,NA,NA,NA,NA,NA,NA,NA,NA,NA,NA,NA,NA,NA,NA,NA,NA,NA,NA,NA,NA,NA,NA,NA,NA,NA,NA,NA,NA,NA,NA,NA,NA,NA,NA,NA,NA,NA,NA,NA,NA,NA,NA,NA,NA,NA,NA,NA,NA,NA,NA,NA,NA,NA,NA,NA,NA,NA,iP5574f7102ae22a7e,NA,NA,B,TRUE,FALSE,TRUE,FALSE,TRUE,TRUE,FALSE,2,1,2,69.63333333333334,0,0,0,0,1,0,0,74,37,40,88,0,38,37,70,68,61,37,70,65,100,76,58,84,83,69,95,15,76,42,100,35,39,78,65,65,38,97,64,65,72,39,35,35,35,32,38,31,38,NA,NA,NA,NA,NA,NA,NA,NA,NA,NA,NA,NA,NA,NA,NA,NA,NA,NA,NA,NA,NA,NA,NA,43,70,38,77,30,15,98,38,60,36,62,29,86,100,100,82,84,59,74,37,34,NA,NA,NA,NA,NA,NA,NA,NA,NA,NA,NA,NA,NA,NA,NA,NA,NA,NA,NA,NA,NA,NA,127,0,127,0,FALSE,FALSE,FALSE,FALSE,FALSE,FALSE,1,1,0,1,NA,NA,NA,NA,NA,NA,NA,77,0.5406538900228964,5,3,Rehab (3),3,3,3,2.5,NA,NA,NA,NA,NA,NA,NA,NA,NA,NA,NA,3,1,4,3,2,TRUE,TRUE,No controls
100,1093,1,R_1qKdgrzxY1htdUW,0,0,1,0,0,1,1,0,0,0,0,1,0,0,1,0,0,1,1,0,0,0,0,1,0,0,1,0,0,1,0,0,1,Never,Rarely,Never,4,1,1,2,2,1,9,10,10,10,10,7,4,3,4,4,3,3,purple,NA,NA,NA,NA,NA,NA,NA,NA,NA,NA,NA,NA,NA,NA,NA,NA,NA,NA,NA,NA,NA,NA,NA,NA,NA,NA,NA,NA,NA,NA,NA,NA,NA,NA,NA,NA,NA,NA,NA,NA,NA,NA,NA,NA,NA,NA,NA,NA,NA,NA,NA,NA,NA,NA,NA,NA,NA,NA,NA,NA,NA,NA,NA,NA,NA,NA,NA,NA,NA,NA,NA,NA,NA,NA,NA,NA,NA,NA,NA,NA,NA,NA,NA,NA,NA,NA,NA,NA,NA,NA,NA,NA,NA,NA,NA,NA,NA,NA,NA,NA,NA,NA,NA,NA,NA,NA,NA,NA,NA,NA,NA,NA,NA,NA,NA,NA,NA,NA,NA,NA,NA,NA,NA,NA,NA,NA,NA,NA,iPd55b506d71fad113,NA,NA,C,TRUE,FALSE,TRUE,FALSE,TRUE,TRUE,FALSE,2,1,2,18.216666666666665,0,0,1,1,0,0,0,80,68,28,34,41,29,56,69,57,62,60,21,53,60,76,77,65,50,16,75,40,61,40,71,31,50,68,24,12,60,54,59,61,37,38,45,44,61,22,16,29,50,NA,NA,NA,NA,NA,NA,NA,NA,NA,NA,NA,NA,NA,NA,NA,NA,NA,NA,NA,NA,NA,NA,NA,NA,NA,NA,NA,NA,NA,NA,NA,NA,NA,NA,NA,NA,NA,NA,NA,NA,NA,NA,NA,NA,59,68,70,32,74,74,78,73,85,2,68,0,56,62,61,55,76,62,85,59,44,61,127,0,127,0,FALSE,FALSE,FALSE,FALSE,FALSE,FALSE,0,0,1,0,0,NA,NA,NA,NA,NA,NA,53.77777777777778,-0.671399554835814,7,1,Rehab (1),1,2,1.5,3.5,NA,NA,NA,NA,NA,NA,NA,NA,NA,NA,NA,4,5,5,5,5,TRUE,TRUE,No controls
100,960,1,R_1V26SS9Nf7FoBEt,0,0,1,0,0,1,0,1,0,0,1,0,0,1,0,0,0,1,0,0,1,0,0,1,0,0,1,0,1,0,0,0,1,Never,Never,Never,4,1,1,1,1,3,6,6,6,6,6,-99,3,2,3,4,3,2,Purple,NA,NA,NA,NA,NA,NA,NA,NA,NA,NA,NA,NA,NA,NA,NA,NA,NA,NA,NA,NA,NA,NA,NA,NA,NA,NA,NA,NA,NA,NA,NA,NA,NA,NA,NA,NA,NA,NA,NA,NA,NA,NA,NA,NA,NA,NA,NA,NA,NA,NA,NA,NA,NA,NA,NA,NA,NA,NA,NA,NA,NA,NA,NA,NA,NA,NA,NA,NA,NA,NA,NA,NA,NA,NA,NA,NA,NA,NA,NA,NA,NA,NA,NA,NA,NA,NA,NA,NA,NA,NA,NA,NA,NA,NA,NA,NA,NA,NA,NA,NA,NA,NA,NA,NA,NA,NA,NA,NA,NA,NA,NA,NA,NA,NA,NA,NA,NA,NA,NA,NA,NA,NA,NA,NA,NA,NA,NA,NA,iP1217d29eb53bae76,NA,NA,C,TRUE,FALSE,TRUE,FALSE,TRUE,TRUE,FALSE,2,1,2,16,0,0,1,1,0,0,0,82,80,71,70,62,71,52,100,100,39,0,31,81,81,74,100,100,79,59,100,0,79,88,100,25,31,100,61,65,65,66,0,0,0,65,70,62,61,80,60,100,100,NA,NA,NA,NA,NA,NA,NA,NA,NA,NA,NA,NA,NA,NA,NA,NA,NA,NA,NA,NA,NA,NA,NA,NA,NA,NA,NA,NA,NA,NA,NA,NA,NA,NA,NA,NA,NA,NA,NA,NA,NA,NA,NA,NA,67,100,90,58,80,87,100,100,96,0,72,0,38,80,55,50,72,100,69,59,0,0,127,0,127,0,FALSE,FALSE,FALSE,FALSE,FALSE,FALSE,0,0,1,0,0,NA,NA,NA,NA,NA,NA,85.22222222222223,0.9698019996857896,NA,107,NA,2,2,2,2.75,NA,NA,NA,NA,NA,NA,NA,NA,NA,NA,NA,1,1,1,1,1,TRUE,TRUE,No controls
100,4302,1,R_7EFQdeRbH36GZzE,NA,1,0,NA,0,1,0,1,0,0,0,1,0,1,0,0,1,0,0,0,1,0,0,1,0,1,0,0,0,1,0,0,1,Never,Never,Never,4,2,2,2,2,2,10,8,9,9,9,3,2,2,3,3,1,3,purple,NA,NA,NA,NA,NA,NA,NA,NA,NA,NA,NA,NA,NA,NA,NA,NA,NA,NA,NA,NA,NA,NA,NA,NA,NA,NA,NA,NA,NA,NA,NA,NA,NA,NA,NA,NA,NA,NA,NA,NA,NA,NA,NA,NA,NA,NA,NA,NA,NA,NA,NA,NA,NA,NA,NA,NA,NA,NA,NA,NA,NA,NA,NA,NA,NA,NA,NA,NA,NA,NA,NA,NA,NA,NA,NA,NA,NA,NA,NA,NA,NA,NA,NA,NA,NA,NA,NA,NA,NA,NA,NA,NA,NA,NA,NA,NA,NA,NA,NA,NA,NA,NA,NA,NA,NA,NA,NA,NA,NA,NA,NA,NA,NA,NA,NA,NA,NA,NA,NA,NA,NA,NA,NA,NA,NA,NA,NA,NA,iPc7399d36999abcca,NA,NA,B,TRUE,FALSE,TRUE,FALSE,TRUE,TRUE,FALSE,2,1,2,71.7,0,0,0,0,1,0,0,85,86,86,90,85,88,61,64,60,30,33,14,70,65,80,82,73,75,75,71,86,87,70,88,81,66,75,69,18,91,91,52,31,31,79,NA,70,90,NA,87,83,72,NA,NA,NA,NA,NA,NA,NA,NA,NA,NA,NA,NA,NA,NA,NA,NA,NA,NA,NA,NA,NA,NA,NA,58,81,92,85,83,82,59,87,38,51,70,61,100,89,100,85,85,75,81,89,41,NA,NA,NA,NA,NA,NA,NA,NA,NA,NA,NA,NA,NA,NA,NA,NA,NA,NA,NA,NA,NA,NA,129,0,129,0,FALSE,FALSE,FALSE,FALSE,FALSE,FALSE,1,NA,NA,1,NA,NA,NA,NA,NA,NA,NA,66.44444444444444,-0.01027949400379024,3,5,Punish (5),3,4,3.5,2.75,NA,NA,NA,NA,NA,NA,NA,NA,NA,NA,NA,5,3,4,4,4,TRUE,TRUE,No controls
100,701,1,R_18MzXIu7JG1ywI7,0,0,1,0,0,1,1,1,0,0,0,1,1,0,0,0,0,1,0,0,1,1,0,0,0,0,1,1,1,0,0,0,1,Frequently,Rarely,Rarely,4,1,1,2,3,3,8,6,6,6,6,4,1,2,2,3,2,3,Purple,NA,NA,NA,NA,NA,NA,NA,NA,NA,NA,NA,NA,NA,NA,NA,NA,NA,NA,NA,NA,NA,NA,NA,NA,NA,NA,NA,NA,NA,NA,NA,NA,NA,NA,NA,NA,NA,NA,NA,NA,NA,NA,NA,NA,NA,NA,NA,NA,NA,NA,NA,NA,NA,NA,NA,NA,NA,NA,NA,NA,NA,NA,NA,NA,NA,NA,NA,NA,NA,NA,NA,NA,NA,NA,NA,NA,NA,NA,NA,NA,NA,NA,NA,NA,NA,NA,NA,NA,NA,NA,NA,NA,NA,NA,NA,NA,NA,NA,NA,NA,NA,NA,NA,NA,NA,NA,NA,NA,NA,NA,NA,NA,NA,NA,NA,NA,NA,NA,NA,NA,NA,NA,NA,NA,NA,NA,NA,NA,iPd8751432d9c2973c,NA,NA,A,TRUE,FALSE,TRUE,FALSE,TRUE,TRUE,FALSE,2,1,2,11.683333333333334,0,1,1,1,0,0,0,80,90,60,80,100,60,80,90,90,70,80,90,NA,90,60,100,100,80,NA,80,50,100,60,80,NA,NA,60,NA,NA,50,90,80,60,60,NA,50,40,NA,50,NA,NA,70,NA,70,70,NA,60,50,80,50,70,70,70,70,90,70,60,30,70,60,NA,80,90,60,80,NA,NA,NA,NA,NA,NA,NA,NA,NA,NA,NA,NA,NA,NA,NA,NA,NA,NA,NA,NA,NA,NA,NA,NA,NA,NA,NA,NA,NA,NA,NA,NA,NA,NA,NA,NA,NA,NA,NA,NA,NA,NA,NA,137,3,140,0,FALSE,FALSE,FALSE,FALSE,FALSE,FALSE,0,0,1,0,0,NA,NA,NA,NA,NA,NA,85,0.9582034021273328,4,4,Neutral (4),4,3,3.5,2.5,NA,NA,NA,NA,NA,NA,NA,NA,NA,NA,NA,3,1,1,1,1,TRUE,TRUE,No controls
100,615,1,R_3CjLMBxJqr5g2l3,NA,1,0,NA,0,1,0,0,1,0,0,1,1,0,0,0,0,1,0,0,1,0,0,1,0,1,0,0,1,0,0,0,1,Frequently,Never,Frequently,4,2,2,2,2,2,10,10,10,10,10,1,5,3,1,4,2,3,purple,NA,NA,NA,NA,NA,NA,NA,NA,NA,NA,NA,NA,NA,NA,NA,NA,NA,NA,NA,NA,NA,NA,NA,NA,NA,NA,NA,NA,NA,NA,NA,NA,NA,NA,NA,NA,NA,NA,NA,NA,NA,NA,NA,NA,NA,NA,NA,NA,NA,NA,NA,NA,NA,NA,NA,NA,NA,NA,NA,NA,NA,NA,NA,NA,NA,NA,NA,NA,NA,NA,NA,NA,NA,NA,NA,NA,NA,NA,NA,NA,NA,NA,NA,NA,NA,NA,NA,NA,NA,NA,NA,NA,NA,NA,NA,NA,NA,NA,NA,NA,NA,NA,NA,NA,NA,NA,NA,NA,NA,NA,NA,NA,NA,NA,NA,NA,NA,NA,NA,NA,NA,NA,NA,NA,NA,NA,NA,NA,iP2e5d7d8e8f29a41c,NA,NA,C,TRUE,FALSE,TRUE,FALSE,TRUE,TRUE,FALSE,2,1,2,10.25,0,1,1,1,0,0,0,66,100,70,58,50,67,44,78,96,81,99,83,81,80,50,59,97,65,2,76,28,100,100,100,50,60,71,67,28,18,100,78,75,80,0,39,15,0,7,1,77,62,NA,NA,NA,NA,NA,NA,NA,NA,NA,NA,NA,NA,NA,NA,NA,NA,NA,NA,NA,NA,NA,NA,NA,NA,NA,NA,NA,NA,NA,NA,NA,NA,NA,NA,NA,NA,NA,NA,NA,NA,NA,NA,NA,NA,89,100,73,90,83,62,89,100,88,0,1,0,90,53,97,94,100,88,78,78,63,71,127,0,127,0,FALSE,FALSE,FALSE,FALSE,FALSE,FALSE,1,NA,NA,1,NA,NA,NA,NA,NA,NA,NA,69.33333333333333,0.1405022742561449,1,7,Punish (7),2.5,3,2.75,2.75,NA,NA,NA,NA,NA,NA,NA,NA,NA,NA,NA,5,5,5,5,5,TRUE,TRUE,No controls
100,25328,1,R_1f8w4LdjFtZjxNe,0,0,1,0,0,1,1,0,0,0,0,1,1,0,0,0,0,1,0,0,1,0,0,1,1,0,0,1,0,0,0,0,1,Rarely,Never,Sometimes,4,1,1,1,1,1,9,10,10,10,10,6,4,4,4,4,3,2.5,Purple,1,1,2,2,2,1,1,6,1,1,1,1,1,1,2,1,1,1,5,4,4,1,1,4,1,1,1,1,1,1,1,1,1,1,1,1,2,2,2,3,3,3,1,1,2,4,1,1,1,1,1,1,3,4,4,4,4,1,1,3,3,4,1,2,3,NA,3,2,3,2,4,3,4,2,1,0,5,5,-99,5,6,6,4,5,6,NA,NA,NA,NA,NA,NA,NA,NA,NA,NA,NA,NA,NA,NA,NA,NA,NA,NA,NA,NA,NA,NA,NA,NA,NA,NA,NA,NA,NA,NA,NA,NA,NA,NA,NA,NA,NA,NA,NA,NA,NA,NA,NA,iP63361ffbc85cba48,NA,NA,C,TRUE,FALSE,TRUE,FALSE,TRUE,TRUE,TRUE,2,1,3,422.1333333333333,0,0,0,0,1,1,0,50,62,50,81,81,53,74,50,77,72,92,83,50,78,90,82,89,17,54,50,39,77,82,26,32,70,79,78,96,81,92,50,95,83,0,10,9,22,14,16,27,82,NA,NA,NA,NA,NA,NA,NA,NA,NA,NA,NA,NA,NA,NA,NA,NA,NA,NA,NA,NA,NA,NA,NA,NA,NA,NA,NA,NA,NA,NA,NA,NA,NA,NA,NA,NA,NA,NA,NA,NA,NA,NA,NA,NA,68,81,57,86,76,94,90,16,80,18,78,15,82,50,89,75,76,50,86,88,82,50,43,0,43,1,FALSE,FALSE,FALSE,FALSE,FALSE,FALSE,0,0,1,0,0,NA,NA,NA,NA,NA,NA,68.77777777777777,0.1115057803600034,6,2,Rehab (2),1,2,1.5,3.625,3,3,3,3,1,3,3,3,4,4,4,4,5,5,5,5,FALSE,TRUE,Some controls missing
100,1642,1,R_70YFXTJItVyjnl1,0,0,1,0,0,1,0,1,0,0,0,1,0,0,1,0,0,1,0,0,1,0,0,1,0,0,1,1,0,0,0,0,1,Rarely,Never,Rarely,4,2,2,-99,-99,-99,8,8,8,9,8,4,2,2,2,3,2,3,purple,NA,NA,NA,NA,NA,NA,NA,NA,NA,NA,NA,NA,NA,NA,NA,NA,NA,NA,NA,NA,NA,NA,NA,NA,NA,NA,NA,NA,NA,NA,NA,NA,NA,NA,NA,NA,NA,NA,NA,NA,NA,NA,NA,NA,NA,NA,NA,NA,NA,NA,NA,NA,NA,NA,NA,NA,NA,NA,NA,NA,NA,NA,NA,NA,NA,NA,NA,NA,NA,NA,NA,NA,NA,NA,NA,NA,NA,NA,NA,NA,NA,NA,NA,NA,NA,NA,NA,NA,NA,NA,NA,NA,NA,NA,NA,NA,NA,NA,NA,NA,NA,NA,NA,NA,NA,NA,NA,NA,NA,NA,NA,NA,NA,NA,NA,NA,NA,NA,NA,NA,NA,NA,NA,NA,NA,NA,NA,NA,iPe62682deabaeaac7,NA,NA,A,TRUE,FALSE,TRUE,FALSE,TRUE,TRUE,FALSE,2,1,2,27.366666666666667,0,0,0,1,0,0,0,30,70,40,80,90,50,90,70,70,40,70,30,70,60,40,70,80,40,80,70,30,60,70,40,30,70,30,70,20,70,60,20,30,20,70,70,40,70,30,60,60,50,40,70,40,40,80,60,80,30,30,50,30,60,80,80,40,30,80,50,50,40,90,40,70,NA,NA,NA,NA,NA,NA,NA,NA,NA,NA,NA,NA,NA,NA,NA,NA,NA,NA,NA,NA,NA,NA,NA,NA,NA,NA,NA,NA,NA,NA,NA,NA,NA,NA,NA,NA,NA,NA,NA,NA,NA,NA,NA,127,0,127,0,FALSE,FALSE,FALSE,FALSE,FALSE,FALSE,0,0,1,0,0,NA,NA,NA,NA,NA,NA,56.666666666666664,-0.520617786575879,4,4,Neutral (4),3,3,3,2.5,NA,NA,NA,NA,NA,NA,NA,NA,NA,NA,NA,3,3,3,4,3,TRUE,TRUE,No controls
100,1160,1,R_728in4zEaWOFHEt,NA,1,0,1,1,0,1,0,0,0,0,1,1,0,0,0,1,0,0,1,0,1,1,0,1,0,0,0,1,0,1,0,0,Sometimes,Frequently,Frequently,1,NA,NA,NA,NA,NA,NA,NA,NA,NA,NA,NA,NA,NA,NA,NA,NA,NA,NA,NA,NA,NA,NA,NA,NA,NA,NA,NA,NA,NA,NA,NA,NA,NA,NA,NA,NA,NA,NA,NA,NA,NA,NA,NA,NA,NA,NA,NA,NA,NA,NA,NA,NA,NA,NA,NA,NA,NA,NA,NA,NA,NA,NA,NA,NA,NA,NA,NA,NA,NA,NA,NA,NA,NA,NA,NA,NA,NA,NA,NA,NA,NA,NA,NA,NA,NA,NA,NA,NA,NA,NA,NA,NA,NA,NA,NA,NA,NA,NA,NA,NA,NA,NA,NA,NA,NA,NA,NA,NA,NA,NA,NA,NA,NA,NA,NA,NA,NA,NA,NA,NA,NA,NA,NA,NA,NA,NA,NA,NA,NA,NA,NA,NA,NA,NA,NA,NA,NA,NA,NA,NA,NA,NA,NA,NA,NA,NA,iP7791f330ed626c7a,NA,NA,C,FALSE,TRUE,FALSE,FALSE,TRUE,FALSE,FALSE,0,3,1,19.333333333333332,0,0,1,1,0,0,0,100,100,100,100,100,100,100,79,51,5,71,64,90,90,80,100,100,100,80,100,50,100,50,100,60,77,100,60,10,71,100,72,65,75,60,95,50,65,31,66,82,100,NA,NA,NA,NA,NA,NA,NA,NA,NA,NA,NA,NA,NA,NA,NA,NA,NA,NA,NA,NA,NA,NA,NA,NA,NA,NA,NA,NA,NA,NA,NA,NA,NA,NA,NA,NA,NA,NA,NA,NA,NA,NA,NA,NA,100,85,100,85,100,100,100,97,100,5,95,0,70,100,20,88,92,100,80,100,75,75,145,0,145,1,FALSE,FALSE,FALSE,FALSE,FALSE,FALSE,1,NA,NA,1,1,NA,NA,NA,NA,NA,NA,83.33333333333333,0.8712139204389082,NA,NA,NA,NA,NA,NA,NA,NA,NA,NA,NA,NA,NA,NA,NA,NA,NA,NA,NA,NA,NA,NA,NA,TRUE,TRUE,No controls
100,1083,1,R_7Cfpdlk806zIYAN,0,0,1,0,0,1,1,0,0,1,0,0,1,0,0,0,0,1,0,0,1,0,0,1,1,0,0,0,0,1,0,0,1,Sometimes,Never,Frequently,4,1,1,1,1,2,9,6,10,10,10,6,2,3,3,4,5,3,Purple,NA,NA,NA,NA,NA,NA,NA,NA,NA,NA,NA,NA,NA,NA,NA,NA,NA,NA,NA,NA,NA,NA,NA,NA,NA,NA,NA,NA,NA,NA,NA,NA,NA,NA,NA,NA,NA,NA,NA,NA,NA,NA,NA,NA,NA,NA,NA,NA,NA,NA,NA,NA,NA,NA,NA,NA,NA,NA,NA,NA,NA,NA,NA,NA,NA,NA,NA,NA,NA,NA,NA,NA,NA,NA,NA,NA,NA,NA,NA,NA,NA,NA,NA,NA,NA,NA,NA,NA,NA,NA,NA,NA,NA,NA,NA,NA,NA,NA,NA,NA,NA,NA,NA,NA,NA,NA,NA,NA,NA,NA,NA,NA,NA,NA,NA,NA,NA,NA,NA,NA,NA,NA,NA,NA,NA,NA,NA,NA,iPa874e9559bf0b98c,NA,NA,A,TRUE,FALSE,TRUE,FALSE,TRUE,TRUE,FALSE,2,1,2,18.05,0,0,1,1,0,0,0,100,100,100,10,100,100,50,100,100,70,0,100,100,100,100,100,100,100,90,100,0,100,100,100,0,70,100,10,0,100,100,100,80,60,100,100,100,100,100,100,100,100,100,60,100,0,100,100,100,100,100,100,100,90,100,100,100,80,100,100,100,100,100,100,100,NA,NA,NA,NA,NA,NA,NA,NA,NA,NA,NA,NA,NA,NA,NA,NA,NA,NA,NA,NA,NA,NA,NA,NA,NA,NA,NA,NA,NA,NA,NA,NA,NA,NA,NA,NA,NA,NA,NA,NA,NA,NA,NA,127,0,127,0,FALSE,FALSE,FALSE,FALSE,FALSE,FALSE,0,0,1,0,0,NA,NA,NA,NA,NA,NA,78.88888888888889,0.639241969269777,6,2,Rehab (2),3,2.5,2.75,3.25,NA,NA,NA,NA,NA,NA,NA,NA,NA,NA,NA,4,1,5,5,5,TRUE,TRUE,No controls
100,25313,1,R_1dnrqai5mSozMFE,0,0,1,0,0,1,0,0,1,0,0,1,0,1,0,0,0,1,0,0,1,0,0,1,0,1,0,0,0,1,0,0,1,Sometimes,Never,Never,4,1,1,1,1,1,10,10,10,10,10,2,3,2,3,3,2,3,purple,NA,NA,NA,NA,NA,NA,NA,NA,NA,NA,NA,NA,NA,NA,NA,NA,NA,NA,NA,NA,NA,NA,NA,NA,NA,NA,NA,NA,NA,NA,NA,NA,NA,NA,NA,NA,NA,NA,NA,NA,NA,NA,NA,NA,NA,NA,NA,NA,NA,NA,NA,NA,NA,NA,NA,NA,NA,NA,NA,NA,NA,NA,NA,NA,NA,NA,NA,NA,NA,NA,NA,NA,NA,NA,NA,NA,NA,NA,NA,NA,NA,NA,NA,NA,NA,NA,NA,NA,NA,NA,NA,NA,NA,NA,NA,NA,NA,NA,NA,NA,NA,NA,NA,NA,NA,NA,NA,NA,NA,NA,NA,NA,NA,NA,NA,NA,NA,NA,NA,NA,NA,NA,NA,NA,NA,NA,NA,NA,iP1fd6561203eb4c92,NA,NA,C,TRUE,FALSE,TRUE,FALSE,TRUE,TRUE,FALSE,2,1,2,421.8833333333333,0,0,0,0,1,1,0,93,94,93,92,95,96,80,96,92,91,94,94,92,85,93,91,91,86,90,91,50,95,95,94,50,55,87,93,46,93,96,93,93,92,50,92,92,93,36,50,53,96,NA,NA,NA,NA,NA,NA,NA,NA,NA,NA,NA,NA,NA,NA,NA,NA,NA,NA,NA,NA,NA,NA,NA,NA,NA,NA,NA,NA,NA,NA,NA,NA,NA,NA,NA,NA,NA,NA,NA,NA,NA,NA,NA,NA,91,94,94,94,91,95,97,97,100,10,96,29,61,92,95,94,94,94,93,94,93,94,127,0,127,0,FALSE,FALSE,FALSE,FALSE,FALSE,FALSE,0,0,1,0,0,NA,NA,NA,NA,NA,NA,84.66666666666667,0.94080550578964794,2,6,Punish (6),2,3,2.5,2.75,NA,NA,NA,NA,NA,NA,NA,NA,NA,NA,NA,5,5,5,5,5,TRUE,TRUE,No controls
100,618,1,R_1f1yyfWIMnd7rmL,NA,1,0,1,1,0,1,0,0,0,1,0,0,1,0,0,0,1,0,0,1,0,0,1,1,0,0,0,0,1,0,0,1,Never,Rarely,Rarely,4,2,2,2,2,4,7,6,7,7,7,4,2,3,1,1,4,1,Purple,NA,NA,NA,NA,NA,NA,NA,NA,NA,NA,NA,NA,NA,NA,NA,NA,NA,NA,NA,NA,NA,NA,NA,NA,NA,NA,NA,NA,NA,NA,NA,NA,NA,NA,NA,NA,NA,NA,NA,NA,NA,NA,NA,NA,NA,NA,NA,NA,NA,NA,NA,NA,NA,NA,NA,NA,NA,NA,NA,NA,NA,NA,NA,NA,NA,NA,NA,NA,NA,NA,NA,NA,NA,NA,NA,NA,NA,NA,NA,NA,NA,NA,NA,NA,NA,NA,NA,NA,NA,NA,NA,NA,NA,NA,NA,NA,NA,NA,NA,NA,NA,NA,NA,NA,NA,NA,NA,NA,NA,NA,NA,NA,NA,NA,NA,NA,NA,NA,NA,NA,NA,NA,NA,NA,NA,NA,NA,NA,iPb6e7062370eb3102,NA,NA,B,TRUE,FALSE,TRUE,FALSE,TRUE,TRUE,FALSE,2,1,2,10.3,0,1,1,1,0,0,0,63,69,67,68,73,31,25,67,58,68,83,18,74,100,73,82,69,69,63,79,31,94,68,98,3,10,60,20,15,71,61,64,65,63,71,79,30,71,73,62,78,70,NA,NA,NA,NA,NA,NA,NA,NA,NA,NA,NA,NA,NA,NA,NA,NA,NA,NA,NA,NA,NA,NA,NA,57,74,70,75,66,25,68,36,69,85,62,72,71,100,84,78,67,63,69,66,74,NA,NA,NA,NA,NA,NA,NA,NA,NA,NA,NA,NA,NA,NA,NA,NA,NA,NA,NA,NA,NA,NA,127,0,127,0,FALSE,FALSE,FALSE,FALSE,FALSE,FALSE,1,NA,NA,1,1,NA,NA,NA,NA,NA,NA,63.111111111111114,-0.1842584573806384,4,4,Neutral (4),3,1,2,1.5,NA,NA,NA,NA,NA,NA,NA,NA,NA,NA,NA,2,1,2,2,2,TRUE,TRUE,No controls
100,585,1,R_537DMF7dmrrf6Ew,0,0,1,0,0,1,0,0,1,0,0,1,0,0,1,0,0,1,0,0,1,0,0,1,1,0,0,0,0,1,0,0,1,Sometimes,Never,Sometimes,1,NA,NA,NA,NA,NA,NA,NA,NA,NA,NA,NA,NA,NA,NA,NA,NA,NA,NA,NA,NA,NA,NA,NA,NA,NA,NA,NA,NA,NA,NA,NA,NA,NA,NA,NA,NA,NA,NA,NA,NA,NA,NA,NA,NA,NA,NA,NA,NA,NA,NA,NA,NA,NA,NA,NA,NA,NA,NA,NA,NA,NA,NA,NA,NA,NA,NA,NA,NA,NA,NA,NA,NA,NA,NA,NA,NA,NA,NA,NA,NA,NA,NA,NA,NA,NA,NA,NA,NA,NA,NA,NA,NA,NA,NA,NA,NA,NA,NA,NA,NA,NA,NA,NA,NA,NA,NA,NA,NA,NA,NA,NA,NA,NA,NA,NA,NA,NA,NA,NA,NA,NA,NA,NA,NA,NA,NA,NA,NA,NA,NA,NA,NA,NA,NA,NA,NA,NA,NA,NA,NA,NA,NA,NA,NA,NA,NA,iPd316c1caa4e242e2,NA,NA,A,FALSE,TRUE,FALSE,FALSE,TRUE,FALSE,FALSE,0,3,1,9.75,0,1,1,1,0,0,0,NA,100,NA,NA,NA,10,NA,NA,0,0,10,NA,10,NA,NA,60,100,NA,NA,100,NA,70,NA,80,0,NA,90,NA,0,70,100,20,0,NA,70,NA,NA,80,0,NA,0,80,0,20,NA,NA,70,70,70,0,0,NA,NA,70,NA,100,NA,30,NA,20,30,NA,70,70,30,NA,NA,NA,NA,NA,NA,NA,NA,NA,NA,NA,NA,NA,NA,NA,NA,NA,NA,NA,NA,NA,NA,NA,NA,NA,NA,NA,NA,NA,NA,NA,NA,NA,NA,NA,NA,NA,NA,NA,NA,NA,NA,NA,164,8,172,1,FALSE,FALSE,FALSE,FALSE,FALSE,FALSE,0,0,1,0,0,NA,NA,NA,NA,NA,NA,60,-0.34663882319903044,NA,NA,NA,NA,NA,NA,NA,NA,NA,NA,NA,NA,NA,NA,NA,NA,NA,NA,NA,NA,NA,NA,NA,TRUE,TRUE,No controls
100,691,1,R_5igkTgvColLWrz7,NA,1,0,NA,1,0,1,0,0,0,0,1,1,0,0,0,0,1,0,0,1,0,0,1,0,0,1,1,1,0,0,1,0,Sometimes,Rarely,Rarely,1,NA,NA,NA,NA,NA,NA,NA,NA,NA,NA,NA,NA,NA,NA,NA,NA,NA,NA,NA,NA,NA,NA,NA,NA,NA,NA,NA,NA,NA,NA,NA,NA,NA,NA,NA,NA,NA,NA,NA,NA,NA,NA,NA,NA,NA,NA,NA,NA,NA,NA,NA,NA,NA,NA,NA,NA,NA,NA,NA,NA,NA,NA,NA,NA,NA,NA,NA,NA,NA,NA,NA,NA,NA,NA,NA,NA,NA,NA,NA,NA,NA,NA,NA,NA,NA,NA,NA,NA,NA,NA,NA,NA,NA,NA,NA,NA,NA,NA,NA,NA,NA,NA,NA,NA,NA,NA,NA,NA,NA,NA,NA,NA,NA,NA,NA,NA,NA,NA,NA,NA,NA,NA,NA,NA,NA,NA,NA,NA,NA,NA,NA,NA,NA,NA,NA,NA,NA,NA,NA,NA,NA,NA,NA,NA,NA,NA,iP71d42911ff2a8eeb,NA,NA,B,FALSE,TRUE,FALSE,FALSE,TRUE,FALSE,FALSE,0,3,1,11.516666666666667,0,1,1,1,0,0,0,100,100,100,100,77,100,100,100,100,100,100,100,100,100,100,100,100,100,79,100,100,100,100,100,100,100,100,100,100,100,100,100,100,100,100,56,100,75,62,55,100,98,NA,NA,NA,NA,NA,NA,NA,NA,NA,NA,NA,NA,NA,NA,NA,NA,NA,NA,NA,NA,NA,NA,NA,100,100,100,100,62,58,100,100,89,100,67,88,100,100,100,100,100,100,100,100,81,NA,NA,NA,NA,NA,NA,NA,NA,NA,NA,NA,NA,NA,NA,NA,NA,NA,NA,NA,NA,NA,NA,145,0,145,1,FALSE,FALSE,FALSE,FALSE,FALSE,FALSE,1,NA,NA,1,NA,NA,NA,NA,NA,NA,NA,100,1.7411087373231504,NA,NA,NA,NA,NA,NA,NA,NA,NA,NA,NA,NA,NA,NA,NA,NA,NA,NA,NA,NA,NA,NA,NA,TRUE,TRUE,No controls
100,853,1,R_5uKZppCN7RrWdbP,0,0,1,0,0,1,0,0,1,0,0,1,0,0,1,0,0,1,1,1,0,0,0,1,0,0,1,0,0,1,0,0,1,Sometimes,Never,Sometimes,1,NA,NA,NA,NA,NA,NA,NA,NA,NA,NA,NA,NA,NA,NA,NA,NA,NA,NA,NA,NA,NA,NA,NA,NA,NA,NA,NA,NA,NA,NA,NA,NA,NA,NA,NA,NA,NA,NA,NA,NA,NA,NA,NA,NA,NA,NA,NA,NA,NA,NA,NA,NA,NA,NA,NA,NA,NA,NA,NA,NA,NA,NA,NA,NA,NA,NA,NA,NA,NA,NA,NA,NA,NA,NA,NA,NA,NA,NA,NA,NA,NA,NA,NA,NA,NA,NA,NA,NA,NA,NA,NA,NA,NA,NA,NA,NA,NA,NA,NA,NA,NA,NA,NA,NA,NA,NA,NA,NA,NA,NA,NA,NA,NA,NA,NA,NA,NA,NA,NA,NA,NA,NA,NA,NA,NA,NA,NA,NA,NA,NA,NA,NA,NA,NA,NA,NA,NA,NA,NA,NA,NA,NA,NA,NA,NA,NA,iP26cb69267dd99215,NA,NA,A,FALSE,TRUE,FALSE,FALSE,TRUE,FALSE,FALSE,0,3,1,14.216666666666669,0,0,1,1,0,0,0,50,80,70,70,50,50,30,70,60,50,50,30,50,60,30,60,70,60,70,70,30,70,50,70,10,20,50,60,0,70,70,30,20,30,60,70,40,60,30,10,60,70,30,20,60,20,50,70,60,40,60,40,60,40,70,70,20,20,50,50,40,80,80,30,50,NA,NA,NA,NA,NA,NA,NA,NA,NA,NA,NA,NA,NA,NA,NA,NA,NA,NA,NA,NA,NA,NA,NA,NA,NA,NA,NA,NA,NA,NA,NA,NA,NA,NA,NA,NA,NA,NA,NA,NA,NA,NA,NA,145,0,145,1,FALSE,FALSE,FALSE,FALSE,FALSE,FALSE,0,0,1,0,0,NA,NA,NA,NA,NA,NA,53.333333333333336,-0.6945967499527271,NA,NA,NA,NA,NA,NA,NA,NA,NA,NA,NA,NA,NA,NA,NA,NA,NA,NA,NA,NA,NA,NA,NA,TRUE,TRUE,No controls
100,18441,1,R_1eq6YmSUevICVTH,0,0,1,0,0,1,1,0,0,1,0,0,1,0,0,0,0,1,0,0,1,0,1,0,0,0,1,0,0,1,0,0,1,Never,Never,Sometimes,4,2,2,2,2,2,7,8,8,7,8,4,5,3,2.5,3,1,3,Purple,2,2,3,3,4,2,6,1,5,4,1,2,1,2,1,3,3,1,4,5,3,2,5,5,3,3,1,1,2,1,2,1,2,2,2,3,1,2,1,3,3,2,2,2,2,3,3,3,1,2,4,2,4,3,3,3,3,3,2,3,3,2,4,3,3,NA,2,3,2,3,3,2,3,3,3,3,5,6,5,5,6,6,6,5,6,NA,NA,NA,NA,NA,NA,NA,NA,NA,NA,NA,NA,NA,NA,NA,NA,NA,NA,NA,NA,NA,NA,NA,NA,NA,NA,NA,NA,NA,NA,NA,NA,NA,NA,NA,NA,NA,NA,NA,NA,NA,NA,NA,iP1eb480bd984cea3c,NA,NA,C,TRUE,FALSE,TRUE,FALSE,TRUE,TRUE,TRUE,2,1,3,307.35,0,0,0,0,1,1,0,55,44,55,56,52,34,55,56,64,59,72,38,63,63,46,58,41,62,55,54,37,50,34,50,40,36,48,55,42,51,58,46,41,40,37,44,46,59,58,33,55,50,NA,NA,NA,NA,NA,NA,NA,NA,NA,NA,NA,NA,NA,NA,NA,NA,NA,NA,NA,NA,NA,NA,NA,NA,NA,NA,NA,NA,NA,NA,NA,NA,NA,NA,NA,NA,NA,NA,NA,NA,NA,NA,NA,NA,58,59,60,61,56,45,44,57,62,32,59,38,43,57,54,56,56,66,60,56,40,40,43,0,43,1,FALSE,FALSE,FALSE,FALSE,FALSE,FALSE,0,0,1,0,0,NA,NA,NA,NA,NA,NA,54,-0.6598009572773575,4,4,Neutral (4),2.5,4,3.25,2.875,3,1,3,1,3,2,2,1.5,1,2.5,1.75,2,3,3,2,3,FALSE,TRUE,Some controls missing
100,526,1,R_50OPxJWy0y5ZAc7,0,0,1,0,0,1,0,0,1,0,0,1,0,0,1,0,0,1,0,0,1,0,0,1,0,0,1,0,0,1,0,0,1,Never,Never,Never,4,-99,-99,-99,-99,-99,6,6,9,10,6,5,5,2,2.5,2,1,4,Purple,NA,NA,NA,NA,NA,NA,NA,NA,NA,NA,NA,NA,NA,NA,NA,NA,NA,NA,NA,NA,NA,NA,NA,NA,NA,NA,NA,NA,NA,NA,NA,NA,NA,NA,NA,NA,NA,NA,NA,NA,NA,NA,NA,NA,NA,NA,NA,NA,NA,NA,NA,NA,NA,NA,NA,NA,NA,NA,NA,NA,NA,NA,NA,NA,NA,NA,NA,NA,NA,NA,NA,NA,NA,NA,NA,NA,NA,NA,NA,NA,NA,NA,NA,NA,NA,NA,NA,NA,NA,NA,NA,NA,NA,NA,NA,NA,NA,NA,NA,NA,NA,NA,NA,NA,NA,NA,NA,NA,NA,NA,NA,NA,NA,NA,NA,NA,NA,NA,NA,NA,NA,NA,NA,NA,NA,NA,NA,NA,iP369faafb55465ae8,NA,NA,C,TRUE,FALSE,TRUE,FALSE,TRUE,TRUE,FALSE,2,1,2,8.766666666666667,0,1,1,1,0,0,0,15,66,46,26,82,67,48,51,70,50,68,30,54,51,11,74,54,60,69,53,17,79,66,66,43,39,64,13,9,85,60,23,27,33,62,22,18,96,55,62,55,50,NA,NA,NA,NA,NA,NA,NA,NA,NA,NA,NA,NA,NA,NA,NA,NA,NA,NA,NA,NA,NA,NA,NA,NA,NA,NA,NA,NA,NA,NA,NA,NA,NA,NA,NA,NA,NA,NA,NA,NA,NA,NA,NA,NA,44,68,67,43,72,78,70,77,85,25,22,27,29,72,50,60,50,50,50,40,15,28,127,0,127,0,FALSE,FALSE,FALSE,FALSE,FALSE,FALSE,0,0,1,0,0,NA,NA,NA,NA,NA,NA,48,-0.9729630913556848,5,3,Rehab (3),2.5,4,3.25,2.625,NA,NA,NA,NA,NA,NA,NA,NA,NA,NA,NA,1,1,4,5,1,TRUE,TRUE,No controls
100,665,1,R_1rAUs1ftaUmSP0q,0,0,1,0,0,1,1,0,0,0,0,1,1,0,0,0,0,1,0,0,1,0,0,1,0,1,0,1,0,0,0,0,1,Sometimes,Rarely,Frequently,4,1,1,1,-99,4,6,6,6,6,7,2,1,1,1,1,1,1,Purple,NA,NA,NA,NA,NA,NA,NA,NA,NA,NA,NA,NA,NA,NA,NA,NA,NA,NA,NA,NA,NA,NA,NA,NA,NA,NA,NA,NA,NA,NA,NA,NA,NA,NA,NA,NA,NA,NA,NA,NA,NA,NA,NA,NA,NA,NA,NA,NA,NA,NA,NA,NA,NA,NA,NA,NA,NA,NA,NA,NA,NA,NA,NA,NA,NA,NA,NA,NA,NA,NA,NA,NA,NA,NA,NA,NA,NA,NA,NA,NA,NA,NA,NA,NA,NA,NA,NA,NA,NA,NA,NA,NA,NA,NA,NA,NA,NA,NA,NA,NA,NA,NA,NA,NA,NA,NA,NA,NA,NA,NA,NA,NA,NA,NA,NA,NA,NA,NA,NA,NA,NA,NA,NA,NA,NA,NA,NA,NA,iP2c6069ac9967e76d,NA,NA,B,TRUE,FALSE,TRUE,FALSE,TRUE,TRUE,FALSE,2,1,2,11.083333333333334,0,1,1,1,0,0,0,51,100,49,0,100,50,0,50,50,50,50,0,50,100,0,100,100,100,100,100,0,100,50,100,0,0,100,0,0,100,50,50,0,0,51,50,0,50,0,0,0,45,NA,NA,NA,NA,NA,NA,NA,NA,NA,NA,NA,NA,NA,NA,NA,NA,NA,NA,NA,NA,NA,NA,NA,0,50,100,100,50,0,0,100,0,0,50,0,100,100,100,100,100,0,0,100,0,NA,NA,NA,NA,NA,NA,NA,NA,NA,NA,NA,NA,NA,NA,NA,NA,NA,NA,NA,NA,NA,NA,127,0,127,0,FALSE,FALSE,FALSE,FALSE,FALSE,FALSE,0,0,1,0,0,NA,NA,NA,NA,NA,NA,72.22222222222223,0.29128404251608075,2,6,Punish (6),4,4,4,1,NA,NA,NA,NA,NA,NA,NA,NA,NA,NA,NA,1,1,1,1,2,TRUE,TRUE,No controls
100,857,1,R_6fJdZD1AdwG5OWj,0,0,1,0,0,1,0,0,1,0,0,1,1,0,0,0,0,1,0,0,1,0,0,1,1,0,0,0,0,1,0,0,1,Sometimes,Never,Frequently,4,1,1,2,1,2,10,10,10,10,10,4,1,1,2,2.5,2,3,purple,NA,NA,NA,NA,NA,NA,NA,NA,NA,NA,NA,NA,NA,NA,NA,NA,NA,NA,NA,NA,NA,NA,NA,NA,NA,NA,NA,NA,NA,NA,NA,NA,NA,NA,NA,NA,NA,NA,NA,NA,NA,NA,NA,NA,NA,NA,NA,NA,NA,NA,NA,NA,NA,NA,NA,NA,NA,NA,NA,NA,NA,NA,NA,NA,NA,NA,NA,NA,NA,NA,NA,NA,NA,NA,NA,NA,NA,NA,NA,NA,NA,NA,NA,NA,NA,NA,NA,NA,NA,NA,NA,NA,NA,NA,NA,NA,NA,NA,NA,NA,NA,NA,NA,NA,NA,NA,NA,NA,NA,NA,NA,NA,NA,NA,NA,NA,NA,NA,NA,NA,NA,NA,NA,NA,NA,NA,NA,NA,iPe7841deaeca6eb48,NA,NA,B,TRUE,FALSE,TRUE,FALSE,TRUE,TRUE,FALSE,2,1,2,14.283333333333331,0,0,1,1,0,0,0,94,100,87,91,41,86,35,94,80,71,50,87,70,67,34,83,95,60,97,68,0,94,82,100,27,37,70,50,50,29,69,80,59,62,1,58,14,0,15,0,75,86,NA,NA,NA,NA,NA,NA,NA,NA,NA,NA,NA,NA,NA,NA,NA,NA,NA,NA,NA,NA,NA,NA,NA,29,28,87,54,74,0,40,0,50,33,0,32,100,100,100,98,95,90,82,0,36,NA,NA,NA,NA,NA,NA,NA,NA,NA,NA,NA,NA,NA,NA,NA,NA,NA,NA,NA,NA,NA,NA,127,0,127,0,FALSE,FALSE,FALSE,FALSE,FALSE,FALSE,0,0,1,0,0,NA,NA,NA,NA,NA,NA,68.11111111111111,0.0767099876846342,4,4,Neutral (4),4,3,3.5,2.125,NA,NA,NA,NA,NA,NA,NA,NA,NA,NA,NA,5,5,5,5,5,TRUE,TRUE,No controls
100,38755,1,R_7CWLK8SrZdIMgsF,0,0,1,0,1,0,1,0,0,0,0,1,1,1,0,0,1,0,1,0,0,0,1,0,1,1,0,1,1,0,0,0,1,Frequently,Sometimes,Sometimes,4,2,1,2,3,4,10,10,6,7,6,6,3,2,4,4,1,3,Purple,2,1,6,2,1,3,3,1,2,1,1,1,2,2,1,1,1,1,2,1,4,2,1,1,2,2,1,1,2,1,2,1,1,1,2,1,1,1,2,2,1,4,1,1,2,3,2,1,2,1,2,4,2,4,2,4,3,2,3,3,3,1,2,3,2,NA,2,2,2,1,3,1,2,2,5,5,5,4,4,5,5,4,4,4,5,NA,NA,NA,NA,NA,NA,NA,NA,NA,NA,NA,NA,NA,NA,NA,NA,NA,NA,NA,NA,NA,NA,NA,NA,NA,NA,NA,NA,NA,NA,NA,NA,NA,NA,NA,NA,NA,NA,NA,NA,NA,NA,NA,iPe7cded76f67a6884,NA,NA,A,TRUE,FALSE,TRUE,FALSE,TRUE,TRUE,TRUE,2,1,3,645.9166666666666,0,0,0,0,1,1,0,80,70,80,80,80,80,80,80,80,80,80,80,80,70,90,30,80,70,90,20,30,40,80,80,80,80,80,80,80,30,70,70,80,80,80,20,60,80,40,20,30,80,100,60,70,20,80,80,80,40,20,60,80,80,80,80,30,80,80,80,10,80,80,80,80,NA,NA,NA,NA,NA,NA,NA,NA,NA,NA,NA,NA,NA,NA,NA,NA,NA,NA,NA,NA,NA,NA,NA,NA,NA,NA,NA,NA,NA,NA,NA,NA,NA,NA,NA,NA,NA,NA,NA,NA,NA,NA,NA,43,0,43,1,FALSE,FALSE,FALSE,FALSE,FALSE,FALSE,0,0,1,0,0,NA,NA,NA,NA,NA,NA,65.55555555555556,-0.05667388423761632,6,2,Rehab (2),2,4,3,3.25,3,3,1,1,3,3,3,3,4,4,4,5,5,1,2,1,FALSE,TRUE,Some controls missing
100,1741,1,R_1nO3xqkX1zos71j,0,0,1,0,0,1,0,0,1,0,0,1,0,0,1,0,0,1,0,1,0,0,0,1,1,0,0,1,0,0,0,0,1,Never,Never,Rarely,4,2,2,3,-99,1,9,8,7,7,9,4,2,2,2.5,3,1,3,purple,NA,NA,NA,NA,NA,NA,NA,NA,NA,NA,NA,NA,NA,NA,NA,NA,NA,NA,NA,NA,NA,NA,NA,NA,NA,NA,NA,NA,NA,NA,NA,NA,NA,NA,NA,NA,NA,NA,NA,NA,NA,NA,NA,NA,NA,NA,NA,NA,NA,NA,NA,NA,NA,NA,NA,NA,NA,NA,NA,NA,NA,NA,NA,NA,NA,NA,NA,NA,NA,NA,NA,NA,NA,NA,NA,NA,NA,NA,NA,NA,NA,NA,NA,NA,NA,NA,NA,NA,NA,NA,NA,NA,NA,NA,NA,NA,NA,NA,NA,NA,NA,NA,NA,NA,NA,NA,NA,NA,NA,NA,NA,NA,NA,NA,NA,NA,NA,NA,NA,NA,NA,NA,NA,NA,NA,NA,NA,NA,iPb0be5a4dd7304bde,NA,NA,A,TRUE,FALSE,TRUE,FALSE,TRUE,TRUE,FALSE,2,1,2,29.016666666666666,0,0,0,1,0,0,0,NA,50,50,NA,NA,NA,40,50,30,30,60,50,50,NA,50,40,50,40,70,NA,40,80,60,NA,20,40,90,NA,30,60,30,50,40,10,50,30,20,NA,60,50,20,50,50,40,30,30,60,50,60,30,50,50,50,50,50,NA,40,NA,40,70,NA,NA,50,10,50,NA,NA,NA,NA,NA,NA,NA,NA,NA,NA,NA,NA,NA,NA,NA,NA,NA,NA,NA,NA,NA,NA,NA,NA,NA,NA,NA,NA,NA,NA,NA,NA,NA,NA,NA,NA,NA,NA,NA,NA,NA,NA,NA,136,4,140,0,FALSE,FALSE,FALSE,FALSE,FALSE,FALSE,0,0,1,0,0,NA,NA,NA,NA,NA,NA,50,-0.8685757133295756,4,4,Neutral (4),3,4,3.5,2.625,NA,NA,NA,NA,NA,NA,NA,NA,NA,NA,NA,4,3,2,2,4,TRUE,TRUE,No controls
100,938,1,R_55hD0CpszZYKtrz,0,0,1,0,0,1,1,0,0,0,0,1,0,0,1,0,0,1,0,0,1,0,0,1,1,1,0,0,0,1,0,0,1,Never,Never,Sometimes,4,2,2,1,3,3,10,10,10,9,9,5,3,3,3,3,4,3,Purple,NA,NA,NA,NA,NA,NA,NA,NA,NA,NA,NA,NA,NA,NA,NA,NA,NA,NA,NA,NA,NA,NA,NA,NA,NA,NA,NA,NA,NA,NA,NA,NA,NA,NA,NA,NA,NA,NA,NA,NA,NA,NA,NA,NA,NA,NA,NA,NA,NA,NA,NA,NA,NA,NA,NA,NA,NA,NA,NA,NA,NA,NA,NA,NA,NA,NA,NA,NA,NA,NA,NA,NA,NA,NA,NA,NA,NA,NA,NA,NA,NA,NA,NA,NA,NA,NA,NA,NA,NA,NA,NA,NA,NA,NA,NA,NA,NA,NA,NA,NA,NA,NA,NA,NA,NA,NA,NA,NA,NA,NA,NA,NA,NA,NA,NA,NA,NA,NA,NA,NA,NA,NA,NA,NA,NA,NA,NA,NA,iP2f69b1d77a1ebc57,NA,NA,A,TRUE,FALSE,TRUE,FALSE,TRUE,TRUE,FALSE,2,1,2,15.633333333333333,0,0,1,1,0,0,0,100,80,NA,NA,NA,50,NA,50,80,40,NA,NA,NA,60,NA,50,NA,60,NA,70,NA,NA,70,100,10,20,NA,NA,30,60,NA,0,0,30,70,NA,30,70,60,NA,70,NA,NA,20,60,0,NA,NA,NA,10,NA,100,90,NA,60,80,50,40,50,NA,40,NA,NA,60,30,NA,NA,NA,NA,NA,NA,NA,NA,NA,NA,NA,NA,NA,NA,NA,NA,NA,NA,NA,NA,NA,NA,NA,NA,NA,NA,NA,NA,NA,NA,NA,NA,NA,NA,NA,NA,NA,NA,NA,NA,NA,NA,NA,145,9,154,0,FALSE,FALSE,FALSE,FALSE,FALSE,FALSE,0,0,1,0,0,NA,NA,NA,NA,NA,NA,54,-0.6598009572773575,5,3,Rehab (3),2,1,1.5,3,NA,NA,NA,NA,NA,NA,NA,NA,NA,NA,NA,5,5,5,4,4,TRUE,TRUE,No controls
100,1791,1,R_34k3gaABrLUAygZ,NA,1,0,NA,0,1,1,0,0,0,0,1,1,0,0,0,0,1,0,0,1,0,1,1,1,0,0,1,0,0,0,0,1,Sometimes,Frequently,Frequently,4,2,2,2,2,2,10,10,10,10,10,7,1,3,3,4,1,3,"""purple""",NA,NA,NA,NA,NA,NA,NA,NA,NA,NA,NA,NA,NA,NA,NA,NA,NA,NA,NA,NA,NA,NA,NA,NA,NA,NA,NA,NA,NA,NA,NA,NA,NA,NA,NA,NA,NA,NA,NA,NA,NA,NA,NA,NA,NA,NA,NA,NA,NA,NA,NA,NA,NA,NA,NA,NA,NA,NA,NA,NA,NA,NA,NA,NA,NA,NA,NA,NA,NA,NA,NA,NA,NA,NA,NA,NA,NA,NA,NA,NA,NA,NA,NA,NA,NA,NA,NA,NA,NA,NA,NA,NA,NA,NA,NA,NA,NA,NA,NA,NA,NA,NA,NA,NA,NA,NA,NA,NA,NA,NA,NA,NA,NA,NA,NA,NA,NA,NA,NA,NA,NA,NA,NA,NA,NA,NA,NA,NA,iP4937bfa08bf044cf,NA,NA,C,TRUE,FALSE,TRUE,FALSE,TRUE,TRUE,FALSE,2,1,2,29.85,0,0,0,1,0,0,0,100,55,100,100,100,85,40,100,80,70,0,0,100,100,75,100,100,100,100,100,65,100,100,100,0,25,85,0,0,100,100,50,25,50,80,100,75,100,80,80,100,100,NA,NA,NA,NA,NA,NA,NA,NA,NA,NA,NA,NA,NA,NA,NA,NA,NA,NA,NA,NA,NA,NA,NA,NA,NA,NA,NA,NA,NA,NA,NA,NA,NA,NA,NA,NA,NA,NA,NA,NA,NA,NA,NA,NA,100,100,100,50,100,100,100,100,100,0,100,0,35,100,0,100,100,100,80,75,35,50,127,0,127,0,FALSE,FALSE,FALSE,FALSE,FALSE,FALSE,1,NA,NA,1,NA,NA,NA,NA,NA,NA,NA,76.11111111111111,0.4942594997890704,7,1,Rehab (1),4,4,4,3.25,NA,NA,NA,NA,NA,NA,NA,NA,NA,NA,NA,5,5,5,5,5,TRUE,TRUE,No controls
100,539,1,R_6dKzEiljcqnybZ4,NA,1,0,1,0,0,1,1,0,0,0,1,1,1,0,0,0,1,0,0,1,0,0,1,1,1,0,0,1,0,1,1,0,Rarely,Never,Never,4,1,1,1,1,1,10,10,10,10,10,1,5,4,4,4,2,2.5,Purple,NA,NA,NA,NA,NA,NA,NA,NA,NA,NA,NA,NA,NA,NA,NA,NA,NA,NA,NA,NA,NA,NA,NA,NA,NA,NA,NA,NA,NA,NA,NA,NA,NA,NA,NA,NA,NA,NA,NA,NA,NA,NA,NA,NA,NA,NA,NA,NA,NA,NA,NA,NA,NA,NA,NA,NA,NA,NA,NA,NA,NA,NA,NA,NA,NA,NA,NA,NA,NA,NA,NA,NA,NA,NA,NA,NA,NA,NA,NA,NA,NA,NA,NA,NA,NA,NA,NA,NA,NA,NA,NA,NA,NA,NA,NA,NA,NA,NA,NA,NA,NA,NA,NA,NA,NA,NA,NA,NA,NA,NA,NA,NA,NA,NA,NA,NA,NA,NA,NA,NA,NA,NA,NA,NA,NA,NA,NA,NA,iPb11ca5a68853b24f,NA,NA,C,TRUE,FALSE,TRUE,FALSE,TRUE,TRUE,FALSE,2,1,2,8.983333333333333,0,1,1,1,0,0,0,82,87,91,87,93,65,82,84,62,84,94,15,60,75,63,74,61,89,70,87,26,69,79,58,6,83,93,18,7,84,75,8,1,8,70,85,65,82,15,78,80,91,NA,NA,NA,NA,NA,NA,NA,NA,NA,NA,NA,NA,NA,NA,NA,NA,NA,NA,NA,NA,NA,NA,NA,NA,NA,NA,NA,NA,NA,NA,NA,NA,NA,NA,NA,NA,NA,NA,NA,NA,NA,NA,NA,NA,94,79,84,24,81,92,95,97,85,2,91,2,86,72,93,89,94,75,93,84,7,7,127,0,127,0,FALSE,FALSE,FALSE,FALSE,FALSE,FALSE,1,NA,NA,1,1,NA,NA,NA,NA,NA,NA,62.666666666666664,-0.20745565249755185,1,7,Punish (7),2.5,3,2.75,3.625,NA,NA,NA,NA,NA,NA,NA,NA,NA,NA,NA,5,5,5,5,5,TRUE,TRUE,No controls
100,1579,1,R_3DdQDFWiJ9OClbl,NA,1,0,NA,1,0,1,1,0,1,0,0,1,0,0,0,1,0,0,1,0,0,1,0,1,1,0,0,0,1,0,0,1,Never,Never,Rarely,4,1,1,1,1,1,8,9,10,10,10,1,2,3,3,4,2,3,Purple,NA,NA,NA,NA,NA,NA,NA,NA,NA,NA,NA,NA,NA,NA,NA,NA,NA,NA,NA,NA,NA,NA,NA,NA,NA,NA,NA,NA,NA,NA,NA,NA,NA,NA,NA,NA,NA,NA,NA,NA,NA,NA,NA,NA,NA,NA,NA,NA,NA,NA,NA,NA,NA,NA,NA,NA,NA,NA,NA,NA,NA,NA,NA,NA,NA,NA,NA,NA,NA,NA,NA,NA,NA,NA,NA,NA,NA,NA,NA,NA,NA,NA,NA,NA,NA,NA,NA,NA,NA,NA,NA,NA,NA,NA,NA,NA,NA,NA,NA,NA,NA,NA,NA,NA,NA,NA,NA,NA,NA,NA,NA,NA,NA,NA,NA,NA,NA,NA,NA,NA,NA,NA,NA,NA,NA,NA,NA,NA,iP55b2dd2ea17dab60,NA,NA,A,TRUE,FALSE,TRUE,FALSE,TRUE,TRUE,FALSE,2,1,2,26.316666666666663,0,0,0,1,0,0,0,50,70,50,50,50,50,30,50,80,50,70,50,50,70,50,70,80,80,70,70,40,80,70,50,20,30,80,50,20,50,50,50,50,50,50,80,40,50,30,30,80,70,50,30,50,20,50,50,50,50,50,50,50,50,90,70,50,20,50,50,50,50,50,50,50,NA,NA,NA,NA,NA,NA,NA,NA,NA,NA,NA,NA,NA,NA,NA,NA,NA,NA,NA,NA,NA,NA,NA,NA,NA,NA,NA,NA,NA,NA,NA,NA,NA,NA,NA,NA,NA,NA,NA,NA,NA,NA,NA,127,0,127,0,FALSE,FALSE,FALSE,FALSE,FALSE,FALSE,1,NA,NA,1,NA,NA,NA,NA,NA,NA,NA,63.333333333333336,-0.17265985982218188,1,7,Punish (7),3,3,3,3.25,NA,NA,NA,NA,NA,NA,NA,NA,NA,NA,NA,3,4,5,5,5,TRUE,TRUE,No controls
100,2595,1,R_1nl5L080NVwV4Sq,0,0,1,0,0,1,0,1,0,0,0,1,0,0,1,0,0,1,0,0,1,0,0,1,0,0,1,0,0,1,0,0,1,Never,Never,Never,4,1,1,2,2,2,7,10,10,9,10,5,1,2,4,3,4,3,purple,2,2,2,2,1,6,2,2,2,1,1,2,1,1,1,2,2,1,4,4,4,1,1,4,3,1,1,1,1,1,1,1,1,1,1,1,2,2,2,2,3,1,1,2,1,1,3,1,1,3,2,4,4,4,3,3,4,3,1,3,3,3,2,2,3,NA,3,2,4,2,3,3,3,2,1,1,4,4,4,5,5,5,4,5,6,NA,NA,NA,NA,NA,NA,NA,NA,NA,NA,NA,NA,NA,NA,NA,NA,NA,NA,NA,NA,NA,NA,NA,NA,NA,NA,NA,NA,NA,NA,NA,NA,NA,NA,NA,NA,NA,NA,NA,NA,NA,NA,NA,iPe324544cf5d838f6,NA,NA,B,TRUE,FALSE,TRUE,FALSE,TRUE,TRUE,TRUE,2,1,3,43.25,0,0,0,0,0,0,0,63,75,57,57,50,66,90,93,92,85,79,88,68,60,85,93,77,79,90,73,50,80,74,86,46,45,60,72,37,43,70,62,22,55,35,54,75,79,67,64,77,73,NA,NA,NA,NA,NA,NA,NA,NA,NA,NA,NA,NA,NA,NA,NA,NA,NA,NA,NA,NA,NA,NA,NA,70,66,85,67,78,44,78,68,66,57,51,79,68,86,66,76,74,88,88,80,67,NA,NA,NA,NA,NA,NA,NA,NA,NA,NA,NA,NA,NA,NA,NA,NA,NA,NA,NA,NA,NA,NA,43,0,43,1,FALSE,FALSE,FALSE,FALSE,FALSE,FALSE,0,0,1,0,0,NA,NA,NA,NA,NA,NA,68.77777777777777,0.1115057803600034,5,3,Rehab (3),4,1,2.5,3,3,1,3,3,3,1,1,1,1,1,1,2,5,5,4,5,FALSE,TRUE,Some controls missing
100,517,1,R_3DwWkSrswdy0qYx,0,0,1,0,1,1,0,1,0,0,1,0,0,1,0,0,0,1,0,0,1,0,0,1,0,1,0,0,1,0,0,1,0,Never,Never,Sometimes,1,NA,NA,NA,NA,NA,NA,NA,NA,NA,NA,NA,NA,NA,NA,NA,NA,NA,NA,NA,NA,NA,NA,NA,NA,NA,NA,NA,NA,NA,NA,NA,NA,NA,NA,NA,NA,NA,NA,NA,NA,NA,NA,NA,NA,NA,NA,NA,NA,NA,NA,NA,NA,NA,NA,NA,NA,NA,NA,NA,NA,NA,NA,NA,NA,NA,NA,NA,NA,NA,NA,NA,NA,NA,NA,NA,NA,NA,NA,NA,NA,NA,NA,NA,NA,NA,NA,NA,NA,NA,NA,NA,NA,NA,NA,NA,NA,NA,NA,NA,NA,NA,NA,NA,NA,NA,NA,NA,NA,NA,NA,NA,NA,NA,NA,NA,NA,NA,NA,NA,NA,NA,NA,NA,NA,NA,NA,NA,NA,NA,NA,NA,NA,NA,NA,NA,NA,NA,NA,NA,NA,NA,NA,NA,NA,NA,NA,iP53dd7570e38fc782,NA,NA,C,FALSE,TRUE,FALSE,FALSE,TRUE,FALSE,FALSE,0,3,1,8.616666666666667,0,1,1,1,0,0,0,100,100,98,100,100,100,86,100,100,100,100,100,82,100,100,100,100,100,100,100,100,100,100,100,100,100,100,100,100,100,100,100,100,96,98,80,100,100,100,96,100,100,NA,NA,NA,NA,NA,NA,NA,NA,NA,NA,NA,NA,NA,NA,NA,NA,NA,NA,NA,NA,NA,NA,NA,NA,NA,NA,NA,NA,NA,NA,NA,NA,NA,NA,NA,NA,NA,NA,NA,NA,NA,NA,NA,NA,100,100,100,100,100,100,100,100,99,100,100,100,84,100,100,92,100,100,100,84,100,100,145,0,145,1,FALSE,FALSE,FALSE,FALSE,FALSE,FALSE,0,0,1,0,0,NA,NA,NA,NA,NA,NA,98,1.6367213592970415,NA,NA,NA,NA,NA,NA,NA,NA,NA,NA,NA,NA,NA,NA,NA,NA,NA,NA,NA,NA,NA,NA,NA,TRUE,TRUE,No controls
100,40142,1,R_6CsyFP0xbDpuUrI,NA,1,0,NA,1,0,0,1,0,0,1,0,0,1,0,0,1,0,0,1,0,0,1,0,0,1,0,0,1,0,0,1,0,Never,Rarely,Frequently,4,1,1,1,1,1,6,6,6,6,6,7,1,4,4,4,1,4,purple,1,1,1,1,1,1,1,1,1,1,1,1,1,1,1,1,1,1,4,4,4,4,4,4,3,1,1,1,1,1,1,1,1,1,1,1,1,1,1,1,1,1,1,1,1,1,1,2,2,1,1,4,4,4,4,4,4,1,1,2,2,4,2,2,4,NA,2,4,2,2,2,1,2,3,0,0,4,4,4,4,4,4,4,4,4,NA,NA,NA,NA,NA,NA,NA,NA,NA,NA,NA,NA,NA,NA,NA,NA,NA,NA,NA,NA,NA,NA,NA,NA,NA,NA,NA,NA,NA,NA,NA,NA,NA,NA,NA,NA,NA,NA,NA,NA,NA,NA,NA,iP4a21bf92bce014b8,NA,NA,C,TRUE,FALSE,TRUE,FALSE,TRUE,TRUE,TRUE,2,1,3,669.0333333333333,0,0,0,0,1,1,0,88,93,39,100,100,84,24,65,80,10,86,19,13,95,97,6,20,16,6,68,88,10,76,11,87,85,79,87,87,8,25,85,16,9,75,7,84,8,99,92,64,49,NA,NA,NA,NA,NA,NA,NA,NA,NA,NA,NA,NA,NA,NA,NA,NA,NA,NA,NA,NA,NA,NA,NA,NA,NA,NA,NA,NA,NA,NA,NA,NA,NA,NA,NA,NA,NA,NA,NA,NA,NA,NA,NA,NA,82,87,69,82,20,78,76,88,74,87,75,85,80,88,72,8,10,13,12,5,100,9,43,0,43,1,FALSE,FALSE,FALSE,FALSE,FALSE,FALSE,1,NA,NA,1,NA,NA,NA,NA,NA,NA,NA,52.333333333333336,-0.7467904389657817,7,1,Rehab (1),4,4,4,4,3,3,3,3,3,3,3,3,4,4,4,1,1,1,1,1,FALSE,TRUE,Some controls missing
100,93014,1,R_32RYVhLTamyQlTH,1,NA,0,1,0,0,1,0,0,0,0,1,1,0,0,0,0,1,0,1,0,0,1,0,1,0,0,1,0,0,0,0,1,Frequently,Frequently,Frequently,4,2,2,2,2,2,9,10,10,10,10,7,1,4,4,4,1,4,Purple,NA,NA,NA,NA,NA,NA,NA,NA,NA,NA,NA,NA,NA,NA,NA,NA,NA,NA,NA,NA,NA,NA,NA,NA,NA,NA,NA,NA,NA,NA,NA,NA,NA,NA,NA,NA,NA,NA,NA,NA,NA,NA,NA,NA,NA,NA,NA,NA,NA,NA,NA,NA,NA,NA,NA,NA,NA,NA,NA,NA,NA,NA,NA,NA,NA,NA,NA,NA,NA,NA,NA,NA,NA,NA,NA,NA,NA,NA,NA,NA,NA,NA,NA,NA,NA,NA,NA,NA,NA,NA,NA,NA,NA,NA,NA,NA,NA,NA,NA,NA,NA,NA,NA,NA,NA,NA,NA,NA,NA,NA,NA,NA,NA,NA,NA,NA,NA,NA,NA,NA,NA,NA,NA,NA,NA,NA,NA,NA,iP1a69dcd52455fcdb,NA,NA,B,TRUE,FALSE,TRUE,FALSE,TRUE,TRUE,FALSE,2,1,2,1550.2333333333331,0,0,0,0,1,1,0,66,65,66,66,66,66,66,66,66,66,66,66,66,65,66,66,66,66,66,66,65,66,66,66,66,66,66,66,66,66,66,66,66,66,66,66,66,66,66,66,66,66,NA,NA,NA,NA,NA,NA,NA,NA,NA,NA,NA,NA,NA,NA,NA,NA,NA,NA,NA,NA,NA,NA,NA,66,66,66,66,66,66,66,65,66,66,66,66,66,65,66,66,66,66,66,66,66,NA,NA,NA,NA,NA,NA,NA,NA,NA,NA,NA,NA,NA,NA,NA,NA,NA,NA,NA,NA,NA,NA,127,0,127,0,FALSE,FALSE,FALSE,FALSE,FALSE,FALSE,1,1,NA,NA,1,NA,NA,NA,NA,NA,NA,65.88888888888889,-0.03927598789993173,7,1,Rehab (1),4,4,4,4,NA,NA,NA,NA,NA,NA,NA,NA,NA,NA,NA,4,5,5,5,5,TRUE,TRUE,No controls
100,1041,1,R_6bTrwbSdkXjRrgL,0,0,1,0,1,0,0,0,1,0,0,1,1,0,0,0,1,0,0,0,1,0,0,1,0,0,1,0,1,0,0,0,1,Rarely,Sometimes,Rarely,4,1,1,1,2,2,9,9,9,10,9,6,1,2,2,3,2,3,purple,NA,NA,NA,NA,NA,NA,NA,NA,NA,NA,NA,NA,NA,NA,NA,NA,NA,NA,NA,NA,NA,NA,NA,NA,NA,NA,NA,NA,NA,NA,NA,NA,NA,NA,NA,NA,NA,NA,NA,NA,NA,NA,NA,NA,NA,NA,NA,NA,NA,NA,NA,NA,NA,NA,NA,NA,NA,NA,NA,NA,NA,NA,NA,NA,NA,NA,NA,NA,NA,NA,NA,NA,NA,NA,NA,NA,NA,NA,NA,NA,NA,NA,NA,NA,NA,NA,NA,NA,NA,NA,NA,NA,NA,NA,NA,NA,NA,NA,NA,NA,NA,NA,NA,NA,NA,NA,NA,NA,NA,NA,NA,NA,NA,NA,NA,NA,NA,NA,NA,NA,NA,NA,NA,NA,NA,NA,NA,NA,iPed63609d8f11a87c,NA,NA,C,TRUE,FALSE,TRUE,FALSE,TRUE,TRUE,FALSE,2,1,2,17.35,0,0,1,1,0,0,0,92,84,100,100,93,88,92,90,80,90,85,100,79,85,65,90,93,82,98,100,99,92,82,97,33,66,100,88,95,66,88,78,82,100,64,66,69,63,99,65,99,76,NA,NA,NA,NA,NA,NA,NA,NA,NA,NA,NA,NA,NA,NA,NA,NA,NA,NA,NA,NA,NA,NA,NA,NA,NA,NA,NA,NA,NA,NA,NA,NA,NA,NA,NA,NA,NA,NA,NA,NA,NA,NA,NA,NA,100,74,78,98,100,61,98,100,97,0,64,100,96,87,100,100,94,71,98,87,87,87,127,0,127,0,FALSE,FALSE,FALSE,FALSE,FALSE,FALSE,0,0,1,0,0,NA,NA,NA,NA,NA,NA,90.22222222222224,1.230770444751062,6,2,Rehab (2),4,3,3.5,2.5,NA,NA,NA,NA,NA,NA,NA,NA,NA,NA,NA,4,4,4,5,4,TRUE,TRUE,No controls
100,815,1,R_5OgzUs5JYCEa4mZ,NA,1,0,NA,0,1,0,0,1,0,1,0,1,0,0,0,0,1,0,0,1,0,0,1,0,1,0,0,0,1,0,0,1,Never,Never,Sometimes,4,1,1,2,2,2,9,10,10,10,10,4,2,3,1,3,2,3,purple,NA,NA,NA,NA,NA,NA,NA,NA,NA,NA,NA,NA,NA,NA,NA,NA,NA,NA,NA,NA,NA,NA,NA,NA,NA,NA,NA,NA,NA,NA,NA,NA,NA,NA,NA,NA,NA,NA,NA,NA,NA,NA,NA,NA,NA,NA,NA,NA,NA,NA,NA,NA,NA,NA,NA,NA,NA,NA,NA,NA,NA,NA,NA,NA,NA,NA,NA,NA,NA,NA,NA,NA,NA,NA,NA,NA,NA,NA,NA,NA,NA,NA,NA,NA,NA,NA,NA,NA,NA,NA,NA,NA,NA,NA,NA,NA,NA,NA,NA,NA,NA,NA,NA,NA,NA,NA,NA,NA,NA,NA,NA,NA,NA,NA,NA,NA,NA,NA,NA,NA,NA,NA,NA,NA,NA,NA,NA,NA,iP02f36c3af83bad84,NA,NA,C,TRUE,FALSE,TRUE,FALSE,TRUE,TRUE,FALSE,2,1,2,13.583333333333334,0,0,1,1,0,0,0,88,98,100,80,89,67,72,93,87,77,71,82,90,100,84,92,90,67,56,100,15,99,90,89,56,53,99,71,69,72,82,85,86,91,77,29,72,71,33,61,69,74,NA,NA,NA,NA,NA,NA,NA,NA,NA,NA,NA,NA,NA,NA,NA,NA,NA,NA,NA,NA,NA,NA,NA,NA,NA,NA,NA,NA,NA,NA,NA,NA,NA,NA,NA,NA,NA,NA,NA,NA,NA,NA,NA,NA,86,89,86,87,94,73,89,98,92,33,89,37,73,98,83,92,98,100,85,99,96,80,127,0,127,0,FALSE,FALSE,FALSE,FALSE,FALSE,FALSE,1,NA,NA,1,NA,NA,NA,NA,NA,NA,NA,86.44444444444444,1.0335942862573002,4,4,Neutral (4),3,3,3,2.5,NA,NA,NA,NA,NA,NA,NA,NA,NA,NA,NA,4,5,5,5,5,TRUE,TRUE,No controls
100,591,1,R_6tzGgOtjRjNGn8G,0,0,1,0,0,1,0,1,0,0,0,1,0,0,1,0,0,1,0,1,0,0,0,1,0,0,1,0,1,0,0,0,1,Sometimes,Rarely,Sometimes,4,1,1,1,1,2,10,10,10,10,10,3,1,3,3,3,1,2.5,Purple,NA,NA,NA,NA,NA,NA,NA,NA,NA,NA,NA,NA,NA,NA,NA,NA,NA,NA,NA,NA,NA,NA,NA,NA,NA,NA,NA,NA,NA,NA,NA,NA,NA,NA,NA,NA,NA,NA,NA,NA,NA,NA,NA,NA,NA,NA,NA,NA,NA,NA,NA,NA,NA,NA,NA,NA,NA,NA,NA,NA,NA,NA,NA,NA,NA,NA,NA,NA,NA,NA,NA,NA,NA,NA,NA,NA,NA,NA,NA,NA,NA,NA,NA,NA,NA,NA,NA,NA,NA,NA,NA,NA,NA,NA,NA,NA,NA,NA,NA,NA,NA,NA,NA,NA,NA,NA,NA,NA,NA,NA,NA,NA,NA,NA,NA,NA,NA,NA,NA,NA,NA,NA,NA,NA,NA,NA,NA,NA,iP239b715dc0a1f06d,NA,NA,A,TRUE,FALSE,TRUE,FALSE,TRUE,TRUE,FALSE,2,1,2,9.85,0,1,1,1,0,0,0,80,70,70,30,70,70,40,70,60,30,60,70,40,70,60,90,70,60,90,90,30,60,60,70,20,30,80,40,30,20,70,70,30,70,20,40,60,40,70,20,60,60,70,40,70,40,60,70,80,40,60,80,70,40,70,60,70,70,40,60,40,80,60,70,70,NA,NA,NA,NA,NA,NA,NA,NA,NA,NA,NA,NA,NA,NA,NA,NA,NA,NA,NA,NA,NA,NA,NA,NA,NA,NA,NA,NA,NA,NA,NA,NA,NA,NA,NA,NA,NA,NA,NA,NA,NA,NA,NA,127,0,127,0,FALSE,FALSE,FALSE,FALSE,FALSE,FALSE,0,0,1,0,0,NA,NA,NA,NA,NA,NA,63.333333333333336,-0.17265985982218188,3,5,Punish (5),4,4,4,2.875,NA,NA,NA,NA,NA,NA,NA,NA,NA,NA,NA,5,5,5,5,5,TRUE,TRUE,No controls
100,7735,1,R_1JB3kI4jbjiDhv3,NA,1,0,NA,1,0,1,0,0,0,0,1,1,1,0,0,0,1,0,0,1,0,0,1,1,1,0,0,1,0,0,0,1,Rarely,Never,Sometimes,4,1,1,1,1,1,7,10,10,10,10,6,1,3,4,4,1,2.5,purple,NA,NA,NA,NA,NA,NA,NA,NA,NA,NA,NA,NA,NA,NA,NA,NA,NA,NA,NA,NA,NA,NA,NA,NA,NA,NA,NA,NA,NA,NA,NA,NA,NA,NA,NA,NA,NA,NA,NA,NA,NA,NA,NA,NA,NA,NA,NA,NA,NA,NA,NA,NA,NA,NA,NA,NA,NA,NA,NA,NA,NA,NA,NA,NA,NA,NA,NA,NA,NA,NA,NA,NA,NA,NA,NA,NA,NA,NA,NA,NA,NA,NA,NA,NA,NA,NA,NA,NA,NA,NA,NA,NA,NA,NA,NA,NA,NA,NA,NA,NA,NA,NA,NA,NA,NA,NA,NA,NA,NA,NA,NA,NA,NA,NA,NA,NA,NA,NA,NA,NA,NA,NA,NA,NA,NA,NA,NA,NA,iPbcd87c723edb0504,NA,NA,B,TRUE,FALSE,TRUE,FALSE,TRUE,TRUE,FALSE,2,1,2,128.91666666666666,0,0,0,0,1,0,0,100,100,63,72,50,86,53,100,92,87,100,100,90,100,100,100,100,83,82,100,5,100,59,100,0,7,100,70,29,54,100,100,100,100,18,65,59,55,0,15,100,100,NA,NA,NA,NA,NA,NA,NA,NA,NA,NA,NA,NA,NA,NA,NA,NA,NA,NA,NA,NA,NA,NA,NA,77,25,82,93,70,0,100,1,86,29,11,50,100,100,100,100,99,80,93,23,18,NA,NA,NA,NA,NA,NA,NA,NA,NA,NA,NA,NA,NA,NA,NA,NA,NA,NA,NA,NA,NA,NA,127,0,127,0,FALSE,FALSE,FALSE,FALSE,FALSE,FALSE,1,NA,NA,1,NA,NA,NA,NA,NA,NA,NA,85.77777777777777,0.9987984935819304,6,2,Rehab (2),4,4,4,3.375,NA,NA,NA,NA,NA,NA,NA,NA,NA,NA,NA,2,5,5,5,5,TRUE,TRUE,No controls
100,193644,1,R_7FLoSE7y0CkYSNf,0,0,1,0,1,0,1,0,0,0,0,1,1,0,0,0,0,1,0,1,0,0,0,1,-99,-99,-99,0,1,0,0,1,0,Sometimes,Never,Sometimes,4,1,1,1,1,2,6,10,10,10,10,2,1,1,1,4,1,4,purple,NA,NA,NA,NA,NA,NA,NA,NA,NA,NA,NA,NA,NA,NA,NA,NA,NA,NA,NA,NA,NA,NA,NA,NA,NA,NA,NA,NA,NA,NA,NA,NA,NA,NA,NA,NA,NA,NA,NA,NA,NA,NA,NA,NA,NA,NA,NA,NA,NA,NA,NA,NA,NA,NA,NA,NA,NA,NA,NA,NA,NA,NA,NA,NA,NA,NA,NA,NA,NA,NA,NA,NA,NA,NA,NA,NA,NA,NA,NA,NA,NA,NA,NA,NA,NA,NA,NA,NA,NA,NA,NA,NA,NA,NA,NA,NA,NA,NA,NA,NA,NA,NA,NA,NA,NA,NA,NA,NA,NA,NA,NA,NA,NA,NA,NA,NA,NA,NA,NA,NA,NA,NA,NA,NA,NA,NA,NA,NA,iP1ced8e0cac7d09ca,NA,NA,A,TRUE,FALSE,TRUE,FALSE,TRUE,TRUE,FALSE,2,1,2,3227.4,0,0,0,0,1,1,0,20,80,30,70,50,10,10,30,10,0,80,90,60,40,20,60,70,20,30,80,10,30,10,100,0,10,70,20,0,20,90,10,10,50,60,60,10,60,0,0,60,40,0,20,20,10,10,20,30,0,20,20,10,20,70,100,40,30,60,20,40,10,80,20,10,NA,NA,NA,NA,NA,NA,NA,NA,NA,NA,NA,NA,NA,NA,NA,NA,NA,NA,NA,NA,NA,NA,NA,NA,NA,NA,NA,NA,NA,NA,NA,NA,NA,NA,NA,NA,NA,NA,NA,NA,NA,NA,NA,127,0,127,0,FALSE,FALSE,FALSE,FALSE,FALSE,FALSE,0,0,1,0,0,NA,NA,NA,NA,NA,NA,46.666666666666664,-1.0425546767064242,2,6,Punish (6),4,4,4,2.5,NA,NA,NA,NA,NA,NA,NA,NA,NA,NA,NA,1,5,5,5,5,TRUE,TRUE,No controls
100,598,1,R_1dXEFLn1T0RfZ3Y,1,1,0,1,1,0,1,1,0,0,1,0,1,1,0,0,1,0,0,1,0,0,1,0,1,1,0,1,1,0,1,1,0,Rarely,Never,Rarely,4,2,2,1,1,2,9,10,9,10,10,7,3,3,4,3,3,3,Purple,NA,NA,NA,NA,NA,NA,NA,NA,NA,NA,NA,NA,NA,NA,NA,NA,NA,NA,NA,NA,NA,NA,NA,NA,NA,NA,NA,NA,NA,NA,NA,NA,NA,NA,NA,NA,NA,NA,NA,NA,NA,NA,NA,NA,NA,NA,NA,NA,NA,NA,NA,NA,NA,NA,NA,NA,NA,NA,NA,NA,NA,NA,NA,NA,NA,NA,NA,NA,NA,NA,NA,NA,NA,NA,NA,NA,NA,NA,NA,NA,NA,NA,NA,NA,NA,NA,NA,NA,NA,NA,NA,NA,NA,NA,NA,NA,NA,NA,NA,NA,NA,NA,NA,NA,NA,NA,NA,NA,NA,NA,NA,NA,NA,NA,NA,NA,NA,NA,NA,NA,NA,NA,NA,NA,NA,NA,NA,NA,iPc812b80e79d9415e,NA,NA,C,TRUE,FALSE,TRUE,FALSE,TRUE,TRUE,FALSE,2,1,2,9.966666666666669,0,1,1,1,0,0,0,50,99,50,76,50,50,99,64,91,100,70,50,39,50,81,85,50,63,50,100,54,100,64,100,50,77,76,50,50,50,50,80,34,13,50,17,50,50,27,30,50,51,NA,NA,NA,NA,NA,NA,NA,NA,NA,NA,NA,NA,NA,NA,NA,NA,NA,NA,NA,NA,NA,NA,NA,NA,NA,NA,NA,NA,NA,NA,NA,NA,NA,NA,NA,NA,NA,NA,NA,NA,NA,NA,NA,NA,98,100,50,74,82,98,97,67,100,31,100,13,82,50,50,100,77,94,50,79,50,73,127,0,127,0,FALSE,FALSE,FALSE,FALSE,FALSE,FALSE,1,1,0,1,1,NA,NA,NA,NA,NA,NA,62.55555555555556,-0.2132549512767799,7,1,Rehab (1),2,2,2,3.25,NA,NA,NA,NA,NA,NA,NA,NA,NA,NA,NA,4,5,4,5,5,TRUE,TRUE,No controls
100,1504,1,R_6OrABNoe4PPRWcP,0,0,1,0,0,1,0,0,1,0,0,1,0,0,1,0,0,1,0,0,1,0,0,1,1,0,0,0,0,1,0,0,1,Never,Never,Rarely,4,2,2,3,2,2,10,8,8,9,9,2,2,2,2,3,2,3,Purple,NA,NA,NA,NA,NA,NA,NA,NA,NA,NA,NA,NA,NA,NA,NA,NA,NA,NA,NA,NA,NA,NA,NA,NA,NA,NA,NA,NA,NA,NA,NA,NA,NA,NA,NA,NA,NA,NA,NA,NA,NA,NA,NA,NA,NA,NA,NA,NA,NA,NA,NA,NA,NA,NA,NA,NA,NA,NA,NA,NA,NA,NA,NA,NA,NA,NA,NA,NA,NA,NA,NA,NA,NA,NA,NA,NA,NA,NA,NA,NA,NA,NA,NA,NA,NA,NA,NA,NA,NA,NA,NA,NA,NA,NA,NA,NA,NA,NA,NA,NA,NA,NA,NA,NA,NA,NA,NA,NA,NA,NA,NA,NA,NA,NA,NA,NA,NA,NA,NA,NA,NA,NA,NA,NA,NA,NA,NA,NA,iP2f7a2740ec73df9f,NA,NA,A,TRUE,FALSE,TRUE,FALSE,TRUE,TRUE,FALSE,2,1,2,25.066666666666663,0,0,0,1,0,0,0,80,100,80,70,70,90,0,80,50,10,10,30,40,70,40,80,90,90,90,80,50,100,90,90,0,60,30,50,0,80,90,0,40,0,80,100,40,90,30,60,80,100,40,10,30,0,90,100,90,0,10,80,80,20,90,90,100,40,70,80,30,70,90,70,20,NA,NA,NA,NA,NA,NA,NA,NA,NA,NA,NA,NA,NA,NA,NA,NA,NA,NA,NA,NA,NA,NA,NA,NA,NA,NA,NA,NA,NA,NA,NA,NA,NA,NA,NA,NA,NA,NA,NA,NA,NA,NA,NA,127,0,127,0,FALSE,FALSE,FALSE,FALSE,FALSE,FALSE,0,0,1,0,0,NA,NA,NA,NA,NA,NA,58.888888888888886,-0.4046318109913134,2,6,Punish (6),3,3,3,2.5,NA,NA,NA,NA,NA,NA,NA,NA,NA,NA,NA,5,3,3,4,4,TRUE,TRUE,No controls
100,2258,1,R_1NOEO57B6lhO3mR,0,0,1,0,0,1,0,0,1,0,0,1,0,0,1,0,0,1,0,0,1,0,0,1,0,0,1,0,0,1,0,0,1,Sometimes,Never,Never,1,NA,NA,NA,NA,NA,NA,NA,NA,NA,NA,NA,NA,NA,NA,NA,NA,NA,NA,NA,NA,NA,NA,NA,NA,NA,NA,NA,NA,NA,NA,NA,NA,NA,NA,NA,NA,NA,NA,NA,NA,NA,NA,NA,NA,NA,NA,NA,NA,NA,NA,NA,NA,NA,NA,NA,NA,NA,NA,NA,NA,NA,NA,NA,NA,NA,NA,NA,NA,NA,NA,NA,NA,NA,NA,NA,NA,NA,NA,NA,NA,NA,NA,NA,NA,NA,NA,NA,NA,NA,NA,NA,NA,NA,NA,NA,NA,NA,NA,NA,NA,NA,NA,NA,NA,NA,NA,NA,NA,NA,NA,NA,NA,NA,NA,NA,NA,NA,NA,NA,NA,NA,NA,NA,NA,NA,NA,NA,NA,NA,NA,NA,NA,NA,NA,NA,NA,NA,NA,NA,NA,NA,NA,NA,NA,NA,NA,iPc5721e795c1cdffd,NA,NA,C,FALSE,TRUE,FALSE,FALSE,TRUE,FALSE,FALSE,0,3,1,37.63333333333333,0,0,0,0,0,0,0,10,10,20,20,10,10,0,20,20,0,0,0,0,20,40,4,90,0,80,20,50,70,70,80,0,0,5,30,0,10,50,0,0,0,50,70,20,51,10,0,20,10,NA,NA,NA,NA,NA,NA,NA,NA,NA,NA,NA,NA,NA,NA,NA,NA,NA,NA,NA,NA,NA,NA,NA,NA,NA,NA,NA,NA,NA,NA,NA,NA,NA,NA,NA,NA,NA,NA,NA,NA,NA,NA,NA,NA,56,50,60,10,60,60,85,20,93,0,19,0,0,70,10,50,0,20,20,20,50,10,145,0,145,1,FALSE,FALSE,FALSE,FALSE,FALSE,FALSE,0,0,1,0,0,NA,NA,NA,NA,NA,NA,18.77777777777778,-2.4981786702927224,NA,NA,NA,NA,NA,NA,NA,NA,NA,NA,NA,NA,NA,NA,NA,NA,NA,NA,NA,NA,NA,NA,NA,TRUE,TRUE,No controls
100,2732,1,R_341o7rjRYEpdxgv,0,0,1,0,0,1,0,0,1,0,0,1,1,1,0,0,0,1,0,0,1,0,0,1,1,1,0,0,0,1,0,0,1,Never,Never,Never,4,1,1,1,1,1,8,10,10,10,10,4,2,3,2,2,1,2,Purple,NA,NA,NA,NA,NA,NA,NA,NA,NA,NA,NA,NA,NA,NA,NA,NA,NA,NA,NA,NA,NA,NA,NA,NA,NA,NA,NA,NA,NA,NA,NA,NA,NA,NA,NA,NA,NA,NA,NA,NA,NA,NA,NA,NA,NA,NA,NA,NA,NA,NA,NA,NA,NA,NA,NA,NA,NA,NA,NA,NA,NA,NA,NA,NA,NA,NA,NA,NA,NA,NA,NA,NA,NA,NA,NA,NA,NA,NA,NA,NA,NA,NA,NA,NA,NA,NA,NA,NA,NA,NA,NA,NA,NA,NA,NA,NA,NA,NA,NA,NA,NA,NA,NA,NA,NA,NA,NA,NA,NA,NA,NA,NA,NA,NA,NA,NA,NA,NA,NA,NA,NA,NA,NA,NA,NA,NA,NA,NA,iP308b289e03bf58ab,NA,NA,A,TRUE,FALSE,TRUE,FALSE,TRUE,TRUE,FALSE,2,1,2,45.53333333333333,0,0,0,0,0,0,0,100,100,100,100,100,60,50,100,100,40,90,100,100,100,70,100,100,100,80,100,100,80,40,100,70,60,100,80,60,60,100,50,0,60,100,100,90,60,100,100,100,100,70,50,100,60,100,100,100,100,60,100,100,70,100,100,0,70,100,80,100,100,100,100,100,NA,NA,NA,NA,NA,NA,NA,NA,NA,NA,NA,NA,NA,NA,NA,NA,NA,NA,NA,NA,NA,NA,NA,NA,NA,NA,NA,NA,NA,NA,NA,NA,NA,NA,NA,NA,NA,NA,NA,NA,NA,NA,NA,127,0,127,0,FALSE,FALSE,FALSE,FALSE,FALSE,FALSE,0,0,1,0,0,NA,NA,NA,NA,NA,NA,93.33333333333331,1.3931508105694534,4,4,Neutral (4),3,4,3.5,2.25,NA,NA,NA,NA,NA,NA,NA,NA,NA,NA,NA,3,5,5,5,5,TRUE,TRUE,No controls
100,560,1,R_1r3fHD1RjCXfjJ7,0,0,1,0,1,0,0,1,0,0,1,0,0,1,0,0,0,1,1,0,0,0,0,1,1,1,0,0,0,1,1,0,0,Rarely,Never,Rarely,4,2,2,2,2,2,9,7,9,9,9,2,1,1,1,2,1,1,Purple,NA,NA,NA,NA,NA,NA,NA,NA,NA,NA,NA,NA,NA,NA,NA,NA,NA,NA,NA,NA,NA,NA,NA,NA,NA,NA,NA,NA,NA,NA,NA,NA,NA,NA,NA,NA,NA,NA,NA,NA,NA,NA,NA,NA,NA,NA,NA,NA,NA,NA,NA,NA,NA,NA,NA,NA,NA,NA,NA,NA,NA,NA,NA,NA,NA,NA,NA,NA,NA,NA,NA,NA,NA,NA,NA,NA,NA,NA,NA,NA,NA,NA,NA,NA,NA,NA,NA,NA,NA,NA,NA,NA,NA,NA,NA,NA,NA,NA,NA,NA,NA,NA,NA,NA,NA,NA,NA,NA,NA,NA,NA,NA,NA,NA,NA,NA,NA,NA,NA,NA,NA,NA,NA,NA,NA,NA,NA,NA,iP0dddceda3bc1adea,NA,NA,B,TRUE,FALSE,TRUE,FALSE,TRUE,TRUE,FALSE,2,1,2,9.333333333333334,0,1,1,1,0,0,0,56,80,69,64,41,33,54,77,30,82,73,69,56,59,50,66,70,59,79,50,2,94,63,61,0,1,34,66,3,67,98,0,0,0,50,63,8,50,0,0,14,66,NA,NA,NA,NA,NA,NA,NA,NA,NA,NA,NA,NA,NA,NA,NA,NA,NA,NA,NA,NA,NA,NA,NA,54,0,58,56,58,2,8,12,7,16,0,0,100,96,95,63,60,20,24,26,0,NA,NA,NA,NA,NA,NA,NA,NA,NA,NA,NA,NA,NA,NA,NA,NA,NA,NA,NA,NA,NA,NA,127,0,127,0,FALSE,FALSE,FALSE,FALSE,FALSE,FALSE,0,0,1,0,0,NA,NA,NA,NA,NA,NA,51.44444444444444,-0.7931848291996081,2,6,Punish (6),4,4,4,1.25,NA,NA,NA,NA,NA,NA,NA,NA,NA,NA,NA,4,2,4,4,4,TRUE,TRUE,No controls
100,891,1,R_79gJo68jSL83zIc,0,0,1,0,1,0,0,1,0,0,0,1,0,0,1,0,0,1,0,0,1,0,1,0,1,1,0,0,0,1,0,0,1,Sometimes,Never,Rarely,4,1,1,1,1,1,10,10,10,10,10,5,2,3,3,4,1,4,Purple,NA,NA,NA,NA,NA,NA,NA,NA,NA,NA,NA,NA,NA,NA,NA,NA,NA,NA,NA,NA,NA,NA,NA,NA,NA,NA,NA,NA,NA,NA,NA,NA,NA,NA,NA,NA,NA,NA,NA,NA,NA,NA,NA,NA,NA,NA,NA,NA,NA,NA,NA,NA,NA,NA,NA,NA,NA,NA,NA,NA,NA,NA,NA,NA,NA,NA,NA,NA,NA,NA,NA,NA,NA,NA,NA,NA,NA,NA,NA,NA,NA,NA,NA,NA,NA,NA,NA,NA,NA,NA,NA,NA,NA,NA,NA,NA,NA,NA,NA,NA,NA,NA,NA,NA,NA,NA,NA,NA,NA,NA,NA,NA,NA,NA,NA,NA,NA,NA,NA,NA,NA,NA,NA,NA,NA,NA,NA,NA,iP7247c2731a52f3f3,NA,NA,B,TRUE,FALSE,TRUE,FALSE,TRUE,TRUE,FALSE,2,1,2,14.85,0,0,1,1,0,0,0,100,100,100,94,20,50,62,100,84,100,100,100,50,50,78,83,100,81,68,74,30,100,100,100,68,55,59,75,42,9,100,100,100,79,4,28,29,12,29,27,39,72,NA,NA,NA,NA,NA,NA,NA,NA,NA,NA,NA,NA,NA,NA,NA,NA,NA,NA,NA,NA,NA,NA,NA,86,0,61,79,73,19,91,0,88,72,0,79,61,88,81,61,62,100,100,17,37,NA,NA,NA,NA,NA,NA,NA,NA,NA,NA,NA,NA,NA,NA,NA,NA,NA,NA,NA,NA,NA,NA,127,0,127,0,FALSE,FALSE,FALSE,FALSE,FALSE,FALSE,0,0,1,0,0,NA,NA,NA,NA,NA,NA,68.22222222222223,0.08250928646386266,5,3,Rehab (3),3,4,3.5,3.5,NA,NA,NA,NA,NA,NA,NA,NA,NA,NA,NA,5,5,5,5,5,TRUE,TRUE,No controls
100,1583,1,R_3pEVERJxfjOI0s5,0,0,1,0,0,1,0,0,1,0,0,1,0,0,1,0,0,1,0,0,1,0,0,1,0,0,1,0,0,1,0,0,1,Never,Never,Never,4,1,1,1,1,1,10,10,10,10,10,7,3,4,4,4,1,4,purple,NA,NA,NA,NA,NA,NA,NA,NA,NA,NA,NA,NA,NA,NA,NA,NA,NA,NA,NA,NA,NA,NA,NA,NA,NA,NA,NA,NA,NA,NA,NA,NA,NA,NA,NA,NA,NA,NA,NA,NA,NA,NA,NA,NA,NA,NA,NA,NA,NA,NA,NA,NA,NA,NA,NA,NA,NA,NA,NA,NA,NA,NA,NA,NA,NA,NA,NA,NA,NA,NA,NA,NA,NA,NA,NA,NA,NA,NA,NA,NA,NA,NA,NA,NA,NA,NA,NA,NA,NA,NA,NA,NA,NA,NA,NA,NA,NA,NA,NA,NA,NA,NA,NA,NA,NA,NA,NA,NA,NA,NA,NA,NA,NA,NA,NA,NA,NA,NA,NA,NA,NA,NA,NA,NA,NA,NA,NA,NA,iP79ddf4e25c166803,NA,NA,A,TRUE,FALSE,TRUE,FALSE,TRUE,TRUE,FALSE,2,1,2,26.383333333333333,0,0,0,1,0,0,0,100,100,100,100,100,70,60,100,100,70,60,80,100,100,100,100,100,100,70,100,80,100,90,100,0,80,100,100,100,70,100,100,100,100,100,70,90,100,100,100,100,100,100,80,100,100,100,100,100,100,80,100,100,100,100,100,90,60,100,100,100,100,100,100,100,NA,NA,NA,NA,NA,NA,NA,NA,NA,NA,NA,NA,NA,NA,NA,NA,NA,NA,NA,NA,NA,NA,NA,NA,NA,NA,NA,NA,NA,NA,NA,NA,NA,NA,NA,NA,NA,NA,NA,NA,NA,NA,NA,127,0,127,0,FALSE,FALSE,FALSE,FALSE,FALSE,FALSE,0,0,1,0,0,NA,NA,NA,NA,NA,NA,100,1.7411087373231504,7,1,Rehab (1),2,4,3,4,NA,NA,NA,NA,NA,NA,NA,NA,NA,NA,NA,5,5,5,5,5,TRUE,TRUE,No controls
100,1092,1,R_6JJmcNGuh2VNAgp,NA,1,0,NA,0,1,1,1,0,1,0,0,1,0,0,0,0,1,0,1,0,0,0,1,1,1,0,1,1,0,0,1,0,Sometimes,Never,Sometimes,4,1,1,2,2,1,9,8,9,9,8,4,2,2.5,2,2,5,2.5,"""purple""",NA,NA,NA,NA,NA,NA,NA,NA,NA,NA,NA,NA,NA,NA,NA,NA,NA,NA,NA,NA,NA,NA,NA,NA,NA,NA,NA,NA,NA,NA,NA,NA,NA,NA,NA,NA,NA,NA,NA,NA,NA,NA,NA,NA,NA,NA,NA,NA,NA,NA,NA,NA,NA,NA,NA,NA,NA,NA,NA,NA,NA,NA,NA,NA,NA,NA,NA,NA,NA,NA,NA,NA,NA,NA,NA,NA,NA,NA,NA,NA,NA,NA,NA,NA,NA,NA,NA,NA,NA,NA,NA,NA,NA,NA,NA,NA,NA,NA,NA,NA,NA,NA,NA,NA,NA,NA,NA,NA,NA,NA,NA,NA,NA,NA,NA,NA,NA,NA,NA,NA,NA,NA,NA,NA,NA,NA,NA,NA,iP591feb00748a511e,NA,NA,A,TRUE,FALSE,TRUE,FALSE,TRUE,TRUE,FALSE,2,1,2,18.2,0,0,1,1,0,0,0,70,80,70,70,90,70,70,80,70,60,40,50,80,70,80,80,80,50,80,80,80,80,90,80,10,50,80,50,30,70,50,70,70,70,80,80,30,70,70,70,80,80,50,70,70,50,80,50,70,50,50,60,70,50,70,50,70,50,70,70,80,80,80,60,70,NA,NA,NA,NA,NA,NA,NA,NA,NA,NA,NA,NA,NA,NA,NA,NA,NA,NA,NA,NA,NA,NA,NA,NA,NA,NA,NA,NA,NA,NA,NA,NA,NA,NA,NA,NA,NA,NA,NA,NA,NA,NA,NA,127,0,127,0,FALSE,FALSE,FALSE,FALSE,FALSE,FALSE,1,NA,NA,1,NA,NA,NA,NA,NA,NA,NA,66.66666666666667,0.00131910355466664,4,4,Neutral (4),3,2.5,2.75,2.25,NA,NA,NA,NA,NA,NA,NA,NA,NA,NA,NA,4,3,4,4,3,TRUE,TRUE,No controls
100,540,1,R_5N3sUJcajbIU3Ta,0,0,1,0,0,1,0,0,1,0,0,1,0,0,1,0,0,1,0,0,1,0,0,1,0,0,1,0,0,1,0,0,1,Never,Never,Never,1,NA,NA,NA,NA,NA,NA,NA,NA,NA,NA,NA,NA,NA,NA,NA,NA,NA,NA,NA,NA,NA,NA,NA,NA,NA,NA,NA,NA,NA,NA,NA,NA,NA,NA,NA,NA,NA,NA,NA,NA,NA,NA,NA,NA,NA,NA,NA,NA,NA,NA,NA,NA,NA,NA,NA,NA,NA,NA,NA,NA,NA,NA,NA,NA,NA,NA,NA,NA,NA,NA,NA,NA,NA,NA,NA,NA,NA,NA,NA,NA,NA,NA,NA,NA,NA,NA,NA,NA,NA,NA,NA,NA,NA,NA,NA,NA,NA,NA,NA,NA,NA,NA,NA,NA,NA,NA,NA,NA,NA,NA,NA,NA,NA,NA,NA,NA,NA,NA,NA,NA,NA,NA,NA,NA,NA,NA,NA,NA,NA,NA,NA,NA,NA,NA,NA,NA,NA,NA,NA,NA,NA,NA,NA,NA,NA,NA,iP800bea8b76c143c0,NA,NA,B,FALSE,TRUE,FALSE,FALSE,TRUE,FALSE,FALSE,0,3,1,9,0,1,1,1,0,0,0,75,73,81,75,80,78,42,66,26,18,5,3,36,41,15,59,65,39,72,61,61,80,44,85,22,18,57,46,55,68,83,23,0,9,75,70,7,73,63,38,53,71,NA,NA,NA,NA,NA,NA,NA,NA,NA,NA,NA,NA,NA,NA,NA,NA,NA,NA,NA,NA,NA,NA,NA,13,33,82,67,77,59,22,51,4,26,50,35,100,85,91,84,97,82,58,61,37,NA,NA,NA,NA,NA,NA,NA,NA,NA,NA,NA,NA,NA,NA,NA,NA,NA,NA,NA,NA,NA,NA,145,0,145,1,FALSE,FALSE,FALSE,FALSE,FALSE,FALSE,0,0,1,0,0,NA,NA,NA,NA,NA,NA,51,-0.8163820243165212,NA,NA,NA,NA,NA,NA,NA,NA,NA,NA,NA,NA,NA,NA,NA,NA,NA,NA,NA,NA,NA,NA,NA,TRUE,TRUE,No controls
100,632,1,R_6EmQk9C14LBYHgQ,0,0,1,0,0,1,0,0,1,0,0,1,0,0,1,0,0,1,0,0,1,0,0,1,0,0,1,0,0,1,0,0,1,Never,Never,Never,4,1,1,2,1,1,8,10,9,10,8,7,3,4,4,4,2,3,purple,NA,NA,NA,NA,NA,NA,NA,NA,NA,NA,NA,NA,NA,NA,NA,NA,NA,NA,NA,NA,NA,NA,NA,NA,NA,NA,NA,NA,NA,NA,NA,NA,NA,NA,NA,NA,NA,NA,NA,NA,NA,NA,NA,NA,NA,NA,NA,NA,NA,NA,NA,NA,NA,NA,NA,NA,NA,NA,NA,NA,NA,NA,NA,NA,NA,NA,NA,NA,NA,NA,NA,NA,NA,NA,NA,NA,NA,NA,NA,NA,NA,NA,NA,NA,NA,NA,NA,NA,NA,NA,NA,NA,NA,NA,NA,NA,NA,NA,NA,NA,NA,NA,NA,NA,NA,NA,NA,NA,NA,NA,NA,NA,NA,NA,NA,NA,NA,NA,NA,NA,NA,NA,NA,NA,NA,NA,NA,NA,iPe64c9aa3ecf2aebe,NA,NA,B,TRUE,FALSE,TRUE,FALSE,TRUE,TRUE,FALSE,2,1,2,10.533333333333331,0,1,1,1,0,0,0,100,100,100,100,100,100,100,100,100,100,100,100,100,100,100,100,100,100,100,100,100,100,100,100,100,100,100,100,100,100,100,100,100,100,100,100,100,100,100,100,100,100,NA,NA,NA,NA,NA,NA,NA,NA,NA,NA,NA,NA,NA,NA,NA,NA,NA,NA,NA,NA,NA,NA,NA,100,100,100,100,100,100,100,100,100,100,100,100,100,100,100,100,100,100,100,100,100,NA,NA,NA,NA,NA,NA,NA,NA,NA,NA,NA,NA,NA,NA,NA,NA,NA,NA,NA,NA,NA,NA,127,0,127,0,FALSE,FALSE,FALSE,FALSE,FALSE,FALSE,0,0,1,0,0,NA,NA,NA,NA,NA,NA,100,1.7411087373231504,7,1,Rehab (1),2,3,2.5,3.75,NA,NA,NA,NA,NA,NA,NA,NA,NA,NA,NA,3,5,4,5,3,TRUE,TRUE,No controls
100,691,1,R_6knVHR7fEqCvOtV,0,0,1,0,1,0,1,0,0,0,0,1,1,0,0,0,0,1,0,1,0,0,0,1,1,0,0,0,1,0,1,0,0,Frequently,Sometimes,Frequently,1,NA,NA,NA,NA,NA,NA,NA,NA,NA,NA,NA,NA,NA,NA,NA,NA,NA,NA,NA,NA,NA,NA,NA,NA,NA,NA,NA,NA,NA,NA,NA,NA,NA,NA,NA,NA,NA,NA,NA,NA,NA,NA,NA,NA,NA,NA,NA,NA,NA,NA,NA,NA,NA,NA,NA,NA,NA,NA,NA,NA,NA,NA,NA,NA,NA,NA,NA,NA,NA,NA,NA,NA,NA,NA,NA,NA,NA,NA,NA,NA,NA,NA,NA,NA,NA,NA,NA,NA,NA,NA,NA,NA,NA,NA,NA,NA,NA,NA,NA,NA,NA,NA,NA,NA,NA,NA,NA,NA,NA,NA,NA,NA,NA,NA,NA,NA,NA,NA,NA,NA,NA,NA,NA,NA,NA,NA,NA,NA,NA,NA,NA,NA,NA,NA,NA,NA,NA,NA,NA,NA,NA,NA,NA,NA,NA,NA,iPafcb998f9ca1a8e2,NA,NA,B,FALSE,TRUE,FALSE,FALSE,TRUE,FALSE,FALSE,0,3,1,11.516666666666667,0,1,1,1,0,0,0,86,94,89,95,50,95,59,85,80,65,99,97,83,86,95,100,85,89,28,79,13,94,87,100,0,NA,88,80,95,14,98,98,100,100,12,14,11,0,13,27,21,80,NA,NA,NA,NA,NA,NA,NA,NA,NA,NA,NA,NA,NA,NA,NA,NA,NA,NA,NA,NA,NA,NA,NA,100,0,98,85,85,14,91,0,76,78,0,19,58,100,84,86,96,79,92,30,9,NA,NA,NA,NA,NA,NA,NA,NA,NA,NA,NA,NA,NA,NA,NA,NA,NA,NA,NA,NA,NA,NA,146,0,146,1,FALSE,FALSE,FALSE,FALSE,FALSE,FALSE,0,0,1,0,0,NA,NA,NA,NA,NA,NA,87.22222222222223,1.0741893777118985,NA,NA,NA,NA,NA,NA,NA,NA,NA,NA,NA,NA,NA,NA,NA,NA,NA,NA,NA,NA,NA,NA,NA,TRUE,TRUE,No controls
100,753,1,R_6vGOhOdqlsUQCyt,NA,1,0,NA,1,0,0,1,0,0,1,0,0,1,0,0,0,1,0,0,1,0,1,0,1,0,0,0,1,0,0,1,0,Rarely,Frequently,Sometimes,4,2,2,2,1,2,9,8,9,8,9,2,1,2,2,4,1,2.5,purple,NA,NA,NA,NA,NA,NA,NA,NA,NA,NA,NA,NA,NA,NA,NA,NA,NA,NA,NA,NA,NA,NA,NA,NA,NA,NA,NA,NA,NA,NA,NA,NA,NA,NA,NA,NA,NA,NA,NA,NA,NA,NA,NA,NA,NA,NA,NA,NA,NA,NA,NA,NA,NA,NA,NA,NA,NA,NA,NA,NA,NA,NA,NA,NA,NA,NA,NA,NA,NA,NA,NA,NA,NA,NA,NA,NA,NA,NA,NA,NA,NA,NA,NA,NA,NA,NA,NA,NA,NA,NA,NA,NA,NA,NA,NA,NA,NA,NA,NA,NA,NA,NA,NA,NA,NA,NA,NA,NA,NA,NA,NA,NA,NA,NA,NA,NA,NA,NA,NA,NA,NA,NA,NA,NA,NA,NA,NA,NA,iP0279dfdb8935dada,NA,NA,A,TRUE,FALSE,TRUE,FALSE,TRUE,TRUE,FALSE,2,1,2,12.55,0,1,1,1,0,0,0,50,50,50,50,50,50,50,50,50,50,50,50,50,50,50,50,50,40,50,50,50,70,50,100,0,40,50,30,10,50,70,50,40,40,50,50,50,50,40,50,50,50,50,50,50,40,50,50,50,50,50,80,50,50,50,20,40,20,50,50,40,50,50,50,50,NA,NA,NA,NA,NA,NA,NA,NA,NA,NA,NA,NA,NA,NA,NA,NA,NA,NA,NA,NA,NA,NA,NA,NA,NA,NA,NA,NA,NA,NA,NA,NA,NA,NA,NA,NA,NA,NA,NA,NA,NA,NA,NA,127,0,127,0,FALSE,FALSE,FALSE,FALSE,FALSE,FALSE,1,NA,NA,1,NA,NA,NA,NA,NA,NA,NA,42.22222222222222,-1.2745266278755554,2,6,Punish (6),4,4,4,2.625,NA,NA,NA,NA,NA,NA,NA,NA,NA,NA,NA,4,3,4,3,4,TRUE,TRUE,No controls
100,687,1,R_1CBGM3quSM0CECw,0,0,1,0,0,1,0,1,0,0,0,1,0,1,0,0,0,1,0,0,1,0,0,1,0,0,1,0,0,1,0,0,1,Never,Never,Sometimes,4,1,1,2,1,1,8,8,10,10,10,4,1,1,4,4,1,3,purple,NA,NA,NA,NA,NA,NA,NA,NA,NA,NA,NA,NA,NA,NA,NA,NA,NA,NA,NA,NA,NA,NA,NA,NA,NA,NA,NA,NA,NA,NA,NA,NA,NA,NA,NA,NA,NA,NA,NA,NA,NA,NA,NA,NA,NA,NA,NA,NA,NA,NA,NA,NA,NA,NA,NA,NA,NA,NA,NA,NA,NA,NA,NA,NA,NA,NA,NA,NA,NA,NA,NA,NA,NA,NA,NA,NA,NA,NA,NA,NA,NA,NA,NA,NA,NA,NA,NA,NA,NA,NA,NA,NA,NA,NA,NA,NA,NA,NA,NA,NA,NA,NA,NA,NA,NA,NA,NA,NA,NA,NA,NA,NA,NA,NA,NA,NA,NA,NA,NA,NA,NA,NA,NA,NA,NA,NA,NA,NA,iPb81e1de3e62508f9,NA,NA,C,TRUE,FALSE,TRUE,FALSE,TRUE,TRUE,FALSE,2,1,2,11.45,0,1,1,1,0,0,0,100,100,100,100,100,100,50,100,100,100,0,50,50,100,100,100,100,100,100,100,0,100,100,100,0,50,100,50,0,100,100,100,100,100,1,100,0,0,0,2,100,100,NA,NA,NA,NA,NA,NA,NA,NA,NA,NA,NA,NA,NA,NA,NA,NA,NA,NA,NA,NA,NA,NA,NA,NA,NA,NA,NA,NA,NA,NA,NA,NA,NA,NA,NA,NA,NA,NA,NA,NA,NA,NA,NA,NA,100,100,100,100,100,100,100,100,100,0,100,0,51,100,50,100,100,0,100,100,100,100,127,0,127,0,FALSE,FALSE,FALSE,FALSE,FALSE,FALSE,0,0,1,0,0,NA,NA,NA,NA,NA,NA,77.77777777777777,0.5812489814774942,4,4,Neutral (4),4,4,4,3,NA,NA,NA,NA,NA,NA,NA,NA,NA,NA,NA,3,3,5,5,5,TRUE,TRUE,No controls
100,760,1,R_3OTZw4bEwj2LfR3,0,0,1,0,0,1,0,0,1,0,0,1,0,0,1,0,0,1,0,0,1,0,0,1,0,0,1,0,0,1,0,0,1,Never,Never,Never,4,4,3,4,4,4,8,9,9,9,9,2,4,1,1,1,4,1,purple,6,6,6,3,3,3,3,3,4,3,2,2,2,2,2,2,2,1,4,3,3,2,3,3,4,1,1,1,1,1,1,1,1,1,1,1,1,1,1,2,1,2,2,1,2,1,2,3,3,4,3,3,4,4,3,3,4,2,2,1,1,2,2,2,3,NA,2,2,2,2,2,3,2,2,2,2,5,5,5,4,5,5,4,4,4,NA,NA,NA,NA,NA,NA,NA,NA,NA,NA,NA,NA,NA,NA,NA,NA,NA,NA,NA,NA,NA,NA,NA,NA,NA,NA,NA,NA,NA,NA,NA,NA,NA,NA,NA,NA,NA,NA,NA,NA,NA,NA,NA,iPb13fca81c94b0fee,NA,NA,B,TRUE,FALSE,TRUE,FALSE,TRUE,TRUE,TRUE,2,1,3,12.666666666666666,0,0,1,1,0,0,0,72,72,83,24,37,71,88,97,79,31,29,36,67,27,79,81,66,69,25,77,78,76,61,79,64,23,78,79,71,69,62,82,88,81,68,69,77,70,77,79,84,79,NA,NA,NA,NA,NA,NA,NA,NA,NA,NA,NA,NA,NA,NA,NA,NA,NA,NA,NA,NA,NA,NA,NA,73,72,25,34,87,77,39,88,32,76,82,66,78,31,82,78,67,70,92,22,77,NA,NA,NA,NA,NA,NA,NA,NA,NA,NA,NA,NA,NA,NA,NA,NA,NA,NA,NA,NA,NA,NA,43,0,43,1,FALSE,FALSE,FALSE,FALSE,FALSE,FALSE,0,0,1,0,0,NA,NA,NA,NA,NA,NA,68.33333333333333,0.08830858524309035,2,6,Punish (6),1,1,1,1,1,1,1,1,1,1,1,1,1,1,1,3,4,4,4,4,FALSE,TRUE,Some controls missing
100,617,1,R_3MCC9QN4EHuHfhf,NA,NA,1,1,0,0,0,1,0,0,1,0,0,1,0,0,0,1,1,0,0,0,0,1,1,0,0,0,1,0,1,0,0,Never,Frequently,Frequently,4,1,1,1,2,1,10,6,10,10,6,2,4,4,4,4,3,4,Purple,NA,NA,NA,NA,NA,NA,NA,NA,NA,NA,NA,NA,NA,NA,NA,NA,NA,NA,NA,NA,NA,NA,NA,NA,NA,NA,NA,NA,NA,NA,NA,NA,NA,NA,NA,NA,NA,NA,NA,NA,NA,NA,NA,NA,NA,NA,NA,NA,NA,NA,NA,NA,NA,NA,NA,NA,NA,NA,NA,NA,NA,NA,NA,NA,NA,NA,NA,NA,NA,NA,NA,NA,NA,NA,NA,NA,NA,NA,NA,NA,NA,NA,NA,NA,NA,NA,NA,NA,NA,NA,NA,NA,NA,NA,NA,NA,NA,NA,NA,NA,NA,NA,NA,NA,NA,NA,NA,NA,NA,NA,NA,NA,NA,NA,NA,NA,NA,NA,NA,NA,NA,NA,NA,NA,NA,NA,NA,NA,iPc2bf478fa920bb72,NA,NA,B,TRUE,FALSE,TRUE,FALSE,TRUE,TRUE,FALSE,2,1,2,10.283333333333331,0,1,1,1,0,0,0,66,40,32,28,25,30,33,77,90,94,15,NA,15,21,59,20,24,25,25,25,92,22,69,28,22,22,21,100,76,84,12,100,83,90,80,97,75,72,72,90,80,25,NA,NA,NA,NA,NA,NA,NA,NA,NA,NA,NA,NA,NA,NA,NA,NA,NA,NA,NA,NA,NA,NA,NA,NA,NA,19,NA,43,99,79,21,74,71,24,84,20,18,NA,22,95,88,86,15,82,NA,NA,NA,NA,NA,NA,NA,NA,NA,NA,NA,NA,NA,NA,NA,NA,NA,NA,NA,NA,NA,NA,128,4,132,0,FALSE,FALSE,FALSE,FALSE,FALSE,FALSE,1,NA,1,NA,1,NA,NA,NA,NA,NA,NA,36.333333333333336,-1.581889463174654,2,6,Punish (6),1,2,1.5,4,NA,NA,NA,NA,NA,NA,NA,NA,NA,NA,NA,5,1,5,5,1,TRUE,TRUE,No controls
100,911,1,R_3DSVr8l1JLgUrrt,NA,1,0,NA,0,1,1,1,0,0,0,1,1,1,0,0,0,1,0,0,1,0,0,1,0,1,0,0,0,1,0,0,1,Never,Never,Never,4,1,1,1,1,1,9,10,10,10,10,5,3,3,3,4,2,3,purple,NA,NA,NA,NA,NA,NA,NA,NA,NA,NA,NA,NA,NA,NA,NA,NA,NA,NA,NA,NA,NA,NA,NA,NA,NA,NA,NA,NA,NA,NA,NA,NA,NA,NA,NA,NA,NA,NA,NA,NA,NA,NA,NA,NA,NA,NA,NA,NA,NA,NA,NA,NA,NA,NA,NA,NA,NA,NA,NA,NA,NA,NA,NA,NA,NA,NA,NA,NA,NA,NA,NA,NA,NA,NA,NA,NA,NA,NA,NA,NA,NA,NA,NA,NA,NA,NA,NA,NA,NA,NA,NA,NA,NA,NA,NA,NA,NA,NA,NA,NA,NA,NA,NA,NA,NA,NA,NA,NA,NA,NA,NA,NA,NA,NA,NA,NA,NA,NA,NA,NA,NA,NA,NA,NA,NA,NA,NA,NA,iP2a5bb799bf4b6305,NA,NA,A,TRUE,FALSE,TRUE,FALSE,TRUE,TRUE,FALSE,2,1,2,15.183333333333334,0,0,1,1,0,0,0,90,90,90,90,90,90,50,90,90,90,100,100,90,90,90,90,100,80,50,90,40,100,90,100,50,50,90,90,70,30,90,100,100,100,0,10,50,0,40,10,80,90,90,50,100,90,50,0,90,90,90,90,90,10,100,90,50,70,90,90,80,90,90,90,90,NA,NA,NA,NA,NA,NA,NA,NA,NA,NA,NA,NA,NA,NA,NA,NA,NA,NA,NA,NA,NA,NA,NA,NA,NA,NA,NA,NA,NA,NA,NA,NA,NA,NA,NA,NA,NA,NA,NA,NA,NA,NA,NA,127,0,127,0,FALSE,FALSE,FALSE,FALSE,FALSE,FALSE,1,NA,NA,1,NA,NA,NA,NA,NA,NA,NA,87.77777777777777,1.1031858716080394,5,3,Rehab (3),2,3,2.5,3.25,NA,NA,NA,NA,NA,NA,NA,NA,NA,NA,NA,4,5,5,5,5,TRUE,TRUE,No controls
100,1063,1,R_6f9LgOorabYJniN,0,0,1,0,1,0,0,0,1,0,0,1,0,1,0,0,1,0,1,1,0,0,0,1,1,1,0,0,0,1,0,0,1,Never,Never,Rarely,1,NA,NA,NA,NA,NA,NA,NA,NA,NA,NA,NA,NA,NA,NA,NA,NA,NA,NA,NA,NA,NA,NA,NA,NA,NA,NA,NA,NA,NA,NA,NA,NA,NA,NA,NA,NA,NA,NA,NA,NA,NA,NA,NA,NA,NA,NA,NA,NA,NA,NA,NA,NA,NA,NA,NA,NA,NA,NA,NA,NA,NA,NA,NA,NA,NA,NA,NA,NA,NA,NA,NA,NA,NA,NA,NA,NA,NA,NA,NA,NA,NA,NA,NA,NA,NA,NA,NA,NA,NA,NA,NA,NA,NA,NA,NA,NA,NA,NA,NA,NA,NA,NA,NA,NA,NA,NA,NA,NA,NA,NA,NA,NA,NA,NA,NA,NA,NA,NA,NA,NA,NA,NA,NA,NA,NA,NA,NA,NA,NA,NA,NA,NA,NA,NA,NA,NA,NA,NA,NA,NA,NA,NA,NA,NA,NA,NA,iP2a8c6704877fe3c3,NA,NA,C,FALSE,TRUE,FALSE,FALSE,TRUE,FALSE,FALSE,0,3,1,17.716666666666665,0,0,1,1,0,0,0,76,65,77,77,39,80,38,63,60,67,66,71,62,87,65,70,70,67,30,86,20,75,67,64,26,43,88,70,43,25,72,71,71,66,14,37,21,0,14,12,7,68,NA,NA,NA,NA,NA,NA,NA,NA,NA,NA,NA,NA,NA,NA,NA,NA,NA,NA,NA,NA,NA,NA,NA,NA,NA,NA,NA,NA,NA,NA,NA,NA,NA,NA,NA,NA,NA,NA,NA,NA,NA,NA,NA,NA,41,75,62,63,67,64,87,82,70,17,74,5,34,63,95,75,84,40,84,89,72,68,145,0,145,1,FALSE,FALSE,FALSE,FALSE,FALSE,FALSE,0,0,1,0,0,NA,NA,NA,NA,NA,NA,71.44444444444444,0.25068895106148237,NA,NA,NA,NA,NA,NA,NA,NA,NA,NA,NA,NA,NA,NA,NA,NA,NA,NA,NA,NA,NA,NA,NA,TRUE,TRUE,No controls
100,804,1,R_1Qt33lls53RPdYZ,0,0,1,0,0,1,0,1,0,0,0,1,0,1,0,0,0,1,0,0,1,0,0,1,1,1,0,0,0,1,0,0,1,Sometimes,Frequently,Sometimes,4,1,1,1,1,3,6,8,9,9,10,4,1,4,3,3,4,3,purple,NA,NA,NA,NA,NA,NA,NA,NA,NA,NA,NA,NA,NA,NA,NA,NA,NA,NA,NA,NA,NA,NA,NA,NA,NA,NA,NA,NA,NA,NA,NA,NA,NA,NA,NA,NA,NA,NA,NA,NA,NA,NA,NA,NA,NA,NA,NA,NA,NA,NA,NA,NA,NA,NA,NA,NA,NA,NA,NA,NA,NA,NA,NA,NA,NA,NA,NA,NA,NA,NA,NA,NA,NA,NA,NA,NA,NA,NA,NA,NA,NA,NA,NA,NA,NA,NA,NA,NA,NA,NA,NA,NA,NA,NA,NA,NA,NA,NA,NA,NA,NA,NA,NA,NA,NA,NA,NA,NA,NA,NA,NA,NA,NA,NA,NA,NA,NA,NA,NA,NA,NA,NA,NA,NA,NA,NA,NA,NA,iPc3af5a39b8acb0b2,NA,NA,B,TRUE,FALSE,TRUE,FALSE,TRUE,TRUE,FALSE,2,1,2,13.4,0,0,1,1,0,0,0,100,100,100,100,100,100,0,100,70,100,100,100,70,100,68,68,70,76,30,100,0,100,82,100,0,0,85,100,75,18,50,100,100,100,55,0,100,28,100,0,28,100,NA,NA,NA,NA,NA,NA,NA,NA,NA,NA,NA,NA,NA,NA,NA,NA,NA,NA,NA,NA,NA,NA,NA,100,5,100,100,100,0,100,0,100,28,50,24,78,100,100,100,100,100,100,0,42,NA,NA,NA,NA,NA,NA,NA,NA,NA,NA,NA,NA,NA,NA,NA,NA,NA,NA,NA,NA,NA,NA,127,0,127,0,FALSE,FALSE,FALSE,FALSE,FALSE,FALSE,0,0,1,0,0,NA,NA,NA,NA,NA,NA,82.66666666666667,0.836418127763539,4,4,Neutral (4),4,1,2.5,3.25,NA,NA,NA,NA,NA,NA,NA,NA,NA,NA,NA,1,3,4,4,5,TRUE,TRUE,No controls
100,1002,1,R_6j1n88IneMrDEwh,0,0,1,0,0,1,0,0,1,0,0,1,0,0,1,0,0,1,0,0,1,0,0,1,0,0,1,0,0,1,0,0,1,Never,Never,Never,4,2,2,2,2,2,7,7,6,7,7,4,3,3,3,3,2,3,purple,NA,NA,NA,NA,NA,NA,NA,NA,NA,NA,NA,NA,NA,NA,NA,NA,NA,NA,NA,NA,NA,NA,NA,NA,NA,NA,NA,NA,NA,NA,NA,NA,NA,NA,NA,NA,NA,NA,NA,NA,NA,NA,NA,NA,NA,NA,NA,NA,NA,NA,NA,NA,NA,NA,NA,NA,NA,NA,NA,NA,NA,NA,NA,NA,NA,NA,NA,NA,NA,NA,NA,NA,NA,NA,NA,NA,NA,NA,NA,NA,NA,NA,NA,NA,NA,NA,NA,NA,NA,NA,NA,NA,NA,NA,NA,NA,NA,NA,NA,NA,NA,NA,NA,NA,NA,NA,NA,NA,NA,NA,NA,NA,NA,NA,NA,NA,NA,NA,NA,NA,NA,NA,NA,NA,NA,NA,NA,NA,iP8a3c3c467287e45e,NA,NA,C,TRUE,FALSE,TRUE,FALSE,TRUE,TRUE,FALSE,2,1,2,16.7,0,0,1,1,0,0,0,69,58,63,74,64,68,62,64,65,52,50,78,68,65,71,72,62,81,78,79,49,57,75,44,66,61,80,75,67,53,75,70,86,61,71,75,74,72,65,71,34,70,NA,NA,NA,NA,NA,NA,NA,NA,NA,NA,NA,NA,NA,NA,NA,NA,NA,NA,NA,NA,NA,NA,NA,NA,NA,NA,NA,NA,NA,NA,NA,NA,NA,NA,NA,NA,NA,NA,NA,NA,NA,NA,NA,NA,70,69,37,64,63,69,53,50,71,74,88,66,68,65,78,72,68,71,90,57,62,61,127,0,127,0,FALSE,FALSE,FALSE,FALSE,FALSE,FALSE,0,0,1,0,0,NA,NA,NA,NA,NA,NA,72.11111111111111,0.2854847437368523,4,4,Neutral (4),2,3,2.5,3,NA,NA,NA,NA,NA,NA,NA,NA,NA,NA,NA,2,2,1,2,2,TRUE,TRUE,No controls
100,731,1,R_5f6KmLgpLAqSIHM,0,0,1,0,0,1,0,1,0,0,1,0,0,1,0,0,0,1,0,0,1,0,0,1,1,1,0,1,1,0,0,0,1,Never,Never,Never,4,1,1,1,1,1,9,9,10,9,9,3,2,3,4,3,2,2.5,Purple,NA,NA,NA,NA,NA,NA,NA,NA,NA,NA,NA,NA,NA,NA,NA,NA,NA,NA,NA,NA,NA,NA,NA,NA,NA,NA,NA,NA,NA,NA,NA,NA,NA,NA,NA,NA,NA,NA,NA,NA,NA,NA,NA,NA,NA,NA,NA,NA,NA,NA,NA,NA,NA,NA,NA,NA,NA,NA,NA,NA,NA,NA,NA,NA,NA,NA,NA,NA,NA,NA,NA,NA,NA,NA,NA,NA,NA,NA,NA,NA,NA,NA,NA,NA,NA,NA,NA,NA,NA,NA,NA,NA,NA,NA,NA,NA,NA,NA,NA,NA,NA,NA,NA,NA,NA,NA,NA,NA,NA,NA,NA,NA,NA,NA,NA,NA,NA,NA,NA,NA,NA,NA,NA,NA,NA,NA,NA,NA,iPa72a53bae8bfaf20,NA,NA,A,TRUE,FALSE,TRUE,FALSE,TRUE,TRUE,FALSE,2,1,2,12.183333333333334,0,1,1,1,0,0,0,60,60,60,60,60,60,40,60,60,60,60,60,60,60,60,60,60,60,60,60,40,60,60,60,40,40,60,60,0,40,60,60,60,60,0,60,20,0,20,30,60,60,50,40,60,60,60,40,60,60,60,60,60,60,60,60,60,50,60,60,50,60,60,60,60,NA,NA,NA,NA,NA,NA,NA,NA,NA,NA,NA,NA,NA,NA,NA,NA,NA,NA,NA,NA,NA,NA,NA,NA,NA,NA,NA,NA,NA,NA,NA,NA,NA,NA,NA,NA,NA,NA,NA,NA,NA,NA,NA,127,0,127,0,FALSE,FALSE,FALSE,FALSE,FALSE,FALSE,0,0,1,0,0,NA,NA,NA,NA,NA,NA,53.333333333333336,-0.6945967499527271,3,5,Punish (5),3,3,3,3.125,NA,NA,NA,NA,NA,NA,NA,NA,NA,NA,NA,4,4,5,4,4,TRUE,TRUE,No controls
100,1030,1,R_7vChlMw3f1DlhyF,1,NA,0,1,0,0,0,0,1,0,0,1,0,1,0,0,1,0,0,1,0,1,0,0,0,1,0,0,1,0,0,0,1,Sometimes,Sometimes,Sometimes,4,1,2,3,4,-99,6,7,8,9,10,4,5,1,2,3,1,2,purple,3,2,2,1,2,3,4,5,6,5,1,2,3,2,1,2,3,2,1,2,3,4,5,4,1,1,2,3,2,1,2,3,2,1,2,3,2,2,1,1,2,3,4,3,2,1,3,2,2,1,4,2,5,1,4,3,4,1,2,2,2,1,2,3,2,NA,2,1,1,2,3,3,2,2,4,2,4,5,6,5,4,5,6,5,4,NA,NA,NA,NA,NA,NA,NA,NA,NA,NA,NA,NA,NA,NA,NA,NA,NA,NA,NA,NA,NA,NA,NA,NA,NA,NA,NA,NA,NA,NA,NA,NA,NA,NA,NA,NA,NA,NA,NA,NA,NA,NA,NA,iP05fac3482290a66c,NA,NA,A,TRUE,FALSE,TRUE,FALSE,TRUE,TRUE,TRUE,2,1,3,17.166666666666668,0,0,1,1,0,0,0,70,40,60,60,60,40,60,60,30,80,30,70,40,70,40,70,70,40,40,70,90,30,30,40,40,90,70,40,40,40,80,40,40,30,60,10,30,40,60,70,40,70,30,70,60,80,80,60,60,80,60,30,40,70,70,40,40,30,80,80,40,30,70,60,100,NA,NA,NA,NA,NA,NA,NA,NA,NA,NA,NA,NA,NA,NA,NA,NA,NA,NA,NA,NA,NA,NA,NA,NA,NA,NA,NA,NA,NA,NA,NA,NA,NA,NA,NA,NA,NA,NA,NA,NA,NA,NA,NA,43,0,43,1,FALSE,FALSE,FALSE,FALSE,FALSE,FALSE,1,1,NA,NA,1,NA,NA,NA,NA,NA,NA,56.666666666666664,-0.520617786575879,4,4,Neutral (4),2.5,4,3.25,2,3,1,2,1,3,1,2,1.5,1,2.5,1.75,1,2,3,4,5,FALSE,TRUE,Some controls missing
100,1287,1,R_3pzT13UrjwsmbBv,0,0,1,0,1,0,0,1,0,0,0,1,0,1,0,0,0,1,0,1,0,1,1,0,0,1,0,0,1,0,0,0,1,Frequently,Sometimes,Frequently,1,NA,NA,NA,NA,NA,NA,NA,NA,NA,NA,NA,NA,NA,NA,NA,NA,NA,NA,NA,NA,NA,NA,NA,NA,NA,NA,NA,NA,NA,NA,NA,NA,NA,NA,NA,NA,NA,NA,NA,NA,NA,NA,NA,NA,NA,NA,NA,NA,NA,NA,NA,NA,NA,NA,NA,NA,NA,NA,NA,NA,NA,NA,NA,NA,NA,NA,NA,NA,NA,NA,NA,NA,NA,NA,NA,NA,NA,NA,NA,NA,NA,NA,NA,NA,NA,NA,NA,NA,NA,NA,NA,NA,NA,NA,NA,NA,NA,NA,NA,NA,NA,NA,NA,NA,NA,NA,NA,NA,NA,NA,NA,NA,NA,NA,NA,NA,NA,NA,NA,NA,NA,NA,NA,NA,NA,NA,NA,NA,NA,NA,NA,NA,NA,NA,NA,NA,NA,NA,NA,NA,NA,NA,NA,NA,NA,NA,iP47445ae7d465feec,NA,NA,B,FALSE,TRUE,FALSE,FALSE,TRUE,FALSE,FALSE,0,3,1,21.45,0,0,0,1,0,0,0,80,90,50,80,80,81,61,82,50,30,100,100,74,75,100,76,100,50,92,100,77,100,100,100,5,50,100,10,6,66,100,85,14,100,98,100,24,100,65,20,100,100,NA,NA,NA,NA,NA,NA,NA,NA,NA,NA,NA,NA,NA,NA,NA,NA,NA,NA,NA,NA,NA,NA,NA,93,50,98,100,95,60,68,73,41,32,12,88,100,100,100,100,92,81,79,77,40,NA,NA,NA,NA,NA,NA,NA,NA,NA,NA,NA,NA,NA,NA,NA,NA,NA,NA,NA,NA,NA,NA,145,0,145,1,FALSE,FALSE,FALSE,FALSE,FALSE,FALSE,0,0,1,0,0,NA,NA,NA,NA,NA,NA,65.66666666666667,-0.05087458545838787,NA,NA,NA,NA,NA,NA,NA,NA,NA,NA,NA,NA,NA,NA,NA,NA,NA,NA,NA,NA,NA,NA,NA,TRUE,TRUE,No controls
100,728,1,R_7qKYEDZ93UGtk7F,0,0,1,0,0,1,0,0,1,0,0,1,0,0,1,0,0,1,0,0,1,0,0,1,0,0,1,1,0,0,0,0,1,Sometimes,Never,Never,4,2,2,2,2,2,9,9,9,9,9,4,1,4,4,4,1,4,Purple,NA,NA,NA,NA,NA,NA,NA,NA,NA,NA,NA,NA,NA,NA,NA,NA,NA,NA,NA,NA,NA,NA,NA,NA,NA,NA,NA,NA,NA,NA,NA,NA,NA,NA,NA,NA,NA,NA,NA,NA,NA,NA,NA,NA,NA,NA,NA,NA,NA,NA,NA,NA,NA,NA,NA,NA,NA,NA,NA,NA,NA,NA,NA,NA,NA,NA,NA,NA,NA,NA,NA,NA,NA,NA,NA,NA,NA,NA,NA,NA,NA,NA,NA,NA,NA,NA,NA,NA,NA,NA,NA,NA,NA,NA,NA,NA,NA,NA,NA,NA,NA,NA,NA,NA,NA,NA,NA,NA,NA,NA,NA,NA,NA,NA,NA,NA,NA,NA,NA,NA,NA,NA,NA,NA,NA,NA,NA,NA,iP0385537bdce124ac,NA,NA,A,TRUE,FALSE,TRUE,FALSE,TRUE,TRUE,FALSE,2,1,2,12.133333333333333,0,1,1,1,0,0,0,50,50,50,60,50,NA,50,40,NA,50,50,50,50,50,50,50,50,50,50,60,60,50,50,50,40,NA,50,50,50,50,50,50,50,40,50,50,50,50,60,50,50,50,40,50,50,50,50,50,40,50,50,50,50,50,50,50,70,50,50,50,60,60,50,50,50,NA,NA,NA,NA,NA,NA,NA,NA,NA,NA,NA,NA,NA,NA,NA,NA,NA,NA,NA,NA,NA,NA,NA,NA,NA,NA,NA,NA,NA,NA,NA,NA,NA,NA,NA,NA,NA,NA,NA,NA,NA,NA,NA,130,0,130,0,FALSE,FALSE,FALSE,FALSE,FALSE,FALSE,0,0,1,0,0,NA,NA,NA,NA,NA,NA,51.111111111111114,-0.8105827255372927,4,4,Neutral (4),4,4,4,4,NA,NA,NA,NA,NA,NA,NA,NA,NA,NA,NA,4,4,4,4,4,TRUE,TRUE,No controls
100,1038,1,R_53g50ZJmV7qqrs9,NA,1,0,NA,1,0,1,1,0,0,1,0,1,1,0,0,0,1,0,1,0,0,0,1,1,1,0,0,1,0,0,1,0,Sometimes,Sometimes,Frequently,1,NA,NA,NA,NA,NA,NA,NA,NA,NA,NA,NA,NA,NA,NA,NA,NA,NA,NA,NA,NA,NA,NA,NA,NA,NA,NA,NA,NA,NA,NA,NA,NA,NA,NA,NA,NA,NA,NA,NA,NA,NA,NA,NA,NA,NA,NA,NA,NA,NA,NA,NA,NA,NA,NA,NA,NA,NA,NA,NA,NA,NA,NA,NA,NA,NA,NA,NA,NA,NA,NA,NA,NA,NA,NA,NA,NA,NA,NA,NA,NA,NA,NA,NA,NA,NA,NA,NA,NA,NA,NA,NA,NA,NA,NA,NA,NA,NA,NA,NA,NA,NA,NA,NA,NA,NA,NA,NA,NA,NA,NA,NA,NA,NA,NA,NA,NA,NA,NA,NA,NA,NA,NA,NA,NA,NA,NA,NA,NA,NA,NA,NA,NA,NA,NA,NA,NA,NA,NA,NA,NA,NA,NA,NA,NA,NA,NA,iP9f1e205b07f574f6,NA,NA,B,FALSE,TRUE,FALSE,FALSE,TRUE,FALSE,FALSE,0,3,1,17.3,0,0,1,1,0,0,0,86,85,74,50,84,84,50,87,88,50,0,0,81,87,85,81,83,85,90,100,20,78,68,100,0,50,87,1,0,87,50,50,0,1,83,50,50,56,0,0,50,50,NA,NA,NA,NA,NA,NA,NA,NA,NA,NA,NA,NA,NA,NA,NA,NA,NA,NA,NA,NA,NA,NA,NA,0,13,84,50,50,8,0,83,0,50,0,20,84,94,100,89,92,76,0,82,50,NA,NA,NA,NA,NA,NA,NA,NA,NA,NA,NA,NA,NA,NA,NA,NA,NA,NA,NA,NA,NA,NA,145,0,145,1,FALSE,FALSE,FALSE,FALSE,FALSE,FALSE,1,NA,NA,1,NA,NA,NA,NA,NA,NA,NA,67.22222222222223,0.03031559745080812,NA,NA,NA,NA,NA,NA,NA,NA,NA,NA,NA,NA,NA,NA,NA,NA,NA,NA,NA,NA,NA,NA,NA,TRUE,TRUE,No controls
100,532,1,R_56AQWuEJvUp0xKp,NA,1,0,NA,0,1,1,0,0,0,0,1,0,1,0,0,0,1,0,0,1,0,0,1,1,0,0,1,0,0,0,0,1,Sometimes,Rarely,Sometimes,1,NA,NA,NA,NA,NA,NA,NA,NA,NA,NA,NA,NA,NA,NA,NA,NA,NA,NA,NA,NA,NA,NA,NA,NA,NA,NA,NA,NA,NA,NA,NA,NA,NA,NA,NA,NA,NA,NA,NA,NA,NA,NA,NA,NA,NA,NA,NA,NA,NA,NA,NA,NA,NA,NA,NA,NA,NA,NA,NA,NA,NA,NA,NA,NA,NA,NA,NA,NA,NA,NA,NA,NA,NA,NA,NA,NA,NA,NA,NA,NA,NA,NA,NA,NA,NA,NA,NA,NA,NA,NA,NA,NA,NA,NA,NA,NA,NA,NA,NA,NA,NA,NA,NA,NA,NA,NA,NA,NA,NA,NA,NA,NA,NA,NA,NA,NA,NA,NA,NA,NA,NA,NA,NA,NA,NA,NA,NA,NA,NA,NA,NA,NA,NA,NA,NA,NA,NA,NA,NA,NA,NA,NA,NA,NA,NA,NA,iP90d104b72bc85c44,NA,NA,C,FALSE,TRUE,FALSE,FALSE,TRUE,FALSE,FALSE,0,3,1,8.866666666666667,0,1,1,1,0,0,0,100,100,100,100,82,100,61,100,100,100,100,100,100,100,69,100,100,100,24,100,50,82,100,100,0,30,100,100,78,26,100,100,100,100,30,15,80,31,23,28,76,74,NA,NA,NA,NA,NA,NA,NA,NA,NA,NA,NA,NA,NA,NA,NA,NA,NA,NA,NA,NA,NA,NA,NA,NA,NA,NA,NA,NA,NA,NA,NA,NA,NA,NA,NA,NA,NA,NA,NA,NA,NA,NA,NA,NA,84,80,79,82,100,82,100,100,66,0,100,0,65,61,100,100,87,100,100,98,100,100,145,0,145,1,FALSE,FALSE,FALSE,FALSE,FALSE,FALSE,1,NA,NA,1,NA,NA,NA,NA,NA,NA,NA,97.55555555555556,1.6135241641801283,NA,NA,NA,NA,NA,NA,NA,NA,NA,NA,NA,NA,NA,NA,NA,NA,NA,NA,NA,NA,NA,NA,NA,TRUE,TRUE,No controls
100,539,1,R_1ZuHGGWWePGUjGp,0,0,1,0,0,1,0,1,0,0,0,1,0,1,0,0,1,0,0,0,1,0,1,0,0,1,0,1,0,0,0,0,1,Rarely,Frequently,Frequently,2,NA,NA,NA,NA,NA,NA,NA,NA,NA,NA,NA,NA,NA,NA,NA,NA,NA,NA,NA,NA,NA,NA,NA,NA,NA,NA,NA,NA,NA,NA,NA,NA,NA,NA,NA,NA,NA,NA,NA,NA,NA,NA,NA,NA,NA,NA,NA,NA,NA,NA,NA,NA,NA,NA,NA,NA,NA,NA,NA,NA,NA,NA,NA,NA,NA,NA,NA,NA,NA,NA,NA,NA,NA,NA,NA,NA,NA,NA,NA,NA,NA,NA,NA,NA,NA,NA,NA,NA,NA,NA,NA,NA,NA,NA,NA,NA,NA,NA,NA,NA,NA,NA,NA,NA,NA,NA,NA,NA,NA,NA,NA,NA,NA,NA,NA,NA,NA,NA,NA,NA,NA,NA,NA,NA,NA,NA,NA,NA,NA,NA,NA,NA,NA,NA,NA,NA,NA,NA,NA,NA,NA,NA,NA,NA,NA,NA,iP3f752f3698d5fa63,NA,NA,A,FALSE,FALSE,FALSE,FALSE,TRUE,FALSE,FALSE,0,3,1,8.983333333333333,0,1,1,1,0,0,0,60,70,60,70,30,NA,50,70,80,60,30,NA,30,80,70,80,30,60,70,80,70,90,30,90,10,20,70,70,30,30,80,70,60,70,60,80,70,70,70,70,NA,80,80,80,80,30,80,60,80,40,60,70,70,60,NA,30,30,80,30,70,40,70,70,40,70,NA,NA,NA,NA,NA,NA,NA,NA,NA,NA,NA,NA,NA,NA,NA,NA,NA,NA,NA,NA,NA,NA,NA,NA,NA,NA,NA,NA,NA,NA,NA,NA,NA,NA,NA,NA,NA,NA,NA,NA,NA,NA,NA,148,1,149,1,FALSE,FALSE,FALSE,FALSE,FALSE,FALSE,0,0,1,0,0,NA,NA,NA,NA,NA,NA,58.888888888888886,-0.4046318109913134,NA,NA,NA,NA,NA,NA,NA,NA,NA,NA,NA,NA,NA,NA,NA,NA,NA,NA,NA,NA,NA,NA,NA,TRUE,TRUE,No controls
100,1851,1,R_3CGevHD1jjBWFDr,0,0,1,0,0,1,1,1,0,0,1,0,0,1,0,0,1,0,0,0,1,0,0,1,1,1,0,0,1,0,0,0,1,Frequently,Sometimes,Sometimes,4,1,1,1,1,1,7,6,6,7,6,7,1,3,3,3,1,3,Purple,NA,NA,NA,NA,NA,NA,NA,NA,NA,NA,NA,NA,NA,NA,NA,NA,NA,NA,NA,NA,NA,NA,NA,NA,NA,NA,NA,NA,NA,NA,NA,NA,NA,NA,NA,NA,NA,NA,NA,NA,NA,NA,NA,NA,NA,NA,NA,NA,NA,NA,NA,NA,NA,NA,NA,NA,NA,NA,NA,NA,NA,NA,NA,NA,NA,NA,NA,NA,NA,NA,NA,NA,NA,NA,NA,NA,NA,NA,NA,NA,NA,NA,NA,NA,NA,NA,NA,NA,NA,NA,NA,NA,NA,NA,NA,NA,NA,NA,NA,NA,NA,NA,NA,NA,NA,NA,NA,NA,NA,NA,NA,NA,NA,NA,NA,NA,NA,NA,NA,NA,NA,NA,NA,NA,NA,NA,NA,NA,iP419de97ca3b8e5ed,NA,NA,A,TRUE,FALSE,TRUE,FALSE,TRUE,TRUE,FALSE,2,1,2,30.85,0,0,0,0,0,0,0,50,90,90,90,80,80,20,90,80,50,50,30,50,90,70,90,90,80,50,90,50,90,80,100,10,50,40,50,50,90,90,0,0,0,90,50,20,100,40,40,90,90,90,90,50,0,30,90,100,0,10,90,80,90,80,60,10,50,80,80,30,90,90,30,80,NA,NA,NA,NA,NA,NA,NA,NA,NA,NA,NA,NA,NA,NA,NA,NA,NA,NA,NA,NA,NA,NA,NA,NA,NA,NA,NA,NA,NA,NA,NA,NA,NA,NA,NA,NA,NA,NA,NA,NA,NA,NA,NA,127,0,127,0,FALSE,FALSE,FALSE,FALSE,FALSE,FALSE,0,0,1,0,0,NA,NA,NA,NA,NA,NA,70,0.1752980669315148,7,1,Rehab (1),4,4,4,3,NA,NA,NA,NA,NA,NA,NA,NA,NA,NA,NA,2,1,1,2,1,TRUE,TRUE,No controls
100,997,1,R_3LJfpb5l4dgAFK9,0,0,1,0,0,1,0,0,1,0,0,1,1,0,0,0,0,1,0,0,1,0,0,1,1,0,0,1,0,0,0,0,1,Sometimes,Never,Sometimes,4,1,1,1,1,1,9,9,8,9,9,5,2,3,3,3,2,3,Purple,NA,NA,NA,NA,NA,NA,NA,NA,NA,NA,NA,NA,NA,NA,NA,NA,NA,NA,NA,NA,NA,NA,NA,NA,NA,NA,NA,NA,NA,NA,NA,NA,NA,NA,NA,NA,NA,NA,NA,NA,NA,NA,NA,NA,NA,NA,NA,NA,NA,NA,NA,NA,NA,NA,NA,NA,NA,NA,NA,NA,NA,NA,NA,NA,NA,NA,NA,NA,NA,NA,NA,NA,NA,NA,NA,NA,NA,NA,NA,NA,NA,NA,NA,NA,NA,NA,NA,NA,NA,NA,NA,NA,NA,NA,NA,NA,NA,NA,NA,NA,NA,NA,NA,NA,NA,NA,NA,NA,NA,NA,NA,NA,NA,NA,NA,NA,NA,NA,NA,NA,NA,NA,NA,NA,NA,NA,NA,NA,iPa3985e5b77146f57,NA,NA,B,TRUE,FALSE,TRUE,FALSE,TRUE,TRUE,FALSE,2,1,2,16.616666666666667,0,0,1,1,0,0,0,84,79,79,80,82,50,50,100,69,50,50,30,100,100,70,100,76,100,100,100,36,100,55,100,46,54,100,78,66,35,69,76,69,75,50,69,69,36,40,42,79,100,NA,NA,NA,NA,NA,NA,NA,NA,NA,NA,NA,NA,NA,NA,NA,NA,NA,NA,NA,NA,NA,NA,NA,50,81,100,79,81,22,79,29,73,55,50,23,100,100,100,100,100,79,75,32,56,NA,NA,NA,NA,NA,NA,NA,NA,NA,NA,NA,NA,NA,NA,NA,NA,NA,NA,NA,NA,NA,NA,127,0,127,0,FALSE,FALSE,FALSE,FALSE,FALSE,FALSE,0,0,1,0,0,NA,NA,NA,NA,NA,NA,91.11111111111111,1.2771648349848883,5,3,Rehab (3),3,3,3,3,NA,NA,NA,NA,NA,NA,NA,NA,NA,NA,NA,4,4,3,4,4,TRUE,TRUE,No controls
100,1783,1,R_3fnuyVbYtK0wRKp,0,0,1,0,0,1,0,1,0,0,1,0,0,0,1,0,0,1,0,0,1,0,0,1,0,0,1,1,0,0,0,0,1,Sometimes,Never,Rarely,4,2,3,3,2,2,9,8,9,9,9,2,2,3,3,3,2,3,Purple,NA,NA,NA,NA,NA,NA,NA,NA,NA,NA,NA,NA,NA,NA,NA,NA,NA,NA,NA,NA,NA,NA,NA,NA,NA,NA,NA,NA,NA,NA,NA,NA,NA,NA,NA,NA,NA,NA,NA,NA,NA,NA,NA,NA,NA,NA,NA,NA,NA,NA,NA,NA,NA,NA,NA,NA,NA,NA,NA,NA,NA,NA,NA,NA,NA,NA,NA,NA,NA,NA,NA,NA,NA,NA,NA,NA,NA,NA,NA,NA,NA,NA,NA,NA,NA,NA,NA,NA,NA,NA,NA,NA,NA,NA,NA,NA,NA,NA,NA,NA,NA,NA,NA,NA,NA,NA,NA,NA,NA,NA,NA,NA,NA,NA,NA,NA,NA,NA,NA,NA,NA,NA,NA,NA,NA,NA,NA,NA,iP8b762153ca63fc75,NA,NA,A,TRUE,FALSE,TRUE,FALSE,TRUE,TRUE,FALSE,2,1,2,29.716666666666665,0,0,0,1,0,0,0,50,50,50,50,50,50,40,50,30,40,30,10,40,50,50,50,50,50,40,50,50,40,20,70,20,20,50,50,20,50,50,50,50,40,50,50,20,50,0,20,40,50,40,30,60,50,50,50,50,50,50,50,50,50,50,50,50,30,50,50,50,50,50,50,50,NA,NA,NA,NA,NA,NA,NA,NA,NA,NA,NA,NA,NA,NA,NA,NA,NA,NA,NA,NA,NA,NA,NA,NA,NA,NA,NA,NA,NA,NA,NA,NA,NA,NA,NA,NA,NA,NA,NA,NA,NA,NA,NA,127,0,127,0,FALSE,FALSE,FALSE,FALSE,FALSE,FALSE,0,0,1,0,0,NA,NA,NA,NA,NA,NA,45.55555555555556,-1.100547664498707,2,6,Punish (6),3,3,3,3,NA,NA,NA,NA,NA,NA,NA,NA,NA,NA,NA,4,3,4,4,4,TRUE,TRUE,No controls
100,2043,1,R_6eCC8aQQvaEPpQJ,0,0,1,0,0,1,0,1,0,0,0,1,1,0,0,0,0,1,0,0,1,0,0,1,1,0,0,1,0,0,0,0,1,Frequently,Rarely,Frequently,1,NA,NA,NA,NA,NA,NA,NA,NA,NA,NA,NA,NA,NA,NA,NA,NA,NA,NA,NA,NA,NA,NA,NA,NA,NA,NA,NA,NA,NA,NA,NA,NA,NA,NA,NA,NA,NA,NA,NA,NA,NA,NA,NA,NA,NA,NA,NA,NA,NA,NA,NA,NA,NA,NA,NA,NA,NA,NA,NA,NA,NA,NA,NA,NA,NA,NA,NA,NA,NA,NA,NA,NA,NA,NA,NA,NA,NA,NA,NA,NA,NA,NA,NA,NA,NA,NA,NA,NA,NA,NA,NA,NA,NA,NA,NA,NA,NA,NA,NA,NA,NA,NA,NA,NA,NA,NA,NA,NA,NA,NA,NA,NA,NA,NA,NA,NA,NA,NA,NA,NA,NA,NA,NA,NA,NA,NA,NA,NA,NA,NA,NA,NA,NA,NA,NA,NA,NA,NA,NA,NA,NA,NA,NA,NA,NA,NA,iP81505b22374c038b,NA,NA,A,FALSE,TRUE,FALSE,FALSE,TRUE,FALSE,FALSE,0,3,1,34.05,0,0,0,0,0,0,0,80,90,80,80,80,70,60,80,80,80,80,60,80,80,80,80,80,80,80,90,80,90,30,80,10,80,70,80,10,80,80,80,80,80,80,80,80,80,80,80,80,80,0,60,80,80,80,70,80,80,80,80,80,80,80,80,80,30,90,80,80,80,80,80,80,NA,NA,NA,NA,NA,NA,NA,NA,NA,NA,NA,NA,NA,NA,NA,NA,NA,NA,NA,NA,NA,NA,NA,NA,NA,NA,NA,NA,NA,NA,NA,NA,NA,NA,NA,NA,NA,NA,NA,NA,NA,NA,NA,145,0,145,1,FALSE,FALSE,FALSE,FALSE,FALSE,FALSE,0,0,1,0,0,NA,NA,NA,NA,NA,NA,72.22222222222223,0.29128404251608075,NA,NA,NA,NA,NA,NA,NA,NA,NA,NA,NA,NA,NA,NA,NA,NA,NA,NA,NA,NA,NA,NA,NA,TRUE,TRUE,No controls
100,914,1,R_3lQG8mU9BoOT49H,0,0,1,0,0,1,1,0,0,0,0,1,1,0,0,0,0,1,0,0,1,0,0,1,0,0,1,0,0,1,0,0,1,Never,Never,Never,4,2,2,3,3,2,9,8,6,9,7,2,2,2,2,3,1,2,purple,NA,NA,NA,NA,NA,NA,NA,NA,NA,NA,NA,NA,NA,NA,NA,NA,NA,NA,NA,NA,NA,NA,NA,NA,NA,NA,NA,NA,NA,NA,NA,NA,NA,NA,NA,NA,NA,NA,NA,NA,NA,NA,NA,NA,NA,NA,NA,NA,NA,NA,NA,NA,NA,NA,NA,NA,NA,NA,NA,NA,NA,NA,NA,NA,NA,NA,NA,NA,NA,NA,NA,NA,NA,NA,NA,NA,NA,NA,NA,NA,NA,NA,NA,NA,NA,NA,NA,NA,NA,NA,NA,NA,NA,NA,NA,NA,NA,NA,NA,NA,NA,NA,NA,NA,NA,NA,NA,NA,NA,NA,NA,NA,NA,NA,NA,NA,NA,NA,NA,NA,NA,NA,NA,NA,NA,NA,NA,NA,iPedbad80947c2a78f,NA,NA,B,TRUE,FALSE,TRUE,FALSE,TRUE,TRUE,FALSE,2,1,2,15.233333333333333,0,0,1,1,0,0,0,79,98,79,79,86,63,20,63,50,51,61,67,35,68,0,41,98,68,100,68,50,70,43,67,0,17,60,69,3,79,93,67,50,21,51,94,1,74,36,50,32,68,NA,NA,NA,NA,NA,NA,NA,NA,NA,NA,NA,NA,NA,NA,NA,NA,NA,NA,NA,NA,NA,NA,NA,50,80,95,83,89,27,1,78,3,0,20,33,90,99,100,94,96,72,6,79,4,NA,NA,NA,NA,NA,NA,NA,NA,NA,NA,NA,NA,NA,NA,NA,NA,NA,NA,NA,NA,NA,NA,127,0,127,0,FALSE,FALSE,FALSE,FALSE,FALSE,FALSE,0,0,1,0,0,NA,NA,NA,NA,NA,NA,56.666666666666664,-0.520617786575879,2,6,Punish (6),3,4,3.5,2.25,NA,NA,NA,NA,NA,NA,NA,NA,NA,NA,NA,4,3,1,4,2,TRUE,TRUE,No controls
100,676,1,R_5CD29BpuL4rFMlg,0,0,1,0,0,1,0,0,1,0,0,1,0,0,1,0,0,1,0,0,1,0,0,1,0,0,1,0,0,1,0,0,1,Never,Never,Never,4,1,1,2,2,2,9,9,9,9,9,5,4,2.5,2,3,2,2.5,Purple,NA,NA,NA,NA,NA,NA,NA,NA,NA,NA,NA,NA,NA,NA,NA,NA,NA,NA,NA,NA,NA,NA,NA,NA,NA,NA,NA,NA,NA,NA,NA,NA,NA,NA,NA,NA,NA,NA,NA,NA,NA,NA,NA,NA,NA,NA,NA,NA,NA,NA,NA,NA,NA,NA,NA,NA,NA,NA,NA,NA,NA,NA,NA,NA,NA,NA,NA,NA,NA,NA,NA,NA,NA,NA,NA,NA,NA,NA,NA,NA,NA,NA,NA,NA,NA,NA,NA,NA,NA,NA,NA,NA,NA,NA,NA,NA,NA,NA,NA,NA,NA,NA,NA,NA,NA,NA,NA,NA,NA,NA,NA,NA,NA,NA,NA,NA,NA,NA,NA,NA,NA,NA,NA,NA,NA,NA,NA,NA,iP556c7ebfa297a40d,NA,NA,B,TRUE,FALSE,TRUE,FALSE,TRUE,TRUE,FALSE,2,1,2,11.266666666666667,0,1,1,1,0,0,0,82,88,76,83,72,77,85,73,89,76,35,30,50,86,58,80,81,79,80,78,38,89,88,83,32,86,78,77,83,73,81,81,87,81,32,61,21,63,30,37,84,89,NA,NA,NA,NA,NA,NA,NA,NA,NA,NA,NA,NA,NA,NA,NA,NA,NA,NA,NA,NA,NA,NA,NA,38,66,76,78,77,23,62,50,77,39,42,29,65,88,73,78,77,79,77,73,65,NA,NA,NA,NA,NA,NA,NA,NA,NA,NA,NA,NA,NA,NA,NA,NA,NA,NA,NA,NA,NA,NA,127,0,127,0,FALSE,FALSE,FALSE,FALSE,FALSE,FALSE,0,0,1,0,0,NA,NA,NA,NA,NA,NA,76.88888888888889,0.534854591243668,5,3,Rehab (3),1,3,2,2.5,NA,NA,NA,NA,NA,NA,NA,NA,NA,NA,NA,4,4,4,4,4,TRUE,TRUE,No controls
100,2263,1,R_3qeOUvuBhRypDMs,0,0,1,0,0,1,1,0,0,0,1,0,0,1,0,0,1,0,0,0,1,0,0,1,0,0,1,0,1,0,0,1,0,Sometimes,Sometimes,Sometimes,4,1,1,1,1,2,7,6,7,6,7,7,2,4,3,3,1,3,purple,2,2,2,1,1,2,1,3,2,1,1,1,2,1,2,2,1,3,2,3,2,1,2,2,3,2,1,2,1,2,1,2,1,1,2,2,2,1,2,3,1,2,1,2,1,2,1,3,3,2,2,2,2,1,2,1,1,1,2,2,3,4,2,1,4,NA,3,2,4,3,4,4,4,3,2,2,5,4,5,4,5,5,4,5,4,NA,NA,NA,NA,NA,NA,NA,NA,NA,NA,NA,NA,NA,NA,NA,NA,NA,NA,NA,NA,NA,NA,NA,NA,NA,NA,NA,NA,NA,NA,NA,NA,NA,NA,NA,NA,NA,NA,NA,NA,NA,NA,NA,iPc3bdec987d2cf309,NA,NA,A,TRUE,FALSE,TRUE,FALSE,TRUE,TRUE,TRUE,2,1,3,37.71666666666667,0,0,0,0,0,0,0,70,80,80,80,80,70,70,80,80,90,80,90,80,90,90,90,90,90,80,90,90,70,90,90,90,90,90,80,40,90,80,90,90,80,80,20,50,80,30,80,90,80,60,80,80,90,60,80,70,100,70,70,90,90,70,100,80,80,80,70,70,90,90,80,90,NA,NA,NA,NA,NA,NA,NA,NA,NA,NA,NA,NA,NA,NA,NA,NA,NA,NA,NA,NA,NA,NA,NA,NA,NA,NA,NA,NA,NA,NA,NA,NA,NA,NA,NA,NA,NA,NA,NA,NA,NA,NA,NA,43,0,43,1,FALSE,FALSE,FALSE,FALSE,FALSE,FALSE,0,0,1,0,0,NA,NA,NA,NA,NA,NA,82.22222222222223,0.813220932646626,7,1,Rehab (1),3,4,3.5,3.25,3,3,1,3,1,1,3,3,4,4,4,2,1,2,1,2,FALSE,TRUE,Some controls missing
100,2422,1,R_1QFcBQnkgEJcxPf,1,1,0,NA,1,0,0,1,0,0,1,0,0,1,0,0,0,1,0,1,0,0,1,0,1,1,0,1,1,0,1,1,0,Never,Never,Rarely,4,1,1,1,1,1,9,8,10,10,10,4,2,3,4,4,1,3,Purple,NA,NA,NA,NA,NA,NA,NA,NA,NA,NA,NA,NA,NA,NA,NA,NA,NA,NA,NA,NA,NA,NA,NA,NA,NA,NA,NA,NA,NA,NA,NA,NA,NA,NA,NA,NA,NA,NA,NA,NA,NA,NA,NA,NA,NA,NA,NA,NA,NA,NA,NA,NA,NA,NA,NA,NA,NA,NA,NA,NA,NA,NA,NA,NA,NA,NA,NA,NA,NA,NA,NA,NA,NA,NA,NA,NA,NA,NA,NA,NA,NA,NA,NA,NA,NA,NA,NA,NA,NA,NA,NA,NA,NA,NA,NA,NA,NA,NA,NA,NA,NA,NA,NA,NA,NA,NA,NA,NA,NA,NA,NA,NA,NA,NA,NA,NA,NA,NA,NA,NA,NA,NA,NA,NA,NA,NA,NA,NA,iPdccee40503438815,NA,NA,C,TRUE,FALSE,TRUE,FALSE,TRUE,TRUE,FALSE,2,1,2,40.36666666666667,0,0,0,0,0,0,0,100,100,100,100,100,100,100,100,80,50,100,100,99,100,100,100,100,75,75,96,63,91,100,100,25,77,100,70,58,100,100,10,29,0,100,76,84,100,61,32,100,100,NA,NA,NA,NA,NA,NA,NA,NA,NA,NA,NA,NA,NA,NA,NA,NA,NA,NA,NA,NA,NA,NA,NA,NA,NA,NA,NA,NA,NA,NA,NA,NA,NA,NA,NA,NA,NA,NA,NA,NA,NA,NA,NA,NA,100,100,100,62,100,100,100,100,100,0,100,0,100,100,100,95,100,72,77,100,0,69,127,0,127,0,FALSE,FALSE,FALSE,FALSE,FALSE,FALSE,1,1,0,1,NA,NA,NA,NA,NA,NA,NA,88.66666666666667,1.1495802618418662,4,4,Neutral (4),3,4,3.5,3.5,NA,NA,NA,NA,NA,NA,NA,NA,NA,NA,NA,4,3,5,5,5,TRUE,TRUE,No controls
100,2566,1,R_5RraDD2moQBiB8l,NA,1,0,NA,0,1,0,0,1,0,0,1,0,0,1,0,1,0,0,0,1,0,0,1,1,0,0,0,0,1,0,0,1,Never,Never,Never,1,NA,NA,NA,NA,NA,NA,NA,NA,NA,NA,NA,NA,NA,NA,NA,NA,NA,NA,NA,NA,NA,NA,NA,NA,NA,NA,NA,NA,NA,NA,NA,NA,NA,NA,NA,NA,NA,NA,NA,NA,NA,NA,NA,NA,NA,NA,NA,NA,NA,NA,NA,NA,NA,NA,NA,NA,NA,NA,NA,NA,NA,NA,NA,NA,NA,NA,NA,NA,NA,NA,NA,NA,NA,NA,NA,NA,NA,NA,NA,NA,NA,NA,NA,NA,NA,NA,NA,NA,NA,NA,NA,NA,NA,NA,NA,NA,NA,NA,NA,NA,NA,NA,NA,NA,NA,NA,NA,NA,NA,NA,NA,NA,NA,NA,NA,NA,NA,NA,NA,NA,NA,NA,NA,NA,NA,NA,NA,NA,NA,NA,NA,NA,NA,NA,NA,NA,NA,NA,NA,NA,NA,NA,NA,NA,NA,NA,iPd790f6523bd47f58,NA,NA,A,FALSE,TRUE,FALSE,FALSE,TRUE,FALSE,FALSE,0,3,1,42.766666666666666,0,0,0,0,0,0,0,70,80,80,80,80,80,80,80,70,80,70,60,80,80,80,80,80,60,90,80,60,90,90,100,0,80,80,80,70,80,80,80,80,70,70,60,70,70,60,30,80,80,70,80,80,70,90,70,80,90,70,80,80,90,80,80,60,50,70,70,50,80,80,80,80,NA,NA,NA,NA,NA,NA,NA,NA,NA,NA,NA,NA,NA,NA,NA,NA,NA,NA,NA,NA,NA,NA,NA,NA,NA,NA,NA,NA,NA,NA,NA,NA,NA,NA,NA,NA,NA,NA,NA,NA,NA,NA,NA,145,0,145,1,FALSE,FALSE,FALSE,FALSE,FALSE,FALSE,1,NA,NA,1,NA,NA,NA,NA,NA,NA,NA,76.66666666666667,0.5232559936852119,NA,NA,NA,NA,NA,NA,NA,NA,NA,NA,NA,NA,NA,NA,NA,NA,NA,NA,NA,NA,NA,NA,NA,TRUE,TRUE,No controls
100,641,1,R_5K9oxURpPT3xu2H,NA,1,0,1,0,0,1,0,0,1,0,0,1,1,0,0,0,1,0,0,1,0,0,1,1,0,0,1,1,0,1,1,0,Never,Frequently,Frequently,4,1,1,1,1,1,10,10,10,10,10,1,5,4,4,4,3,4,purple,NA,NA,NA,NA,NA,NA,NA,NA,NA,NA,NA,NA,NA,NA,NA,NA,NA,NA,NA,NA,NA,NA,NA,NA,NA,NA,NA,NA,NA,NA,NA,NA,NA,NA,NA,NA,NA,NA,NA,NA,NA,NA,NA,NA,NA,NA,NA,NA,NA,NA,NA,NA,NA,NA,NA,NA,NA,NA,NA,NA,NA,NA,NA,NA,NA,NA,NA,NA,NA,NA,NA,NA,NA,NA,NA,NA,NA,NA,NA,NA,NA,NA,NA,NA,NA,NA,NA,NA,NA,NA,NA,NA,NA,NA,NA,NA,NA,NA,NA,NA,NA,NA,NA,NA,NA,NA,NA,NA,NA,NA,NA,NA,NA,NA,NA,NA,NA,NA,NA,NA,NA,NA,NA,NA,NA,NA,NA,NA,iPe9ae351b09318890,NA,NA,C,TRUE,FALSE,TRUE,FALSE,TRUE,TRUE,FALSE,2,1,2,10.683333333333334,0,1,1,1,0,0,0,100,100,100,76,40,100,100,100,89,68,100,100,100,100,100,91,100,76,40,96,30,100,78,100,63,71,100,85,63,75,80,100,100,100,63,22,50,54,8,0,77,67,NA,NA,NA,NA,NA,NA,NA,NA,NA,NA,NA,NA,NA,NA,NA,NA,NA,NA,NA,NA,NA,NA,NA,NA,NA,NA,NA,NA,NA,NA,NA,NA,NA,NA,NA,NA,NA,NA,NA,NA,NA,NA,NA,NA,100,100,83,87,73,66,84,100,100,2,84,7,84,59,82,85,99,84,39,77,100,85,127,0,127,0,FALSE,FALSE,FALSE,FALSE,FALSE,FALSE,1,NA,NA,1,1,NA,NA,NA,NA,NA,NA,90.11111111111111,1.2249711459718338,1,7,Punish (7),2.5,2,2.25,4,NA,NA,NA,NA,NA,NA,NA,NA,NA,NA,NA,5,5,5,5,5,TRUE,TRUE,No controls
100,652,1,R_1RPmZ3aqjxGYCeR,0,0,1,0,1,0,0,1,0,0,0,1,0,0,1,0,0,1,0,0,1,0,0,1,0,0,1,0,0,1,0,0,1,Rarely,Never,Rarely,4,2,2,2,2,3,9,8,9,9,9,2,1,2,2,2,5,2.5,purple,NA,NA,NA,NA,NA,NA,NA,NA,NA,NA,NA,NA,NA,NA,NA,NA,NA,NA,NA,NA,NA,NA,NA,NA,NA,NA,NA,NA,NA,NA,NA,NA,NA,NA,NA,NA,NA,NA,NA,NA,NA,NA,NA,NA,NA,NA,NA,NA,NA,NA,NA,NA,NA,NA,NA,NA,NA,NA,NA,NA,NA,NA,NA,NA,NA,NA,NA,NA,NA,NA,NA,NA,NA,NA,NA,NA,NA,NA,NA,NA,NA,NA,NA,NA,NA,NA,NA,NA,NA,NA,NA,NA,NA,NA,NA,NA,NA,NA,NA,NA,NA,NA,NA,NA,NA,NA,NA,NA,NA,NA,NA,NA,NA,NA,NA,NA,NA,NA,NA,NA,NA,NA,NA,NA,NA,NA,NA,NA,iPd651219966811479,NA,NA,A,TRUE,FALSE,TRUE,FALSE,TRUE,TRUE,FALSE,2,1,2,10.866666666666667,0,1,1,1,0,0,0,50,60,60,40,90,50,20,90,60,40,40,60,20,40,80,60,70,40,80,40,80,80,90,80,10,10,30,40,10,60,90,30,30,60,60,80,60,60,80,70,80,80,20,20,70,30,80,80,60,40,40,60,60,50,60,60,60,20,80,80,30,80,80,80,80,NA,NA,NA,NA,NA,NA,NA,NA,NA,NA,NA,NA,NA,NA,NA,NA,NA,NA,NA,NA,NA,NA,NA,NA,NA,NA,NA,NA,NA,NA,NA,NA,NA,NA,NA,NA,NA,NA,NA,NA,NA,NA,NA,127,0,127,0,FALSE,FALSE,FALSE,FALSE,FALSE,FALSE,0,0,1,0,0,NA,NA,NA,NA,NA,NA,38.888888888888886,-1.448505591252404,2,6,Punish (6),4,2.5,3.25,2.125,NA,NA,NA,NA,NA,NA,NA,NA,NA,NA,NA,4,3,4,4,4,TRUE,TRUE,No controls
100,1065,1,R_5TBItj42G0VE060,NA,1,0,NA,0,1,1,0,0,0,1,0,1,0,0,0,1,0,1,0,0,0,1,0,0,1,0,0,1,0,0,1,0,Rarely,Never,Never,4,1,1,2,1,1,10,9,10,10,9,5,1,2,4,3,1,4,purple,NA,NA,NA,NA,NA,NA,NA,NA,NA,NA,NA,NA,NA,NA,NA,NA,NA,NA,NA,NA,NA,NA,NA,NA,NA,NA,NA,NA,NA,NA,NA,NA,NA,NA,NA,NA,NA,NA,NA,NA,NA,NA,NA,NA,NA,NA,NA,NA,NA,NA,NA,NA,NA,NA,NA,NA,NA,NA,NA,NA,NA,NA,NA,NA,NA,NA,NA,NA,NA,NA,NA,NA,NA,NA,NA,NA,NA,NA,NA,NA,NA,NA,NA,NA,NA,NA,NA,NA,NA,NA,NA,NA,NA,NA,NA,NA,NA,NA,NA,NA,NA,NA,NA,NA,NA,NA,NA,NA,NA,NA,NA,NA,NA,NA,NA,NA,NA,NA,NA,NA,NA,NA,NA,NA,NA,NA,NA,NA,iP460982d3931f3c90,NA,NA,B,TRUE,FALSE,TRUE,FALSE,TRUE,TRUE,FALSE,2,1,2,17.75,0,0,1,1,0,0,0,100,100,100,100,100,100,100,100,100,2,8,4,100,100,100,100,100,100,100,100,100,100,100,100,2,26,100,100,2,100,100,100,100,100,100,100,5,100,100,100,100,100,NA,NA,NA,NA,NA,NA,NA,NA,NA,NA,NA,NA,NA,NA,NA,NA,NA,NA,NA,NA,NA,NA,NA,54,20,100,100,100,100,100,100,1,0,53,70,100,100,100,100,100,100,2,100,5,NA,NA,NA,NA,NA,NA,NA,NA,NA,NA,NA,NA,NA,NA,NA,NA,NA,NA,NA,NA,NA,NA,127,0,127,0,FALSE,FALSE,FALSE,FALSE,FALSE,FALSE,1,NA,NA,1,NA,NA,NA,NA,NA,NA,NA,89.11111111111111,1.1727774569587792,5,3,Rehab (3),4,4,4,3.25,NA,NA,NA,NA,NA,NA,NA,NA,NA,NA,NA,5,4,5,5,4,TRUE,TRUE,No controls
100,2893,1,R_7iHCfexDY1IQ3x7,NA,1,0,1,1,0,1,0,0,0,1,0,1,1,0,0,1,0,1,0,0,0,1,0,0,1,0,1,1,0,0,0,1,Rarely,Rarely,Sometimes,4,1,1,1,1,1,9,10,10,10,10,5,3,4,4,4,3,4,purple,NA,NA,NA,NA,NA,NA,NA,NA,NA,NA,NA,NA,NA,NA,NA,NA,NA,NA,NA,NA,NA,NA,NA,NA,NA,NA,NA,NA,NA,NA,NA,NA,NA,NA,NA,NA,NA,NA,NA,NA,NA,NA,NA,NA,NA,NA,NA,NA,NA,NA,NA,NA,NA,NA,NA,NA,NA,NA,NA,NA,NA,NA,NA,NA,NA,NA,NA,NA,NA,NA,NA,NA,NA,NA,NA,NA,NA,NA,NA,NA,NA,NA,NA,NA,NA,NA,NA,NA,NA,NA,NA,NA,NA,NA,NA,NA,NA,NA,NA,NA,NA,NA,NA,NA,NA,NA,NA,NA,NA,NA,NA,NA,NA,NA,NA,NA,NA,NA,NA,NA,NA,NA,NA,NA,NA,NA,NA,NA,iPbd53c23b0d90a9e2,NA,NA,B,TRUE,FALSE,TRUE,FALSE,TRUE,TRUE,FALSE,2,1,2,48.21666666666667,0,0,0,0,0,0,0,100,100,100,100,100,100,53,100,91,100,100,87,90,100,100,81,100,75,74,100,44,100,100,100,0,53,100,100,80,78,100,100,43,100,11,100,100,13,6,50,100,100,NA,NA,NA,NA,NA,NA,NA,NA,NA,NA,NA,NA,NA,NA,NA,NA,NA,NA,NA,NA,NA,NA,NA,100,41,100,100,50,16,100,59,100,92,13,77,63,85,100,100,100,100,99,79,64,NA,NA,NA,NA,NA,NA,NA,NA,NA,NA,NA,NA,NA,NA,NA,NA,NA,NA,NA,NA,NA,NA,127,0,127,0,FALSE,FALSE,FALSE,FALSE,FALSE,FALSE,1,NA,NA,1,1,NA,NA,NA,NA,NA,NA,91.77777777777776,1.3119606276602571,5,3,Rehab (3),2,2,2,4,NA,NA,NA,NA,NA,NA,NA,NA,NA,NA,NA,4,5,5,5,5,TRUE,TRUE,No controls
100,2320,1,R_3HBLxtOBZ4He6D0,NA,1,0,NA,0,1,1,1,0,0,0,1,1,1,0,1,0,0,1,1,0,0,0,1,1,1,0,1,1,0,0,0,1,Never,Never,Rarely,4,1,1,1,1,1,8,8,9,9,9,1,2,3,3,3,5,2,Purple,NA,NA,NA,NA,NA,NA,NA,NA,NA,NA,NA,NA,NA,NA,NA,NA,NA,NA,NA,NA,NA,NA,NA,NA,NA,NA,NA,NA,NA,NA,NA,NA,NA,NA,NA,NA,NA,NA,NA,NA,NA,NA,NA,NA,NA,NA,NA,NA,NA,NA,NA,NA,NA,NA,NA,NA,NA,NA,NA,NA,NA,NA,NA,NA,NA,NA,NA,NA,NA,NA,NA,NA,NA,NA,NA,NA,NA,NA,NA,NA,NA,NA,NA,NA,NA,NA,NA,NA,NA,NA,NA,NA,NA,NA,NA,NA,NA,NA,NA,NA,NA,NA,NA,NA,NA,NA,NA,NA,NA,NA,NA,NA,NA,NA,NA,NA,NA,NA,NA,NA,NA,NA,NA,NA,NA,NA,NA,NA,iP33b35978311a34f9,NA,NA,B,TRUE,FALSE,TRUE,FALSE,TRUE,TRUE,FALSE,2,1,2,38.666666666666664,0,0,0,0,0,0,0,49,89,50,50,50,50,50,50,50,40,50,50,50,50,50,50,50,50,50,74,49,79,50,50,27,50,68,50,25,76,72,50,50,50,50,50,44,50,29,31,50,50,NA,NA,NA,NA,NA,NA,NA,NA,NA,NA,NA,NA,NA,NA,NA,NA,NA,NA,NA,NA,NA,NA,NA,17,18,50,50,49,50,11,50,50,50,50,23,50,81,68,50,50,50,50,50,35,NA,NA,NA,NA,NA,NA,NA,NA,NA,NA,NA,NA,NA,NA,NA,NA,NA,NA,NA,NA,NA,NA,127,0,127,0,FALSE,FALSE,FALSE,FALSE,FALSE,FALSE,1,NA,NA,1,NA,NA,NA,NA,NA,NA,NA,51.888888888888886,-0.769987634082695,1,7,Punish (7),3,2.5,2.75,2.75,NA,NA,NA,NA,NA,NA,NA,NA,NA,NA,NA,3,3,4,4,4,TRUE,TRUE,No controls
100,3171,1,R_5yeZEOsZvkQJbyP,NA,NA,1,1,1,0,1,1,0,0,1,0,1,1,0,0,0,1,1,0,0,0,0,1,1,1,0,0,1,0,0,0,1,Frequently,Sometimes,Frequently,4,-99,1,1,-99,-99,8,8,10,10,10,2,1,4,2,2.5,1,3,Purple,NA,NA,NA,NA,NA,NA,NA,NA,NA,NA,NA,NA,NA,NA,NA,NA,NA,NA,NA,NA,NA,NA,NA,NA,NA,NA,NA,NA,NA,NA,NA,NA,NA,NA,NA,NA,NA,NA,NA,NA,NA,NA,NA,NA,NA,NA,NA,NA,NA,NA,NA,NA,NA,NA,NA,NA,NA,NA,NA,NA,NA,NA,NA,NA,NA,NA,NA,NA,NA,NA,NA,NA,NA,NA,NA,NA,NA,NA,NA,NA,NA,NA,NA,NA,NA,NA,NA,NA,NA,NA,NA,NA,NA,NA,NA,NA,NA,NA,NA,NA,NA,NA,NA,NA,NA,NA,NA,NA,NA,NA,NA,NA,NA,NA,NA,NA,NA,NA,NA,NA,NA,NA,NA,NA,NA,NA,NA,NA,iPdb5e6c6b22675a50,NA,NA,C,TRUE,FALSE,TRUE,FALSE,TRUE,TRUE,FALSE,2,1,2,52.85,0,0,0,0,1,0,0,96,32,25,22,93,34,77,73,64,60,73,31,50,37,73,28,17,26,42,71,37,84,28,50,18,50,73,34,19,61,72,58,75,0,63,15,12,21,21,29,78,50,NA,NA,NA,NA,NA,NA,NA,NA,NA,NA,NA,NA,NA,NA,NA,NA,NA,NA,NA,NA,NA,NA,NA,NA,NA,NA,NA,NA,NA,NA,NA,NA,NA,NA,NA,NA,NA,NA,NA,NA,NA,NA,NA,NA,70,15,70,87,23,31,55,61,93,78,82,93,71,23,47,73,65,82,59,4,27,87,127,0,127,0,FALSE,FALSE,FALSE,FALSE,FALSE,FALSE,1,NA,1,NA,1,NA,NA,NA,NA,NA,NA,39.44444444444444,-1.4195090973562623,2,6,Punish (6),4,4,4,2.875,NA,NA,NA,NA,NA,NA,NA,NA,NA,NA,NA,3,3,5,5,5,TRUE,TRUE,No controls
100,1170,1,R_6rMu6vYDlcS4aZN,1,NA,0,1,0,0,1,1,0,1,1,0,1,1,0,0,0,1,0,0,1,0,1,0,1,1,0,0,0,1,0,0,1,Never,Never,Never,4,1,1,1,1,1,10,10,10,10,10,7,4,4,4,4,1,4,purple,NA,NA,NA,NA,NA,NA,NA,NA,NA,NA,NA,NA,NA,NA,NA,NA,NA,NA,NA,NA,NA,NA,NA,NA,NA,NA,NA,NA,NA,NA,NA,NA,NA,NA,NA,NA,NA,NA,NA,NA,NA,NA,NA,NA,NA,NA,NA,NA,NA,NA,NA,NA,NA,NA,NA,NA,NA,NA,NA,NA,NA,NA,NA,NA,NA,NA,NA,NA,NA,NA,NA,NA,NA,NA,NA,NA,NA,NA,NA,NA,NA,NA,NA,NA,NA,NA,NA,NA,NA,NA,NA,NA,NA,NA,NA,NA,NA,NA,NA,NA,NA,NA,NA,NA,NA,NA,NA,NA,NA,NA,NA,NA,NA,NA,NA,NA,NA,NA,NA,NA,NA,NA,NA,NA,NA,NA,NA,NA,iP7a1c87f604b93947,NA,NA,C,TRUE,FALSE,TRUE,FALSE,TRUE,TRUE,FALSE,2,1,2,19.5,0,0,1,1,0,0,0,100,100,100,100,100,100,100,100,100,100,50,51,100,100,100,100,100,100,100,100,100,100,100,100,0,100,100,100,50,100,100,100,100,100,0,100,50,0,100,100,100,100,NA,NA,NA,NA,NA,NA,NA,NA,NA,NA,NA,NA,NA,NA,NA,NA,NA,NA,NA,NA,NA,NA,NA,NA,NA,NA,NA,NA,NA,NA,NA,NA,NA,NA,NA,NA,NA,NA,NA,NA,NA,NA,NA,NA,100,100,100,100,100,100,100,100,100,0,100,0,100,100,100,100,0,100,100,100,100,100,127,0,127,0,FALSE,FALSE,FALSE,FALSE,FALSE,FALSE,1,1,NA,NA,1,NA,NA,NA,NA,NA,NA,94.44444444444444,1.4511437983617363,7,1,Rehab (1),1,4,2.5,4,NA,NA,NA,NA,NA,NA,NA,NA,NA,NA,NA,5,5,5,5,5,TRUE,TRUE,No controls
100,860,1,R_60vfd0ocGHt5BIU,0,0,1,0,0,1,0,0,1,0,0,1,0,0,1,0,0,1,0,1,0,0,0,1,0,1,0,0,0,1,0,0,1,Rarely,Never,Rarely,4,1,1,1,1,1,8,9,10,10,10,5,4,4,4,4,1,4,Purple,NA,NA,NA,NA,NA,NA,NA,NA,NA,NA,NA,NA,NA,NA,NA,NA,NA,NA,NA,NA,NA,NA,NA,NA,NA,NA,NA,NA,NA,NA,NA,NA,NA,NA,NA,NA,NA,NA,NA,NA,NA,NA,NA,NA,NA,NA,NA,NA,NA,NA,NA,NA,NA,NA,NA,NA,NA,NA,NA,NA,NA,NA,NA,NA,NA,NA,NA,NA,NA,NA,NA,NA,NA,NA,NA,NA,NA,NA,NA,NA,NA,NA,NA,NA,NA,NA,NA,NA,NA,NA,NA,NA,NA,NA,NA,NA,NA,NA,NA,NA,NA,NA,NA,NA,NA,NA,NA,NA,NA,NA,NA,NA,NA,NA,NA,NA,NA,NA,NA,NA,NA,NA,NA,NA,NA,NA,NA,NA,iP8bf3a263fb58ecc3,NA,NA,A,TRUE,FALSE,TRUE,FALSE,TRUE,TRUE,FALSE,2,1,2,14.333333333333334,0,0,1,1,0,0,0,100,100,100,100,70,70,40,100,100,100,100,100,70,90,100,80,100,80,100,70,80,100,100,100,20,30,70,80,70,40,100,100,90,80,70,80,70,30,70,20,60,100,80,40,70,100,100,0,100,80,80,80,80,30,100,100,80,50,80,70,0,70,90,70,60,NA,NA,NA,NA,NA,NA,NA,NA,NA,NA,NA,NA,NA,NA,NA,NA,NA,NA,NA,NA,NA,NA,NA,NA,NA,NA,NA,NA,NA,NA,NA,NA,NA,NA,NA,NA,NA,NA,NA,NA,NA,NA,NA,127,0,127,0,FALSE,FALSE,FALSE,FALSE,FALSE,FALSE,0,0,1,0,0,NA,NA,NA,NA,NA,NA,78.88888888888889,0.639241969269777,5,3,Rehab (3),1,4,2.5,4,NA,NA,NA,NA,NA,NA,NA,NA,NA,NA,NA,3,4,5,5,5,TRUE,TRUE,No controls
100,1287,1,R_3Cv9C6W8FtvSiu1,NA,1,0,1,0,0,1,1,0,0,1,0,1,1,0,0,0,1,0,0,1,0,0,1,1,1,0,1,1,0,1,0,0,Frequently,Sometimes,Frequently,1,NA,NA,NA,NA,NA,NA,NA,NA,NA,NA,NA,NA,NA,NA,NA,NA,NA,NA,NA,NA,NA,NA,NA,NA,NA,NA,NA,NA,NA,NA,NA,NA,NA,NA,NA,NA,NA,NA,NA,NA,NA,NA,NA,NA,NA,NA,NA,NA,NA,NA,NA,NA,NA,NA,NA,NA,NA,NA,NA,NA,NA,NA,NA,NA,NA,NA,NA,NA,NA,NA,NA,NA,NA,NA,NA,NA,NA,NA,NA,NA,NA,NA,NA,NA,NA,NA,NA,NA,NA,NA,NA,NA,NA,NA,NA,NA,NA,NA,NA,NA,NA,NA,NA,NA,NA,NA,NA,NA,NA,NA,NA,NA,NA,NA,NA,NA,NA,NA,NA,NA,NA,NA,NA,NA,NA,NA,NA,NA,NA,NA,NA,NA,NA,NA,NA,NA,NA,NA,NA,NA,NA,NA,NA,NA,NA,NA,iP5ca3b87c82e1878e,NA,NA,A,FALSE,TRUE,FALSE,FALSE,TRUE,FALSE,FALSE,0,3,1,21.45,0,0,0,1,0,0,0,80,90,90,70,80,60,80,80,80,70,0,0,70,70,30,90,100,80,100,90,20,90,70,100,20,60,60,50,0,70,90,10,10,10,80,80,10,80,20,0,30,70,20,50,70,10,80,60,80,40,70,80,80,90,90,80,70,70,40,80,10,90,90,60,20,NA,NA,NA,NA,NA,NA,NA,NA,NA,NA,NA,NA,NA,NA,NA,NA,NA,NA,NA,NA,NA,NA,NA,NA,NA,NA,NA,NA,NA,NA,NA,NA,NA,NA,NA,NA,NA,NA,NA,NA,NA,NA,NA,145,0,145,1,FALSE,FALSE,FALSE,FALSE,FALSE,FALSE,1,NA,NA,1,1,NA,NA,NA,NA,NA,NA,67.77777777777777,0.05931209134694887,NA,NA,NA,NA,NA,NA,NA,NA,NA,NA,NA,NA,NA,NA,NA,NA,NA,NA,NA,NA,NA,NA,NA,TRUE,TRUE,No controls
100,1012,1,R_60fc1bwpMzfhDni,0,0,1,0,0,1,1,0,0,0,0,1,1,0,0,0,1,1,0,0,1,0,0,1,0,0,1,0,0,1,0,0,1,Sometimes,Sometimes,Sometimes,4,3,3,3,3,3,8,9,8,9,7,5,3,1,1,1,4,2,Purple,3,6,6,3,5,3,4,4,4,4,2,2,1,3,2,3,2,2,3,4,3,4,3,2,2,2,3,2,3,2,3,3,3,2,3,2,2,1,2,2,3,2,3,1,3,3,3,2,2,2,4,4,3,4,4,4,2,2,2,2,2,2,2,2,3,NA,2,2,3,2,2,2,2,1,3,2,5,5,5,5,5,6,6,5,5,NA,NA,NA,NA,NA,NA,NA,NA,NA,NA,NA,NA,NA,NA,NA,NA,NA,NA,NA,NA,NA,NA,NA,NA,NA,NA,NA,NA,NA,NA,NA,NA,NA,NA,NA,NA,NA,NA,NA,NA,NA,NA,NA,iP644305db2fb0a506,NA,NA,A,TRUE,FALSE,TRUE,FALSE,TRUE,TRUE,TRUE,2,1,3,16.866666666666667,0,0,1,1,0,0,0,80,80,70,70,80,80,60,70,60,100,70,70,80,70,70,70,70,80,70,30,70,80,70,80,80,80,70,70,80,80,70,30,70,80,90,80,80,70,70,70,90,70,70,70,80,80,80,90,90,70,70,80,30,70,90,80,90,70,70,70,70,70,80,70,70,NA,NA,NA,NA,NA,NA,NA,NA,NA,NA,NA,NA,NA,NA,NA,NA,NA,NA,NA,NA,NA,NA,NA,NA,NA,NA,NA,NA,NA,NA,NA,NA,NA,NA,NA,NA,NA,NA,NA,NA,NA,NA,NA,43,0,43,1,FALSE,FALSE,FALSE,FALSE,FALSE,FALSE,0,0,1,0,0,NA,NA,NA,NA,NA,NA,68.88888888888889,0.11730507913923184,5,3,Rehab (3),2,1,1.5,1.25,1,1,3,2,1,2,1,1,1,1,1,3,4,3,4,2,FALSE,TRUE,Some controls missing
100,1112,1,R_5pu6zc8bh0r2nHm,0,0,1,0,0,1,0,0,1,0,0,1,0,0,1,0,1,0,0,1,0,0,0,1,0,1,0,0,0,1,0,0,1,Never,Never,Never,4,2,2,2,2,2,8,10,9,10,10,5,4,3,2,3,2,3,purple,2,2,2,2,2,3,2,3,3,3,1,1,1,1,1,1,1,1,4,3,4,1,2,4,2,1,1,1,1,2,2,2,2,2,2,2,2,2,2,2,3,1,1,1,1,3,4,1,1,2,2,3,3,3,3,3,3,2,3,3,3,3,2,1,4,NA,3,3,3,3,3,4,4,3,2,2,4,4,4,4,4,4,4,4,6,NA,NA,NA,NA,NA,NA,NA,NA,NA,NA,NA,NA,NA,NA,NA,NA,NA,NA,NA,NA,NA,NA,NA,NA,NA,NA,NA,NA,NA,NA,NA,NA,NA,NA,NA,NA,NA,NA,NA,NA,NA,NA,NA,iP3406cc8da09f31d5,NA,NA,C,TRUE,FALSE,TRUE,FALSE,TRUE,TRUE,TRUE,2,1,3,18.533333333333335,0,0,1,1,0,0,0,41,63,34,34,83,28,31,91,71,18,21,20,46,57,62,48,39,58,94,52,62,95,74,100,38,53,76,33,11,20,92,28,14,14,40,38,37,21,66,59,85,76,NA,NA,NA,NA,NA,NA,NA,NA,NA,NA,NA,NA,NA,NA,NA,NA,NA,NA,NA,NA,NA,NA,NA,NA,NA,NA,NA,NA,NA,NA,NA,NA,NA,NA,NA,NA,NA,NA,NA,NA,NA,NA,NA,NA,72,90,83,51,89,82,92,91,92,2,55,0,36,43,28,43,49,44,68,37,18,7,43,0,43,1,FALSE,FALSE,FALSE,FALSE,FALSE,FALSE,0,0,1,0,0,NA,NA,NA,NA,NA,NA,46.666666666666664,-1.0425546767064242,5,3,Rehab (3),1,3,2,2.75,3,3,3,3,3,3,3,3,4,4,4,3,5,4,5,5,FALSE,TRUE,Some controls missing
100,975,1,R_6j27XgLyNFKi4FV,0,0,1,0,0,1,0,1,0,0,0,1,0,1,0,0,0,1,0,0,1,0,1,0,1,1,0,1,1,0,0,0,1,Sometimes,Never,Sometimes,1,NA,NA,NA,NA,NA,NA,NA,NA,NA,NA,NA,NA,NA,NA,NA,NA,NA,NA,NA,NA,NA,NA,NA,NA,NA,NA,NA,NA,NA,NA,NA,NA,NA,NA,NA,NA,NA,NA,NA,NA,NA,NA,NA,NA,NA,NA,NA,NA,NA,NA,NA,NA,NA,NA,NA,NA,NA,NA,NA,NA,NA,NA,NA,NA,NA,NA,NA,NA,NA,NA,NA,NA,NA,NA,NA,NA,NA,NA,NA,NA,NA,NA,NA,NA,NA,NA,NA,NA,NA,NA,NA,NA,NA,NA,NA,NA,NA,NA,NA,NA,NA,NA,NA,NA,NA,NA,NA,NA,NA,NA,NA,NA,NA,NA,NA,NA,NA,NA,NA,NA,NA,NA,NA,NA,NA,NA,NA,NA,NA,NA,NA,NA,NA,NA,NA,NA,NA,NA,NA,NA,NA,NA,NA,NA,NA,NA,iPefc29ef19ebcc8b7,NA,NA,A,FALSE,TRUE,FALSE,FALSE,TRUE,FALSE,FALSE,0,3,1,16.25,0,0,1,1,0,0,0,60,80,60,60,60,60,10,50,80,30,70,70,20,30,40,40,60,60,80,60,40,80,80,70,20,10,40,40,0,60,80,40,30,10,60,80,40,60,40,60,50,60,50,10,60,50,50,50,60,50,50,50,50,50,80,90,20,10,60,70,30,90,60,30,30,NA,NA,NA,NA,NA,NA,NA,NA,NA,NA,NA,NA,NA,NA,NA,NA,NA,NA,NA,NA,NA,NA,NA,NA,NA,NA,NA,NA,NA,NA,NA,NA,NA,NA,NA,NA,NA,NA,NA,NA,NA,NA,NA,145,0,145,1,FALSE,FALSE,FALSE,FALSE,FALSE,FALSE,0,0,1,0,0,NA,NA,NA,NA,NA,NA,38.888888888888886,-1.448505591252404,NA,NA,NA,NA,NA,NA,NA,NA,NA,NA,NA,NA,NA,NA,NA,NA,NA,NA,NA,NA,NA,NA,NA,TRUE,TRUE,No controls
100,1526,1,R_6HS1XhR9rz2ELRI,NA,1,0,NA,0,1,1,1,0,0,0,1,0,1,0,0,0,1,0,0,1,0,0,1,1,1,0,1,1,0,0,1,0,Sometimes,Never,Rarely,4,2,2,-99,2,2,9,10,9,10,10,1,2,3,4,3,5,2,Purple,NA,NA,NA,NA,NA,NA,NA,NA,NA,NA,NA,NA,NA,NA,NA,NA,NA,NA,NA,NA,NA,NA,NA,NA,NA,NA,NA,NA,NA,NA,NA,NA,NA,NA,NA,NA,NA,NA,NA,NA,NA,NA,NA,NA,NA,NA,NA,NA,NA,NA,NA,NA,NA,NA,NA,NA,NA,NA,NA,NA,NA,NA,NA,NA,NA,NA,NA,NA,NA,NA,NA,NA,NA,NA,NA,NA,NA,NA,NA,NA,NA,NA,NA,NA,NA,NA,NA,NA,NA,NA,NA,NA,NA,NA,NA,NA,NA,NA,NA,NA,NA,NA,NA,NA,NA,NA,NA,NA,NA,NA,NA,NA,NA,NA,NA,NA,NA,NA,NA,NA,NA,NA,NA,NA,NA,NA,NA,NA,iP05867c64fbdad62c,NA,NA,B,TRUE,FALSE,TRUE,FALSE,TRUE,TRUE,FALSE,2,1,2,25.433333333333337,0,0,0,1,0,0,0,95,72,70,61,70,44,24,62,77,29,29,40,30,36,75,62,72,25,74,72,36,83,65,100,0,25,42,66,21,41,38,25,36,44,43,56,19,61,40,38,41,67,NA,NA,NA,NA,NA,NA,NA,NA,NA,NA,NA,NA,NA,NA,NA,NA,NA,NA,NA,NA,NA,NA,NA,29,30,71,70,64,30,30,30,66,20,0,65,81,80,86,64,66,86,71,66,40,NA,NA,NA,NA,NA,NA,NA,NA,NA,NA,NA,NA,NA,NA,NA,NA,NA,NA,NA,NA,NA,NA,127,0,127,0,FALSE,FALSE,FALSE,FALSE,FALSE,FALSE,1,NA,NA,1,NA,NA,NA,NA,NA,NA,NA,47.333333333333336,-1.0077588840310543,1,7,Punish (7),3,2.5,2.75,3,NA,NA,NA,NA,NA,NA,NA,NA,NA,NA,NA,4,5,4,5,5,TRUE,TRUE,No controls
100,1649,1,R_6LMvRYi4Px8Qr6N,0,0,1,0,0,1,0,0,1,0,0,1,0,0,1,0,0,1,0,0,1,0,0,1,0,0,1,0,0,1,0,0,1,Never,Never,Never,4,1,2,4,3,2,10,8,10,9,9,5,5,3,3,3,5,2.5,"""purple""",NA,NA,NA,NA,NA,NA,NA,NA,NA,NA,NA,NA,NA,NA,NA,NA,NA,NA,NA,NA,NA,NA,NA,NA,NA,NA,NA,NA,NA,NA,NA,NA,NA,NA,NA,NA,NA,NA,NA,NA,NA,NA,NA,NA,NA,NA,NA,NA,NA,NA,NA,NA,NA,NA,NA,NA,NA,NA,NA,NA,NA,NA,NA,NA,NA,NA,NA,NA,NA,NA,NA,NA,NA,NA,NA,NA,NA,NA,NA,NA,NA,NA,NA,NA,NA,NA,NA,NA,NA,NA,NA,NA,NA,NA,NA,NA,NA,NA,NA,NA,NA,NA,NA,NA,NA,NA,NA,NA,NA,NA,NA,NA,NA,NA,NA,NA,NA,NA,NA,NA,NA,NA,NA,NA,NA,NA,NA,NA,iP54eb5bdf4f34fb15,NA,NA,C,TRUE,FALSE,TRUE,FALSE,TRUE,TRUE,FALSE,2,1,2,27.483333333333334,0,0,0,1,0,0,0,60,60,60,60,60,60,29,60,60,60,15,50,45,58,50,60,60,60,60,70,60,60,60,60,0,20,75,60,15,60,60,20,15,40,50,60,60,50,50,50,55,50,NA,NA,NA,NA,NA,NA,NA,NA,NA,NA,NA,NA,NA,NA,NA,NA,NA,NA,NA,NA,NA,NA,NA,NA,NA,NA,NA,NA,NA,NA,NA,NA,NA,NA,NA,NA,NA,NA,NA,NA,NA,NA,NA,NA,60,60,60,60,60,80,80,60,61,15,60,10,30,60,60,70,70,60,60,60,20,25,127,0,127,0,FALSE,FALSE,FALSE,FALSE,FALSE,FALSE,0,0,1,0,0,NA,NA,NA,NA,NA,NA,55.888888888888886,-0.5612128780304769,5,3,Rehab (3),2.5,2.5,2.5,2.875,NA,NA,NA,NA,NA,NA,NA,NA,NA,NA,NA,5,3,5,4,4,TRUE,TRUE,No controls
100,3185,1,R_6ptEDoO8gMhg8BP,0,0,1,0,0,1,0,1,0,0,0,1,0,1,0,0,0,1,0,1,0,-99,-99,-99,0,0,1,0,1,0,0,0,1,Sometimes,Never,Rarely,4,2,1,1,1,-99,8,7,7,6,8,4,5,3,3,NA,4,NA,purple,NA,NA,NA,NA,NA,NA,NA,NA,NA,NA,NA,NA,NA,NA,NA,NA,NA,NA,NA,NA,NA,NA,NA,NA,NA,NA,NA,NA,NA,NA,NA,NA,NA,NA,NA,NA,NA,NA,NA,NA,NA,NA,NA,NA,NA,NA,NA,NA,NA,NA,NA,NA,NA,NA,NA,NA,NA,NA,NA,NA,NA,NA,NA,NA,NA,NA,NA,NA,NA,NA,NA,NA,NA,NA,NA,NA,NA,NA,NA,NA,NA,NA,NA,NA,NA,NA,NA,NA,NA,NA,NA,NA,NA,NA,NA,NA,NA,NA,NA,NA,NA,NA,NA,NA,NA,NA,NA,NA,NA,NA,NA,NA,NA,NA,NA,NA,NA,NA,NA,NA,NA,NA,NA,NA,NA,NA,NA,NA,iP95e8c644df18f2c8,NA,NA,C,TRUE,FALSE,TRUE,FALSE,TRUE,TRUE,FALSE,2,1,2,53.083333333333336,0,0,0,0,1,0,0,100,100,100,100,100,100,67,67,20,0,0,0,74,76,35,76,100,74,90,79,50,100,35,100,52,50,73,0,0,87,100,0,0,0,80,100,28,75,61,69,81,77,NA,NA,NA,NA,NA,NA,NA,NA,NA,NA,NA,NA,NA,NA,NA,NA,NA,NA,NA,NA,NA,NA,NA,NA,NA,NA,NA,NA,NA,NA,NA,NA,NA,NA,NA,NA,NA,NA,NA,NA,NA,NA,NA,NA,100,100,100,61,100,100,100,100,100,0,92,0,26,98,27,69,85,0,82,50,50,50,127,0,127,0,FALSE,FALSE,FALSE,FALSE,FALSE,FALSE,0,0,1,0,0,NA,NA,NA,NA,NA,NA,61.333333333333336,-0.27704723784829094,4,4,Neutral (4),2.5,1,1.75,3,NA,NA,NA,NA,NA,NA,NA,NA,NA,NA,NA,3,2,2,1,3,TRUE,TRUE,No controls
100,1959,1,R_3pPxph5TxspHjEq,NA,NA,1,1,0,0,0,1,0,0,0,1,1,0,0,0,0,1,0,0,1,1,1,0,1,0,0,0,0,1,1,0,0,Frequently,Rarely,Sometimes,4,1,1,1,1,1,10,8,10,10,10,5,5,2,3,4,1,2.5,Purple,NA,NA,NA,NA,NA,NA,NA,NA,NA,NA,NA,NA,NA,NA,NA,NA,NA,NA,NA,NA,NA,NA,NA,NA,NA,NA,NA,NA,NA,NA,NA,NA,NA,NA,NA,NA,NA,NA,NA,NA,NA,NA,NA,NA,NA,NA,NA,NA,NA,NA,NA,NA,NA,NA,NA,NA,NA,NA,NA,NA,NA,NA,NA,NA,NA,NA,NA,NA,NA,NA,NA,NA,NA,NA,NA,NA,NA,NA,NA,NA,NA,NA,NA,NA,NA,NA,NA,NA,NA,NA,NA,NA,NA,NA,NA,NA,NA,NA,NA,NA,NA,NA,NA,NA,NA,NA,NA,NA,NA,NA,NA,NA,NA,NA,NA,NA,NA,NA,NA,NA,NA,NA,NA,NA,NA,NA,NA,NA,iP3044ed65d6a6feb5,NA,NA,C,TRUE,FALSE,TRUE,FALSE,TRUE,TRUE,FALSE,2,1,2,32.65,0,0,0,0,0,0,0,98,96,89,62,70,77,41,89,31,51,91,91,93,90,91,90,89,43,14,93,4,89,88,88,21,44,93,70,39,24,62,78,67,36,5,6,5,8,3,5,71,40,NA,NA,NA,NA,NA,NA,NA,NA,NA,NA,NA,NA,NA,NA,NA,NA,NA,NA,NA,NA,NA,NA,NA,NA,NA,NA,NA,NA,NA,NA,NA,NA,NA,NA,NA,NA,NA,NA,NA,NA,NA,NA,NA,NA,78,93,21,61,94,93,98,94,91,1,96,5,54,46,71,94,94,90,93,82,90,91,127,0,127,0,FALSE,FALSE,FALSE,FALSE,FALSE,FALSE,1,NA,1,NA,1,NA,NA,NA,NA,NA,NA,77.77777777777777,0.5812489814774942,5,3,Rehab (3),2.5,4,3.25,2.875,NA,NA,NA,NA,NA,NA,NA,NA,NA,NA,NA,5,3,5,5,5,TRUE,TRUE,No controls
100,3461,1,R_6TKPOLyghBwQEHW,NA,1,0,1,0,0,0,1,0,0,1,0,0,1,0,1,0,0,0,1,0,1,0,0,0,1,0,0,0,1,0,1,0,Frequently,Sometimes,Sometimes,3,NA,NA,NA,NA,NA,NA,NA,NA,NA,NA,NA,NA,NA,NA,NA,NA,NA,NA,NA,NA,NA,NA,NA,NA,NA,NA,NA,NA,NA,NA,NA,NA,NA,NA,NA,NA,NA,NA,NA,NA,NA,NA,NA,NA,NA,NA,NA,NA,NA,NA,NA,NA,NA,NA,NA,NA,NA,NA,NA,NA,NA,NA,NA,NA,NA,NA,NA,NA,NA,NA,NA,NA,NA,NA,NA,NA,NA,NA,NA,NA,NA,NA,NA,NA,NA,NA,NA,NA,NA,NA,NA,NA,NA,NA,NA,NA,NA,NA,NA,NA,NA,NA,NA,NA,NA,NA,NA,NA,NA,NA,NA,NA,NA,NA,NA,NA,NA,NA,NA,NA,NA,NA,NA,NA,NA,NA,NA,NA,NA,NA,NA,NA,NA,NA,NA,NA,NA,NA,NA,NA,NA,NA,NA,NA,NA,NA,iPd8edb32fd96243bd,NA,NA,A,FALSE,FALSE,FALSE,FALSE,TRUE,FALSE,FALSE,0,3,1,57.68333333333333,0,0,0,0,1,0,0,80,80,80,80,80,70,80,80,60,80,70,70,80,80,90,80,30,80,80,70,70,80,70,70,80,70,60,70,70,80,30,30,70,70,70,70,80,80,70,70,80,80,80,80,80,70,70,80,80,60,70,70,80,80,70,70,80,90,80,80,70,80,80,70,70,NA,NA,NA,NA,NA,NA,NA,NA,NA,NA,NA,NA,NA,NA,NA,NA,NA,NA,NA,NA,NA,NA,NA,NA,NA,NA,NA,NA,NA,NA,NA,NA,NA,NA,NA,NA,NA,NA,NA,NA,NA,NA,NA,145,0,145,1,FALSE,FALSE,FALSE,FALSE,FALSE,FALSE,1,NA,NA,1,1,NA,NA,NA,NA,NA,NA,68.88888888888889,0.11730507913923184,NA,NA,NA,NA,NA,NA,NA,NA,NA,NA,NA,NA,NA,NA,NA,NA,NA,NA,NA,NA,NA,NA,NA,TRUE,TRUE,No controls
100,670,1,R_3k5OX3Cl9OLRunE,1,NA,0,NA,1,0,1,0,0,1,0,0,0,0,1,1,0,0,1,0,0,1,1,0,1,1,0,0,1,0,0,1,0,Sometimes,Frequently,Frequently,4,1,3,2,2,1,6,7,6,7,6,5,1,2,3,3,1,3,purple,4,2,2,2,2,1,3,2,2,1,1,1,1,2,1,1,2,1,1,2,2,1,3,2,3,2,1,1,1,1,1,2,3,3,2,2,1,2,1,2,1,1,2,1,2,1,2,1,2,1,1,4,3,4,2,4,4,3,3,3,3,2,2,2,2,NA,1,1,1,1,2,2,2,2,4,4,4,4,4,5,4,4,6,4,5,NA,NA,NA,NA,NA,NA,NA,NA,NA,NA,NA,NA,NA,NA,NA,NA,NA,NA,NA,NA,NA,NA,NA,NA,NA,NA,NA,NA,NA,NA,NA,NA,NA,NA,NA,NA,NA,NA,NA,NA,NA,NA,NA,iPe08b5f4623476299,NA,NA,C,TRUE,FALSE,TRUE,FALSE,TRUE,TRUE,TRUE,2,1,3,11.166666666666666,0,1,1,1,0,0,0,92,76,83,92,82,85,84,90,87,77,87,89,80,82,78,78,84,80,78,87,79,87,83,89,83,93,91,93,90,92,76,84,81,90,81,86,83,84,88,93,89,80,NA,NA,NA,NA,NA,NA,NA,NA,NA,NA,NA,NA,NA,NA,NA,NA,NA,NA,NA,NA,NA,NA,NA,NA,NA,NA,NA,NA,NA,NA,NA,NA,NA,NA,NA,NA,NA,NA,NA,NA,NA,NA,NA,NA,89,84,84,90,77,75,85,90,92,86,90,84,90,82,91,45,83,88,76,84,87,92,43,0,43,1,FALSE,FALSE,FALSE,FALSE,FALSE,FALSE,1,1,NA,NA,NA,NA,NA,NA,NA,NA,NA,85,0.9582034021273328,5,3,Rehab (3),4,4,4,2.75,3,3,3,1,3,3,1,2,4,1,2.5,1,2,1,2,1,FALSE,TRUE,Some controls missing
100,780,1,R_1NeNAqjJonkwJI0,0,0,1,0,0,1,0,1,0,0,0,1,0,1,0,0,1,0,0,0,1,0,0,1,0,1,0,0,1,0,0,0,1,Never,Never,Never,4,2,2,2,2,2,7,8,9,9,10,2,2,2.5,3,3,2,2.5,Purple,NA,NA,NA,NA,NA,NA,NA,NA,NA,NA,NA,NA,NA,NA,NA,NA,NA,NA,NA,NA,NA,NA,NA,NA,NA,NA,NA,NA,NA,NA,NA,NA,NA,NA,NA,NA,NA,NA,NA,NA,NA,NA,NA,NA,NA,NA,NA,NA,NA,NA,NA,NA,NA,NA,NA,NA,NA,NA,NA,NA,NA,NA,NA,NA,NA,NA,NA,NA,NA,NA,NA,NA,NA,NA,NA,NA,NA,NA,NA,NA,NA,NA,NA,NA,NA,NA,NA,NA,NA,NA,NA,NA,NA,NA,NA,NA,NA,NA,NA,NA,NA,NA,NA,NA,NA,NA,NA,NA,NA,NA,NA,NA,NA,NA,NA,NA,NA,NA,NA,NA,NA,NA,NA,NA,NA,NA,NA,NA,iP4cf28a2ee49c9a86,NA,NA,A,TRUE,FALSE,TRUE,FALSE,TRUE,TRUE,FALSE,2,1,2,13,0,0,1,1,0,0,0,70,60,80,80,40,70,60,50,50,60,70,60,60,60,70,60,50,70,60,50,40,60,60,50,30,60,60,30,60,60,70,60,70,60,50,60,70,40,70,50,70,50,70,70,50,40,80,60,70,10,70,80,80,50,50,60,50,60,60,50,60,60,70,70,70,NA,NA,NA,NA,NA,NA,NA,NA,NA,NA,NA,NA,NA,NA,NA,NA,NA,NA,NA,NA,NA,NA,NA,NA,NA,NA,NA,NA,NA,NA,NA,NA,NA,NA,NA,NA,NA,NA,NA,NA,NA,NA,NA,127,0,127,0,FALSE,FALSE,FALSE,FALSE,FALSE,FALSE,0,0,1,0,0,NA,NA,NA,NA,NA,NA,55.55555555555556,-0.5786107743681616,2,6,Punish (6),3,3,3,2.75,NA,NA,NA,NA,NA,NA,NA,NA,NA,NA,NA,2,3,4,4,5,TRUE,TRUE,No controls
100,5488,1,R_1EsdUiEB5EOBndH,1,NA,0,1,0,0,1,0,0,0,0,1,0,0,1,0,0,1,0,0,1,1,0,0,1,0,0,1,0,0,0,0,1,Sometimes,Sometimes,Sometimes,4,2,2,2,2,2,6,8,8,9,8,3,3,3,3,3,3,2,Purple,NA,NA,NA,NA,NA,NA,NA,NA,NA,NA,NA,NA,NA,NA,NA,NA,NA,NA,NA,NA,NA,NA,NA,NA,NA,NA,NA,NA,NA,NA,NA,NA,NA,NA,NA,NA,NA,NA,NA,NA,NA,NA,NA,NA,NA,NA,NA,NA,NA,NA,NA,NA,NA,NA,NA,NA,NA,NA,NA,NA,NA,NA,NA,NA,NA,NA,NA,NA,NA,NA,NA,NA,NA,NA,NA,NA,NA,NA,NA,NA,NA,NA,NA,NA,NA,NA,NA,NA,NA,NA,NA,NA,NA,NA,NA,NA,NA,NA,NA,NA,NA,NA,NA,NA,NA,NA,NA,NA,NA,NA,NA,NA,NA,NA,NA,NA,NA,NA,NA,NA,NA,NA,NA,NA,NA,NA,NA,NA,iPb5031d727f19818d,NA,NA,C,TRUE,FALSE,TRUE,FALSE,TRUE,TRUE,FALSE,2,1,2,91.46666666666668,0,0,0,0,1,0,0,35,7,10,15,10,17,16,8,4,8,12,10,9,10,10,9,2,10,24,12,16,38,10,22,65,16,10,10,9,7,12,27,10,9,24,7,8,6,20,17,22,5,NA,NA,NA,NA,NA,NA,NA,NA,NA,NA,NA,NA,NA,NA,NA,NA,NA,NA,NA,NA,NA,NA,NA,NA,NA,NA,NA,NA,NA,NA,NA,NA,NA,NA,NA,NA,NA,NA,NA,NA,NA,NA,NA,NA,9,10,18,9,4,0,49,14,10,3,9,0,9,3,6,19,28,7,17,12,1,13,127,0,127,0,FALSE,FALSE,FALSE,FALSE,FALSE,FALSE,1,1,NA,NA,1,NA,NA,NA,NA,NA,NA,9,-3.008516962864811,3,5,Punish (5),2,2,2,2.75,NA,NA,NA,NA,NA,NA,NA,NA,NA,NA,NA,1,3,3,4,3,TRUE,TRUE,No controls
100,3402,1,R_7PBj8lIypiTl1Iq,NA,1,0,NA,1,0,0,0,1,0,1,0,1,0,0,0,1,0,1,0,0,0,1,0,1,1,0,1,1,0,0,0,1,Frequently,Never,Sometimes,4,1,1,1,1,1,9,10,10,10,10,2,2,3,3,4,2,3,Purple,NA,NA,NA,NA,NA,NA,NA,NA,NA,NA,NA,NA,NA,NA,NA,NA,NA,NA,NA,NA,NA,NA,NA,NA,NA,NA,NA,NA,NA,NA,NA,NA,NA,NA,NA,NA,NA,NA,NA,NA,NA,NA,NA,NA,NA,NA,NA,NA,NA,NA,NA,NA,NA,NA,NA,NA,NA,NA,NA,NA,NA,NA,NA,NA,NA,NA,NA,NA,NA,NA,NA,NA,NA,NA,NA,NA,NA,NA,NA,NA,NA,NA,NA,NA,NA,NA,NA,NA,NA,NA,NA,NA,NA,NA,NA,NA,NA,NA,NA,NA,NA,NA,NA,NA,NA,NA,NA,NA,NA,NA,NA,NA,NA,NA,NA,NA,NA,NA,NA,NA,NA,NA,NA,NA,NA,NA,NA,NA,iP22e9679dda37e0fa,NA,NA,B,TRUE,FALSE,TRUE,FALSE,TRUE,TRUE,FALSE,2,1,2,56.7,0,0,0,0,1,0,0,72,100,85,84,59,72,64,88,90,59,100,100,73,99,100,100,100,100,32,100,5,100,100,63,22,56,100,100,57,50,100,100,100,100,0,16,0,0,0,0,22,100,NA,NA,NA,NA,NA,NA,NA,NA,NA,NA,NA,NA,NA,NA,NA,NA,NA,NA,NA,NA,NA,NA,NA,100,0,80,86,62,0,81,0,100,85,0,73,81,89,81,100,100,60,60,0,53,NA,NA,NA,NA,NA,NA,NA,NA,NA,NA,NA,NA,NA,NA,NA,NA,NA,NA,NA,NA,NA,NA,127,0,127,0,FALSE,FALSE,FALSE,FALSE,FALSE,FALSE,1,NA,NA,1,NA,NA,NA,NA,NA,NA,NA,92.11111111111111,1.3293585239979429,2,6,Punish (6),3,3,3,3.25,NA,NA,NA,NA,NA,NA,NA,NA,NA,NA,NA,4,5,5,5,5,TRUE,TRUE,No controls
100,1735,1,R_3o04ikldeN0JGqB,0,0,1,0,0,1,0,0,1,0,0,1,0,0,1,0,0,1,0,0,1,0,0,1,0,0,1,0,0,1,0,0,1,Never,Never,Never,4,1,1,1,1,2,9,10,10,10,10,1,5,3,2.5,3,1,2.5,"""purple""",NA,NA,NA,NA,NA,NA,NA,NA,NA,NA,NA,NA,NA,NA,NA,NA,NA,NA,NA,NA,NA,NA,NA,NA,NA,NA,NA,NA,NA,NA,NA,NA,NA,NA,NA,NA,NA,NA,NA,NA,NA,NA,NA,NA,NA,NA,NA,NA,NA,NA,NA,NA,NA,NA,NA,NA,NA,NA,NA,NA,NA,NA,NA,NA,NA,NA,NA,NA,NA,NA,NA,NA,NA,NA,NA,NA,NA,NA,NA,NA,NA,NA,NA,NA,NA,NA,NA,NA,NA,NA,NA,NA,NA,NA,NA,NA,NA,NA,NA,NA,NA,NA,NA,NA,NA,NA,NA,NA,NA,NA,NA,NA,NA,NA,NA,NA,NA,NA,NA,NA,NA,NA,NA,NA,NA,NA,NA,NA,iP81bb9ac18ad47912,NA,NA,C,TRUE,FALSE,TRUE,FALSE,TRUE,TRUE,FALSE,2,1,2,28.916666666666668,0,0,0,1,0,0,0,100,75,65,40,50,50,10,80,50,50,50,50,50,65,50,85,100,90,28,100,0,100,50,100,0,11,85,40,15,0,100,32,40,50,0,70,22,10,50,0,100,75,NA,NA,NA,NA,NA,NA,NA,NA,NA,NA,NA,NA,NA,NA,NA,NA,NA,NA,NA,NA,NA,NA,NA,NA,NA,NA,NA,NA,NA,NA,NA,NA,NA,NA,NA,NA,NA,NA,NA,NA,NA,NA,NA,NA,76,100,84,50,50,100,100,100,100,0,100,0,50,100,50,100,100,66,100,65,25,30,127,0,127,0,FALSE,FALSE,FALSE,FALSE,FALSE,FALSE,0,0,1,0,0,NA,NA,NA,NA,NA,NA,70,0.1752980669315148,1,7,Punish (7),2.5,4,3.25,2.75,NA,NA,NA,NA,NA,NA,NA,NA,NA,NA,NA,4,5,5,5,5,TRUE,TRUE,No controls
100,896,1,R_71hnfE4uPnuzwKx,0,0,1,0,1,0,0,0,1,0,0,1,0,0,1,0,0,1,0,0,1,0,0,1,0,0,1,0,0,1,0,0,1,Never,Never,Never,4,2,2,4,2,2,8,8,8,8,9,3,1,1,1,3,3,3,Purple,NA,NA,NA,NA,NA,NA,NA,NA,NA,NA,NA,NA,NA,NA,NA,NA,NA,NA,NA,NA,NA,NA,NA,NA,NA,NA,NA,NA,NA,NA,NA,NA,NA,NA,NA,NA,NA,NA,NA,NA,NA,NA,NA,NA,NA,NA,NA,NA,NA,NA,NA,NA,NA,NA,NA,NA,NA,NA,NA,NA,NA,NA,NA,NA,NA,NA,NA,NA,NA,NA,NA,NA,NA,NA,NA,NA,NA,NA,NA,NA,NA,NA,NA,NA,NA,NA,NA,NA,NA,NA,NA,NA,NA,NA,NA,NA,NA,NA,NA,NA,NA,NA,NA,NA,NA,NA,NA,NA,NA,NA,NA,NA,NA,NA,NA,NA,NA,NA,NA,NA,NA,NA,NA,NA,NA,NA,NA,NA,iP3e93e0639da65c41,NA,NA,B,TRUE,FALSE,TRUE,FALSE,TRUE,TRUE,FALSE,2,1,2,14.933333333333334,0,0,1,1,0,0,0,40,71,61,64,68,40,31,56,19,17,5,4,6,16,30,34,56,46,88,66,68,78,62,87,1,38,35,58,1,87,69,5,3,29,82,76,24,61,59,70,64,65,NA,NA,NA,NA,NA,NA,NA,NA,NA,NA,NA,NA,NA,NA,NA,NA,NA,NA,NA,NA,NA,NA,NA,5,73,73,63,63,77,7,66,5,4,44,39,95,99,97,74,88,73,7,85,45,NA,NA,NA,NA,NA,NA,NA,NA,NA,NA,NA,NA,NA,NA,NA,NA,NA,NA,NA,NA,NA,NA,127,0,127,0,FALSE,FALSE,FALSE,FALSE,FALSE,FALSE,0,0,1,0,0,NA,NA,NA,NA,NA,NA,35.333333333333336,-1.6340831521877086,3,5,Punish (5),4,2,3,2,NA,NA,NA,NA,NA,NA,NA,NA,NA,NA,NA,3,3,3,3,4,TRUE,TRUE,No controls
100,636,1,R_1KJ7I7VbKAr6Mfb,NA,1,0,1,0,0,1,0,0,0,1,0,1,0,0,0,0,1,0,0,1,0,0,1,1,0,0,1,0,0,0,0,1,Rarely,Sometimes,Sometimes,1,NA,NA,NA,NA,NA,NA,NA,NA,NA,NA,NA,NA,NA,NA,NA,NA,NA,NA,NA,NA,NA,NA,NA,NA,NA,NA,NA,NA,NA,NA,NA,NA,NA,NA,NA,NA,NA,NA,NA,NA,NA,NA,NA,NA,NA,NA,NA,NA,NA,NA,NA,NA,NA,NA,NA,NA,NA,NA,NA,NA,NA,NA,NA,NA,NA,NA,NA,NA,NA,NA,NA,NA,NA,NA,NA,NA,NA,NA,NA,NA,NA,NA,NA,NA,NA,NA,NA,NA,NA,NA,NA,NA,NA,NA,NA,NA,NA,NA,NA,NA,NA,NA,NA,NA,NA,NA,NA,NA,NA,NA,NA,NA,NA,NA,NA,NA,NA,NA,NA,NA,NA,NA,NA,NA,NA,NA,NA,NA,NA,NA,NA,NA,NA,NA,NA,NA,NA,NA,NA,NA,NA,NA,NA,NA,NA,NA,iPf1257a4806411846,NA,NA,A,FALSE,TRUE,FALSE,FALSE,TRUE,FALSE,FALSE,0,3,1,10.6,0,1,1,1,0,0,0,60,90,30,60,70,70,70,30,80,20,80,0,30,30,80,30,80,30,90,60,20,100,70,100,10,30,60,70,40,30,90,0,20,20,20,20,20,30,30,30,30,80,70,90,90,0,20,90,80,90,20,70,0,10,100,90,0,20,80,70,20,80,80,10,80,NA,NA,NA,NA,NA,NA,NA,NA,NA,NA,NA,NA,NA,NA,NA,NA,NA,NA,NA,NA,NA,NA,NA,NA,NA,NA,NA,NA,NA,NA,NA,NA,NA,NA,NA,NA,NA,NA,NA,NA,NA,NA,NA,145,0,145,1,FALSE,FALSE,FALSE,FALSE,FALSE,FALSE,1,NA,NA,1,1,NA,NA,NA,NA,NA,NA,47.77777777777778,-0.9845616889141412,NA,NA,NA,NA,NA,NA,NA,NA,NA,NA,NA,NA,NA,NA,NA,NA,NA,NA,NA,NA,NA,NA,NA,TRUE,TRUE,No controls
100,1250,1,R_3mLEeHmkCXzjoE8,0,0,1,0,0,1,0,1,0,0,0,1,0,0,1,0,0,1,0,1,0,0,0,1,0,0,1,0,0,1,0,0,1,Sometimes,Never,Never,1,NA,NA,NA,NA,NA,NA,NA,NA,NA,NA,NA,NA,NA,NA,NA,NA,NA,NA,NA,NA,NA,NA,NA,NA,NA,NA,NA,NA,NA,NA,NA,NA,NA,NA,NA,NA,NA,NA,NA,NA,NA,NA,NA,NA,NA,NA,NA,NA,NA,NA,NA,NA,NA,NA,NA,NA,NA,NA,NA,NA,NA,NA,NA,NA,NA,NA,NA,NA,NA,NA,NA,NA,NA,NA,NA,NA,NA,NA,NA,NA,NA,NA,NA,NA,NA,NA,NA,NA,NA,NA,NA,NA,NA,NA,NA,NA,NA,NA,NA,NA,NA,NA,NA,NA,NA,NA,NA,NA,NA,NA,NA,NA,NA,NA,NA,NA,NA,NA,NA,NA,NA,NA,NA,NA,NA,NA,NA,NA,NA,NA,NA,NA,NA,NA,NA,NA,NA,NA,NA,NA,NA,NA,NA,NA,NA,NA,iP73feee18f96fbeb7,NA,NA,A,FALSE,TRUE,FALSE,FALSE,TRUE,FALSE,FALSE,0,3,1,20.833333333333332,0,0,0,1,0,0,0,80,0,50,60,50,50,40,80,30,0,10,10,50,70,70,50,60,20,100,70,50,80,60,70,0,20,60,50,0,100,70,0,0,0,90,90,50,100,60,50,50,60,20,20,30,10,70,70,50,0,20,80,80,20,50,50,0,10,70,80,10,80,70,80,70,NA,NA,NA,NA,NA,NA,NA,NA,NA,NA,NA,NA,NA,NA,NA,NA,NA,NA,NA,NA,NA,NA,NA,NA,NA,NA,NA,NA,NA,NA,NA,NA,NA,NA,NA,NA,NA,NA,NA,NA,NA,NA,NA,145,0,145,1,FALSE,FALSE,FALSE,FALSE,FALSE,FALSE,0,0,1,0,0,NA,NA,NA,NA,NA,NA,47.77777777777778,-0.9845616889141412,NA,NA,NA,NA,NA,NA,NA,NA,NA,NA,NA,NA,NA,NA,NA,NA,NA,NA,NA,NA,NA,NA,NA,TRUE,TRUE,No controls
100,1693,1,R_5QERSG2tDRwgYmJ,NA,1,0,NA,0,1,0,1,0,0,0,1,0,1,0,0,0,1,0,0,1,0,0,1,0,1,0,0,1,0,0,0,1,Rarely,Never,Never,4,1,1,2,1,1,10,10,10,10,10,4,3,3,3,3,2,3,Purple,NA,NA,NA,NA,NA,NA,NA,NA,NA,NA,NA,NA,NA,NA,NA,NA,NA,NA,NA,NA,NA,NA,NA,NA,NA,NA,NA,NA,NA,NA,NA,NA,NA,NA,NA,NA,NA,NA,NA,NA,NA,NA,NA,NA,NA,NA,NA,NA,NA,NA,NA,NA,NA,NA,NA,NA,NA,NA,NA,NA,NA,NA,NA,NA,NA,NA,NA,NA,NA,NA,NA,NA,NA,NA,NA,NA,NA,NA,NA,NA,NA,NA,NA,NA,NA,NA,NA,NA,NA,NA,NA,NA,NA,NA,NA,NA,NA,NA,NA,NA,NA,NA,NA,NA,NA,NA,NA,NA,NA,NA,NA,NA,NA,NA,NA,NA,NA,NA,NA,NA,NA,NA,NA,NA,NA,NA,NA,NA,iP58498ecd5b587810,NA,NA,A,TRUE,FALSE,TRUE,FALSE,TRUE,TRUE,FALSE,2,1,2,28.216666666666665,0,0,0,1,0,0,0,100,100,100,100,50,90,100,100,100,100,100,100,50,50,100,100,100,90,50,100,10,100,50,100,0,50,100,100,100,100,100,90,100,100,100,50,50,50,0,0,50,90,100,100,100,0,80,50,100,100,100,100,100,50,100,100,10,90,50,50,10,100,100,100,80,NA,NA,NA,NA,NA,NA,NA,NA,NA,NA,NA,NA,NA,NA,NA,NA,NA,NA,NA,NA,NA,NA,NA,NA,NA,NA,NA,NA,NA,NA,NA,NA,NA,NA,NA,NA,NA,NA,NA,NA,NA,NA,NA,127,0,127,0,FALSE,FALSE,FALSE,FALSE,FALSE,FALSE,1,NA,NA,1,NA,NA,NA,NA,NA,NA,NA,87.77777777777777,1.1031858716080394,4,4,Neutral (4),2,3,2.5,3,NA,NA,NA,NA,NA,NA,NA,NA,NA,NA,NA,5,5,5,5,5,TRUE,TRUE,No controls
100,847,1,R_11zznxllwvqh1bH,NA,1,0,1,1,0,0,1,0,1,0,0,1,1,0,0,0,1,0,1,0,0,1,0,1,1,0,1,1,0,0,1,0,Sometimes,Never,Rarely,1,NA,NA,NA,NA,NA,NA,NA,NA,NA,NA,NA,NA,NA,NA,NA,NA,NA,NA,NA,NA,NA,NA,NA,NA,NA,NA,NA,NA,NA,NA,NA,NA,NA,NA,NA,NA,NA,NA,NA,NA,NA,NA,NA,NA,NA,NA,NA,NA,NA,NA,NA,NA,NA,NA,NA,NA,NA,NA,NA,NA,NA,NA,NA,NA,NA,NA,NA,NA,NA,NA,NA,NA,NA,NA,NA,NA,NA,NA,NA,NA,NA,NA,NA,NA,NA,NA,NA,NA,NA,NA,NA,NA,NA,NA,NA,NA,NA,NA,NA,NA,NA,NA,NA,NA,NA,NA,NA,NA,NA,NA,NA,NA,NA,NA,NA,NA,NA,NA,NA,NA,NA,NA,NA,NA,NA,NA,NA,NA,NA,NA,NA,NA,NA,NA,NA,NA,NA,NA,NA,NA,NA,NA,NA,NA,NA,NA,iP1d0f75ad6de35f95,NA,NA,A,FALSE,TRUE,FALSE,FALSE,TRUE,FALSE,FALSE,0,3,1,14.116666666666667,0,0,1,1,0,0,0,100,100,100,100,100,100,100,100,100,100,100,100,100,100,100,100,100,100,100,100,100,100,100,100,100,100,100,100,100,100,100,100,100,100,100,100,100,100,100,100,100,100,100,100,100,100,100,100,100,100,100,100,100,100,100,100,100,100,100,100,100,100,100,100,100,NA,NA,NA,NA,NA,NA,NA,NA,NA,NA,NA,NA,NA,NA,NA,NA,NA,NA,NA,NA,NA,NA,NA,NA,NA,NA,NA,NA,NA,NA,NA,NA,NA,NA,NA,NA,NA,NA,NA,NA,NA,NA,NA,145,0,145,1,FALSE,FALSE,FALSE,FALSE,FALSE,FALSE,1,NA,NA,1,1,NA,NA,NA,NA,NA,NA,100,1.7411087373231504,NA,NA,NA,NA,NA,NA,NA,NA,NA,NA,NA,NA,NA,NA,NA,NA,NA,NA,NA,NA,NA,NA,NA,TRUE,TRUE,No controls
100,967,1,R_5wpBkVWAcxEjozd,0,0,1,0,1,0,0,1,0,0,1,0,0,1,0,0,0,1,1,1,0,0,1,0,0,1,0,0,1,0,0,0,1,Sometimes,Never,Rarely,1,NA,NA,NA,NA,NA,NA,NA,NA,NA,NA,NA,NA,NA,NA,NA,NA,NA,NA,NA,NA,NA,NA,NA,NA,NA,NA,NA,NA,NA,NA,NA,NA,NA,NA,NA,NA,NA,NA,NA,NA,NA,NA,NA,NA,NA,NA,NA,NA,NA,NA,NA,NA,NA,NA,NA,NA,NA,NA,NA,NA,NA,NA,NA,NA,NA,NA,NA,NA,NA,NA,NA,NA,NA,NA,NA,NA,NA,NA,NA,NA,NA,NA,NA,NA,NA,NA,NA,NA,NA,NA,NA,NA,NA,NA,NA,NA,NA,NA,NA,NA,NA,NA,NA,NA,NA,NA,NA,NA,NA,NA,NA,NA,NA,NA,NA,NA,NA,NA,NA,NA,NA,NA,NA,NA,NA,NA,NA,NA,NA,NA,NA,NA,NA,NA,NA,NA,NA,NA,NA,NA,NA,NA,NA,NA,NA,NA,iP2cdc37747bf0d006,NA,NA,C,FALSE,TRUE,FALSE,FALSE,TRUE,FALSE,FALSE,0,3,1,16.116666666666667,0,0,1,1,0,0,0,51,70,51,51,51,51,51,51,51,51,51,86,51,51,51,51,77,51,51,55,0,67,51,100,40,51,51,51,51,50,51,51,51,79,32,51,50,0,0,0,0,33,NA,NA,NA,NA,NA,NA,NA,NA,NA,NA,NA,NA,NA,NA,NA,NA,NA,NA,NA,NA,NA,NA,NA,NA,NA,NA,NA,NA,NA,NA,NA,NA,NA,NA,NA,NA,NA,NA,NA,NA,NA,NA,NA,NA,51,51,51,51,51,51,89,81,51,30,51,50,51,51,51,88,84,51,51,51,51,51,145,0,145,1,FALSE,FALSE,FALSE,FALSE,FALSE,FALSE,0,0,1,0,0,NA,NA,NA,NA,NA,NA,54.333333333333336,-0.6424030609396726,NA,NA,NA,NA,NA,NA,NA,NA,NA,NA,NA,NA,NA,NA,NA,NA,NA,NA,NA,NA,NA,NA,NA,TRUE,TRUE,No controls
100,662,1,R_6xPog9neYHABYgD,NA,1,0,1,1,0,0,1,0,0,0,1,1,1,0,0,0,1,0,1,0,1,1,0,1,1,0,1,1,0,0,0,1,Frequently,Frequently,Frequently,4,1,1,-99,-99,4,10,9,10,10,8,7,1,1,1,1,1,1,Purple,NA,NA,NA,NA,NA,NA,NA,NA,NA,NA,NA,NA,NA,NA,NA,NA,NA,NA,NA,NA,NA,NA,NA,NA,NA,NA,NA,NA,NA,NA,NA,NA,NA,NA,NA,NA,NA,NA,NA,NA,NA,NA,NA,NA,NA,NA,NA,NA,NA,NA,NA,NA,NA,NA,NA,NA,NA,NA,NA,NA,NA,NA,NA,NA,NA,NA,NA,NA,NA,NA,NA,NA,NA,NA,NA,NA,NA,NA,NA,NA,NA,NA,NA,NA,NA,NA,NA,NA,NA,NA,NA,NA,NA,NA,NA,NA,NA,NA,NA,NA,NA,NA,NA,NA,NA,NA,NA,NA,NA,NA,NA,NA,NA,NA,NA,NA,NA,NA,NA,NA,NA,NA,NA,NA,NA,NA,NA,NA,iP26be000e92efb7dc,NA,NA,C,TRUE,FALSE,TRUE,FALSE,TRUE,TRUE,FALSE,2,1,2,11.033333333333331,0,1,1,1,0,0,0,100,100,97,94,100,63,0,51,39,4,80,86,100,100,72,94,100,66,99,100,0,94,63,62,0,0,87,70,8,100,100,14,0,2,100,88,6,100,3,0,11,35,NA,NA,NA,NA,NA,NA,NA,NA,NA,NA,NA,NA,NA,NA,NA,NA,NA,NA,NA,NA,NA,NA,NA,NA,NA,NA,NA,NA,NA,NA,NA,NA,NA,NA,NA,NA,NA,NA,NA,NA,NA,NA,NA,NA,100,100,100,66,100,84,100,100,100,0,76,0,0,71,0,50,42,100,100,0,0,0,127,0,127,0,FALSE,FALSE,FALSE,FALSE,FALSE,FALSE,1,NA,NA,1,1,NA,NA,NA,NA,NA,NA,80.55555555555556,0.7262314509582015,7,1,Rehab (1),4,4,4,1,NA,NA,NA,NA,NA,NA,NA,NA,NA,NA,NA,5,4,5,5,3,TRUE,TRUE,No controls
100,1139,1,R_7iqxRF1KxfeilEB,0,0,1,0,0,1,1,0,0,0,0,1,1,0,0,0,0,1,0,0,1,0,1,0,1,0,0,0,0,1,0,0,1,Sometimes,Never,Sometimes,4,2,2,2,2,2,9,10,10,10,10,7,3,2,3,3,3,3,Purple,NA,NA,NA,NA,NA,NA,NA,NA,NA,NA,NA,NA,NA,NA,NA,NA,NA,NA,NA,NA,NA,NA,NA,NA,NA,NA,NA,NA,NA,NA,NA,NA,NA,NA,NA,NA,NA,NA,NA,NA,NA,NA,NA,NA,NA,NA,NA,NA,NA,NA,NA,NA,NA,NA,NA,NA,NA,NA,NA,NA,NA,NA,NA,NA,NA,NA,NA,NA,NA,NA,NA,NA,NA,NA,NA,NA,NA,NA,NA,NA,NA,NA,NA,NA,NA,NA,NA,NA,NA,NA,NA,NA,NA,NA,NA,NA,NA,NA,NA,NA,NA,NA,NA,NA,NA,NA,NA,NA,NA,NA,NA,NA,NA,NA,NA,NA,NA,NA,NA,NA,NA,NA,NA,NA,NA,NA,NA,NA,iPfa540878b6e5f435,NA,NA,A,TRUE,FALSE,TRUE,FALSE,TRUE,TRUE,FALSE,2,1,2,18.983333333333334,0,0,1,1,0,0,0,90,100,90,80,70,80,90,80,90,90,80,90,20,90,90,90,80,100,30,100,20,100,80,90,60,40,80,100,70,70,90,70,90,90,10,80,20,10,10,20,NA,90,80,70,70,100,40,80,70,100,100,90,90,100,60,100,90,90,90,90,80,90,90,80,90,NA,NA,NA,NA,NA,NA,NA,NA,NA,NA,NA,NA,NA,NA,NA,NA,NA,NA,NA,NA,NA,NA,NA,NA,NA,NA,NA,NA,NA,NA,NA,NA,NA,NA,NA,NA,NA,NA,NA,NA,NA,NA,NA,128,0,128,0,FALSE,FALSE,FALSE,FALSE,FALSE,FALSE,0,0,1,0,0,NA,NA,NA,NA,NA,NA,81.11111111111111,0.755227944854343,7,1,Rehab (1),2,2,2,2.75,NA,NA,NA,NA,NA,NA,NA,NA,NA,NA,NA,4,5,5,5,5,TRUE,TRUE,No controls
100,1139,1,R_5dLCekFkls76uYH,0,0,1,0,0,1,0,1,0,0,0,1,0,1,0,0,1,0,0,1,0,0,1,0,1,1,0,0,0,1,0,0,1,Sometimes,Never,Sometimes,1,NA,NA,NA,NA,NA,NA,NA,NA,NA,NA,NA,NA,NA,NA,NA,NA,NA,NA,NA,NA,NA,NA,NA,NA,NA,NA,NA,NA,NA,NA,NA,NA,NA,NA,NA,NA,NA,NA,NA,NA,NA,NA,NA,NA,NA,NA,NA,NA,NA,NA,NA,NA,NA,NA,NA,NA,NA,NA,NA,NA,NA,NA,NA,NA,NA,NA,NA,NA,NA,NA,NA,NA,NA,NA,NA,NA,NA,NA,NA,NA,NA,NA,NA,NA,NA,NA,NA,NA,NA,NA,NA,NA,NA,NA,NA,NA,NA,NA,NA,NA,NA,NA,NA,NA,NA,NA,NA,NA,NA,NA,NA,NA,NA,NA,NA,NA,NA,NA,NA,NA,NA,NA,NA,NA,NA,NA,NA,NA,NA,NA,NA,NA,NA,NA,NA,NA,NA,NA,NA,NA,NA,NA,NA,NA,NA,NA,iP1fed57892d14190c,NA,NA,B,FALSE,TRUE,FALSE,FALSE,TRUE,FALSE,FALSE,0,3,1,18.983333333333334,0,0,1,1,0,0,0,50,51,100,96,49,50,23,100,50,27,15,2,0,42,35,51,50,6,85,50,50,100,100,51,0,88,25,51,7,50,100,19,50,13,50,100,61,66,50,50,100,78,NA,NA,NA,NA,NA,NA,NA,NA,NA,NA,NA,NA,NA,NA,NA,NA,NA,NA,NA,NA,NA,NA,NA,48,87,50,50,51,64,0,50,0,20,100,68,98,100,100,93,97,100,7,50,0,NA,NA,NA,NA,NA,NA,NA,NA,NA,NA,NA,NA,NA,NA,NA,NA,NA,NA,NA,NA,NA,NA,145,0,145,1,FALSE,FALSE,FALSE,FALSE,FALSE,FALSE,0,0,1,0,0,NA,NA,NA,NA,NA,NA,31.333333333333332,-1.842857908239927,NA,NA,NA,NA,NA,NA,NA,NA,NA,NA,NA,NA,NA,NA,NA,NA,NA,NA,NA,NA,NA,NA,NA,TRUE,TRUE,No controls
100,2360,1,R_7g7aqccYGNZm49r,0,0,1,0,0,1,1,0,0,1,0,0,1,0,0,1,0,0,0,0,1,0,0,1,1,0,0,1,0,1,1,0,0,Never,Never,Never,4,1,1,2,1,1,8,9,10,10,9,2,2,2,2,4,3,4,Purple,NA,NA,NA,NA,NA,NA,NA,NA,NA,NA,NA,NA,NA,NA,NA,NA,NA,NA,NA,NA,NA,NA,NA,NA,NA,NA,NA,NA,NA,NA,NA,NA,NA,NA,NA,NA,NA,NA,NA,NA,NA,NA,NA,NA,NA,NA,NA,NA,NA,NA,NA,NA,NA,NA,NA,NA,NA,NA,NA,NA,NA,NA,NA,NA,NA,NA,NA,NA,NA,NA,NA,NA,NA,NA,NA,NA,NA,NA,NA,NA,NA,NA,NA,NA,NA,NA,NA,NA,NA,NA,NA,NA,NA,NA,NA,NA,NA,NA,NA,NA,NA,NA,NA,NA,NA,NA,NA,NA,NA,NA,NA,NA,NA,NA,NA,NA,NA,NA,NA,NA,NA,NA,NA,NA,NA,NA,NA,NA,iP4d013637f3b04b00,NA,NA,B,TRUE,FALSE,TRUE,FALSE,TRUE,TRUE,FALSE,2,1,2,39.333333333333336,0,0,0,0,0,0,0,100,100,83,69,80,86,42,100,70,36,100,73,100,30,87,100,95,45,60,100,7,76,63,79,15,58,87,46,37,6,55,100,77,97,6,33,31,0,15,22,51,70,NA,NA,NA,NA,NA,NA,NA,NA,NA,NA,NA,NA,NA,NA,NA,NA,NA,NA,NA,NA,NA,NA,NA,35,6,51,61,61,0,52,0,73,16,0,41,40,100,65,73,80,100,53,0,65,NA,NA,NA,NA,NA,NA,NA,NA,NA,NA,NA,NA,NA,NA,NA,NA,NA,NA,NA,NA,NA,NA,127,0,127,0,FALSE,FALSE,FALSE,FALSE,FALSE,FALSE,0,0,1,0,0,NA,NA,NA,NA,NA,NA,71.11111111111111,0.23329105472379777,2,6,Punish (6),3,2,2.5,3,NA,NA,NA,NA,NA,NA,NA,NA,NA,NA,NA,3,4,5,5,4,TRUE,TRUE,No controls
100,1396,1,R_7nCXg8WqY43BpSY,0,0,1,0,0,1,1,1,0,0,0,1,1,1,0,0,0,1,0,0,1,0,0,1,0,0,1,0,0,1,0,0,1,Rarely,Never,Rarely,4,1,1,2,1,1,9,8,10,10,10,6,2,3,4,4,2,2.5,purple,NA,NA,NA,NA,NA,NA,NA,NA,NA,NA,NA,NA,NA,NA,NA,NA,NA,NA,NA,NA,NA,NA,NA,NA,NA,NA,NA,NA,NA,NA,NA,NA,NA,NA,NA,NA,NA,NA,NA,NA,NA,NA,NA,NA,NA,NA,NA,NA,NA,NA,NA,NA,NA,NA,NA,NA,NA,NA,NA,NA,NA,NA,NA,NA,NA,NA,NA,NA,NA,NA,NA,NA,NA,NA,NA,NA,NA,NA,NA,NA,NA,NA,NA,NA,NA,NA,NA,NA,NA,NA,NA,NA,NA,NA,NA,NA,NA,NA,NA,NA,NA,NA,NA,NA,NA,NA,NA,NA,NA,NA,NA,NA,NA,NA,NA,NA,NA,NA,NA,NA,NA,NA,NA,NA,NA,NA,NA,NA,iP90c12a0f8486e7c8,NA,NA,B,TRUE,FALSE,TRUE,FALSE,TRUE,TRUE,FALSE,2,1,2,23.266666666666666,0,0,0,1,0,0,0,72,66,62,61,63,50,50,50,50,39,28,18,50,88,36,64,74,67,87,67,63,50,50,93,23,50,65,50,5,78,60,50,50,50,50,85,34,69,42,39,50,66,NA,NA,NA,NA,NA,NA,NA,NA,NA,NA,NA,NA,NA,NA,NA,NA,NA,NA,NA,NA,NA,NA,NA,14,71,78,50,75,40,20,81,31,50,27,50,94,98,94,74,75,39,50,65,37,NA,NA,NA,NA,NA,NA,NA,NA,NA,NA,NA,NA,NA,NA,NA,NA,NA,NA,NA,NA,NA,NA,127,0,127,0,FALSE,FALSE,FALSE,FALSE,FALSE,FALSE,0,0,1,0,0,NA,NA,NA,NA,NA,NA,58.888888888888886,-0.4046318109913134,6,2,Rehab (2),3,3,3,3.375,NA,NA,NA,NA,NA,NA,NA,NA,NA,NA,NA,4,3,5,5,5,TRUE,TRUE,No controls
100,1263,1,R_5GcPPDhWINuWFEp,NA,NA,1,1,0,0,0,1,0,0,1,0,0,1,0,0,0,1,0,0,1,0,0,1,0,1,0,0,1,0,0,0,1,Never,Never,Never,4,1,1,1,1,1,9,9,10,10,10,4,2,3,3,3,2,3,Purple,NA,NA,NA,NA,NA,NA,NA,NA,NA,NA,NA,NA,NA,NA,NA,NA,NA,NA,NA,NA,NA,NA,NA,NA,NA,NA,NA,NA,NA,NA,NA,NA,NA,NA,NA,NA,NA,NA,NA,NA,NA,NA,NA,NA,NA,NA,NA,NA,NA,NA,NA,NA,NA,NA,NA,NA,NA,NA,NA,NA,NA,NA,NA,NA,NA,NA,NA,NA,NA,NA,NA,NA,NA,NA,NA,NA,NA,NA,NA,NA,NA,NA,NA,NA,NA,NA,NA,NA,NA,NA,NA,NA,NA,NA,NA,NA,NA,NA,NA,NA,NA,NA,NA,NA,NA,NA,NA,NA,NA,NA,NA,NA,NA,NA,NA,NA,NA,NA,NA,NA,NA,NA,NA,NA,NA,NA,NA,NA,iP2e84aaa11e04637c,NA,NA,B,TRUE,FALSE,TRUE,FALSE,TRUE,TRUE,FALSE,2,1,2,21.05,0,0,0,1,0,0,0,50,89,50,50,50,27,46,50,50,33,50,52,41,50,33,50,50,51,28,50,51,51,43,53,51,50,50,51,50,50,50,50,50,50,51,50,31,22,18,16,50,50,NA,NA,NA,NA,NA,NA,NA,NA,NA,NA,NA,NA,NA,NA,NA,NA,NA,NA,NA,NA,NA,NA,NA,21,8,51,50,50,50,94,13,36,31,35,50,50,99,90,50,94,83,50,18,22,NA,NA,NA,NA,NA,NA,NA,NA,NA,NA,NA,NA,NA,NA,NA,NA,NA,NA,NA,NA,NA,NA,127,0,127,0,FALSE,FALSE,FALSE,FALSE,FALSE,FALSE,1,NA,1,NA,1,NA,NA,NA,NA,NA,NA,49.22222222222222,-0.9091708047841736,4,4,Neutral (4),3,3,3,3,NA,NA,NA,NA,NA,NA,NA,NA,NA,NA,NA,4,4,5,5,5,TRUE,TRUE,No controls
100,819,1,R_52RqwMoNNnbFPKk,0,0,1,0,1,0,1,1,0,0,0,1,0,1,0,0,0,1,0,0,1,0,0,1,1,1,0,0,0,1,0,0,1,Frequently,Never,Sometimes,1,NA,NA,NA,NA,NA,NA,NA,NA,NA,NA,NA,NA,NA,NA,NA,NA,NA,NA,NA,NA,NA,NA,NA,NA,NA,NA,NA,NA,NA,NA,NA,NA,NA,NA,NA,NA,NA,NA,NA,NA,NA,NA,NA,NA,NA,NA,NA,NA,NA,NA,NA,NA,NA,NA,NA,NA,NA,NA,NA,NA,NA,NA,NA,NA,NA,NA,NA,NA,NA,NA,NA,NA,NA,NA,NA,NA,NA,NA,NA,NA,NA,NA,NA,NA,NA,NA,NA,NA,NA,NA,NA,NA,NA,NA,NA,NA,NA,NA,NA,NA,NA,NA,NA,NA,NA,NA,NA,NA,NA,NA,NA,NA,NA,NA,NA,NA,NA,NA,NA,NA,NA,NA,NA,NA,NA,NA,NA,NA,NA,NA,NA,NA,NA,NA,NA,NA,NA,NA,NA,NA,NA,NA,NA,NA,NA,NA,iP22f88d7c33aea1b8,NA,NA,B,FALSE,TRUE,FALSE,FALSE,TRUE,FALSE,FALSE,0,3,1,13.65,0,0,1,1,0,0,0,50,77,67,63,77,50,51,44,50,14,50,14,49,86,64,89,100,82,100,91,4,100,50,91,37,50,86,60,0,91,79,3,2,0,100,80,64,71,17,0,13,16,NA,NA,NA,NA,NA,NA,NA,NA,NA,NA,NA,NA,NA,NA,NA,NA,NA,NA,NA,NA,NA,NA,NA,11,50,77,86,77,0,40,50,15,1,2,3,100,100,100,90,100,79,9,74,1,NA,NA,NA,NA,NA,NA,NA,NA,NA,NA,NA,NA,NA,NA,NA,NA,NA,NA,NA,NA,NA,NA,145,0,145,1,FALSE,FALSE,FALSE,FALSE,FALSE,FALSE,0,0,1,0,0,NA,NA,NA,NA,NA,NA,71.44444444444444,0.25068895106148237,NA,NA,NA,NA,NA,NA,NA,NA,NA,NA,NA,NA,NA,NA,NA,NA,NA,NA,NA,NA,NA,NA,NA,TRUE,TRUE,No controls
100,1616,1,R_7JWuaevzgzAy4oc,NA,1,0,1,1,0,1,1,0,0,1,0,0,1,0,0,1,0,1,1,0,0,1,0,1,1,0,1,1,0,1,0,0,Never,Never,Sometimes,4,2,1,2,1,2,10,8,10,10,10,4,3,2,2.5,3,2,3,"""Purple""",NA,NA,NA,NA,NA,NA,NA,NA,NA,NA,NA,NA,NA,NA,NA,NA,NA,NA,NA,NA,NA,NA,NA,NA,NA,NA,NA,NA,NA,NA,NA,NA,NA,NA,NA,NA,NA,NA,NA,NA,NA,NA,NA,NA,NA,NA,NA,NA,NA,NA,NA,NA,NA,NA,NA,NA,NA,NA,NA,NA,NA,NA,NA,NA,NA,NA,NA,NA,NA,NA,NA,NA,NA,NA,NA,NA,NA,NA,NA,NA,NA,NA,NA,NA,NA,NA,NA,NA,NA,NA,NA,NA,NA,NA,NA,NA,NA,NA,NA,NA,NA,NA,NA,NA,NA,NA,NA,NA,NA,NA,NA,NA,NA,NA,NA,NA,NA,NA,NA,NA,NA,NA,NA,NA,NA,NA,NA,NA,iPdd2ada7d22f0557e,NA,NA,B,TRUE,FALSE,TRUE,FALSE,TRUE,TRUE,FALSE,2,1,2,26.933333333333337,0,0,0,1,0,0,0,100,100,100,100,100,72,16,NA,70,NA,NA,22,73,91,39,93,100,90,100,100,0,100,50,100,17,7,100,77,NA,22,65,15,7,25,0,100,17,0,20,0,NA,NA,NA,NA,NA,NA,NA,NA,NA,NA,NA,NA,NA,NA,NA,NA,NA,NA,NA,NA,NA,NA,NA,NA,NA,85,NA,NA,NA,NA,0,65,0,NA,NA,0,0,100,92,100,100,100,100,NA,22,16,NA,NA,NA,NA,NA,NA,NA,NA,NA,NA,NA,NA,NA,NA,NA,NA,NA,NA,NA,NA,NA,NA,133,7,140,0,FALSE,FALSE,FALSE,FALSE,FALSE,FALSE,1,NA,NA,1,1,NA,NA,NA,NA,NA,NA,90.5,1.2452686916991325,4,4,Neutral (4),2,3,2.5,2.625,NA,NA,NA,NA,NA,NA,NA,NA,NA,NA,NA,5,3,5,5,5,TRUE,TRUE,No controls
100,2955,1,R_6xNRFOpjLNQSElH,NA,1,0,NA,0,1,1,1,0,0,0,1,1,1,0,0,0,1,0,0,1,0,1,0,0,1,0,0,1,0,0,0,1,Never,Never,Never,1,NA,NA,NA,NA,NA,NA,NA,NA,NA,NA,NA,NA,NA,NA,NA,NA,NA,NA,NA,NA,NA,NA,NA,NA,NA,NA,NA,NA,NA,NA,NA,NA,NA,NA,NA,NA,NA,NA,NA,NA,NA,NA,NA,NA,NA,NA,NA,NA,NA,NA,NA,NA,NA,NA,NA,NA,NA,NA,NA,NA,NA,NA,NA,NA,NA,NA,NA,NA,NA,NA,NA,NA,NA,NA,NA,NA,NA,NA,NA,NA,NA,NA,NA,NA,NA,NA,NA,NA,NA,NA,NA,NA,NA,NA,NA,NA,NA,NA,NA,NA,NA,NA,NA,NA,NA,NA,NA,NA,NA,NA,NA,NA,NA,NA,NA,NA,NA,NA,NA,NA,NA,NA,NA,NA,NA,NA,NA,NA,NA,NA,NA,NA,NA,NA,NA,NA,NA,NA,NA,NA,NA,NA,NA,NA,NA,NA,iPeabdfb491b33b484,NA,NA,B,FALSE,TRUE,FALSE,FALSE,TRUE,FALSE,FALSE,0,3,1,49.25,0,0,0,0,0,0,0,90,75,66,81,84,85,33,100,100,100,44,6,100,100,100,100,100,100,83,100,29,100,92,100,23,29,100,79,86,33,97,54,45,79,36,71,73,74,85,38,28,100,NA,NA,NA,NA,NA,NA,NA,NA,NA,NA,NA,NA,NA,NA,NA,NA,NA,NA,NA,NA,NA,NA,NA,100,81,85,85,83,26,100,40,71,51,36,82,100,100,100,100,100,100,74,43,93,NA,NA,NA,NA,NA,NA,NA,NA,NA,NA,NA,NA,NA,NA,NA,NA,NA,NA,NA,NA,NA,NA,145,0,145,1,FALSE,FALSE,FALSE,FALSE,FALSE,FALSE,1,NA,NA,1,NA,NA,NA,NA,NA,NA,NA,96.11111111111111,1.5381332800501608,NA,NA,NA,NA,NA,NA,NA,NA,NA,NA,NA,NA,NA,NA,NA,NA,NA,NA,NA,NA,NA,NA,NA,TRUE,TRUE,No controls
100,1668,1,R_7fE2medoTvn5ERO,0,0,1,0,0,1,0,0,1,0,0,1,0,0,1,0,0,1,0,0,1,0,0,1,1,0,0,0,0,1,0,0,1,Rarely,Never,Sometimes,1,NA,NA,NA,NA,NA,NA,NA,NA,NA,NA,NA,NA,NA,NA,NA,NA,NA,NA,NA,NA,NA,NA,NA,NA,NA,NA,NA,NA,NA,NA,NA,NA,NA,NA,NA,NA,NA,NA,NA,NA,NA,NA,NA,NA,NA,NA,NA,NA,NA,NA,NA,NA,NA,NA,NA,NA,NA,NA,NA,NA,NA,NA,NA,NA,NA,NA,NA,NA,NA,NA,NA,NA,NA,NA,NA,NA,NA,NA,NA,NA,NA,NA,NA,NA,NA,NA,NA,NA,NA,NA,NA,NA,NA,NA,NA,NA,NA,NA,NA,NA,NA,NA,NA,NA,NA,NA,NA,NA,NA,NA,NA,NA,NA,NA,NA,NA,NA,NA,NA,NA,NA,NA,NA,NA,NA,NA,NA,NA,NA,NA,NA,NA,NA,NA,NA,NA,NA,NA,NA,NA,NA,NA,NA,NA,NA,NA,iP2803ae1d78d865ca,NA,NA,B,FALSE,TRUE,FALSE,FALSE,TRUE,FALSE,FALSE,0,3,1,27.8,0,0,0,1,0,0,0,96,94,95,80,49,89,68,77,NA,85,72,44,46,49,92,42,87,74,55,93,77,93,80,37,15,45,100,94,82,57,92,NA,57,36,13,32,NA,17,48,49,82,80,NA,NA,NA,NA,NA,NA,NA,NA,NA,NA,NA,NA,NA,NA,NA,NA,NA,NA,NA,NA,NA,NA,NA,94,48,77,54,92,41,93,16,78,56,2,47,91,91,86,82,90,94,54,47,50,NA,NA,NA,NA,NA,NA,NA,NA,NA,NA,NA,NA,NA,NA,NA,NA,NA,NA,NA,NA,NA,NA,148,0,148,1,FALSE,FALSE,FALSE,FALSE,FALSE,FALSE,0,0,1,0,0,NA,NA,NA,NA,NA,NA,74.11111111111111,0.3898721217629613,NA,NA,NA,NA,NA,NA,NA,NA,NA,NA,NA,NA,NA,NA,NA,NA,NA,NA,NA,NA,NA,NA,NA,TRUE,TRUE,No controls
100,629,1,R_32KKclfNirnc4F1,NA,NA,1,1,1,0,0,0,1,0,0,1,0,0,1,0,0,1,0,0,1,0,0,1,1,1,0,1,0,0,0,0,1,Frequently,Rarely,Sometimes,1,NA,NA,NA,NA,NA,NA,NA,NA,NA,NA,NA,NA,NA,NA,NA,NA,NA,NA,NA,NA,NA,NA,NA,NA,NA,NA,NA,NA,NA,NA,NA,NA,NA,NA,NA,NA,NA,NA,NA,NA,NA,NA,NA,NA,NA,NA,NA,NA,NA,NA,NA,NA,NA,NA,NA,NA,NA,NA,NA,NA,NA,NA,NA,NA,NA,NA,NA,NA,NA,NA,NA,NA,NA,NA,NA,NA,NA,NA,NA,NA,NA,NA,NA,NA,NA,NA,NA,NA,NA,NA,NA,NA,NA,NA,NA,NA,NA,NA,NA,NA,NA,NA,NA,NA,NA,NA,NA,NA,NA,NA,NA,NA,NA,NA,NA,NA,NA,NA,NA,NA,NA,NA,NA,NA,NA,NA,NA,NA,NA,NA,NA,NA,NA,NA,NA,NA,NA,NA,NA,NA,NA,NA,NA,NA,NA,NA,iPedb0923b56f55bc5,NA,NA,A,FALSE,TRUE,FALSE,FALSE,TRUE,FALSE,FALSE,0,3,1,10.483333333333333,0,1,1,1,0,0,0,100,100,90,100,70,90,90,100,90,80,90,90,90,90,80,80,80,80,40,90,50,100,90,90,40,90,100,100,90,60,90,100,90,100,40,40,60,30,50,40,60,100,90,90,90,80,70,40,100,90,90,100,100,60,80,90,90,60,60,80,70,80,70,90,80,NA,NA,NA,NA,NA,NA,NA,NA,NA,NA,NA,NA,NA,NA,NA,NA,NA,NA,NA,NA,NA,NA,NA,NA,NA,NA,NA,NA,NA,NA,NA,NA,NA,NA,NA,NA,NA,NA,NA,NA,NA,NA,NA,145,0,145,1,FALSE,FALSE,FALSE,FALSE,FALSE,FALSE,1,NA,1,NA,1,NA,NA,NA,NA,NA,NA,88.88888888888889,1.1611788594003225,NA,NA,NA,NA,NA,NA,NA,NA,NA,NA,NA,NA,NA,NA,NA,NA,NA,NA,NA,NA,NA,NA,NA,TRUE,TRUE,No controls
100,1366,1,R_690vD0WVzffyuk6,0,0,1,0,0,1,0,0,1,0,0,1,0,0,1,0,0,1,0,0,1,0,0,1,0,0,1,0,0,1,0,0,1,Never,Never,Never,4,2,2,2,2,2,8,9,10,10,10,4,5,2,2,3,2,3,purple,NA,NA,NA,NA,NA,NA,NA,NA,NA,NA,NA,NA,NA,NA,NA,NA,NA,NA,NA,NA,NA,NA,NA,NA,NA,NA,NA,NA,NA,NA,NA,NA,NA,NA,NA,NA,NA,NA,NA,NA,NA,NA,NA,NA,NA,NA,NA,NA,NA,NA,NA,NA,NA,NA,NA,NA,NA,NA,NA,NA,NA,NA,NA,NA,NA,NA,NA,NA,NA,NA,NA,NA,NA,NA,NA,NA,NA,NA,NA,NA,NA,NA,NA,NA,NA,NA,NA,NA,NA,NA,NA,NA,NA,NA,NA,NA,NA,NA,NA,NA,NA,NA,NA,NA,NA,NA,NA,NA,NA,NA,NA,NA,NA,NA,NA,NA,NA,NA,NA,NA,NA,NA,NA,NA,NA,NA,NA,NA,iP79e7219a6ab521dc,NA,NA,A,TRUE,FALSE,TRUE,FALSE,TRUE,TRUE,FALSE,2,1,2,22.766666666666666,0,0,0,1,0,0,0,60,70,50,50,50,50,50,60,50,70,70,70,50,50,50,50,80,60,70,70,30,70,80,50,10,50,70,50,30,50,90,80,80,70,50,50,50,50,50,30,60,50,10,40,70,70,50,50,80,70,50,70,60,50,90,80,80,50,70,50,50,50,50,50,50,NA,NA,NA,NA,NA,NA,NA,NA,NA,NA,NA,NA,NA,NA,NA,NA,NA,NA,NA,NA,NA,NA,NA,NA,NA,NA,NA,NA,NA,NA,NA,NA,NA,NA,NA,NA,NA,NA,NA,NA,NA,NA,NA,127,0,127,0,FALSE,FALSE,FALSE,FALSE,FALSE,FALSE,0,0,1,0,0,NA,NA,NA,NA,NA,NA,56.666666666666664,-0.520617786575879,4,4,Neutral (4),2.5,3,2.75,2.5,NA,NA,NA,NA,NA,NA,NA,NA,NA,NA,NA,3,4,5,5,5,TRUE,TRUE,No controls
100,1523,1,R_5amjGSEQaaQlCRD,0,0,1,0,0,1,1,0,0,0,0,1,1,1,0,0,1,0,0,0,1,0,0,1,1,1,0,0,1,0,1,0,0,Rarely,Sometimes,Sometimes,4,1,1,1,1,1,10,8,8,10,8,7,1,4,3,4,1,4,purple,NA,NA,NA,NA,NA,NA,NA,NA,NA,NA,NA,NA,NA,NA,NA,NA,NA,NA,NA,NA,NA,NA,NA,NA,NA,NA,NA,NA,NA,NA,NA,NA,NA,NA,NA,NA,NA,NA,NA,NA,NA,NA,NA,NA,NA,NA,NA,NA,NA,NA,NA,NA,NA,NA,NA,NA,NA,NA,NA,NA,NA,NA,NA,NA,NA,NA,NA,NA,NA,NA,NA,NA,NA,NA,NA,NA,NA,NA,NA,NA,NA,NA,NA,NA,NA,NA,NA,NA,NA,NA,NA,NA,NA,NA,NA,NA,NA,NA,NA,NA,NA,NA,NA,NA,NA,NA,NA,NA,NA,NA,NA,NA,NA,NA,NA,NA,NA,NA,NA,NA,NA,NA,NA,NA,NA,NA,NA,NA,iP680af534b7f1cfe6,NA,NA,C,TRUE,FALSE,TRUE,FALSE,TRUE,TRUE,FALSE,2,1,2,25.383333333333333,0,0,0,1,0,0,0,100,74,44,35,27,49,50,100,70,66,52,50,100,100,43,53,98,100,26,100,0,100,80,4,50,59,93,100,98,50,56,50,68,0,4,44,70,53,35,69,100,50,NA,NA,NA,NA,NA,NA,NA,NA,NA,NA,NA,NA,NA,NA,NA,NA,NA,NA,NA,NA,NA,NA,NA,NA,NA,NA,NA,NA,NA,NA,NA,NA,NA,NA,NA,NA,NA,NA,NA,NA,NA,NA,NA,NA,100,77,61,50,100,50,100,100,100,41,95,0,100,25,83,100,94,100,51,100,91,100,127,0,127,0,FALSE,FALSE,FALSE,FALSE,FALSE,FALSE,0,0,1,0,0,NA,NA,NA,NA,NA,NA,93.55555555555556,1.4047494081279104,7,1,Rehab (1),4,4,4,3.75,NA,NA,NA,NA,NA,NA,NA,NA,NA,NA,NA,5,3,3,5,3,TRUE,TRUE,No controls
100,520,1,R_7n2A5bO0fIX0YZi,0,0,1,0,0,1,1,0,0,1,0,0,1,0,0,0,0,1,0,0,1,0,0,1,1,0,0,1,0,0,0,0,1,Sometimes,Sometimes,Rarely,1,NA,NA,NA,NA,NA,NA,NA,NA,NA,NA,NA,NA,NA,NA,NA,NA,NA,NA,NA,NA,NA,NA,NA,NA,NA,NA,NA,NA,NA,NA,NA,NA,NA,NA,NA,NA,NA,NA,NA,NA,NA,NA,NA,NA,NA,NA,NA,NA,NA,NA,NA,NA,NA,NA,NA,NA,NA,NA,NA,NA,NA,NA,NA,NA,NA,NA,NA,NA,NA,NA,NA,NA,NA,NA,NA,NA,NA,NA,NA,NA,NA,NA,NA,NA,NA,NA,NA,NA,NA,NA,NA,NA,NA,NA,NA,NA,NA,NA,NA,NA,NA,NA,NA,NA,NA,NA,NA,NA,NA,NA,NA,NA,NA,NA,NA,NA,NA,NA,NA,NA,NA,NA,NA,NA,NA,NA,NA,NA,NA,NA,NA,NA,NA,NA,NA,NA,NA,NA,NA,NA,NA,NA,NA,NA,NA,NA,iP0948d297d38b08a2,NA,NA,A,FALSE,TRUE,FALSE,FALSE,TRUE,FALSE,FALSE,0,3,1,8.666666666666666,0,1,1,1,0,0,0,90,100,NA,NA,100,NA,100,NA,100,NA,80,100,100,100,NA,NA,NA,70,100,NA,NA,100,100,100,50,100,100,NA,30,NA,100,100,30,0,NA,70,NA,NA,NA,NA,NA,50,90,100,60,NA,NA,NA,80,40,NA,90,90,NA,NA,NA,90,100,90,100,80,NA,70,NA,100,NA,NA,NA,NA,NA,NA,NA,NA,NA,NA,NA,NA,NA,NA,NA,NA,NA,NA,NA,NA,NA,NA,NA,NA,NA,NA,NA,NA,NA,NA,NA,NA,NA,NA,NA,NA,NA,NA,NA,NA,NA,NA,NA,163,9,172,1,FALSE,FALSE,FALSE,FALSE,FALSE,FALSE,0,0,1,0,0,NA,NA,NA,NA,NA,NA,80,0.6972349570620601,NA,NA,NA,NA,NA,NA,NA,NA,NA,NA,NA,NA,NA,NA,NA,NA,NA,NA,NA,NA,NA,NA,NA,TRUE,TRUE,No controls
100,1088,1,R_170SnUVEcSdfvfi,NA,1,0,NA,0,1,0,1,0,0,1,0,0,1,0,0,0,1,0,1,0,0,0,1,0,1,0,0,0,1,0,0,1,Rarely,Never,Never,4,2,2,2,1,2,9,10,10,10,10,2,1,2,3,3,2,4,purple,NA,NA,NA,NA,NA,NA,NA,NA,NA,NA,NA,NA,NA,NA,NA,NA,NA,NA,NA,NA,NA,NA,NA,NA,NA,NA,NA,NA,NA,NA,NA,NA,NA,NA,NA,NA,NA,NA,NA,NA,NA,NA,NA,NA,NA,NA,NA,NA,NA,NA,NA,NA,NA,NA,NA,NA,NA,NA,NA,NA,NA,NA,NA,NA,NA,NA,NA,NA,NA,NA,NA,NA,NA,NA,NA,NA,NA,NA,NA,NA,NA,NA,NA,NA,NA,NA,NA,NA,NA,NA,NA,NA,NA,NA,NA,NA,NA,NA,NA,NA,NA,NA,NA,NA,NA,NA,NA,NA,NA,NA,NA,NA,NA,NA,NA,NA,NA,NA,NA,NA,NA,NA,NA,NA,NA,NA,NA,NA,iP270306800c7a9ccd,NA,NA,B,TRUE,FALSE,TRUE,FALSE,TRUE,TRUE,FALSE,2,1,2,18.133333333333333,0,0,1,1,0,0,0,50,55,50,50,56,50,40,49,70,50,50,50,45,50,65,55,57,60,60,65,1,66,75,70,26,40,60,40,33,10,60,50,49,50,0,60,25,0,0,0,50,66,NA,NA,NA,NA,NA,NA,NA,NA,NA,NA,NA,NA,NA,NA,NA,NA,NA,NA,NA,NA,NA,NA,NA,60,25,50,50,50,20,60,0,75,50,0,25,75,75,70,66,80,70,50,26,50,NA,NA,NA,NA,NA,NA,NA,NA,NA,NA,NA,NA,NA,NA,NA,NA,NA,NA,NA,NA,NA,NA,127,0,127,0,FALSE,FALSE,FALSE,FALSE,FALSE,FALSE,1,NA,NA,1,NA,NA,NA,NA,NA,NA,NA,51.666666666666664,-0.7815862316411516,2,6,Punish (6),4,3,3.5,3,NA,NA,NA,NA,NA,NA,NA,NA,NA,NA,NA,4,5,5,5,5,TRUE,TRUE,No controls
100,1654,1,R_3ReiXEaLGN8dy0L,1,1,0,1,1,0,0,0,1,0,1,1,1,0,0,0,0,1,0,0,1,0,1,0,1,1,0,1,1,0,0,0,1,Sometimes,Never,Sometimes,4,1,1,3,1,1,10,10,10,10,10,2,1,4,4,4,1,4,purple,1,1,1,1,1,1,1,3,1,1,1,1,1,1,1,1,1,1,4,4,4,1,1,1,4,1,1,1,1,1,1,1,1,1,1,1,2,2,2,1,3,1,1,1,4,4,1,1,2,1,1,1,1,1,1,4,1,1,1,3,3,4,1,1,2,NA,4,1,4,1,1,1,2,3,3,3,4,4,5,5,6,6,6,6,6,NA,NA,NA,NA,NA,NA,NA,NA,NA,NA,NA,NA,NA,NA,NA,NA,NA,NA,NA,NA,NA,NA,NA,NA,NA,NA,NA,NA,NA,NA,NA,NA,NA,NA,NA,NA,NA,NA,NA,NA,NA,NA,NA,iP15fdb5031bab1f6a,NA,NA,B,TRUE,FALSE,TRUE,FALSE,TRUE,TRUE,TRUE,2,1,3,27.566666666666663,0,0,0,1,0,0,0,99,100,50,93,11,92,100,93,90,1,95,89,87,90,90,93,95,90,6,98,0,92,88,92,16,100,85,7,1,10,84,65,50,14,9,4,4,10,5,0,93,94,NA,NA,NA,NA,NA,NA,NA,NA,NA,NA,NA,NA,NA,NA,NA,NA,NA,NA,NA,NA,NA,NA,NA,0,77,72,94,27,5,12,0,95,67,1,2,91,98,100,92,85,78,97,9,81,NA,NA,NA,NA,NA,NA,NA,NA,NA,NA,NA,NA,NA,NA,NA,NA,NA,NA,NA,NA,NA,NA,43,0,43,1,FALSE,FALSE,FALSE,FALSE,FALSE,FALSE,1,1,0,1,1,NA,NA,NA,NA,NA,NA,71.77777777777777,0.26808684739916694,2,6,Punish (6),4,4,4,4,3,3,3,3,3,3,3,3,4,4,4,5,5,5,5,5,FALSE,TRUE,Some controls missing
100,11523,1,R_74yRPClIBXFm7zX,0,0,1,0,0,1,1,0,0,0,0,1,0,0,1,0,0,1,0,0,1,0,0,1,1,0,0,0,0,1,0,0,1,Never,Never,Sometimes,4,1,1,1,1,2,6,10,10,9,10,6,1,4,4,4,1,4,Purple,1,1,1,1,1,4,4,4,3,3,1,1,1,1,1,1,1,1,4,4,4,4,4,4,1,1,1,1,1,1,1,1,1,1,1,1,1,1,1,1,1,1,1,1,1,1,1,1,1,1,1,4,5,4,4,4,4,1,3,3,1,1,1,4,1,NA,1,1,1,1,1,1,1,1,0,0,4,4,4,4,4,4,4,4,4,NA,NA,NA,NA,NA,NA,NA,NA,NA,NA,NA,NA,NA,NA,NA,NA,NA,NA,NA,NA,NA,NA,NA,NA,NA,NA,NA,NA,NA,NA,NA,NA,NA,NA,NA,NA,NA,NA,NA,NA,NA,NA,NA,iPd7657343f5b4555c,NA,NA,A,TRUE,FALSE,TRUE,FALSE,TRUE,TRUE,TRUE,2,1,3,192.05,0,0,0,0,1,1,0,90,70,70,70,80,80,30,80,80,80,70,80,90,70,70,70,70,70,70,80,80,70,70,70,80,80,20,80,80,10,70,60,80,70,80,80,80,80,90,80,100,90,90,90,70,70,80,80,80,90,70,70,80,80,80,70,80,70,80,80,80,80,70,90,80,NA,NA,NA,NA,NA,NA,NA,NA,NA,NA,NA,NA,NA,NA,NA,NA,NA,NA,NA,NA,NA,NA,NA,NA,NA,NA,NA,NA,NA,NA,NA,NA,NA,NA,NA,NA,NA,NA,NA,NA,NA,NA,NA,43,0,43,1,FALSE,FALSE,FALSE,FALSE,FALSE,FALSE,0,0,1,0,0,NA,NA,NA,NA,NA,NA,70,0.1752980669315148,6,2,Rehab (2),4,4,4,4,3,3,3,3,3,3,3,3,4,4,4,1,5,5,4,5,FALSE,TRUE,Some controls missing
100,962,1,R_5OJsI8V2GqZQdHl,0,0,1,0,0,1,0,0,1,0,0,1,0,0,1,0,0,1,0,0,1,0,0,1,0,0,1,0,0,1,0,0,1,Never,Never,Never,1,NA,NA,NA,NA,NA,NA,NA,NA,NA,NA,NA,NA,NA,NA,NA,NA,NA,NA,NA,NA,NA,NA,NA,NA,NA,NA,NA,NA,NA,NA,NA,NA,NA,NA,NA,NA,NA,NA,NA,NA,NA,NA,NA,NA,NA,NA,NA,NA,NA,NA,NA,NA,NA,NA,NA,NA,NA,NA,NA,NA,NA,NA,NA,NA,NA,NA,NA,NA,NA,NA,NA,NA,NA,NA,NA,NA,NA,NA,NA,NA,NA,NA,NA,NA,NA,NA,NA,NA,NA,NA,NA,NA,NA,NA,NA,NA,NA,NA,NA,NA,NA,NA,NA,NA,NA,NA,NA,NA,NA,NA,NA,NA,NA,NA,NA,NA,NA,NA,NA,NA,NA,NA,NA,NA,NA,NA,NA,NA,NA,NA,NA,NA,NA,NA,NA,NA,NA,NA,NA,NA,NA,NA,NA,NA,NA,NA,iPaf61821d2f234d1d,NA,NA,A,FALSE,TRUE,FALSE,FALSE,TRUE,FALSE,FALSE,0,3,1,16.033333333333335,0,0,1,1,0,0,0,80,80,80,80,80,80,30,80,80,30,70,50,70,70,80,80,80,70,80,80,80,80,80,80,20,20,80,80,80,80,80,80,80,80,80,80,80,80,80,80,80,80,70,30,70,80,80,80,80,80,80,80,80,80,80,80,80,30,70,80,80,80,80,80,80,NA,NA,NA,NA,NA,NA,NA,NA,NA,NA,NA,NA,NA,NA,NA,NA,NA,NA,NA,NA,NA,NA,NA,NA,NA,NA,NA,NA,NA,NA,NA,NA,NA,NA,NA,NA,NA,NA,NA,NA,NA,NA,NA,145,0,145,1,FALSE,FALSE,FALSE,FALSE,FALSE,FALSE,0,0,1,0,0,NA,NA,NA,NA,NA,NA,76.66666666666667,0.5232559936852119,NA,NA,NA,NA,NA,NA,NA,NA,NA,NA,NA,NA,NA,NA,NA,NA,NA,NA,NA,NA,NA,NA,NA,TRUE,TRUE,No controls
100,11224,1,R_71qVtRbn20rBRSx,0,0,1,0,0,1,0,0,1,0,0,1,0,0,1,0,0,1,0,1,0,0,0,1,0,0,1,0,0,1,0,0,1,Never,Never,Never,4,1,1,1,1,1,9,10,10,10,10,7,4,4,4,4,4,2.5,Purple,NA,NA,NA,NA,NA,NA,NA,NA,NA,NA,NA,NA,NA,NA,NA,NA,NA,NA,NA,NA,NA,NA,NA,NA,NA,NA,NA,NA,NA,NA,NA,NA,NA,NA,NA,NA,NA,NA,NA,NA,NA,NA,NA,NA,NA,NA,NA,NA,NA,NA,NA,NA,NA,NA,NA,NA,NA,NA,NA,NA,NA,NA,NA,NA,NA,NA,NA,NA,NA,NA,NA,NA,NA,NA,NA,NA,NA,NA,NA,NA,NA,NA,NA,NA,NA,NA,NA,NA,NA,NA,NA,NA,NA,NA,NA,NA,NA,NA,NA,NA,NA,NA,NA,NA,NA,NA,NA,NA,NA,NA,NA,NA,NA,NA,NA,NA,NA,NA,NA,NA,NA,NA,NA,NA,NA,NA,NA,NA,iP8e267b70cb0e3c02,NA,NA,B,TRUE,FALSE,TRUE,FALSE,TRUE,TRUE,FALSE,2,1,2,187.06666666666663,0,0,0,0,1,1,0,100,100,100,100,100,100,100,100,100,100,100,100,100,100,74,100,100,100,80,100,76,100,100,100,100,100,100,100,95,73,100,100,100,100,0,93,35,0,49,0,100,100,NA,NA,NA,NA,NA,NA,NA,NA,NA,NA,NA,NA,NA,NA,NA,NA,NA,NA,NA,NA,NA,NA,NA,100,0,100,100,100,0,100,0,100,73,0,79,100,100,100,100,100,78,100,43,99,NA,NA,NA,NA,NA,NA,NA,NA,NA,NA,NA,NA,NA,NA,NA,NA,NA,NA,NA,NA,NA,NA,127,0,127,0,FALSE,FALSE,FALSE,FALSE,FALSE,FALSE,0,0,1,0,0,NA,NA,NA,NA,NA,NA,99.44444444444444,1.712112243427009,7,1,Rehab (1),1,1,1,3.625,NA,NA,NA,NA,NA,NA,NA,NA,NA,NA,NA,4,5,5,5,5,TRUE,TRUE,No controls
100,1102,1,R_6jYUdBdZVWj538Y,0,0,1,0,0,1,0,0,1,0,0,1,0,1,0,0,0,1,0,0,1,0,0,1,1,0,0,0,1,0,0,0,1,Rarely,Sometimes,Frequently,1,NA,NA,NA,NA,NA,NA,NA,NA,NA,NA,NA,NA,NA,NA,NA,NA,NA,NA,NA,NA,NA,NA,NA,NA,NA,NA,NA,NA,NA,NA,NA,NA,NA,NA,NA,NA,NA,NA,NA,NA,NA,NA,NA,NA,NA,NA,NA,NA,NA,NA,NA,NA,NA,NA,NA,NA,NA,NA,NA,NA,NA,NA,NA,NA,NA,NA,NA,NA,NA,NA,NA,NA,NA,NA,NA,NA,NA,NA,NA,NA,NA,NA,NA,NA,NA,NA,NA,NA,NA,NA,NA,NA,NA,NA,NA,NA,NA,NA,NA,NA,NA,NA,NA,NA,NA,NA,NA,NA,NA,NA,NA,NA,NA,NA,NA,NA,NA,NA,NA,NA,NA,NA,NA,NA,NA,NA,NA,NA,NA,NA,NA,NA,NA,NA,NA,NA,NA,NA,NA,NA,NA,NA,NA,NA,NA,NA,iP905839f38909cad6,NA,NA,C,FALSE,TRUE,FALSE,FALSE,TRUE,FALSE,FALSE,0,3,1,18.366666666666667,0,0,1,1,0,0,0,70,81,70,70,60,70,70,70,60,70,80,70,65,70,60,70,70,65,41,100,20,90,60,100,23,35,91,60,70,40,70,71,70,80,40,62,60,70,70,65,70,35,NA,NA,NA,NA,NA,NA,NA,NA,NA,NA,NA,NA,NA,NA,NA,NA,NA,NA,NA,NA,NA,NA,NA,NA,NA,NA,NA,NA,NA,NA,NA,NA,NA,NA,NA,NA,NA,NA,NA,NA,NA,NA,NA,NA,72,70,62,43,80,70,70,92,39,0,100,0,35,70,71,60,75,44,90,70,70,70,145,0,145,1,FALSE,FALSE,FALSE,FALSE,FALSE,FALSE,0,0,1,0,0,NA,NA,NA,NA,NA,NA,73.44444444444444,0.3550763290875914,NA,NA,NA,NA,NA,NA,NA,NA,NA,NA,NA,NA,NA,NA,NA,NA,NA,NA,NA,NA,NA,NA,NA,TRUE,TRUE,No controls
100,948,1,R_6D0k4A9BrL0oxYA,1,1,0,1,1,0,1,1,0,0,0,1,1,0,0,0,1,0,0,1,0,0,0,1,1,1,0,1,1,0,0,1,0,Frequently,Frequently,Frequently,4,1,1,2,1,1,9,9,10,10,10,4,3,3,4,4,2,2.5,purple,NA,NA,NA,NA,NA,NA,NA,NA,NA,NA,NA,NA,NA,NA,NA,NA,NA,NA,NA,NA,NA,NA,NA,NA,NA,NA,NA,NA,NA,NA,NA,NA,NA,NA,NA,NA,NA,NA,NA,NA,NA,NA,NA,NA,NA,NA,NA,NA,NA,NA,NA,NA,NA,NA,NA,NA,NA,NA,NA,NA,NA,NA,NA,NA,NA,NA,NA,NA,NA,NA,NA,NA,NA,NA,NA,NA,NA,NA,NA,NA,NA,NA,NA,NA,NA,NA,NA,NA,NA,NA,NA,NA,NA,NA,NA,NA,NA,NA,NA,NA,NA,NA,NA,NA,NA,NA,NA,NA,NA,NA,NA,NA,NA,NA,NA,NA,NA,NA,NA,NA,NA,NA,NA,NA,NA,NA,NA,NA,iP902faf45486425bb,NA,NA,C,TRUE,FALSE,TRUE,FALSE,TRUE,TRUE,FALSE,2,1,2,15.8,0,0,1,1,0,0,0,100,100,100,100,100,98,86,100,92,84,99,97,98,78,71,100,100,100,98,100,86,100,87,100,2,79,100,84,73,50,93,100,76,100,50,94,50,66,80,90,97,97,NA,NA,NA,NA,NA,NA,NA,NA,NA,NA,NA,NA,NA,NA,NA,NA,NA,NA,NA,NA,NA,NA,NA,NA,NA,NA,NA,NA,NA,NA,NA,NA,NA,NA,NA,NA,NA,NA,NA,NA,NA,NA,NA,NA,100,97,100,82,100,88,100,100,96,6,86,10,94,85,96,100,61,100,92,98,100,100,127,0,127,0,FALSE,FALSE,FALSE,FALSE,FALSE,FALSE,1,1,0,1,1,NA,NA,NA,NA,NA,NA,92.55555555555556,1.3525557191148558,4,4,Neutral (4),2,3,2.5,3.375,NA,NA,NA,NA,NA,NA,NA,NA,NA,NA,NA,4,4,5,5,5,TRUE,TRUE,No controls
100,1356,1,R_7YArI6DIkGijuTG,0,0,1,0,0,1,0,0,1,0,0,1,0,0,1,0,0,1,0,0,1,0,0,1,0,1,0,0,0,1,0,0,1,Never,Never,Never,4,1,2,2,2,2,6,8,10,9,10,5,3,2,4,4,2,2,purple,NA,NA,NA,NA,NA,NA,NA,NA,NA,NA,NA,NA,NA,NA,NA,NA,NA,NA,NA,NA,NA,NA,NA,NA,NA,NA,NA,NA,NA,NA,NA,NA,NA,NA,NA,NA,NA,NA,NA,NA,NA,NA,NA,NA,NA,NA,NA,NA,NA,NA,NA,NA,NA,NA,NA,NA,NA,NA,NA,NA,NA,NA,NA,NA,NA,NA,NA,NA,NA,NA,NA,NA,NA,NA,NA,NA,NA,NA,NA,NA,NA,NA,NA,NA,NA,NA,NA,NA,NA,NA,NA,NA,NA,NA,NA,NA,NA,NA,NA,NA,NA,NA,NA,NA,NA,NA,NA,NA,NA,NA,NA,NA,NA,NA,NA,NA,NA,NA,NA,NA,NA,NA,NA,NA,NA,NA,NA,NA,iP988ada761c30c05d,NA,NA,A,TRUE,FALSE,TRUE,FALSE,TRUE,TRUE,FALSE,2,1,2,22.6,0,0,0,1,0,0,0,80,70,70,90,80,70,40,90,100,20,0,0,80,60,70,70,70,60,80,60,70,90,100,90,0,30,60,80,60,30,70,0,0,0,30,70,70,70,70,90,90,80,60,40,90,0,70,80,70,60,60,70,80,60,70,60,30,20,70,90,30,80,90,90,100,NA,NA,NA,NA,NA,NA,NA,NA,NA,NA,NA,NA,NA,NA,NA,NA,NA,NA,NA,NA,NA,NA,NA,NA,NA,NA,NA,NA,NA,NA,NA,NA,NA,NA,NA,NA,NA,NA,NA,NA,NA,NA,NA,127,0,127,0,FALSE,FALSE,FALSE,FALSE,FALSE,FALSE,0,0,1,0,0,NA,NA,NA,NA,NA,NA,66.66666666666667,0.00131910355466664,5,3,Rehab (3),2,3,2.5,3,NA,NA,NA,NA,NA,NA,NA,NA,NA,NA,NA,1,3,5,4,5,TRUE,TRUE,No controls
100,767,1,R_722SvRk7u6YAN97,1,NA,0,1,0,0,1,0,0,0,0,1,1,0,0,0,0,1,0,0,1,0,0,1,1,0,0,0,1,0,0,0,1,Sometimes,Rarely,Sometimes,4,2,2,2,2,2,8,7,9,9,10,3,5,2.5,3,3,1,2.5,purple,NA,NA,NA,NA,NA,NA,NA,NA,NA,NA,NA,NA,NA,NA,NA,NA,NA,NA,NA,NA,NA,NA,NA,NA,NA,NA,NA,NA,NA,NA,NA,NA,NA,NA,NA,NA,NA,NA,NA,NA,NA,NA,NA,NA,NA,NA,NA,NA,NA,NA,NA,NA,NA,NA,NA,NA,NA,NA,NA,NA,NA,NA,NA,NA,NA,NA,NA,NA,NA,NA,NA,NA,NA,NA,NA,NA,NA,NA,NA,NA,NA,NA,NA,NA,NA,NA,NA,NA,NA,NA,NA,NA,NA,NA,NA,NA,NA,NA,NA,NA,NA,NA,NA,NA,NA,NA,NA,NA,NA,NA,NA,NA,NA,NA,NA,NA,NA,NA,NA,NA,NA,NA,NA,NA,NA,NA,NA,NA,iPee497841f8ee00ba,NA,NA,B,TRUE,FALSE,TRUE,FALSE,TRUE,TRUE,FALSE,2,1,2,12.783333333333331,0,0,1,1,0,0,0,63,87,50,54,50,50,76,81,50,52,50,67,74,83,91,71,74,62,50,84,29,60,35,82,64,65,83,27,28,50,50,50,37,50,59,61,41,64,20,29,50,68,NA,NA,NA,NA,NA,NA,NA,NA,NA,NA,NA,NA,NA,NA,NA,NA,NA,NA,NA,NA,NA,NA,NA,80,50,65,70,25,12,50,47,50,70,70,15,84,89,79,29,72,65,50,50,33,NA,NA,NA,NA,NA,NA,NA,NA,NA,NA,NA,NA,NA,NA,NA,NA,NA,NA,NA,NA,NA,NA,127,0,127,0,FALSE,FALSE,FALSE,FALSE,FALSE,FALSE,1,1,NA,NA,1,NA,NA,NA,NA,NA,NA,65.11111111111111,-0.07987107935452936,3,5,Punish (5),2.5,4,3.25,2.75,NA,NA,NA,NA,NA,NA,NA,NA,NA,NA,NA,3,2,4,4,5,TRUE,TRUE,No controls
100,579,1,R_6pQQXzTV2ya4QYn,0,0,1,0,0,1,1,0,0,0,0,1,1,0,0,0,0,1,0,0,1,0,0,1,0,0,1,0,0,1,0,0,1,Never,Never,Sometimes,1,NA,NA,NA,NA,NA,NA,NA,NA,NA,NA,NA,NA,NA,NA,NA,NA,NA,NA,NA,NA,NA,NA,NA,NA,NA,NA,NA,NA,NA,NA,NA,NA,NA,NA,NA,NA,NA,NA,NA,NA,NA,NA,NA,NA,NA,NA,NA,NA,NA,NA,NA,NA,NA,NA,NA,NA,NA,NA,NA,NA,NA,NA,NA,NA,NA,NA,NA,NA,NA,NA,NA,NA,NA,NA,NA,NA,NA,NA,NA,NA,NA,NA,NA,NA,NA,NA,NA,NA,NA,NA,NA,NA,NA,NA,NA,NA,NA,NA,NA,NA,NA,NA,NA,NA,NA,NA,NA,NA,NA,NA,NA,NA,NA,NA,NA,NA,NA,NA,NA,NA,NA,NA,NA,NA,NA,NA,NA,NA,NA,NA,NA,NA,NA,NA,NA,NA,NA,NA,NA,NA,NA,NA,NA,NA,NA,NA,iPa2349067034c18f0,NA,NA,A,FALSE,TRUE,FALSE,FALSE,TRUE,FALSE,FALSE,0,3,1,9.65,0,1,1,1,0,0,0,50,50,50,50,50,50,30,50,40,20,0,10,50,90,40,90,90,50,80,70,50,60,50,50,10,30,30,50,30,90,70,10,10,30,50,50,20,70,30,40,50,50,50,30,50,30,70,90,50,20,30,50,50,30,80,80,20,50,50,50,30,70,70,50,50,NA,NA,NA,NA,NA,NA,NA,NA,NA,NA,NA,NA,NA,NA,NA,NA,NA,NA,NA,NA,NA,NA,NA,NA,NA,NA,NA,NA,NA,NA,NA,NA,NA,NA,NA,NA,NA,NA,NA,NA,NA,NA,NA,145,0,145,1,FALSE,FALSE,FALSE,FALSE,FALSE,FALSE,0,0,1,0,0,NA,NA,NA,NA,NA,NA,61.111111111111114,-0.28864583540674743,NA,NA,NA,NA,NA,NA,NA,NA,NA,NA,NA,NA,NA,NA,NA,NA,NA,NA,NA,NA,NA,NA,NA,TRUE,TRUE,No controls
100,9749,1,R_5HpLTLlLLhhc23t,NA,1,0,NA,0,1,0,0,1,0,0,1,0,1,0,0,0,1,0,0,1,0,0,1,0,0,1,0,0,1,0,0,1,Never,Never,Rarely,1,NA,NA,NA,NA,NA,NA,NA,NA,NA,NA,NA,NA,NA,NA,NA,NA,NA,NA,NA,NA,NA,NA,NA,NA,NA,NA,NA,NA,NA,NA,NA,NA,NA,NA,NA,NA,NA,NA,NA,NA,NA,NA,NA,NA,NA,NA,NA,NA,NA,NA,NA,NA,NA,NA,NA,NA,NA,NA,NA,NA,NA,NA,NA,NA,NA,NA,NA,NA,NA,NA,NA,NA,NA,NA,NA,NA,NA,NA,NA,NA,NA,NA,NA,NA,NA,NA,NA,NA,NA,NA,NA,NA,NA,NA,NA,NA,NA,NA,NA,NA,NA,NA,NA,NA,NA,NA,NA,NA,NA,NA,NA,NA,NA,NA,NA,NA,NA,NA,NA,NA,NA,NA,NA,NA,NA,NA,NA,NA,NA,NA,NA,NA,NA,NA,NA,NA,NA,NA,NA,NA,NA,NA,NA,NA,NA,NA,iPbc9081e00373695d,NA,NA,A,FALSE,TRUE,FALSE,FALSE,TRUE,FALSE,FALSE,0,3,1,162.48333333333332,0,0,0,0,1,0,0,80,80,80,70,70,50,80,90,50,50,30,20,70,80,50,80,80,80,50,100,30,70,30,100,70,80,90,70,50,50,50,50,50,50,30,70,30,50,30,30,50,60,80,90,70,40,50,90,70,70,60,80,70,30,80,90,70,90,70,70,40,70,70,70,80,NA,NA,NA,NA,NA,NA,NA,NA,NA,NA,NA,NA,NA,NA,NA,NA,NA,NA,NA,NA,NA,NA,NA,NA,NA,NA,NA,NA,NA,NA,NA,NA,NA,NA,NA,NA,NA,NA,NA,NA,NA,NA,NA,145,0,145,1,FALSE,FALSE,FALSE,FALSE,FALSE,FALSE,1,NA,NA,1,NA,NA,NA,NA,NA,NA,NA,77.77777777777777,0.5812489814774942,NA,NA,NA,NA,NA,NA,NA,NA,NA,NA,NA,NA,NA,NA,NA,NA,NA,NA,NA,NA,NA,NA,NA,TRUE,TRUE,No controls
100,594,1,R_3hGdna8LC92Jx13,NA,1,0,NA,0,1,0,1,0,0,0,1,1,0,0,0,1,0,0,0,1,0,0,1,0,1,0,0,0,1,0,1,0,Sometimes,Sometimes,Sometimes,4,2,2,3,2,2,7,7,7,7,7,5,2,3,2,4,1,3,Purple,NA,NA,NA,NA,NA,NA,NA,NA,NA,NA,NA,NA,NA,NA,NA,NA,NA,NA,NA,NA,NA,NA,NA,NA,NA,NA,NA,NA,NA,NA,NA,NA,NA,NA,NA,NA,NA,NA,NA,NA,NA,NA,NA,NA,NA,NA,NA,NA,NA,NA,NA,NA,NA,NA,NA,NA,NA,NA,NA,NA,NA,NA,NA,NA,NA,NA,NA,NA,NA,NA,NA,NA,NA,NA,NA,NA,NA,NA,NA,NA,NA,NA,NA,NA,NA,NA,NA,NA,NA,NA,NA,NA,NA,NA,NA,NA,NA,NA,NA,NA,NA,NA,NA,NA,NA,NA,NA,NA,NA,NA,NA,NA,NA,NA,NA,NA,NA,NA,NA,NA,NA,NA,NA,NA,NA,NA,NA,NA,iPf0d9a7037c6ed93c,NA,NA,B,TRUE,FALSE,TRUE,FALSE,TRUE,TRUE,FALSE,2,1,2,9.9,0,1,1,1,0,0,0,99,75,42,39,86,73,64,75,78,34,76,38,77,87,78,85,81,65,82,81,46,32,82,71,16,80,87,38,31,78,84,82,74,41,NA,33,83,62,28,32,64,81,NA,NA,NA,NA,NA,NA,NA,NA,NA,NA,NA,NA,NA,NA,NA,NA,NA,NA,NA,NA,NA,NA,NA,84,65,63,85,88,41,92,73,88,86,32,73,82,65,96,38,65,77,99,68,79,NA,NA,NA,NA,NA,NA,NA,NA,NA,NA,NA,NA,NA,NA,NA,NA,NA,NA,NA,NA,NA,NA,128,0,128,0,FALSE,FALSE,FALSE,FALSE,FALSE,FALSE,1,NA,NA,1,NA,NA,NA,NA,NA,NA,NA,70.22222222222223,0.1868966644899717,5,3,Rehab (3),3,4,3.5,3,NA,NA,NA,NA,NA,NA,NA,NA,NA,NA,NA,2,2,2,2,2,TRUE,TRUE,No controls
100,1354,1,R_1nUH30kJmoX8uzL,0,0,1,0,0,1,0,0,1,0,1,0,0,1,0,0,0,1,0,0,1,0,0,1,1,0,0,1,0,0,0,0,1,Sometimes,Never,Sometimes,4,3,3,4,4,4,8,6,7,7,7,2,1,1,2,2,2,3,Purple,NA,NA,NA,NA,NA,NA,NA,NA,NA,NA,NA,NA,NA,NA,NA,NA,NA,NA,NA,NA,NA,NA,NA,NA,NA,NA,NA,NA,NA,NA,NA,NA,NA,NA,NA,NA,NA,NA,NA,NA,NA,NA,NA,NA,NA,NA,NA,NA,NA,NA,NA,NA,NA,NA,NA,NA,NA,NA,NA,NA,NA,NA,NA,NA,NA,NA,NA,NA,NA,NA,NA,NA,NA,NA,NA,NA,NA,NA,NA,NA,NA,NA,NA,NA,NA,NA,NA,NA,NA,NA,NA,NA,NA,NA,NA,NA,NA,NA,NA,NA,NA,NA,NA,NA,NA,NA,NA,NA,NA,NA,NA,NA,NA,NA,NA,NA,NA,NA,NA,NA,NA,NA,NA,NA,NA,NA,NA,NA,iPf789d37496f186e5,NA,NA,B,TRUE,FALSE,TRUE,FALSE,TRUE,TRUE,FALSE,2,1,2,22.566666666666663,0,0,0,1,0,0,0,75,76,84,73,96,8,12,45,1,13,15,0,16,23,36,84,90,67,100,24,63,64,79,74,0,0,12,4,2,93,97,11,7,4,100,76,17,99,31,62,11,76,NA,NA,NA,NA,NA,NA,NA,NA,NA,NA,NA,NA,NA,NA,NA,NA,NA,NA,NA,NA,NA,NA,NA,63,8,70,74,70,56,0,100,10,8,30,62,100,100,100,89,95,66,5,95,6,NA,NA,NA,NA,NA,NA,NA,NA,NA,NA,NA,NA,NA,NA,NA,NA,NA,NA,NA,NA,NA,NA,127,0,127,0,FALSE,FALSE,FALSE,FALSE,FALSE,FALSE,0,0,1,0,0,NA,NA,NA,NA,NA,NA,35.77777777777778,-1.6108859570707954,2,6,Punish (6),4,3,3.5,2,NA,NA,NA,NA,NA,NA,NA,NA,NA,NA,NA,3,1,2,2,2,TRUE,TRUE,No controls
100,120523,1,R_1aIWqkXpT7T9t6x,0,0,1,0,1,0,1,0,0,0,0,1,0,1,0,0,0,1,0,0,1,0,0,1,1,0,0,1,0,0,0,0,1,Never,Never,Rarely,4,1,1,1,1,2,9,9,10,10,10,4,1,3,4,3,2,3,purple,NA,NA,NA,NA,NA,NA,NA,NA,NA,NA,NA,NA,NA,NA,NA,NA,NA,NA,NA,NA,NA,NA,NA,NA,NA,NA,NA,NA,NA,NA,NA,NA,NA,NA,NA,NA,NA,NA,NA,NA,NA,NA,NA,NA,NA,NA,NA,NA,NA,NA,NA,NA,NA,NA,NA,NA,NA,NA,NA,NA,NA,NA,NA,NA,NA,NA,NA,NA,NA,NA,NA,NA,NA,NA,NA,NA,NA,NA,NA,NA,NA,NA,NA,NA,NA,NA,NA,NA,NA,NA,NA,NA,NA,NA,NA,NA,NA,NA,NA,NA,NA,NA,NA,NA,NA,NA,NA,NA,NA,NA,NA,NA,NA,NA,NA,NA,NA,NA,NA,NA,NA,NA,NA,NA,NA,NA,NA,NA,iP9666ca9e0564ce3b,NA,NA,A,TRUE,FALSE,TRUE,FALSE,TRUE,TRUE,FALSE,2,1,2,2008.7166666666667,0,0,0,0,1,1,0,90,100,100,90,90,90,100,100,90,100,100,100,80,100,100,90,90,100,80,100,80,100,100,100,40,70,100,100,100,70,90,100,100,100,40,90,60,80,90,90,90,90,90,90,100,90,100,100,100,20,90,100,100,80,90,100,70,80,100,90,70,90,90,100,100,NA,NA,NA,NA,NA,NA,NA,NA,NA,NA,NA,NA,NA,NA,NA,NA,NA,NA,NA,NA,NA,NA,NA,NA,NA,NA,NA,NA,NA,NA,NA,NA,NA,NA,NA,NA,NA,NA,NA,NA,NA,NA,NA,127,0,127,0,FALSE,FALSE,FALSE,FALSE,FALSE,FALSE,0,0,1,0,0,NA,NA,NA,NA,NA,NA,95.55555555555556,1.5091367861540192,4,4,Neutral (4),4,3,3.5,3.25,NA,NA,NA,NA,NA,NA,NA,NA,NA,NA,NA,4,4,5,5,5,TRUE,TRUE,No controls
100,1040,1,R_5lxZkMaMoWm3FhU,0,0,1,0,0,1,0,1,0,0,0,1,0,1,0,0,0,1,0,0,1,0,0,1,0,1,0,0,1,0,0,0,1,Never,Never,Never,4,1,1,2,2,1,9,9,10,10,8,3,2,2,4,3,1,3,Purple,NA,NA,NA,NA,NA,NA,NA,NA,NA,NA,NA,NA,NA,NA,NA,NA,NA,NA,NA,NA,NA,NA,NA,NA,NA,NA,NA,NA,NA,NA,NA,NA,NA,NA,NA,NA,NA,NA,NA,NA,NA,NA,NA,NA,NA,NA,NA,NA,NA,NA,NA,NA,NA,NA,NA,NA,NA,NA,NA,NA,NA,NA,NA,NA,NA,NA,NA,NA,NA,NA,NA,NA,NA,NA,NA,NA,NA,NA,NA,NA,NA,NA,NA,NA,NA,NA,NA,NA,NA,NA,NA,NA,NA,NA,NA,NA,NA,NA,NA,NA,NA,NA,NA,NA,NA,NA,NA,NA,NA,NA,NA,NA,NA,NA,NA,NA,NA,NA,NA,NA,NA,NA,NA,NA,NA,NA,NA,NA,iP4ef0ab1c02daea1e,NA,NA,A,TRUE,FALSE,TRUE,FALSE,TRUE,TRUE,FALSE,2,1,2,17.333333333333332,0,0,1,1,0,0,0,80,80,80,70,80,60,40,80,70,70,60,40,50,60,70,70,80,70,80,80,80,80,80,80,10,40,60,80,40,80,80,40,40,60,60,80,40,50,70,70,70,90,60,40,80,40,70,80,80,50,70,80,80,80,60,70,60,40,80,80,40,70,80,80,70,NA,NA,NA,NA,NA,NA,NA,NA,NA,NA,NA,NA,NA,NA,NA,NA,NA,NA,NA,NA,NA,NA,NA,NA,NA,NA,NA,NA,NA,NA,NA,NA,NA,NA,NA,NA,NA,NA,NA,NA,NA,NA,NA,127,0,127,0,FALSE,FALSE,FALSE,FALSE,FALSE,FALSE,0,0,1,0,0,NA,NA,NA,NA,NA,NA,65.55555555555556,-0.05667388423761632,3,5,Punish (5),3,4,3.5,3,NA,NA,NA,NA,NA,NA,NA,NA,NA,NA,NA,4,4,5,5,3,TRUE,TRUE,No controls
100,1465,1,R_7MJVdT6ofZCpZER,NA,NA,1,1,0,0,0,1,0,0,0,1,0,0,1,0,0,1,0,0,1,0,0,1,0,0,1,0,0,1,0,0,1,Never,Never,Never,4,1,1,1,1,1,9,10,10,10,10,5,3,3,3,3,2,3,Purple,NA,NA,NA,NA,NA,NA,NA,NA,NA,NA,NA,NA,NA,NA,NA,NA,NA,NA,NA,NA,NA,NA,NA,NA,NA,NA,NA,NA,NA,NA,NA,NA,NA,NA,NA,NA,NA,NA,NA,NA,NA,NA,NA,NA,NA,NA,NA,NA,NA,NA,NA,NA,NA,NA,NA,NA,NA,NA,NA,NA,NA,NA,NA,NA,NA,NA,NA,NA,NA,NA,NA,NA,NA,NA,NA,NA,NA,NA,NA,NA,NA,NA,NA,NA,NA,NA,NA,NA,NA,NA,NA,NA,NA,NA,NA,NA,NA,NA,NA,NA,NA,NA,NA,NA,NA,NA,NA,NA,NA,NA,NA,NA,NA,NA,NA,NA,NA,NA,NA,NA,NA,NA,NA,NA,NA,NA,NA,NA,iPdf835da5995c37cb,NA,NA,C,TRUE,FALSE,TRUE,FALSE,TRUE,TRUE,FALSE,2,1,2,24.416666666666668,0,0,0,1,0,0,0,81,100,52,70,64,71,75,79,100,70,70,15,75,70,100,70,100,77,36,81,30,100,85,100,69,71,73,75,63,62,71,81,73,100,22,29,32,29,35,33,81,100,NA,NA,NA,NA,NA,NA,NA,NA,NA,NA,NA,NA,NA,NA,NA,NA,NA,NA,NA,NA,NA,NA,NA,NA,NA,NA,NA,NA,NA,NA,NA,NA,NA,NA,NA,NA,NA,NA,NA,NA,NA,NA,NA,NA,75,100,100,72,75,79,90,100,100,0,0,0,73,68,67,100,100,100,100,82,81,86,127,0,127,0,FALSE,FALSE,FALSE,FALSE,FALSE,FALSE,1,NA,1,NA,1,NA,NA,NA,NA,NA,NA,76,0.48846020100984194,5,3,Rehab (3),2,3,2.5,3,NA,NA,NA,NA,NA,NA,NA,NA,NA,NA,NA,4,5,5,5,5,TRUE,TRUE,No controls
100,769,1,R_1m3ugduKbc465qF,0,0,1,0,0,1,0,0,1,0,0,1,0,0,1,0,0,1,0,0,1,0,0,1,0,0,1,0,0,1,0,0,1,Rarely,Never,Sometimes,4,1,1,1,1,1,10,10,10,10,10,4,5,2.5,2,3,1,3,Purple,NA,NA,NA,NA,NA,NA,NA,NA,NA,NA,NA,NA,NA,NA,NA,NA,NA,NA,NA,NA,NA,NA,NA,NA,NA,NA,NA,NA,NA,NA,NA,NA,NA,NA,NA,NA,NA,NA,NA,NA,NA,NA,NA,NA,NA,NA,NA,NA,NA,NA,NA,NA,NA,NA,NA,NA,NA,NA,NA,NA,NA,NA,NA,NA,NA,NA,NA,NA,NA,NA,NA,NA,NA,NA,NA,NA,NA,NA,NA,NA,NA,NA,NA,NA,NA,NA,NA,NA,NA,NA,NA,NA,NA,NA,NA,NA,NA,NA,NA,NA,NA,NA,NA,NA,NA,NA,NA,NA,NA,NA,NA,NA,NA,NA,NA,NA,NA,NA,NA,NA,NA,NA,NA,NA,NA,NA,NA,NA,iPbc189d797f5d0467,NA,NA,C,TRUE,FALSE,TRUE,FALSE,TRUE,TRUE,FALSE,2,1,2,12.816666666666666,0,0,1,1,0,0,0,50,51,50,51,50,50,19,70,83,50,51,51,12,36,51,7,87,50,51,65,0,50,50,100,34,10,69,37,20,50,50,50,49,51,8,50,50,0,0,0,12,69,NA,NA,NA,NA,NA,NA,NA,NA,NA,NA,NA,NA,NA,NA,NA,NA,NA,NA,NA,NA,NA,NA,NA,NA,NA,NA,NA,NA,NA,NA,NA,NA,NA,NA,NA,NA,NA,NA,NA,NA,NA,NA,NA,NA,66,79,50,25,66,77,89,50,84,0,0,0,43,100,37,92,91,6,74,51,50,50,127,0,127,0,FALSE,FALSE,FALSE,FALSE,FALSE,FALSE,0,0,1,0,0,NA,NA,NA,NA,NA,NA,42.55555555555556,-1.2571287315378703,4,4,Neutral (4),2.5,4,3.25,2.625,NA,NA,NA,NA,NA,NA,NA,NA,NA,NA,NA,5,5,5,5,5,TRUE,TRUE,No controls
100,666,1,R_6XZE3UswbiGvWPD,0,0,1,0,0,1,0,0,1,0,0,1,0,0,1,0,0,1,0,0,1,0,0,1,1,0,0,1,0,0,0,0,1,Rarely,Never,Never,4,3,3,2,2,4,10,9,10,10,9,3,1,2.5,2,2,2,2,Purple,NA,NA,NA,NA,NA,NA,NA,NA,NA,NA,NA,NA,NA,NA,NA,NA,NA,NA,NA,NA,NA,NA,NA,NA,NA,NA,NA,NA,NA,NA,NA,NA,NA,NA,NA,NA,NA,NA,NA,NA,NA,NA,NA,NA,NA,NA,NA,NA,NA,NA,NA,NA,NA,NA,NA,NA,NA,NA,NA,NA,NA,NA,NA,NA,NA,NA,NA,NA,NA,NA,NA,NA,NA,NA,NA,NA,NA,NA,NA,NA,NA,NA,NA,NA,NA,NA,NA,NA,NA,NA,NA,NA,NA,NA,NA,NA,NA,NA,NA,NA,NA,NA,NA,NA,NA,NA,NA,NA,NA,NA,NA,NA,NA,NA,NA,NA,NA,NA,NA,NA,NA,NA,NA,NA,NA,NA,NA,NA,iP681b3dada56a4c75,NA,NA,A,TRUE,FALSE,TRUE,FALSE,TRUE,TRUE,FALSE,2,1,2,11.1,0,1,1,1,0,0,0,50,50,50,50,50,50,10,50,50,30,50,50,20,20,50,50,50,20,50,40,10,50,50,50,10,0,50,50,0,50,50,50,50,40,50,40,30,50,10,10,60,70,10,20,50,50,50,30,50,50,50,50,50,50,60,70,40,0,50,50,50,70,70,60,50,NA,NA,NA,NA,NA,NA,NA,NA,NA,NA,NA,NA,NA,NA,NA,NA,NA,NA,NA,NA,NA,NA,NA,NA,NA,NA,NA,NA,NA,NA,NA,NA,NA,NA,NA,NA,NA,NA,NA,NA,NA,NA,NA,127,0,127,0,FALSE,FALSE,FALSE,FALSE,FALSE,FALSE,0,0,1,0,0,NA,NA,NA,NA,NA,NA,33.333333333333336,-1.7384705302138177,3,5,Punish (5),4,3,3.5,2.125,NA,NA,NA,NA,NA,NA,NA,NA,NA,NA,NA,5,4,5,5,4,TRUE,TRUE,No controls
100,2477,1,R_1mjKR09dFI8wDfc,0,0,1,0,0,1,0,0,1,0,0,1,0,0,1,0,0,1,0,1,0,0,0,1,1,1,0,1,0,0,0,1,0,Never,Never,Rarely,4,2,2,3,2,2,8,9,7,6,7,4,3,2,2,2.5,5,3,Purple,NA,NA,NA,NA,NA,NA,NA,NA,NA,NA,NA,NA,NA,NA,NA,NA,NA,NA,NA,NA,NA,NA,NA,NA,NA,NA,NA,NA,NA,NA,NA,NA,NA,NA,NA,NA,NA,NA,NA,NA,NA,NA,NA,NA,NA,NA,NA,NA,NA,NA,NA,NA,NA,NA,NA,NA,NA,NA,NA,NA,NA,NA,NA,NA,NA,NA,NA,NA,NA,NA,NA,NA,NA,NA,NA,NA,NA,NA,NA,NA,NA,NA,NA,NA,NA,NA,NA,NA,NA,NA,NA,NA,NA,NA,NA,NA,NA,NA,NA,NA,NA,NA,NA,NA,NA,NA,NA,NA,NA,NA,NA,NA,NA,NA,NA,NA,NA,NA,NA,NA,NA,NA,NA,NA,NA,NA,NA,NA,iP173961d32400f233,NA,NA,A,TRUE,FALSE,TRUE,FALSE,TRUE,TRUE,FALSE,2,1,2,41.28333333333333,0,0,0,0,0,0,0,50,50,70,50,80,50,40,70,70,50,60,60,60,50,60,70,80,70,90,50,80,60,80,100,20,30,60,40,10,40,80,80,60,70,20,80,50,20,70,40,60,70,40,30,80,60,80,70,60,10,50,70,50,40,70,60,40,40,70,80,40,70,80,70,80,NA,NA,NA,NA,NA,NA,NA,NA,NA,NA,NA,NA,NA,NA,NA,NA,NA,NA,NA,NA,NA,NA,NA,NA,NA,NA,NA,NA,NA,NA,NA,NA,NA,NA,NA,NA,NA,NA,NA,NA,NA,NA,NA,127,0,127,0,FALSE,FALSE,FALSE,FALSE,FALSE,FALSE,0,0,1,0,0,NA,NA,NA,NA,NA,NA,54.44444444444444,-0.6366037621604446,4,4,Neutral (4),2,2.5,2.25,2.375,NA,NA,NA,NA,NA,NA,NA,NA,NA,NA,NA,3,4,2,1,2,TRUE,TRUE,No controls
100,1858,1,R_1ZWcDfkd2g5XQnf,0,0,1,0,0,1,1,0,0,1,0,0,1,0,0,0,0,1,0,1,0,0,0,1,0,1,0,0,0,1,1,1,0,Sometimes,Rarely,Sometimes,4,1,1,1,1,1,8,10,10,10,10,6,4,1,4,4,3,2.5,Purple,NA,NA,NA,NA,NA,NA,NA,NA,NA,NA,NA,NA,NA,NA,NA,NA,NA,NA,NA,NA,NA,NA,NA,NA,NA,NA,NA,NA,NA,NA,NA,NA,NA,NA,NA,NA,NA,NA,NA,NA,NA,NA,NA,NA,NA,NA,NA,NA,NA,NA,NA,NA,NA,NA,NA,NA,NA,NA,NA,NA,NA,NA,NA,NA,NA,NA,NA,NA,NA,NA,NA,NA,NA,NA,NA,NA,NA,NA,NA,NA,NA,NA,NA,NA,NA,NA,NA,NA,NA,NA,NA,NA,NA,NA,NA,NA,NA,NA,NA,NA,NA,NA,NA,NA,NA,NA,NA,NA,NA,NA,NA,NA,NA,NA,NA,NA,NA,NA,NA,NA,NA,NA,NA,NA,NA,NA,NA,NA,iP8cf21c08fb2bfe3d,NA,NA,B,TRUE,FALSE,TRUE,FALSE,TRUE,TRUE,FALSE,2,1,2,30.966666666666665,0,0,0,0,0,0,0,100,100,100,100,100,100,100,100,100,100,100,100,100,100,100,100,100,100,100,100,100,100,100,100,100,100,100,100,100,100,100,100,100,100,100,100,100,100,100,100,100,100,NA,NA,NA,NA,NA,NA,NA,NA,NA,NA,NA,NA,NA,NA,NA,NA,NA,NA,NA,NA,NA,NA,NA,100,100,100,100,100,100,100,100,100,100,100,100,100,100,100,100,100,100,100,100,100,NA,NA,NA,NA,NA,NA,NA,NA,NA,NA,NA,NA,NA,NA,NA,NA,NA,NA,NA,NA,NA,NA,127,0,127,0,FALSE,FALSE,FALSE,FALSE,FALSE,FALSE,0,0,1,0,0,NA,NA,NA,NA,NA,NA,100,1.7411087373231504,6,2,Rehab (2),1,2,1.5,2.875,NA,NA,NA,NA,NA,NA,NA,NA,NA,NA,NA,3,5,5,5,5,TRUE,TRUE,No controls
100,1199,1,R_1YrFz4Psw2WJW69,0,0,1,0,0,1,0,0,1,0,0,1,0,0,1,0,0,1,0,0,1,0,0,1,1,0,0,1,0,0,0,0,1,Frequently,Never,Sometimes,4,2,2,2,2,2,10,8,10,10,10,1,1,2.5,2.5,2.5,5,2.5,Purple,5,1,1,6,6,6,6,6,2,6,2,3,3,3,3,3,3,1,4,5,4,2,5,4,3,3,3,3,3,3,3,3,3,3,2,3,2,2,2,2,3,3,1,1,3,3,2,1,3,1,1,1,1,5,4,4,4,5,2,2,2,4,1,1,3,NA,4,1,4,1,1,2,2,3,NA,NA,6,6,5,6,6,6,6,6,6,3,1,0,0,1,0,0,4,NA,NA,-99,0,1,0,0,0,0,0,0,-99,6,-99,2,1,1.526,4.002,10.301,4,2,0,0,0,1,Male,1,0,0,0,0,0,-99,2079,2157,iP7df5f6ee716dcc36,Ohio,Trumbull,C,TRUE,FALSE,TRUE,TRUE,TRUE,TRUE,TRUE,3,0,3,19.983333333333334,0,0,1,1,0,0,0,75,100,50,50,50,50,50,50,50,30,50,50,50,50,50,50,50,50,50,50,30,50,100,50,0,25,50,50,50,50,50,50,50,50,50,50,20,50,20,50,50,50,NA,NA,NA,NA,NA,NA,NA,NA,NA,NA,NA,NA,NA,NA,NA,NA,NA,NA,NA,NA,NA,NA,NA,NA,NA,NA,NA,NA,NA,NA,NA,NA,NA,NA,NA,NA,NA,NA,NA,NA,NA,NA,NA,NA,50,50,50,50,66,50,50,50,50,0,50,0,50,50,50,65,75,50,50,53,50,50,3,0,3,0,FALSE,FALSE,FALSE,FALSE,FALSE,FALSE,0,0,1,0,0,FALSE,0,0,0,0,0,50,-0.8685757133295756,1,7,Punish (7),4,2.5,3.25,2.5,1,2,2,2,2,2,2,2,2.5,2.5,2.5,5,3,5,5,5,FALSE,TRUE,Some controls missing
100,104879,1,R_7MIRmvbggGWbf5n,0,0,1,0,0,1,0,1,0,0,0,1,1,1,0,0,0,1,0,0,1,0,0,1,0,1,0,1,1,0,0,0,1,Sometimes,Rarely,Sometimes,4,1,1,1,1,1,10,9,10,10,10,4,1,4,4,4,2,4,purple,NA,NA,NA,NA,NA,NA,NA,NA,NA,NA,NA,NA,NA,NA,NA,NA,NA,NA,NA,NA,NA,NA,NA,NA,NA,NA,NA,NA,NA,NA,NA,NA,NA,NA,NA,NA,NA,NA,NA,NA,NA,NA,NA,NA,NA,NA,NA,NA,NA,NA,NA,NA,NA,NA,NA,NA,NA,NA,NA,NA,NA,NA,NA,NA,NA,NA,NA,NA,NA,NA,NA,NA,NA,NA,NA,NA,NA,NA,NA,NA,NA,NA,NA,NA,NA,NA,NA,NA,NA,NA,NA,NA,NA,NA,NA,NA,NA,NA,NA,NA,NA,NA,NA,NA,NA,NA,NA,NA,NA,NA,NA,NA,NA,NA,NA,NA,NA,NA,NA,NA,NA,NA,NA,NA,NA,NA,NA,NA,iP77d9ac9286e1a203,NA,NA,A,TRUE,FALSE,TRUE,FALSE,TRUE,TRUE,FALSE,2,1,2,1747.9833333333331,0,0,0,0,1,1,0,40,100,40,40,60,40,60,50,30,30,30,50,80,80,50,90,80,90,50,80,0,70,40,100,70,50,80,40,50,50,50,40,40,100,30,0,10,50,10,0,30,50,50,70,40,30,30,30,30,30,30,40,40,30,100,100,40,50,50,50,50,80,70,50,60,NA,NA,NA,NA,NA,NA,NA,NA,NA,NA,NA,NA,NA,NA,NA,NA,NA,NA,NA,NA,NA,NA,NA,NA,NA,NA,NA,NA,NA,NA,NA,NA,NA,NA,NA,NA,NA,NA,NA,NA,NA,NA,NA,127,0,127,0,FALSE,FALSE,FALSE,FALSE,FALSE,FALSE,0,0,1,0,0,NA,NA,NA,NA,NA,NA,74.44444444444444,0.40727001810064595,4,4,Neutral (4),4,3,3.5,4,NA,NA,NA,NA,NA,NA,NA,NA,NA,NA,NA,5,4,5,5,5,TRUE,TRUE,No controls
100,628,1,R_3e49EW4NdmFw4wl,0,0,1,0,0,1,1,1,0,1,1,0,1,1,0,0,0,1,0,0,1,0,0,1,0,1,0,0,1,0,0,1,0,Rarely,Never,Rarely,1,NA,NA,NA,NA,NA,NA,NA,NA,NA,NA,NA,NA,NA,NA,NA,NA,NA,NA,NA,NA,NA,NA,NA,NA,NA,NA,NA,NA,NA,NA,NA,NA,NA,NA,NA,NA,NA,NA,NA,NA,NA,NA,NA,NA,NA,NA,NA,NA,NA,NA,NA,NA,NA,NA,NA,NA,NA,NA,NA,NA,NA,NA,NA,NA,NA,NA,NA,NA,NA,NA,NA,NA,NA,NA,NA,NA,NA,NA,NA,NA,NA,NA,NA,NA,NA,NA,NA,NA,NA,NA,NA,NA,NA,NA,NA,NA,NA,NA,NA,NA,NA,NA,NA,NA,NA,NA,NA,NA,NA,NA,NA,NA,NA,NA,NA,NA,NA,NA,NA,NA,NA,NA,NA,NA,NA,NA,NA,NA,NA,NA,NA,NA,NA,NA,NA,NA,NA,NA,NA,NA,NA,NA,NA,NA,NA,NA,iP25cdfbaf4a5c686f,NA,NA,C,FALSE,TRUE,FALSE,FALSE,TRUE,FALSE,FALSE,0,3,1,10.466666666666669,0,1,1,1,0,0,0,42,71,41,75,36,60,66,76,66,0,0,0,70,67,23,60,79,75,77,79,0,72,61,100,5,23,100,68,6,68,18,0,0,0,18,75,21,40,0,0,66,29,NA,NA,NA,NA,NA,NA,NA,NA,NA,NA,NA,NA,NA,NA,NA,NA,NA,NA,NA,NA,NA,NA,NA,NA,NA,NA,NA,NA,NA,NA,NA,NA,NA,NA,NA,NA,NA,NA,NA,NA,NA,NA,NA,NA,75,66,65,33,75,33,100,80,81,0,83,0,20,23,15,66,100,45,100,70,0,0,145,0,145,1,FALSE,FALSE,FALSE,FALSE,FALSE,FALSE,0,0,1,0,0,NA,NA,NA,NA,NA,NA,67.11111111111111,0.02451629867157968,NA,NA,NA,NA,NA,NA,NA,NA,NA,NA,NA,NA,NA,NA,NA,NA,NA,NA,NA,NA,NA,NA,NA,TRUE,TRUE,No controls
100,2437,1,R_7iETbXOHCT9Pn3T,0,0,1,0,0,1,0,1,0,0,1,0,0,1,0,0,0,1,0,0,1,0,0,1,1,1,0,0,0,1,0,0,1,Frequently,Sometimes,Rarely,4,2,2,2,2,2,9,8,9,9,10,2,2,1,2,2,3,2,purple,2,2,2,5,4,4,4,3,4,5,2,1,3,2,3,1,2,1,4,2,3,3,2,4,4,3,3,1,3,1,1,1,1,1,1,1,2,2,2,1,3,2,4,1,3,2,4,2,3,1,2,2,5,1,4,2,3,1,2,1,2,3,3,2,4,NA,2,2,1,1,3,2,3,2,4,3,-99,5,5,5,5,5,4,5,5,NA,NA,NA,NA,NA,NA,NA,NA,NA,NA,NA,NA,NA,NA,NA,NA,NA,NA,NA,NA,NA,NA,NA,NA,NA,NA,NA,NA,NA,NA,NA,NA,NA,NA,NA,NA,NA,NA,NA,NA,NA,NA,NA,iP6c2af274645c6551,NA,NA,B,TRUE,FALSE,TRUE,FALSE,TRUE,TRUE,TRUE,2,1,3,40.61666666666667,0,0,0,0,0,0,0,65,62,61,86,60,54,71,63,61,42,50,70,67,61,37,64,66,71,43,62,53,67,59,82,62,60,58,58,60,30,58,66,74,77,43,45,66,40,40,33,65,62,NA,NA,NA,NA,NA,NA,NA,NA,NA,NA,NA,NA,NA,NA,NA,NA,NA,NA,NA,NA,NA,NA,NA,70,59,61,69,67,22,68,40,61,43,67,63,42,57,67,65,69,69,45,41,57,NA,NA,NA,NA,NA,NA,NA,NA,NA,NA,NA,NA,NA,NA,NA,NA,NA,NA,NA,NA,NA,NA,43,0,43,1,FALSE,FALSE,FALSE,FALSE,FALSE,FALSE,0,0,1,0,0,NA,NA,NA,NA,NA,NA,63,-0.1900577561598669,2,6,Punish (6),3,2,2.5,1.75,1,3,2,1,2,3,1,2,4,1,2.5,4,3,4,4,5,FALSE,TRUE,Some controls missing
100,2086,1,R_1gUCw0O2wz26FIl,0,0,1,0,0,1,1,0,0,0,0,1,1,0,0,0,0,1,0,0,1,0,0,1,1,0,0,0,0,1,0,0,1,Sometimes,Sometimes,Sometimes,4,2,2,2,2,2,7,8,9,10,9,3,2,3,1,2,3,1,purple,NA,NA,NA,NA,NA,NA,NA,NA,NA,NA,NA,NA,NA,NA,NA,NA,NA,NA,NA,NA,NA,NA,NA,NA,NA,NA,NA,NA,NA,NA,NA,NA,NA,NA,NA,NA,NA,NA,NA,NA,NA,NA,NA,NA,NA,NA,NA,NA,NA,NA,NA,NA,NA,NA,NA,NA,NA,NA,NA,NA,NA,NA,NA,NA,NA,NA,NA,NA,NA,NA,NA,NA,NA,NA,NA,NA,NA,NA,NA,NA,NA,NA,NA,NA,NA,NA,NA,NA,NA,NA,NA,NA,NA,NA,NA,NA,NA,NA,NA,NA,NA,NA,NA,NA,NA,NA,NA,NA,NA,NA,NA,NA,NA,NA,NA,NA,NA,NA,NA,NA,NA,NA,NA,NA,NA,NA,NA,NA,iP74ac0a5f75c0a375,NA,NA,B,TRUE,FALSE,TRUE,FALSE,TRUE,TRUE,FALSE,2,1,2,34.766666666666666,0,0,0,0,0,0,0,70,30,40,35,40,30,12,33,20,52,20,30,29,69,10,60,34,50,25,70,40,40,15,23,54,21,65,28,30,25,40,47,41,40,15,20,45,25,18,45,19,40,NA,NA,NA,NA,NA,NA,NA,NA,NA,NA,NA,NA,NA,NA,NA,NA,NA,NA,NA,NA,NA,NA,NA,20,35,18,29,20,57,70,20,50,25,10,11,16,37,40,50,30,55,50,30,15,NA,NA,NA,NA,NA,NA,NA,NA,NA,NA,NA,NA,NA,NA,NA,NA,NA,NA,NA,NA,NA,NA,127,0,127,0,FALSE,FALSE,FALSE,FALSE,FALSE,FALSE,0,0,1,0,0,NA,NA,NA,NA,NA,NA,48.333333333333336,-0.9555651950179996,3,5,Punish (5),3,2,2.5,1.75,NA,NA,NA,NA,NA,NA,NA,NA,NA,NA,NA,2,3,4,5,4,TRUE,TRUE,No controls
100,1066,1,R_1l6vjMDT22M2D5B,0,0,1,0,0,1,1,0,0,0,0,1,1,0,0,0,0,1,0,0,1,0,0,1,1,0,0,1,0,0,0,0,1,Rarely,Never,Sometimes,4,4,1,1,1,1,9,10,9,9,10,2,4,4,4,4,1,4,Purple,NA,NA,NA,NA,NA,NA,NA,NA,NA,NA,NA,NA,NA,NA,NA,NA,NA,NA,NA,NA,NA,NA,NA,NA,NA,NA,NA,NA,NA,NA,NA,NA,NA,NA,NA,NA,NA,NA,NA,NA,NA,NA,NA,NA,NA,NA,NA,NA,NA,NA,NA,NA,NA,NA,NA,NA,NA,NA,NA,NA,NA,NA,NA,NA,NA,NA,NA,NA,NA,NA,NA,NA,NA,NA,NA,NA,NA,NA,NA,NA,NA,NA,NA,NA,NA,NA,NA,NA,NA,NA,NA,NA,NA,NA,NA,NA,NA,NA,NA,NA,NA,NA,NA,NA,NA,NA,NA,NA,NA,NA,NA,NA,NA,NA,NA,NA,NA,NA,NA,NA,NA,NA,NA,NA,NA,NA,NA,NA,iP766bbfb4719c00ad,NA,NA,A,TRUE,FALSE,TRUE,FALSE,TRUE,TRUE,FALSE,2,1,2,17.766666666666666,0,0,1,1,0,0,0,70,60,20,30,10,40,30,80,60,60,40,80,40,70,70,40,50,40,10,70,10,90,40,90,40,60,30,50,10,70,40,60,80,30,30,20,40,30,60,30,30,70,60,40,60,40,40,10,30,40,30,80,60,20,40,40,60,40,60,70,40,70,30,50,40,NA,NA,NA,NA,NA,NA,NA,NA,NA,NA,NA,NA,NA,NA,NA,NA,NA,NA,NA,NA,NA,NA,NA,NA,NA,NA,NA,NA,NA,NA,NA,NA,NA,NA,NA,NA,NA,NA,NA,NA,NA,NA,NA,127,0,127,0,FALSE,FALSE,FALSE,FALSE,FALSE,FALSE,0,0,1,0,0,NA,NA,NA,NA,NA,NA,44.44444444444444,-1.1585406522909898,2,6,Punish (6),1,4,2.5,4,NA,NA,NA,NA,NA,NA,NA,NA,NA,NA,NA,4,5,4,4,5,TRUE,TRUE,No controls
100,1615,1,R_7wzde2Y5m7VVZ3O,0,0,1,0,1,0,0,1,0,0,0,1,0,0,1,0,0,1,0,1,0,0,0,1,0,1,0,0,1,0,0,0,1,Rarely,Never,Never,4,2,2,4,2,1,9,7,8,9,7,2,1,3,3,3,2,1,purple,4,4,6,3,4,5,4,2,3,4,2,3,1,1,1,2,2,3,3,1,1,4,4,1,2,1,1,1,2,1,2,2,2,2,2,2,2,1,1,2,1,3,2,3,1,3,2,3,2,5,5,3,4,3,3,2,2,1,1,3,3,2,4,2,4,NA,1,3,2,4,2,2,4,3,5,5,5,5,4,6,6,6,5,5,6,-99,-99,-99,-99,-99,-99,-99,1,NA,2,5,NA,NA,NA,NA,NA,NA,NA,NA,-99,-99,-99,2,3,2.374,4.925,5.298,4,2,1,0,0,0,-99,1,0,0,0,0,0,-99,1,42,iPda1caca64cd2b901,Alabama,Lee,B,TRUE,FALSE,TRUE,TRUE,TRUE,TRUE,TRUE,3,0,3,26.916666666666668,0,0,0,1,0,0,0,50,50,50,50,50,50,23,0,12,14,2,3,55,36,10,23,23,38,75,19,23,56,21,71,38,23,22,31,0,42,50,30,2,0,17,93,16,7,40,61,13,41,NA,NA,NA,NA,NA,NA,NA,NA,NA,NA,NA,NA,NA,NA,NA,NA,NA,NA,NA,NA,NA,NA,NA,37,50,62,9,39,27,0,50,23,24,4,18,73,83,78,23,90,63,47,30,0,NA,NA,NA,NA,NA,NA,NA,NA,NA,NA,NA,NA,NA,NA,NA,NA,NA,NA,NA,NA,NA,NA,2,0,2,0,FALSE,FALSE,FALSE,FALSE,FALSE,FALSE,0,0,1,0,0,NA,NA,1,0,0,0,27.444444444444443,-2.045833365512917,2,6,Punish (6),4,3,3.5,2.5,1,2,3,3,3,1,1,1.5,2.5,1,1.75,4,2,3,4,2,FALSE,TRUE,Some controls missing
100,1209,1,R_3ln6G6IBrdN0I1y,0,0,1,0,1,0,0,1,0,0,1,0,0,1,0,0,1,0,1,0,0,0,0,1,1,0,0,0,1,0,0,1,0,Rarely,Never,Sometimes,4,1,1,1,2,3,10,7,7,9,9,1,1,4,2,2,2,3,purple,2,2,3,2,4,4,4,5,5,5,1,2,2,1,1,2,1,3,4,2,3,3,4,4,2,1,1,2,2,1,2,2,2,1,2,2,1,2,2,1,1,1,1,1,2,2,2,2,1,2,2,4,4,2,4,3,4,4,3,3,3,2,4,3,3,NA,1,2,2,3,2,2,1,3,5,5,4,4,4,5,4,5,4,4,5,NA,NA,NA,NA,NA,NA,NA,NA,NA,NA,NA,NA,NA,NA,NA,NA,NA,NA,NA,NA,NA,NA,NA,NA,NA,NA,NA,NA,NA,NA,NA,NA,NA,NA,NA,NA,NA,NA,NA,NA,NA,NA,NA,iP9f42aae1ae84b8c4,NA,NA,A,TRUE,FALSE,TRUE,FALSE,TRUE,TRUE,TRUE,2,1,3,20.15,0,0,0,1,0,0,0,40,60,60,60,60,40,60,60,60,60,30,70,60,70,60,60,60,60,60,90,70,70,60,40,40,40,80,60,40,60,60,60,60,40,60,40,60,40,70,40,60,60,40,40,50,40,60,70,60,20,40,40,60,40,40,60,70,60,70,70,40,40,40,70,70,NA,NA,NA,NA,NA,NA,NA,NA,NA,NA,NA,NA,NA,NA,NA,NA,NA,NA,NA,NA,NA,NA,NA,NA,NA,NA,NA,NA,NA,NA,NA,NA,NA,NA,NA,NA,NA,NA,NA,NA,NA,NA,NA,43,0,43,1,FALSE,FALSE,FALSE,FALSE,FALSE,FALSE,0,0,1,0,0,NA,NA,NA,NA,NA,NA,64.44444444444444,-0.1146668720298993,1,7,Punish (7),4,3,3.5,2.75,3,1,1,3,3,1,3,2,1,4,2.5,5,2,2,4,4,FALSE,TRUE,Some controls missing
100,113446,1,R_5JsK30rILpZJd6V,0,0,1,0,1,0,1,1,0,0,0,1,1,1,0,0,1,0,0,0,1,0,1,0,1,1,0,1,1,0,0,0,1,Never,Never,Rarely,4,1,1,2,2,2,8,9,9,9,9,4,2,2,1,3,3,2,Purple,NA,NA,NA,NA,NA,NA,NA,NA,NA,NA,NA,NA,NA,NA,NA,NA,NA,NA,NA,NA,NA,NA,NA,NA,NA,NA,NA,NA,NA,NA,NA,NA,NA,NA,NA,NA,NA,NA,NA,NA,NA,NA,NA,NA,NA,NA,NA,NA,NA,NA,NA,NA,NA,NA,NA,NA,NA,NA,NA,NA,NA,NA,NA,NA,NA,NA,NA,NA,NA,NA,NA,NA,NA,NA,NA,NA,NA,NA,NA,NA,NA,NA,NA,NA,NA,NA,NA,NA,NA,NA,NA,NA,NA,NA,NA,NA,NA,NA,NA,NA,NA,NA,NA,NA,NA,NA,NA,NA,NA,NA,NA,NA,NA,NA,NA,NA,NA,NA,NA,NA,NA,NA,NA,NA,NA,NA,NA,NA,iPbfc56245187710b6,NA,NA,C,TRUE,FALSE,TRUE,FALSE,TRUE,TRUE,FALSE,2,1,2,1890.7666666666669,0,0,0,0,1,1,0,91,80,90,70,81,65,26,85,17,28,89,0,63,41,51,77,77,51,100,74,59,48,12,73,0,20,61,9,0,100,86,16,12,24,79,55,15,100,22,21,33,93,NA,NA,NA,NA,NA,NA,NA,NA,NA,NA,NA,NA,NA,NA,NA,NA,NA,NA,NA,NA,NA,NA,NA,NA,NA,NA,NA,NA,NA,NA,NA,NA,NA,NA,NA,NA,NA,NA,NA,NA,NA,NA,NA,NA,76,89,100,20,93,83,100,79,100,0,83,0,44,73,18,50,84,52,50,53,93,20,127,0,127,0,FALSE,FALSE,FALSE,FALSE,FALSE,FALSE,0,0,1,0,0,NA,NA,NA,NA,NA,NA,50.333333333333336,-0.8511778169918907,4,4,Neutral (4),3,2,2.5,2,NA,NA,NA,NA,NA,NA,NA,NA,NA,NA,NA,3,4,4,4,4,TRUE,TRUE,No controls
100,561,1,R_1f9v3aLwnTX1LSK,NA,1,0,NA,1,0,0,1,0,0,1,0,0,0,1,0,0,1,0,0,1,0,0,1,1,0,0,1,0,0,0,0,1,Rarely,Never,Rarely,1,NA,NA,NA,NA,NA,NA,NA,NA,NA,NA,NA,NA,NA,NA,NA,NA,NA,NA,NA,NA,NA,NA,NA,NA,NA,NA,NA,NA,NA,NA,NA,NA,NA,NA,NA,NA,NA,NA,NA,NA,NA,NA,NA,NA,NA,NA,NA,NA,NA,NA,NA,NA,NA,NA,NA,NA,NA,NA,NA,NA,NA,NA,NA,NA,NA,NA,NA,NA,NA,NA,NA,NA,NA,NA,NA,NA,NA,NA,NA,NA,NA,NA,NA,NA,NA,NA,NA,NA,NA,NA,NA,NA,NA,NA,NA,NA,NA,NA,NA,NA,NA,NA,NA,NA,NA,NA,NA,NA,NA,NA,NA,NA,NA,NA,NA,NA,NA,NA,NA,NA,NA,NA,NA,NA,NA,NA,NA,NA,NA,NA,NA,NA,NA,NA,NA,NA,NA,NA,NA,NA,NA,NA,NA,NA,NA,NA,iP0903e911e38659b2,NA,NA,B,FALSE,TRUE,FALSE,FALSE,TRUE,FALSE,FALSE,0,3,1,9.35,0,1,1,1,0,0,0,50,72,50,56,50,50,50,50,60,50,64,59,50,50,50,71,50,76,53,78,28,70,72,73,44,50,76,48,50,50,58,50,50,50,40,50,50,27,22,32,50,50,NA,NA,NA,NA,NA,NA,NA,NA,NA,NA,NA,NA,NA,NA,NA,NA,NA,NA,NA,NA,NA,NA,NA,50,20,70,50,51,12,23,30,36,42,14,50,50,50,50,51,63,50,50,38,47,NA,NA,NA,NA,NA,NA,NA,NA,NA,NA,NA,NA,NA,NA,NA,NA,NA,NA,NA,NA,NA,NA,145,0,145,1,FALSE,FALSE,FALSE,FALSE,FALSE,FALSE,1,NA,NA,1,NA,NA,NA,NA,NA,NA,NA,61,-0.2944451341859759,NA,NA,NA,NA,NA,NA,NA,NA,NA,NA,NA,NA,NA,NA,NA,NA,NA,NA,NA,NA,NA,NA,NA,TRUE,TRUE,No controls
100,31005,1,R_5GUc93vUOODD2tb,0,0,1,0,0,1,0,0,1,0,0,1,1,0,0,0,0,1,0,0,1,0,0,1,0,0,1,0,0,1,0,0,1,Sometimes,Never,Never,4,2,2,2,2,2,8,8,9,9,8,7,5,2,2,3,5,2.5,Purple,NA,NA,NA,NA,NA,NA,NA,NA,NA,NA,NA,NA,NA,NA,NA,NA,NA,NA,NA,NA,NA,NA,NA,NA,NA,NA,NA,NA,NA,NA,NA,NA,NA,NA,NA,NA,NA,NA,NA,NA,NA,NA,NA,NA,NA,NA,NA,NA,NA,NA,NA,NA,NA,NA,NA,NA,NA,NA,NA,NA,NA,NA,NA,NA,NA,NA,NA,NA,NA,NA,NA,NA,NA,NA,NA,NA,NA,NA,NA,NA,NA,NA,NA,NA,NA,NA,NA,NA,NA,NA,NA,NA,NA,NA,NA,NA,NA,NA,NA,NA,NA,NA,NA,NA,NA,NA,NA,NA,NA,NA,NA,NA,NA,NA,NA,NA,NA,NA,NA,NA,NA,NA,NA,NA,NA,NA,NA,NA,iPfa4a035e01712aff,NA,NA,A,TRUE,FALSE,TRUE,FALSE,TRUE,TRUE,FALSE,2,1,2,516.75,0,0,0,0,1,1,0,100,100,100,100,100,50,50,50,50,50,50,50,50,50,50,50,100,50,50,50,50,80,50,50,50,50,50,10,50,50,100,50,50,50,50,50,50,50,50,100,50,50,20,50,50,50,50,50,100,10,10,50,50,50,50,50,50,50,50,100,50,50,50,50,50,NA,NA,NA,NA,NA,NA,NA,NA,NA,NA,NA,NA,NA,NA,NA,NA,NA,NA,NA,NA,NA,NA,NA,NA,NA,NA,NA,NA,NA,NA,NA,NA,NA,NA,NA,NA,NA,NA,NA,NA,NA,NA,NA,127,0,127,0,FALSE,FALSE,FALSE,FALSE,FALSE,FALSE,0,0,1,0,0,NA,NA,NA,NA,NA,NA,51.111111111111114,-0.8105827255372927,7,1,Rehab (1),2.5,2.5,2.5,2.375,NA,NA,NA,NA,NA,NA,NA,NA,NA,NA,NA,3,3,4,4,3,TRUE,TRUE,No controls
100,809,1,R_755BH6RhOJgOhXP,NA,1,1,NA,1,0,0,1,0,0,1,1,1,1,0,0,1,0,0,0,1,0,1,0,1,1,0,1,0,0,0,0,1,Never,Rarely,Rarely,1,NA,NA,NA,NA,NA,NA,NA,NA,NA,NA,NA,NA,NA,NA,NA,NA,NA,NA,NA,NA,NA,NA,NA,NA,NA,NA,NA,NA,NA,NA,NA,NA,NA,NA,NA,NA,NA,NA,NA,NA,NA,NA,NA,NA,NA,NA,NA,NA,NA,NA,NA,NA,NA,NA,NA,NA,NA,NA,NA,NA,NA,NA,NA,NA,NA,NA,NA,NA,NA,NA,NA,NA,NA,NA,NA,NA,NA,NA,NA,NA,NA,NA,NA,NA,NA,NA,NA,NA,NA,NA,NA,NA,NA,NA,NA,NA,NA,NA,NA,NA,NA,NA,NA,NA,NA,NA,NA,NA,NA,NA,NA,NA,NA,NA,NA,NA,NA,NA,NA,NA,NA,NA,NA,NA,NA,NA,NA,NA,NA,NA,NA,NA,NA,NA,NA,NA,NA,NA,NA,NA,NA,NA,NA,NA,NA,NA,iPaf9d2c541d20499b,NA,NA,B,FALSE,TRUE,FALSE,FALSE,TRUE,FALSE,FALSE,0,3,1,13.483333333333333,0,0,1,1,0,0,0,38,58,57,50,53,45,44,60,50,55,57,39,45,43,46,50,50,40,50,43,78,50,46,78,41,36,44,45,39,42,56,67,68,65,33,51,67,45,51,45,69,55,NA,NA,NA,NA,NA,NA,NA,NA,NA,NA,NA,NA,NA,NA,NA,NA,NA,NA,NA,NA,NA,NA,NA,59,56,40,57,65,69,35,41,44,51,51,65,66,61,60,64,67,75,59,66,45,NA,NA,NA,NA,NA,NA,NA,NA,NA,NA,NA,NA,NA,NA,NA,NA,NA,NA,NA,NA,NA,NA,145,0,145,1,FALSE,FALSE,FALSE,FALSE,FALSE,FALSE,1,NA,1,1,NA,NA,NA,NA,NA,NA,NA,44.333333333333336,-1.164339951070218,NA,NA,NA,NA,NA,NA,NA,NA,NA,NA,NA,NA,NA,NA,NA,NA,NA,NA,NA,NA,NA,NA,NA,TRUE,TRUE,No controls
100,34901,1,R_6vcXDJV0JdP0vxH,NA,NA,1,1,1,0,0,1,0,0,0,1,0,1,0,1,1,0,0,0,1,0,1,0,1,1,0,0,1,0,0,0,1,Sometimes,Never,Sometimes,1,NA,NA,NA,NA,NA,NA,NA,NA,NA,NA,NA,NA,NA,NA,NA,NA,NA,NA,NA,NA,NA,NA,NA,NA,NA,NA,NA,NA,NA,NA,NA,NA,NA,NA,NA,NA,NA,NA,NA,NA,NA,NA,NA,NA,NA,NA,NA,NA,NA,NA,NA,NA,NA,NA,NA,NA,NA,NA,NA,NA,NA,NA,NA,NA,NA,NA,NA,NA,NA,NA,NA,NA,NA,NA,NA,NA,NA,NA,NA,NA,NA,NA,NA,NA,NA,NA,NA,NA,NA,NA,NA,NA,NA,NA,NA,NA,NA,NA,NA,NA,NA,NA,NA,NA,NA,NA,NA,NA,NA,NA,NA,NA,NA,NA,NA,NA,NA,NA,NA,NA,NA,NA,NA,NA,NA,NA,NA,NA,NA,NA,NA,NA,NA,NA,NA,NA,NA,NA,NA,NA,NA,NA,NA,NA,NA,NA,iPf186bbf1e8c7d90c,NA,NA,A,FALSE,TRUE,FALSE,FALSE,TRUE,FALSE,FALSE,0,3,1,581.6833333333333,0,0,0,0,1,1,0,80,60,90,50,40,50,60,70,70,50,90,70,50,50,50,50,70,60,50,60,20,90,90,50,40,50,60,60,60,30,80,90,80,70,20,50,30,30,20,10,20,70,60,50,50,70,0,0,50,50,50,80,70,0,50,80,70,50,60,60,50,90,70,50,50,NA,NA,NA,NA,NA,NA,NA,NA,NA,NA,NA,NA,NA,NA,NA,NA,NA,NA,NA,NA,NA,NA,NA,NA,NA,NA,NA,NA,NA,NA,NA,NA,NA,NA,NA,NA,NA,NA,NA,NA,NA,NA,NA,145,0,145,1,FALSE,FALSE,FALSE,FALSE,FALSE,FALSE,1,NA,1,NA,1,NA,NA,NA,NA,NA,NA,57.77777777777778,-0.462624798783596,NA,NA,NA,NA,NA,NA,NA,NA,NA,NA,NA,NA,NA,NA,NA,NA,NA,NA,NA,NA,NA,NA,NA,TRUE,TRUE,No controls
100,857,1,R_72uwYk1jMW7NLYi,1,NA,0,NA,1,0,0,1,0,0,0,1,0,1,0,0,0,1,0,1,0,0,1,0,0,1,0,1,1,0,0,0,1,Sometimes,Rarely,Sometimes,4,2,-99,4,-99,-99,8,6,8,6,8,1,1,1,2.5,2.5,5,1,Purple,NA,NA,NA,NA,NA,NA,NA,NA,NA,NA,NA,NA,NA,NA,NA,NA,NA,NA,NA,NA,NA,NA,NA,NA,NA,NA,NA,NA,NA,NA,NA,NA,NA,NA,NA,NA,NA,NA,NA,NA,NA,NA,NA,NA,NA,NA,NA,NA,NA,NA,NA,NA,NA,NA,NA,NA,NA,NA,NA,NA,NA,NA,NA,NA,NA,NA,NA,NA,NA,NA,NA,NA,NA,NA,NA,NA,NA,NA,NA,NA,NA,NA,NA,NA,NA,NA,NA,NA,NA,NA,NA,NA,NA,NA,NA,NA,NA,NA,NA,NA,NA,NA,NA,NA,NA,NA,NA,NA,NA,NA,NA,NA,NA,NA,NA,NA,NA,NA,NA,NA,NA,NA,NA,NA,NA,NA,NA,NA,iP2cb1cc53651154bf,NA,NA,B,TRUE,FALSE,TRUE,FALSE,TRUE,TRUE,FALSE,2,1,2,14.283333333333331,0,0,1,1,0,0,0,0,100,12,20,51,0,0,9,22,0,0,0,10,38,7,20,NA,10,60,15,8,7,22,26,0,0,25,22,0,88,38,0,0,0,64,30,0,12,0,6,0,21,NA,NA,NA,NA,NA,NA,NA,NA,NA,NA,NA,NA,NA,NA,NA,NA,NA,NA,NA,NA,NA,NA,NA,0,0,39,31,22,11,0,100,0,0,58,11,100,100,100,21,22,34,0,69,0,NA,NA,NA,NA,NA,NA,NA,NA,NA,NA,NA,NA,NA,NA,NA,NA,NA,NA,NA,NA,NA,NA,128,0,128,0,FALSE,FALSE,FALSE,FALSE,FALSE,FALSE,1,1,NA,NA,NA,NA,NA,NA,NA,NA,NA,17.5,-2.5648706062538476,1,7,Punish (7),4,2.5,3.25,1.75,NA,NA,NA,NA,NA,NA,NA,NA,NA,NA,NA,3,1,3,1,3,TRUE,TRUE,No controls
100,1296,1,R_5DmL73HyQqYWiHL,0,0,1,0,0,1,0,0,1,0,0,1,0,0,1,0,0,1,0,0,1,0,0,1,0,0,1,0,0,1,0,0,1,Never,Never,Never,1,NA,NA,NA,NA,NA,NA,NA,NA,NA,NA,NA,NA,NA,NA,NA,NA,NA,NA,NA,NA,NA,NA,NA,NA,NA,NA,NA,NA,NA,NA,NA,NA,NA,NA,NA,NA,NA,NA,NA,NA,NA,NA,NA,NA,NA,NA,NA,NA,NA,NA,NA,NA,NA,NA,NA,NA,NA,NA,NA,NA,NA,NA,NA,NA,NA,NA,NA,NA,NA,NA,NA,NA,NA,NA,NA,NA,NA,NA,NA,NA,NA,NA,NA,NA,NA,NA,NA,NA,NA,NA,NA,NA,NA,NA,NA,NA,NA,NA,NA,NA,NA,NA,NA,NA,NA,NA,NA,NA,NA,NA,NA,NA,NA,NA,NA,NA,NA,NA,NA,NA,NA,NA,NA,NA,NA,NA,NA,NA,NA,NA,NA,NA,NA,NA,NA,NA,NA,NA,NA,NA,NA,NA,NA,NA,NA,NA,iP931f1d6d5615c344,NA,NA,A,FALSE,TRUE,FALSE,FALSE,TRUE,FALSE,FALSE,0,3,1,21.6,0,0,0,1,0,0,0,80,100,100,100,100,100,100,100,80,80,80,100,NA,70,100,100,100,90,100,100,100,90,100,80,100,100,80,NA,70,100,100,100,100,70,100,100,60,100,100,70,100,100,80,100,70,100,100,100,100,60,100,100,100,100,100,100,70,70,80,100,70,100,100,80,100,NA,NA,NA,NA,NA,NA,NA,NA,NA,NA,NA,NA,NA,NA,NA,NA,NA,NA,NA,NA,NA,NA,NA,NA,NA,NA,NA,NA,NA,NA,NA,NA,NA,NA,NA,NA,NA,NA,NA,NA,NA,NA,NA,147,0,147,1,FALSE,FALSE,FALSE,FALSE,FALSE,FALSE,0,0,1,0,0,NA,NA,NA,NA,NA,NA,87.14285714285714,1.0700470214410207,NA,NA,NA,NA,NA,NA,NA,NA,NA,NA,NA,NA,NA,NA,NA,NA,NA,NA,NA,NA,NA,NA,NA,TRUE,TRUE,No controls
100,906,1,R_5n5kpODXzDYrecF,NA,1,0,NA,1,0,0,0,1,0,0,1,1,0,0,0,0,1,0,1,0,0,1,0,1,0,0,1,0,0,0,0,1,Rarely,Frequently,Frequently,1,NA,NA,NA,NA,NA,NA,NA,NA,NA,NA,NA,NA,NA,NA,NA,NA,NA,NA,NA,NA,NA,NA,NA,NA,NA,NA,NA,NA,NA,NA,NA,NA,NA,NA,NA,NA,NA,NA,NA,NA,NA,NA,NA,NA,NA,NA,NA,NA,NA,NA,NA,NA,NA,NA,NA,NA,NA,NA,NA,NA,NA,NA,NA,NA,NA,NA,NA,NA,NA,NA,NA,NA,NA,NA,NA,NA,NA,NA,NA,NA,NA,NA,NA,NA,NA,NA,NA,NA,NA,NA,NA,NA,NA,NA,NA,NA,NA,NA,NA,NA,NA,NA,NA,NA,NA,NA,NA,NA,NA,NA,NA,NA,NA,NA,NA,NA,NA,NA,NA,NA,NA,NA,NA,NA,NA,NA,NA,NA,NA,NA,NA,NA,NA,NA,NA,NA,NA,NA,NA,NA,NA,NA,NA,NA,NA,NA,iPbe1348cb5a5ee1a8,NA,NA,A,FALSE,TRUE,FALSE,FALSE,TRUE,FALSE,FALSE,0,3,1,15.1,0,0,1,1,0,0,0,100,70,30,NA,NA,30,30,30,100,10,10,10,20,60,80,90,80,100,70,100,20,100,60,90,10,30,100,10,10,100,90,10,10,NA,100,100,70,100,20,30,60,90,30,40,70,10,10,10,50,10,10,60,100,10,80,100,40,60,30,70,30,100,80,70,40,NA,NA,NA,NA,NA,NA,NA,NA,NA,NA,NA,NA,NA,NA,NA,NA,NA,NA,NA,NA,NA,NA,NA,NA,NA,NA,NA,NA,NA,NA,NA,NA,NA,NA,NA,NA,NA,NA,NA,NA,NA,NA,NA,148,0,148,1,FALSE,FALSE,FALSE,FALSE,FALSE,FALSE,1,NA,NA,1,NA,NA,NA,NA,NA,NA,NA,63.333333333333336,-0.17265985982218188,NA,NA,NA,NA,NA,NA,NA,NA,NA,NA,NA,NA,NA,NA,NA,NA,NA,NA,NA,NA,NA,NA,NA,TRUE,TRUE,No controls
100,776,1,R_360E37efsgssGTT,0,0,1,0,1,0,0,1,0,0,1,0,0,1,0,1,0,0,0,1,0,0,0,1,0,1,0,1,1,0,0,1,0,Never,Never,Never,1,NA,NA,NA,NA,NA,NA,NA,NA,NA,NA,NA,NA,NA,NA,NA,NA,NA,NA,NA,NA,NA,NA,NA,NA,NA,NA,NA,NA,NA,NA,NA,NA,NA,NA,NA,NA,NA,NA,NA,NA,NA,NA,NA,NA,NA,NA,NA,NA,NA,NA,NA,NA,NA,NA,NA,NA,NA,NA,NA,NA,NA,NA,NA,NA,NA,NA,NA,NA,NA,NA,NA,NA,NA,NA,NA,NA,NA,NA,NA,NA,NA,NA,NA,NA,NA,NA,NA,NA,NA,NA,NA,NA,NA,NA,NA,NA,NA,NA,NA,NA,NA,NA,NA,NA,NA,NA,NA,NA,NA,NA,NA,NA,NA,NA,NA,NA,NA,NA,NA,NA,NA,NA,NA,NA,NA,NA,NA,NA,NA,NA,NA,NA,NA,NA,NA,NA,NA,NA,NA,NA,NA,NA,NA,NA,NA,NA,iPf40e34684f2dc75b,NA,NA,A,FALSE,TRUE,FALSE,FALSE,TRUE,FALSE,FALSE,0,3,1,12.933333333333334,0,0,1,1,0,0,0,100,100,100,100,80,100,60,90,100,80,80,100,90,100,70,90,90,70,90,100,40,100,100,100,30,60,90,100,60,100,100,100,70,80,70,60,30,30,0,0,100,90,100,50,80,80,80,60,100,100,100,100,100,80,100,100,80,60,80,90,30,80,70,100,90,NA,NA,NA,NA,NA,NA,NA,NA,NA,NA,NA,NA,NA,NA,NA,NA,NA,NA,NA,NA,NA,NA,NA,NA,NA,NA,NA,NA,NA,NA,NA,NA,NA,NA,NA,NA,NA,NA,NA,NA,NA,NA,NA,145,0,145,1,FALSE,FALSE,FALSE,FALSE,FALSE,FALSE,0,0,1,0,0,NA,NA,NA,NA,NA,NA,87.77777777777777,1.1031858716080394,NA,NA,NA,NA,NA,NA,NA,NA,NA,NA,NA,NA,NA,NA,NA,NA,NA,NA,NA,NA,NA,NA,NA,TRUE,TRUE,No controls
100,1200,1,R_5JOL3p3RpvfvqX7,0,0,1,0,0,1,0,0,1,0,0,1,0,0,1,0,0,1,0,0,1,0,0,1,0,0,1,0,0,1,0,0,1,Sometimes,Never,Sometimes,4,1,1,1,1,1,10,8,10,10,7,4,2,2,2,3,1,3,Purple,NA,NA,NA,NA,NA,NA,NA,NA,NA,NA,NA,NA,NA,NA,NA,NA,NA,NA,NA,NA,NA,NA,NA,NA,NA,NA,NA,NA,NA,NA,NA,NA,NA,NA,NA,NA,NA,NA,NA,NA,NA,NA,NA,NA,NA,NA,NA,NA,NA,NA,NA,NA,NA,NA,NA,NA,NA,NA,NA,NA,NA,NA,NA,NA,NA,NA,NA,NA,NA,NA,NA,NA,NA,NA,NA,NA,NA,NA,NA,NA,NA,NA,NA,NA,NA,NA,NA,NA,NA,NA,NA,NA,NA,NA,NA,NA,NA,NA,NA,NA,NA,NA,NA,NA,NA,NA,NA,NA,NA,NA,NA,NA,NA,NA,NA,NA,NA,NA,NA,NA,NA,NA,NA,NA,NA,NA,NA,NA,iP228bcef3cf3d6012,NA,NA,A,TRUE,FALSE,TRUE,FALSE,TRUE,TRUE,FALSE,2,1,2,20,0,0,1,1,0,0,0,50,50,50,40,50,50,40,50,70,50,60,60,40,40,50,50,50,50,50,NA,10,50,50,40,20,20,40,40,40,40,80,50,50,40,40,40,40,40,40,10,30,50,40,40,30,40,40,40,50,10,40,50,50,20,40,20,50,20,50,50,40,50,60,40,30,NA,NA,NA,NA,NA,NA,NA,NA,NA,NA,NA,NA,NA,NA,NA,NA,NA,NA,NA,NA,NA,NA,NA,NA,NA,NA,NA,NA,NA,NA,NA,NA,NA,NA,NA,NA,NA,NA,NA,NA,NA,NA,NA,128,0,128,0,FALSE,FALSE,FALSE,FALSE,FALSE,FALSE,0,0,1,0,0,NA,NA,NA,NA,NA,NA,43.75,-1.1947862696611664,4,4,Neutral (4),3,4,3.5,2.5,NA,NA,NA,NA,NA,NA,NA,NA,NA,NA,NA,5,3,5,5,2,TRUE,TRUE,No controls
100,801,1,R_33CQZoo0wnsj1bs,0,0,1,0,0,1,0,0,1,0,0,1,0,0,1,0,0,1,0,0,1,0,0,1,0,0,1,0,0,1,0,0,1,Never,Never,Never,-99,NA,NA,NA,NA,NA,NA,NA,NA,NA,NA,NA,NA,NA,NA,NA,NA,NA,NA,NA,NA,NA,NA,NA,NA,NA,NA,NA,NA,NA,NA,NA,NA,NA,NA,NA,NA,NA,NA,NA,NA,NA,NA,NA,NA,NA,NA,NA,NA,NA,NA,NA,NA,NA,NA,NA,NA,NA,NA,NA,NA,NA,NA,NA,NA,NA,NA,NA,NA,NA,NA,NA,NA,NA,NA,NA,NA,NA,NA,NA,NA,NA,NA,NA,NA,NA,NA,NA,NA,NA,NA,NA,NA,NA,NA,NA,NA,NA,NA,NA,NA,NA,NA,NA,NA,NA,NA,NA,NA,NA,NA,NA,NA,NA,NA,NA,NA,NA,NA,NA,NA,NA,NA,NA,NA,NA,NA,NA,NA,NA,NA,NA,NA,NA,NA,NA,NA,NA,NA,NA,NA,NA,NA,NA,NA,NA,NA,iP0a5280cdb9b3cfe3,NA,NA,B,FALSE,FALSE,FALSE,FALSE,FALSE,FALSE,FALSE,0,3,0,13.35,0,0,1,1,0,0,0,75,NA,NA,NA,69,NA,0,100,45,61,NA,28,NA,NA,NA,43,100,0,100,100,5,100,100,100,0,0,86,100,NA,0,100,100,NA,NA,0,25,37,0,31,60,100,100,NA,NA,NA,NA,NA,NA,NA,NA,NA,NA,NA,NA,NA,NA,NA,NA,NA,NA,NA,NA,NA,NA,NA,89,NA,NA,NA,81,0,66,NA,NA,41,NA,NA,100,8,100,100,100,100,NA,49,70,NA,NA,NA,NA,NA,NA,NA,NA,NA,NA,NA,NA,NA,NA,NA,NA,NA,NA,NA,NA,NA,NA,156,8,164,0,FALSE,FALSE,FALSE,FALSE,FALSE,FALSE,0,0,1,0,0,NA,NA,NA,NA,NA,NA,71.5,0.2535886004510966,NA,NA,NA,NA,NA,NA,NA,NA,NA,NA,NA,NA,NA,NA,NA,NA,NA,NA,NA,NA,NA,NA,NA,TRUE,TRUE,No controls
100,1769,1,R_6dWAIh5RSyPxKj2,NA,NA,1,1,0,0,1,0,0,0,0,1,0,1,0,1,0,0,0,0,1,0,0,1,0,1,0,1,0,0,0,0,1,Rarely,Sometimes,Frequently,4,1,1,1,1,2,10,9,9,7,8,7,1,3,2,3,1,3,Purple,2,3,3,4,3,4,3,3,3,2,1,1,2,1,2,1,1,3,4,2,2,2,3,3,2,1,2,2,2,2,2,2,2,2,2,2,2,2,2,1,2,1,1,1,2,1,2,3,2,2,3,3,4,3,2,3,4,3,2,3,3,3,3,1,4,NA,3,3,2,3,3,3,3,3,3,3,5,6,5,5,5,5,5,5,5,NA,NA,NA,NA,NA,NA,NA,NA,NA,NA,NA,NA,NA,NA,NA,NA,NA,NA,NA,NA,NA,NA,NA,NA,NA,NA,NA,NA,NA,NA,NA,NA,NA,NA,NA,NA,NA,NA,NA,NA,NA,NA,NA,iP897f281f046be8da,NA,NA,B,TRUE,FALSE,TRUE,FALSE,TRUE,TRUE,TRUE,2,1,3,29.483333333333334,0,0,0,1,0,0,0,66,73,69,62,76,64,70,100,73,64,31,24,94,76,77,69,85,60,100,64,60,100,100,77,18,34,69,84,62,77,69,5,24,0,59,63,61,90,35,69,84,95,NA,NA,NA,NA,NA,NA,NA,NA,NA,NA,NA,NA,NA,NA,NA,NA,NA,NA,NA,NA,NA,NA,NA,35,59,80,69,72,61,74,78,43,43,81,60,75,83,76,71,78,81,54,63,NA,NA,NA,NA,NA,NA,NA,NA,NA,NA,NA,NA,NA,NA,NA,NA,NA,NA,NA,NA,NA,NA,NA,43,1,44,1,FALSE,FALSE,FALSE,FALSE,FALSE,FALSE,1,NA,1,NA,1,NA,NA,NA,NA,NA,NA,73.66666666666667,0.3666749266460483,7,1,Rehab (1),4,4,4,2.75,3,3,1,3,1,3,3,3,4,4,4,5,4,4,2,3,FALSE,TRUE,Some controls missing
100,664,1,R_7sbvNvtQ54eLOFA,0,0,1,0,0,1,0,1,0,0,0,1,0,0,1,0,0,1,0,1,0,0,0,1,0,1,0,0,0,1,0,1,0,Sometimes,Sometimes,Sometimes,4,1,3,1,1,3,10,8,9,10,8,7,4,1,1,2.5,1,1,purple,NA,NA,NA,NA,NA,NA,NA,NA,NA,NA,NA,NA,NA,NA,NA,NA,NA,NA,NA,NA,NA,NA,NA,NA,NA,NA,NA,NA,NA,NA,NA,NA,NA,NA,NA,NA,NA,NA,NA,NA,NA,NA,NA,NA,NA,NA,NA,NA,NA,NA,NA,NA,NA,NA,NA,NA,NA,NA,NA,NA,NA,NA,NA,NA,NA,NA,NA,NA,NA,NA,NA,NA,NA,NA,NA,NA,NA,NA,NA,NA,NA,NA,NA,NA,NA,NA,NA,NA,NA,NA,NA,NA,NA,NA,NA,NA,NA,NA,NA,NA,NA,NA,NA,NA,NA,NA,NA,NA,NA,NA,NA,NA,NA,NA,NA,NA,NA,NA,NA,NA,NA,NA,NA,NA,NA,NA,NA,NA,iP64dd1e51922b6a3e,NA,NA,C,TRUE,FALSE,TRUE,FALSE,TRUE,TRUE,FALSE,2,1,2,11.066666666666666,0,1,1,1,0,0,0,50,75,50,51,49,51,0,100,50,49,51,0,0,0,49,51,51,11,100,13,0,100,100,100,0,0,100,0,0,100,52,50,49,0,100,100,0,100,0,0,100,100,NA,NA,NA,NA,NA,NA,NA,NA,NA,NA,NA,NA,NA,NA,NA,NA,NA,NA,NA,NA,NA,NA,NA,NA,NA,NA,NA,NA,NA,NA,NA,NA,NA,NA,NA,NA,NA,NA,NA,NA,NA,NA,NA,NA,100,100,100,51,100,100,100,50,100,0,100,0,0,50,100,100,50,29,51,51,49,49,127,0,127,0,FALSE,FALSE,FALSE,FALSE,FALSE,FALSE,0,0,1,0,0,NA,NA,NA,NA,NA,NA,25.11111111111111,-2.1676186398767103,7,1,Rehab (1),1,4,2.5,1.375,NA,NA,NA,NA,NA,NA,NA,NA,NA,NA,NA,5,3,4,5,3,TRUE,TRUE,No controls
100,1117,1,R_7VI3lCNa7xZYGLu,0,0,1,0,0,1,0,0,1,0,0,1,0,0,1,0,1,0,0,0,1,0,1,0,1,0,0,0,0,1,0,0,1,Never,Never,Frequently,1,NA,NA,NA,NA,NA,NA,NA,NA,NA,NA,NA,NA,NA,NA,NA,NA,NA,NA,NA,NA,NA,NA,NA,NA,NA,NA,NA,NA,NA,NA,NA,NA,NA,NA,NA,NA,NA,NA,NA,NA,NA,NA,NA,NA,NA,NA,NA,NA,NA,NA,NA,NA,NA,NA,NA,NA,NA,NA,NA,NA,NA,NA,NA,NA,NA,NA,NA,NA,NA,NA,NA,NA,NA,NA,NA,NA,NA,NA,NA,NA,NA,NA,NA,NA,NA,NA,NA,NA,NA,NA,NA,NA,NA,NA,NA,NA,NA,NA,NA,NA,NA,NA,NA,NA,NA,NA,NA,NA,NA,NA,NA,NA,NA,NA,NA,NA,NA,NA,NA,NA,NA,NA,NA,NA,NA,NA,NA,NA,NA,NA,NA,NA,NA,NA,NA,NA,NA,NA,NA,NA,NA,NA,NA,NA,NA,NA,iP07094ee310cc7c7a,NA,NA,B,FALSE,TRUE,FALSE,FALSE,TRUE,FALSE,FALSE,0,3,1,18.616666666666667,0,0,1,1,0,0,0,100,100,98,100,91,100,81,100,100,100,100,100,91,100,100,98,89,100,1,100,24,100,100,100,69,86,78,100,96,20,100,76,62,NA,0,10,69,0,53,0,100,57,NA,NA,NA,NA,NA,NA,NA,NA,NA,NA,NA,NA,NA,NA,NA,NA,NA,NA,NA,NA,NA,NA,NA,100,9,94,82,80,0,100,0,100,85,0,51,61,97,64,100,79,78,100,0,85,NA,NA,NA,NA,NA,NA,NA,NA,NA,NA,NA,NA,NA,NA,NA,NA,NA,NA,NA,NA,NA,NA,146,0,146,1,FALSE,FALSE,FALSE,FALSE,FALSE,FALSE,0,0,1,0,0,NA,NA,NA,NA,NA,NA,94.66666666666669,1.4627423959201933,NA,NA,NA,NA,NA,NA,NA,NA,NA,NA,NA,NA,NA,NA,NA,NA,NA,NA,NA,NA,NA,NA,NA,TRUE,TRUE,No controls
100,2091,1,R_7rC6SjxIEp4hXe1,NA,1,0,NA,0,1,0,1,0,0,1,0,0,1,0,0,1,0,0,0,1,0,0,1,0,1,0,1,1,0,0,0,1,Never,Never,Never,1,NA,NA,NA,NA,NA,NA,NA,NA,NA,NA,NA,NA,NA,NA,NA,NA,NA,NA,NA,NA,NA,NA,NA,NA,NA,NA,NA,NA,NA,NA,NA,NA,NA,NA,NA,NA,NA,NA,NA,NA,NA,NA,NA,NA,NA,NA,NA,NA,NA,NA,NA,NA,NA,NA,NA,NA,NA,NA,NA,NA,NA,NA,NA,NA,NA,NA,NA,NA,NA,NA,NA,NA,NA,NA,NA,NA,NA,NA,NA,NA,NA,NA,NA,NA,NA,NA,NA,NA,NA,NA,NA,NA,NA,NA,NA,NA,NA,NA,NA,NA,NA,NA,NA,NA,NA,NA,NA,NA,NA,NA,NA,NA,NA,NA,NA,NA,NA,NA,NA,NA,NA,NA,NA,NA,NA,NA,NA,NA,NA,NA,NA,NA,NA,NA,NA,NA,NA,NA,NA,NA,NA,NA,NA,NA,NA,NA,iPc2557195f02415f1,NA,NA,A,FALSE,TRUE,FALSE,FALSE,TRUE,FALSE,FALSE,0,3,1,34.85,0,0,0,0,0,0,0,NA,70,NA,50,50,50,NA,60,60,50,40,40,NA,50,60,NA,NA,60,60,40,40,70,NA,70,40,NA,60,NA,60,40,60,NA,40,NA,40,NA,40,40,40,40,NA,80,70,50,70,40,50,NA,50,50,60,NA,50,NA,70,40,30,30,NA,50,30,NA,60,NA,NA,NA,NA,NA,NA,NA,NA,NA,NA,NA,NA,NA,NA,NA,NA,NA,NA,NA,NA,NA,NA,NA,NA,NA,NA,NA,NA,NA,NA,NA,NA,NA,NA,NA,NA,NA,NA,NA,NA,NA,NA,NA,NA,NA,158,7,165,1,FALSE,FALSE,FALSE,FALSE,FALSE,FALSE,1,NA,NA,1,NA,NA,NA,NA,NA,NA,NA,54,-0.6598009572773575,NA,NA,NA,NA,NA,NA,NA,NA,NA,NA,NA,NA,NA,NA,NA,NA,NA,NA,NA,NA,NA,NA,NA,TRUE,TRUE,No controls
100,38660,1,R_5hg54IFdwPjvcEJ,0,0,-99,0,-99,-99,0,1,0,0,1,0,-99,-99,-99,-99,-99,-99,0,1,0,1,0,0,-99,-99,-99,0,1,0,-99,-99,-99,Sometimes,Sometimes,Sometimes,4,2,3,4,2,3,7,7,9,8,8,5,NA,NA,NA,NA,NA,NA,purple,NA,NA,NA,NA,NA,NA,NA,NA,NA,NA,NA,NA,NA,NA,NA,NA,NA,NA,NA,NA,NA,NA,NA,NA,NA,NA,NA,NA,NA,NA,NA,NA,NA,NA,NA,NA,NA,NA,NA,NA,NA,NA,NA,NA,NA,NA,NA,NA,NA,NA,NA,NA,NA,NA,NA,NA,NA,NA,NA,NA,NA,NA,NA,NA,NA,NA,NA,NA,NA,NA,NA,NA,NA,NA,NA,NA,NA,NA,NA,NA,NA,NA,NA,NA,NA,NA,NA,NA,NA,NA,NA,NA,NA,NA,NA,NA,NA,NA,NA,NA,NA,NA,NA,NA,NA,NA,NA,NA,NA,NA,NA,NA,NA,NA,NA,NA,NA,NA,NA,NA,NA,NA,NA,NA,NA,NA,NA,NA,iP2ec2ed724f54a727,NA,NA,A,TRUE,FALSE,TRUE,FALSE,TRUE,TRUE,FALSE,2,1,2,644.3333333333334,0,0,0,0,1,1,0,70,80,70,30,30,NA,40,30,70,30,70,70,20,60,70,30,20,70,80,30,20,70,70,80,70,70,70,10,30,20,20,70,30,70,70,40,30,70,70,30,80,NA,40,30,70,70,70,80,60,70,70,80,30,90,80,80,80,60,20,80,90,30,80,30,70,NA,NA,NA,NA,NA,NA,NA,NA,NA,NA,NA,NA,NA,NA,NA,NA,NA,NA,NA,NA,NA,NA,NA,NA,NA,NA,NA,NA,NA,NA,NA,NA,NA,NA,NA,NA,NA,NA,NA,NA,NA,NA,NA,129,0,129,0,FALSE,FALSE,FALSE,FALSE,FALSE,FALSE,0,0,1,0,0,NA,NA,NA,NA,NA,NA,37.77777777777778,-1.5064985790446863,5,3,Rehab (3),NA,NA,NA,NA,NA,NA,NA,NA,NA,NA,NA,NA,NA,NA,NA,2,2,4,3,3,TRUE,TRUE,No controls
100,823,1,R_32LscqLllRKTnFt,0,0,1,0,0,1,0,0,1,0,0,1,0,0,1,0,0,1,0,1,0,0,0,1,1,0,0,1,1,0,0,0,1,Never,Never,Never,4,1,2,3,2,2,8,8,9,10,10,3,4,2,2.5,2.5,2,2.5,Purple,NA,NA,NA,NA,NA,NA,NA,NA,NA,NA,NA,NA,NA,NA,NA,NA,NA,NA,NA,NA,NA,NA,NA,NA,NA,NA,NA,NA,NA,NA,NA,NA,NA,NA,NA,NA,NA,NA,NA,NA,NA,NA,NA,NA,NA,NA,NA,NA,NA,NA,NA,NA,NA,NA,NA,NA,NA,NA,NA,NA,NA,NA,NA,NA,NA,NA,NA,NA,NA,NA,NA,NA,NA,NA,NA,NA,NA,NA,NA,NA,NA,NA,NA,NA,NA,NA,NA,NA,NA,NA,NA,NA,NA,NA,NA,NA,NA,NA,NA,NA,NA,NA,NA,NA,NA,NA,NA,NA,NA,NA,NA,NA,NA,NA,NA,NA,NA,NA,NA,NA,NA,NA,NA,NA,NA,NA,NA,NA,iPc1ba41e20a8755ce,NA,NA,A,TRUE,FALSE,TRUE,FALSE,TRUE,TRUE,FALSE,2,1,2,13.716666666666669,0,0,1,1,0,0,0,50,50,50,50,50,50,40,50,50,50,50,50,50,50,50,50,50,50,50,50,50,50,50,50,20,40,50,50,30,50,50,50,50,50,50,50,50,50,50,50,50,50,50,30,50,50,50,50,50,50,50,50,50,50,50,50,50,50,50,50,50,50,50,50,50,NA,NA,NA,NA,NA,NA,NA,NA,NA,NA,NA,NA,NA,NA,NA,NA,NA,NA,NA,NA,NA,NA,NA,NA,NA,NA,NA,NA,NA,NA,NA,NA,NA,NA,NA,NA,NA,NA,NA,NA,NA,NA,NA,127,0,127,0,FALSE,FALSE,FALSE,FALSE,FALSE,FALSE,0,0,1,0,0,NA,NA,NA,NA,NA,NA,47.77777777777778,-0.9845616889141412,3,5,Punish (5),1,3,2,2.375,NA,NA,NA,NA,NA,NA,NA,NA,NA,NA,NA,3,3,4,5,5,TRUE,TRUE,No controls
100,740,1,R_3NZZBx4J2nwymZC,0,0,1,0,0,1,0,0,1,0,0,1,0,0,1,0,0,1,0,1,0,0,0,1,1,0,0,0,0,1,0,0,1,Never,Never,Never,4,2,2,-99,2,2,10,8,9,9,9,4,1,2,2,3,2,3,purple,NA,NA,NA,NA,NA,NA,NA,NA,NA,NA,NA,NA,NA,NA,NA,NA,NA,NA,NA,NA,NA,NA,NA,NA,NA,NA,NA,NA,NA,NA,NA,NA,NA,NA,NA,NA,NA,NA,NA,NA,NA,NA,NA,NA,NA,NA,NA,NA,NA,NA,NA,NA,NA,NA,NA,NA,NA,NA,NA,NA,NA,NA,NA,NA,NA,NA,NA,NA,NA,NA,NA,NA,NA,NA,NA,NA,NA,NA,NA,NA,NA,NA,NA,NA,NA,NA,NA,NA,NA,NA,NA,NA,NA,NA,NA,NA,NA,NA,NA,NA,NA,NA,NA,NA,NA,NA,NA,NA,NA,NA,NA,NA,NA,NA,NA,NA,NA,NA,NA,NA,NA,NA,NA,NA,NA,NA,NA,NA,iPe1fb3a711c4070ae,NA,NA,B,TRUE,FALSE,TRUE,FALSE,TRUE,TRUE,FALSE,2,1,2,12.333333333333334,0,1,1,1,0,0,0,41,64,38,31,40,28,61,72,37,33,9,12,38,67,35,72,77,40,69,61,26,72,61,72,18,36,58,37,9,61,60,16,12,22,53,55,20,46,26,33,39,59,NA,NA,NA,NA,NA,NA,NA,NA,NA,NA,NA,NA,NA,NA,NA,NA,NA,NA,NA,NA,NA,NA,NA,11,NA,71,28,34,16,21,54,23,34,8,26,75,65,64,59,64,35,36,NA,24,NA,NA,NA,NA,NA,NA,NA,NA,NA,NA,NA,NA,NA,NA,NA,NA,NA,NA,NA,NA,NA,NA,127,2,129,0,FALSE,FALSE,FALSE,FALSE,FALSE,FALSE,0,0,1,0,0,NA,NA,NA,NA,NA,NA,51,-0.8163820243165212,4,4,Neutral (4),4,3,3.5,2.5,NA,NA,NA,NA,NA,NA,NA,NA,NA,NA,NA,5,3,4,4,4,TRUE,TRUE,No controls
100,88443,1,R_3gLgcsb1oDVlqaR,0,0,1,0,0,1,1,0,0,0,0,1,0,0,1,0,0,1,0,0,1,0,0,1,0,0,1,0,0,1,0,0,1,Never,Never,Never,4,1,1,1,1,2,9,10,9,10,10,7,4,3,3,3,5,3,Purple,NA,NA,NA,NA,NA,NA,NA,NA,NA,NA,NA,NA,NA,NA,NA,NA,NA,NA,NA,NA,NA,NA,NA,NA,NA,NA,NA,NA,NA,NA,NA,NA,NA,NA,NA,NA,NA,NA,NA,NA,NA,NA,NA,NA,NA,NA,NA,NA,NA,NA,NA,NA,NA,NA,NA,NA,NA,NA,NA,NA,NA,NA,NA,NA,NA,NA,NA,NA,NA,NA,NA,NA,NA,NA,NA,NA,NA,NA,NA,NA,NA,NA,NA,NA,NA,NA,NA,NA,NA,NA,NA,NA,NA,NA,NA,NA,NA,NA,NA,NA,NA,NA,NA,NA,NA,NA,NA,NA,NA,NA,NA,NA,NA,NA,NA,NA,NA,NA,NA,NA,NA,NA,NA,NA,NA,NA,NA,NA,iP1e9c95e88d1d39ba,NA,NA,C,TRUE,FALSE,TRUE,FALSE,TRUE,TRUE,FALSE,2,1,2,1474.05,0,0,0,0,1,1,0,100,100,66,32,100,71,30,75,26,0,77,12,81,88,100,99,79,69,100,17,100,84,100,92,26,77,0,25,14,100,100,0,0,0,93,75,26,100,16,80,75,100,NA,NA,NA,NA,NA,NA,NA,NA,NA,NA,NA,NA,NA,NA,NA,NA,NA,NA,NA,NA,NA,NA,NA,NA,NA,NA,NA,NA,NA,NA,NA,NA,NA,NA,NA,NA,NA,NA,NA,NA,NA,NA,NA,NA,1,79,25,100,100,71,38,100,66,17,100,79,29,100,8,23,93,19,84,2,1,0,127,0,127,0,FALSE,FALSE,FALSE,FALSE,FALSE,FALSE,0,0,1,0,0,NA,NA,NA,NA,NA,NA,52.44444444444444,-0.7409911401865535,7,1,Rehab (1),1,2.5,1.75,3,NA,NA,NA,NA,NA,NA,NA,NA,NA,NA,NA,4,5,4,5,5,TRUE,TRUE,No controls
100,65645,1,R_1IWND0PqqdFDRWb,0,0,1,0,0,1,0,0,1,0,0,1,0,0,1,0,0,1,0,0,1,0,0,1,0,1,0,0,0,1,0,0,1,Never,Never,Rarely,4,-99,-99,-99,-99,-99,8,6,8,8,9,2,2,2.5,2,3,2,3,Purple,NA,NA,NA,NA,NA,NA,NA,NA,NA,NA,NA,NA,NA,NA,NA,NA,NA,NA,NA,NA,NA,NA,NA,NA,NA,NA,NA,NA,NA,NA,NA,NA,NA,NA,NA,NA,NA,NA,NA,NA,NA,NA,NA,NA,NA,NA,NA,NA,NA,NA,NA,NA,NA,NA,NA,NA,NA,NA,NA,NA,NA,NA,NA,NA,NA,NA,NA,NA,NA,NA,NA,NA,NA,NA,NA,NA,NA,NA,NA,NA,NA,NA,NA,NA,NA,NA,NA,NA,NA,NA,NA,NA,NA,NA,NA,NA,NA,NA,NA,NA,NA,NA,NA,NA,NA,NA,NA,NA,NA,NA,NA,NA,NA,NA,NA,NA,NA,NA,NA,NA,NA,NA,NA,NA,NA,NA,NA,NA,iP4a21322cfbcfe870,NA,NA,C,TRUE,FALSE,TRUE,FALSE,TRUE,TRUE,FALSE,2,1,2,1094.0833333333333,0,0,0,0,1,1,0,58,68,66,81,64,63,74,65,71,50,81,16,81,100,74,34,78,65,93,15,83,74,91,84,72,78,91,72,64,89,73,78,74,77,77,85,30,75,76,21,79,70,NA,NA,NA,NA,NA,NA,NA,NA,NA,NA,NA,NA,NA,NA,NA,NA,NA,NA,NA,NA,NA,NA,NA,NA,NA,NA,NA,NA,NA,NA,NA,NA,NA,NA,NA,NA,NA,NA,NA,NA,NA,NA,NA,NA,90,94,83,77,72,62,73,80,58,8,100,83,73,80,80,70,74,77,67,51,28,76,127,0,127,0,FALSE,FALSE,FALSE,FALSE,FALSE,FALSE,0,0,1,0,0,NA,NA,NA,NA,NA,NA,66.66666666666667,0.00131910355466664,2,6,Punish (6),3,3,3,2.625,NA,NA,NA,NA,NA,NA,NA,NA,NA,NA,NA,3,1,3,3,4,TRUE,TRUE,No controls
100,697,1,R_1Qh4ScbHcpEdrI5,0,0,1,0,0,1,0,1,0,0,0,1,0,1,0,0,0,1,0,0,1,0,0,1,0,1,0,0,1,0,1,0,0,Rarely,Never,Frequently,1,NA,NA,NA,NA,NA,NA,NA,NA,NA,NA,NA,NA,NA,NA,NA,NA,NA,NA,NA,NA,NA,NA,NA,NA,NA,NA,NA,NA,NA,NA,NA,NA,NA,NA,NA,NA,NA,NA,NA,NA,NA,NA,NA,NA,NA,NA,NA,NA,NA,NA,NA,NA,NA,NA,NA,NA,NA,NA,NA,NA,NA,NA,NA,NA,NA,NA,NA,NA,NA,NA,NA,NA,NA,NA,NA,NA,NA,NA,NA,NA,NA,NA,NA,NA,NA,NA,NA,NA,NA,NA,NA,NA,NA,NA,NA,NA,NA,NA,NA,NA,NA,NA,NA,NA,NA,NA,NA,NA,NA,NA,NA,NA,NA,NA,NA,NA,NA,NA,NA,NA,NA,NA,NA,NA,NA,NA,NA,NA,NA,NA,NA,NA,NA,NA,NA,NA,NA,NA,NA,NA,NA,NA,NA,NA,NA,NA,iP616c494f4962b8cb,NA,NA,A,FALSE,TRUE,FALSE,FALSE,TRUE,FALSE,FALSE,0,3,1,11.616666666666667,0,1,1,1,0,0,0,70,NA,NA,NA,30,0,NA,80,0,10,NA,0,80,80,60,NA,100,100,90,100,0,80,NA,NA,0,80,100,NA,0,40,90,0,0,NA,NA,90,20,70,80,NA,20,NA,0,NA,NA,0,30,90,90,NA,0,NA,NA,0,90,100,10,70,NA,NA,0,NA,80,30,NA,NA,NA,NA,NA,NA,NA,NA,NA,NA,NA,NA,NA,NA,NA,NA,NA,NA,NA,NA,NA,NA,NA,NA,NA,NA,NA,NA,NA,NA,NA,NA,NA,NA,NA,NA,NA,NA,NA,NA,NA,NA,NA,NA,158,9,167,1,FALSE,FALSE,FALSE,FALSE,FALSE,FALSE,0,0,1,0,0,NA,NA,NA,NA,NA,NA,80,0.6972349570620601,NA,NA,NA,NA,NA,NA,NA,NA,NA,NA,NA,NA,NA,NA,NA,NA,NA,NA,NA,NA,NA,NA,NA,TRUE,TRUE,No controls
100,652,1,R_1fAAFigyHQ5TVqH,1,NA,0,NA,0,1,0,0,1,0,0,1,0,0,1,0,0,1,0,0,1,0,0,1,0,0,1,0,0,1,0,0,1,Sometimes,Never,Sometimes,4,1,1,1,1,1,8,10,10,10,10,7,1,4,4,4,2,2.5,purple,NA,NA,NA,NA,NA,NA,NA,NA,NA,NA,NA,NA,NA,NA,NA,NA,NA,NA,NA,NA,NA,NA,NA,NA,NA,NA,NA,NA,NA,NA,NA,NA,NA,NA,NA,NA,NA,NA,NA,NA,NA,NA,NA,NA,NA,NA,NA,NA,NA,NA,NA,NA,NA,NA,NA,NA,NA,NA,NA,NA,NA,NA,NA,NA,NA,NA,NA,NA,NA,NA,NA,NA,NA,NA,NA,NA,NA,NA,NA,NA,NA,NA,NA,NA,NA,NA,NA,NA,NA,NA,NA,NA,NA,NA,NA,NA,NA,NA,NA,NA,NA,NA,NA,NA,NA,NA,NA,NA,NA,NA,NA,NA,NA,NA,NA,NA,NA,NA,NA,NA,NA,NA,NA,NA,NA,NA,NA,NA,iP0aec5b8e1729a544,NA,NA,A,TRUE,FALSE,TRUE,FALSE,TRUE,TRUE,FALSE,2,1,2,10.866666666666667,0,1,1,1,0,0,0,100,100,100,90,80,100,90,100,100,80,90,20,100,100,90,80,100,100,100,100,100,100,50,100,50,100,100,90,100,80,100,90,90,100,100,100,100,20,60,80,100,90,100,90,100,90,100,100,100,100,60,100,100,100,100,100,70,100,100,50,70,90,100,100,90,NA,NA,NA,NA,NA,NA,NA,NA,NA,NA,NA,NA,NA,NA,NA,NA,NA,NA,NA,NA,NA,NA,NA,NA,NA,NA,NA,NA,NA,NA,NA,NA,NA,NA,NA,NA,NA,NA,NA,NA,NA,NA,NA,127,0,127,0,FALSE,FALSE,FALSE,FALSE,FALSE,FALSE,1,1,NA,NA,NA,NA,NA,NA,NA,NA,NA,96.66666666666669,1.5671297739463024,7,1,Rehab (1),4,3,3.5,3.625,NA,NA,NA,NA,NA,NA,NA,NA,NA,NA,NA,3,5,5,5,5,TRUE,TRUE,No controls
100,642,1,R_64VmApvTbjHVN4d,NA,1,0,NA,1,0,1,0,0,0,0,1,1,0,0,0,0,1,0,0,1,0,1,0,1,0,0,1,0,0,0,0,1,Never,Never,Rarely,4,1,1,1,1,1,10,10,10,10,10,4,5,4,4,4,1,4,purple,NA,NA,NA,NA,NA,NA,NA,NA,NA,NA,NA,NA,NA,NA,NA,NA,NA,NA,NA,NA,NA,NA,NA,NA,NA,NA,NA,NA,NA,NA,NA,NA,NA,NA,NA,NA,NA,NA,NA,NA,NA,NA,NA,NA,NA,NA,NA,NA,NA,NA,NA,NA,NA,NA,NA,NA,NA,NA,NA,NA,NA,NA,NA,NA,NA,NA,NA,NA,NA,NA,NA,NA,NA,NA,NA,NA,NA,NA,NA,NA,NA,NA,NA,NA,NA,NA,NA,NA,NA,NA,NA,NA,NA,NA,NA,NA,NA,NA,NA,NA,NA,NA,NA,NA,NA,NA,NA,NA,NA,NA,NA,NA,NA,NA,NA,NA,NA,NA,NA,NA,NA,NA,NA,NA,NA,NA,NA,NA,iPccd9a4865781b7eb,NA,NA,B,TRUE,FALSE,TRUE,FALSE,TRUE,TRUE,FALSE,2,1,2,10.7,0,1,1,1,0,0,0,100,100,51,100,0,50,51,100,100,51,50,50,100,100,100,100,100,100,26,100,0,100,100,100,0,48,100,100,53,0,100,100,50,51,0,49,0,0,0,0,50,100,NA,NA,NA,NA,NA,NA,NA,NA,NA,NA,NA,NA,NA,NA,NA,NA,NA,NA,NA,NA,NA,NA,NA,53,50,52,100,0,0,61,0,100,0,0,58,100,100,100,100,100,50,100,0,45,NA,NA,NA,NA,NA,NA,NA,NA,NA,NA,NA,NA,NA,NA,NA,NA,NA,NA,NA,NA,NA,NA,127,0,127,0,FALSE,FALSE,FALSE,FALSE,FALSE,FALSE,1,NA,NA,1,NA,NA,NA,NA,NA,NA,NA,94.77777777777776,1.468541694699421,4,4,Neutral (4),2.5,4,3.25,4,NA,NA,NA,NA,NA,NA,NA,NA,NA,NA,NA,5,5,5,5,5,TRUE,TRUE,No controls
100,717,1,R_7LxAM1myCv9EePf,0,0,1,0,1,0,0,1,0,0,0,1,0,1,0,0,1,0,0,1,0,0,1,0,0,1,0,1,1,0,0,1,0,Sometimes,Frequently,Sometimes,1,NA,NA,NA,NA,NA,NA,NA,NA,NA,NA,NA,NA,NA,NA,NA,NA,NA,NA,NA,NA,NA,NA,NA,NA,NA,NA,NA,NA,NA,NA,NA,NA,NA,NA,NA,NA,NA,NA,NA,NA,NA,NA,NA,NA,NA,NA,NA,NA,NA,NA,NA,NA,NA,NA,NA,NA,NA,NA,NA,NA,NA,NA,NA,NA,NA,NA,NA,NA,NA,NA,NA,NA,NA,NA,NA,NA,NA,NA,NA,NA,NA,NA,NA,NA,NA,NA,NA,NA,NA,NA,NA,NA,NA,NA,NA,NA,NA,NA,NA,NA,NA,NA,NA,NA,NA,NA,NA,NA,NA,NA,NA,NA,NA,NA,NA,NA,NA,NA,NA,NA,NA,NA,NA,NA,NA,NA,NA,NA,NA,NA,NA,NA,NA,NA,NA,NA,NA,NA,NA,NA,NA,NA,NA,NA,NA,NA,iP10342f7d5c3ff545,NA,NA,C,FALSE,TRUE,FALSE,FALSE,TRUE,FALSE,FALSE,0,3,1,11.95,0,1,1,1,0,0,0,100,100,100,100,46,100,80,100,100,100,100,100,100,100,69,100,100,100,20,100,0,100,100,100,70,76,100,100,76,8,100,100,100,100,0,18,0,0,0,0,0,50,NA,NA,NA,NA,NA,NA,NA,NA,NA,NA,NA,NA,NA,NA,NA,NA,NA,NA,NA,NA,NA,NA,NA,NA,NA,NA,NA,NA,NA,NA,NA,NA,NA,NA,NA,NA,NA,NA,NA,NA,NA,NA,NA,NA,100,100,100,100,75,100,100,100,74,0,100,0,72,93,100,100,100,100,100,100,100,100,145,0,145,1,FALSE,FALSE,FALSE,FALSE,FALSE,FALSE,0,0,1,0,0,NA,NA,NA,NA,NA,NA,97.33333333333331,1.6019255666216714,NA,NA,NA,NA,NA,NA,NA,NA,NA,NA,NA,NA,NA,NA,NA,NA,NA,NA,NA,NA,NA,NA,NA,TRUE,TRUE,No controls
100,844,1,R_5f7azMpe9kkCTcr,0,0,1,0,0,1,0,0,1,0,0,1,0,0,1,0,0,1,0,0,1,0,0,1,0,0,1,0,0,1,0,1,0,Rarely,Rarely,Rarely,1,NA,NA,NA,NA,NA,NA,NA,NA,NA,NA,NA,NA,NA,NA,NA,NA,NA,NA,NA,NA,NA,NA,NA,NA,NA,NA,NA,NA,NA,NA,NA,NA,NA,NA,NA,NA,NA,NA,NA,NA,NA,NA,NA,NA,NA,NA,NA,NA,NA,NA,NA,NA,NA,NA,NA,NA,NA,NA,NA,NA,NA,NA,NA,NA,NA,NA,NA,NA,NA,NA,NA,NA,NA,NA,NA,NA,NA,NA,NA,NA,NA,NA,NA,NA,NA,NA,NA,NA,NA,NA,NA,NA,NA,NA,NA,NA,NA,NA,NA,NA,NA,NA,NA,NA,NA,NA,NA,NA,NA,NA,NA,NA,NA,NA,NA,NA,NA,NA,NA,NA,NA,NA,NA,NA,NA,NA,NA,NA,NA,NA,NA,NA,NA,NA,NA,NA,NA,NA,NA,NA,NA,NA,NA,NA,NA,NA,iP1803d58daa506b68,NA,NA,C,FALSE,TRUE,FALSE,FALSE,TRUE,FALSE,FALSE,0,3,1,14.066666666666666,0,0,1,1,0,0,0,50,71,50,50,50,54,50,50,54,50,50,50,50,68,65,76,69,53,50,67,16,100,50,90,38,83,72,89,60,31,88,50,54,70,50,21,50,10,32,25,50,35,NA,NA,NA,NA,NA,NA,NA,NA,NA,NA,NA,NA,NA,NA,NA,NA,NA,NA,NA,NA,NA,NA,NA,NA,NA,NA,NA,NA,NA,NA,NA,NA,NA,NA,NA,NA,NA,NA,NA,NA,NA,NA,NA,NA,63,77,50,50,90,67,50,68,80,19,59,20,50,50,93,94,79,32,68,59,50,50,145,0,145,1,FALSE,FALSE,FALSE,FALSE,FALSE,FALSE,0,0,1,0,0,NA,NA,NA,NA,NA,NA,67.11111111111111,0.02451629867157968,NA,NA,NA,NA,NA,NA,NA,NA,NA,NA,NA,NA,NA,NA,NA,NA,NA,NA,NA,NA,NA,NA,NA,TRUE,TRUE,No controls
100,864,1,R_6JRgVakzg6C2qmd,1,1,0,1,1,0,1,1,0,0,0,1,1,1,0,0,1,0,0,1,0,1,1,0,1,1,0,1,1,0,1,1,0,Rarely,Never,Sometimes,4,2,2,2,2,2,7,8,10,10,9,4,2,2,3,4,2,3,purple,NA,NA,NA,NA,NA,NA,NA,NA,NA,NA,NA,NA,NA,NA,NA,NA,NA,NA,NA,NA,NA,NA,NA,NA,NA,NA,NA,NA,NA,NA,NA,NA,NA,NA,NA,NA,NA,NA,NA,NA,NA,NA,NA,NA,NA,NA,NA,NA,NA,NA,NA,NA,NA,NA,NA,NA,NA,NA,NA,NA,NA,NA,NA,NA,NA,NA,NA,NA,NA,NA,NA,NA,NA,NA,NA,NA,NA,NA,NA,NA,NA,NA,NA,NA,NA,NA,NA,NA,NA,NA,NA,NA,NA,NA,NA,NA,NA,NA,NA,NA,NA,NA,NA,NA,NA,NA,NA,NA,NA,NA,NA,NA,NA,NA,NA,NA,NA,NA,NA,NA,NA,NA,NA,NA,NA,NA,NA,NA,iP4dc0c138963d9119,NA,NA,A,TRUE,FALSE,TRUE,FALSE,TRUE,TRUE,FALSE,2,1,2,14.4,0,0,1,1,0,0,0,50,50,50,50,50,50,40,50,60,50,NA,50,50,50,50,50,50,50,50,60,40,50,50,90,10,40,40,50,20,NA,50,50,50,40,40,50,NA,40,40,20,40,40,50,60,40,50,50,50,50,30,50,50,50,50,50,NA,50,30,50,50,50,50,50,NA,50,NA,NA,NA,NA,NA,NA,NA,NA,NA,NA,NA,NA,NA,NA,NA,NA,NA,NA,NA,NA,NA,NA,NA,NA,NA,NA,NA,NA,NA,NA,NA,NA,NA,NA,NA,NA,NA,NA,NA,NA,NA,NA,NA,130,2,132,0,FALSE,FALSE,FALSE,FALSE,FALSE,FALSE,1,1,0,1,1,NA,NA,NA,NA,NA,NA,46.666666666666664,-1.0425546767064242,4,4,Neutral (4),3,3,3,3,NA,NA,NA,NA,NA,NA,NA,NA,NA,NA,NA,2,3,5,5,4,TRUE,TRUE,No controls
100,893,1,R_5CKixPK3gxzLCg1,0,0,1,0,0,1,0,0,1,0,0,1,0,0,1,0,0,1,0,0,1,0,0,1,0,0,1,0,0,1,0,0,1,Never,Never,Never,4,4,3,3,3,4,8,8,9,8,8,3,1,1,1,2.5,1,2.5,purple,NA,NA,NA,NA,NA,NA,NA,NA,NA,NA,NA,NA,NA,NA,NA,NA,NA,NA,NA,NA,NA,NA,NA,NA,NA,NA,NA,NA,NA,NA,NA,NA,NA,NA,NA,NA,NA,NA,NA,NA,NA,NA,NA,NA,NA,NA,NA,NA,NA,NA,NA,NA,NA,NA,NA,NA,NA,NA,NA,NA,NA,NA,NA,NA,NA,NA,NA,NA,NA,NA,NA,NA,NA,NA,NA,NA,NA,NA,NA,NA,NA,NA,NA,NA,NA,NA,NA,NA,NA,NA,NA,NA,NA,NA,NA,NA,NA,NA,NA,NA,NA,NA,NA,NA,NA,NA,NA,NA,NA,NA,NA,NA,NA,NA,NA,NA,NA,NA,NA,NA,NA,NA,NA,NA,NA,NA,NA,NA,iPaca38ac4b9bcaba9,NA,NA,C,TRUE,FALSE,TRUE,FALSE,TRUE,TRUE,FALSE,2,1,2,14.883333333333333,0,0,1,1,0,0,0,15,67,65,35,100,14,10,70,85,5,4,4,10,10,89,43,88,12,85,7,80,87,95,100,9,10,8,92,3,82,85,3,3,3,70,90,11,78,69,72,22,65,NA,NA,NA,NA,NA,NA,NA,NA,NA,NA,NA,NA,NA,NA,NA,NA,NA,NA,NA,NA,NA,NA,NA,NA,NA,NA,NA,NA,NA,NA,NA,NA,NA,NA,NA,NA,NA,NA,NA,NA,NA,NA,NA,NA,91,88,74,87,77,95,100,91,87,5,66,3,50,89,35,42,12,15,50,4,13,12,127,0,127,0,FALSE,FALSE,FALSE,FALSE,FALSE,FALSE,0,0,1,0,0,NA,NA,NA,NA,NA,NA,30.333333333333332,-1.8950515972529816,3,5,Punish (5),4,4,4,1.75,NA,NA,NA,NA,NA,NA,NA,NA,NA,NA,NA,3,3,4,3,3,TRUE,TRUE,No controls
100,1157,1,R_5Rx31D5Q44ltlsv,0,0,1,0,0,1,0,1,0,0,1,0,0,1,0,0,0,1,0,1,0,0,0,1,0,1,0,0,1,0,0,0,1,Never,Never,Rarely,4,1,1,1,1,2,8,9,9,10,10,2,3,2,2,3,2,3,Purple,NA,NA,NA,NA,NA,NA,NA,NA,NA,NA,NA,NA,NA,NA,NA,NA,NA,NA,NA,NA,NA,NA,NA,NA,NA,NA,NA,NA,NA,NA,NA,NA,NA,NA,NA,NA,NA,NA,NA,NA,NA,NA,NA,NA,NA,NA,NA,NA,NA,NA,NA,NA,NA,NA,NA,NA,NA,NA,NA,NA,NA,NA,NA,NA,NA,NA,NA,NA,NA,NA,NA,NA,NA,NA,NA,NA,NA,NA,NA,NA,NA,NA,NA,NA,NA,NA,NA,NA,NA,NA,NA,NA,NA,NA,NA,NA,NA,NA,NA,NA,NA,NA,NA,NA,NA,NA,NA,NA,NA,NA,NA,NA,NA,NA,NA,NA,NA,NA,NA,NA,NA,NA,NA,NA,NA,NA,NA,NA,iP9e4ecf394122d6f6,NA,NA,A,TRUE,FALSE,TRUE,FALSE,TRUE,TRUE,FALSE,2,1,2,19.283333333333335,0,0,1,1,0,0,0,90,100,70,80,90,90,80,90,60,80,80,70,60,100,70,100,100,80,100,100,70,100,80,100,50,60,100,70,50,80,100,70,70,50,60,70,70,80,60,70,90,90,70,80,100,80,80,80,90,70,80,90,90,80,100,70,80,80,90,80,70,90,100,90,90,NA,NA,NA,NA,NA,NA,NA,NA,NA,NA,NA,NA,NA,NA,NA,NA,NA,NA,NA,NA,NA,NA,NA,NA,NA,NA,NA,NA,NA,NA,NA,NA,NA,NA,NA,NA,NA,NA,NA,NA,NA,NA,NA,127,0,127,0,FALSE,FALSE,FALSE,FALSE,FALSE,FALSE,0,0,1,0,0,NA,NA,NA,NA,NA,NA,84.44444444444444,0.9292069082311912,2,6,Punish (6),2,3,2.5,2.5,NA,NA,NA,NA,NA,NA,NA,NA,NA,NA,NA,3,4,4,5,5,TRUE,TRUE,No controls
100,1141,1,R_1R6EYIQ1kowkSR3,0,0,1,0,0,1,0,0,1,0,0,1,0,0,1,0,0,1,0,0,1,0,0,1,1,0,0,1,0,0,0,0,1,Never,Never,Rarely,4,1,1,1,1,1,9,8,10,10,9,4,2,3,3,3,3,3,purple,NA,NA,NA,NA,NA,NA,NA,NA,NA,NA,NA,NA,NA,NA,NA,NA,NA,NA,NA,NA,NA,NA,NA,NA,NA,NA,NA,NA,NA,NA,NA,NA,NA,NA,NA,NA,NA,NA,NA,NA,NA,NA,NA,NA,NA,NA,NA,NA,NA,NA,NA,NA,NA,NA,NA,NA,NA,NA,NA,NA,NA,NA,NA,NA,NA,NA,NA,NA,NA,NA,NA,NA,NA,NA,NA,NA,NA,NA,NA,NA,NA,NA,NA,NA,NA,NA,NA,NA,NA,NA,NA,NA,NA,NA,NA,NA,NA,NA,NA,NA,NA,NA,NA,NA,NA,NA,NA,NA,NA,NA,NA,NA,NA,NA,NA,NA,NA,NA,NA,NA,NA,NA,NA,NA,NA,NA,NA,NA,iP080110d4835576c5,NA,NA,A,TRUE,FALSE,TRUE,FALSE,TRUE,TRUE,FALSE,2,1,2,19.016666666666666,0,0,1,1,0,0,0,40,50,60,60,60,40,30,60,60,20,30,60,40,20,70,60,60,60,70,60,40,80,40,100,10,30,30,20,10,60,70,30,20,40,60,70,20,70,40,30,60,60,30,20,60,40,40,10,40,20,40,60,40,60,70,90,60,20,70,70,20,80,80,60,30,NA,NA,NA,NA,NA,NA,NA,NA,NA,NA,NA,NA,NA,NA,NA,NA,NA,NA,NA,NA,NA,NA,NA,NA,NA,NA,NA,NA,NA,NA,NA,NA,NA,NA,NA,NA,NA,NA,NA,NA,NA,NA,NA,127,0,127,0,FALSE,FALSE,FALSE,FALSE,FALSE,FALSE,0,0,1,0,0,NA,NA,NA,NA,NA,NA,40,-1.390512603460121,4,4,Neutral (4),3,2,2.5,3,NA,NA,NA,NA,NA,NA,NA,NA,NA,NA,NA,4,3,5,5,4,TRUE,TRUE,No controls
100,1330,1,R_10pYKBz83vii8vp,0,0,1,0,0,1,0,0,1,0,0,1,0,0,1,0,0,1,0,0,1,0,0,1,0,0,1,0,0,1,0,0,1,Never,Rarely,Rarely,1,NA,NA,NA,NA,NA,NA,NA,NA,NA,NA,NA,NA,NA,NA,NA,NA,NA,NA,NA,NA,NA,NA,NA,NA,NA,NA,NA,NA,NA,NA,NA,NA,NA,NA,NA,NA,NA,NA,NA,NA,NA,NA,NA,NA,NA,NA,NA,NA,NA,NA,NA,NA,NA,NA,NA,NA,NA,NA,NA,NA,NA,NA,NA,NA,NA,NA,NA,NA,NA,NA,NA,NA,NA,NA,NA,NA,NA,NA,NA,NA,NA,NA,NA,NA,NA,NA,NA,NA,NA,NA,NA,NA,NA,NA,NA,NA,NA,NA,NA,NA,NA,NA,NA,NA,NA,NA,NA,NA,NA,NA,NA,NA,NA,NA,NA,NA,NA,NA,NA,NA,NA,NA,NA,NA,NA,NA,NA,NA,NA,NA,NA,NA,NA,NA,NA,NA,NA,NA,NA,NA,NA,NA,NA,NA,NA,NA,iP209e2474c4f41a64,NA,NA,B,FALSE,TRUE,FALSE,FALSE,TRUE,FALSE,FALSE,0,3,1,22.166666666666668,0,0,0,1,0,0,0,75,66,80,75,95,0,25,70,0,0,0,0,60,60,0,75,90,70,100,75,80,100,75,90,0,10,34,75,0,70,74,0,0,0,69,90,0,100,75,85,75,85,NA,NA,NA,NA,NA,NA,NA,NA,NA,NA,NA,NA,NA,NA,NA,NA,NA,NA,NA,NA,NA,NA,NA,0,100,75,70,90,80,0,85,0,0,0,75,100,100,100,100,100,100,0,100,0,NA,NA,NA,NA,NA,NA,NA,NA,NA,NA,NA,NA,NA,NA,NA,NA,NA,NA,NA,NA,NA,NA,145,0,145,1,FALSE,FALSE,FALSE,FALSE,FALSE,FALSE,0,0,1,0,0,NA,NA,NA,NA,NA,NA,59.888888888888886,-0.35243812197825886,NA,NA,NA,NA,NA,NA,NA,NA,NA,NA,NA,NA,NA,NA,NA,NA,NA,NA,NA,NA,NA,NA,NA,TRUE,TRUE,No controls
100,637,1,R_1GEd5SMT2Lpu6LH,NA,1,0,1,1,0,0,1,0,0,0,1,1,0,0,0,1,0,1,0,0,0,0,1,1,1,0,0,1,0,0,0,1,Sometimes,Frequently,Frequently,1,NA,NA,NA,NA,NA,NA,NA,NA,NA,NA,NA,NA,NA,NA,NA,NA,NA,NA,NA,NA,NA,NA,NA,NA,NA,NA,NA,NA,NA,NA,NA,NA,NA,NA,NA,NA,NA,NA,NA,NA,NA,NA,NA,NA,NA,NA,NA,NA,NA,NA,NA,NA,NA,NA,NA,NA,NA,NA,NA,NA,NA,NA,NA,NA,NA,NA,NA,NA,NA,NA,NA,NA,NA,NA,NA,NA,NA,NA,NA,NA,NA,NA,NA,NA,NA,NA,NA,NA,NA,NA,NA,NA,NA,NA,NA,NA,NA,NA,NA,NA,NA,NA,NA,NA,NA,NA,NA,NA,NA,NA,NA,NA,NA,NA,NA,NA,NA,NA,NA,NA,NA,NA,NA,NA,NA,NA,NA,NA,NA,NA,NA,NA,NA,NA,NA,NA,NA,NA,NA,NA,NA,NA,NA,NA,NA,NA,iPe65f2e75c773e210,NA,NA,B,FALSE,TRUE,FALSE,FALSE,TRUE,FALSE,FALSE,0,3,1,10.616666666666667,0,1,1,1,0,0,0,91,91,90,85,87,85,84,82,91,93,87,85,86,85,86,91,88,89,92,89,87,86,86,100,67,82,93,89,75,84,100,90,88,89,83,87,95,79,83,67,85,89,NA,NA,NA,NA,NA,NA,NA,NA,NA,NA,NA,NA,NA,NA,NA,NA,NA,NA,NA,NA,NA,NA,NA,88,51,88,84,78,59,76,77,88,82,50,87,85,90,94,94,91,85,80,85,83,NA,NA,NA,NA,NA,NA,NA,NA,NA,NA,NA,NA,NA,NA,NA,NA,NA,NA,NA,NA,NA,NA,145,0,145,1,FALSE,FALSE,FALSE,FALSE,FALSE,FALSE,1,NA,NA,1,1,NA,NA,NA,NA,NA,NA,87.22222222222223,1.0741893777118985,NA,NA,NA,NA,NA,NA,NA,NA,NA,NA,NA,NA,NA,NA,NA,NA,NA,NA,NA,NA,NA,NA,NA,TRUE,TRUE,No controls
100,765,1,R_7g0c46ORfzGNyb1,0,0,1,0,0,1,0,1,0,0,1,0,0,1,0,0,0,1,0,0,1,0,0,1,0,1,0,0,1,0,0,0,1,Never,Rarely,Rarely,4,1,1,1,1,2,8,10,10,10,10,3,3,2.5,2.5,2.5,5,3,Purple,NA,NA,NA,NA,NA,NA,NA,NA,NA,NA,NA,NA,NA,NA,NA,NA,NA,NA,NA,NA,NA,NA,NA,NA,NA,NA,NA,NA,NA,NA,NA,NA,NA,NA,NA,NA,NA,NA,NA,NA,NA,NA,NA,NA,NA,NA,NA,NA,NA,NA,NA,NA,NA,NA,NA,NA,NA,NA,NA,NA,NA,NA,NA,NA,NA,NA,NA,NA,NA,NA,NA,NA,NA,NA,NA,NA,NA,NA,NA,NA,NA,NA,NA,NA,NA,NA,NA,NA,NA,NA,NA,NA,NA,NA,NA,NA,NA,NA,NA,NA,NA,NA,NA,NA,NA,NA,NA,NA,NA,NA,NA,NA,NA,NA,NA,NA,NA,NA,NA,NA,NA,NA,NA,NA,NA,NA,NA,NA,iP254839edaf25c5ff,NA,NA,A,TRUE,FALSE,TRUE,FALSE,TRUE,TRUE,FALSE,2,1,2,12.75,0,0,1,1,0,0,0,80,100,100,70,60,70,0,90,70,60,0,0,60,60,40,70,90,100,60,80,70,100,100,100,0,0,70,60,40,30,80,0,0,10,40,80,50,40,50,70,60,70,60,30,50,40,80,90,90,60,60,90,100,70,90,90,0,0,70,80,0,90,100,100,80,NA,NA,NA,NA,NA,NA,NA,NA,NA,NA,NA,NA,NA,NA,NA,NA,NA,NA,NA,NA,NA,NA,NA,NA,NA,NA,NA,NA,NA,NA,NA,NA,NA,NA,NA,NA,NA,NA,NA,NA,NA,NA,NA,127,0,127,0,FALSE,FALSE,FALSE,FALSE,FALSE,FALSE,0,0,1,0,0,NA,NA,NA,NA,NA,NA,70,0.1752980669315148,3,5,Punish (5),2,2.5,2.25,2.625,NA,NA,NA,NA,NA,NA,NA,NA,NA,NA,NA,3,5,5,5,5,TRUE,TRUE,No controls
100,1597,1,R_6POigs1NPS9KYVP,NA,1,0,NA,0,1,1,1,0,0,0,1,1,0,0,0,0,1,0,0,1,0,0,1,1,0,0,1,0,0,0,0,1,Never,Rarely,Sometimes,4,2,2,2,2,2,8,9,8,7,8,4,1,4,4,4,1,4,Purple,NA,NA,NA,NA,NA,NA,NA,NA,NA,NA,NA,NA,NA,NA,NA,NA,NA,NA,NA,NA,NA,NA,NA,NA,NA,NA,NA,NA,NA,NA,NA,NA,NA,NA,NA,NA,NA,NA,NA,NA,NA,NA,NA,NA,NA,NA,NA,NA,NA,NA,NA,NA,NA,NA,NA,NA,NA,NA,NA,NA,NA,NA,NA,NA,NA,NA,NA,NA,NA,NA,NA,NA,NA,NA,NA,NA,NA,NA,NA,NA,NA,NA,NA,NA,NA,NA,NA,NA,NA,NA,NA,NA,NA,NA,NA,NA,NA,NA,NA,NA,NA,NA,NA,NA,NA,NA,NA,NA,NA,NA,NA,NA,NA,NA,NA,NA,NA,NA,NA,NA,NA,NA,NA,NA,NA,NA,NA,NA,iPc0b31c130dcadb5c,NA,NA,C,TRUE,FALSE,TRUE,FALSE,TRUE,TRUE,FALSE,2,1,2,26.616666666666667,0,0,0,1,0,0,0,69,73,92,71,70,50,84,71,65,41,64,42,72,93,65,70,73,95,27,100,0,68,73,100,72,90,63,68,66,30,39,78,73,87,37,79,33,34,38,29,80,56,NA,NA,NA,NA,NA,NA,NA,NA,NA,NA,NA,NA,NA,NA,NA,NA,NA,NA,NA,NA,NA,NA,NA,NA,NA,NA,NA,NA,NA,NA,NA,NA,NA,NA,NA,NA,NA,NA,NA,NA,NA,NA,NA,NA,64,66,61,76,68,94,80,91,92,0,50,0,34,93,80,62,84,79,96,41,71,81,127,0,127,0,FALSE,FALSE,FALSE,FALSE,FALSE,FALSE,1,NA,NA,1,NA,NA,NA,NA,NA,NA,NA,77.77777777777777,0.5812489814774942,4,4,Neutral (4),4,4,4,4,NA,NA,NA,NA,NA,NA,NA,NA,NA,NA,NA,3,4,3,2,3,TRUE,TRUE,No controls
100,1044,1,R_5dmQ3PvxSvKbs1X,NA,NA,1,1,0,0,0,0,1,0,0,1,0,0,1,0,0,1,0,0,1,0,0,1,0,0,1,0,0,1,0,0,1,Rarely,Rarely,Never,4,2,2,3,3,3,6,6,9,9,8,3,1,1,1,3,1,3,Purple,NA,NA,NA,NA,NA,NA,NA,NA,NA,NA,NA,NA,NA,NA,NA,NA,NA,NA,NA,NA,NA,NA,NA,NA,NA,NA,NA,NA,NA,NA,NA,NA,NA,NA,NA,NA,NA,NA,NA,NA,NA,NA,NA,NA,NA,NA,NA,NA,NA,NA,NA,NA,NA,NA,NA,NA,NA,NA,NA,NA,NA,NA,NA,NA,NA,NA,NA,NA,NA,NA,NA,NA,NA,NA,NA,NA,NA,NA,NA,NA,NA,NA,NA,NA,NA,NA,NA,NA,NA,NA,NA,NA,NA,NA,NA,NA,NA,NA,NA,NA,NA,NA,NA,NA,NA,NA,NA,NA,NA,NA,NA,NA,NA,NA,NA,NA,NA,NA,NA,NA,NA,NA,NA,NA,NA,NA,NA,NA,iP266e2687473ca92c,NA,NA,C,TRUE,FALSE,TRUE,FALSE,TRUE,TRUE,FALSE,2,1,2,17.4,0,0,1,1,0,0,0,50,99,50,50,53,50,26,49,81,50,13,14,22,51,24,51,50,50,82,83,17,87,50,51,22,24,50,25,15,52,49,49,24,8,21,80,26,16,16,76,50,74,NA,NA,NA,NA,NA,NA,NA,NA,NA,NA,NA,NA,NA,NA,NA,NA,NA,NA,NA,NA,NA,NA,NA,NA,NA,NA,NA,NA,NA,NA,NA,NA,NA,NA,NA,NA,NA,NA,NA,NA,NA,NA,NA,NA,77,79,78,50,84,81,79,49,84,15,50,18,50,80,50,73,50,51,71,50,50,49,127,0,127,0,FALSE,FALSE,FALSE,FALSE,FALSE,FALSE,1,NA,1,NA,1,NA,NA,NA,NA,NA,NA,44.111111111111114,-1.1759385486286744,3,5,Punish (5),4,4,4,2,NA,NA,NA,NA,NA,NA,NA,NA,NA,NA,NA,1,1,4,4,3,TRUE,TRUE,No controls
100,1113,1,R_5gr0qeOspvkEnbH,0,0,1,0,0,1,0,1,0,0,0,1,0,1,0,0,0,1,0,0,1,0,0,1,0,1,0,0,0,1,0,0,1,Never,Never,Never,1,NA,NA,NA,NA,NA,NA,NA,NA,NA,NA,NA,NA,NA,NA,NA,NA,NA,NA,NA,NA,NA,NA,NA,NA,NA,NA,NA,NA,NA,NA,NA,NA,NA,NA,NA,NA,NA,NA,NA,NA,NA,NA,NA,NA,NA,NA,NA,NA,NA,NA,NA,NA,NA,NA,NA,NA,NA,NA,NA,NA,NA,NA,NA,NA,NA,NA,NA,NA,NA,NA,NA,NA,NA,NA,NA,NA,NA,NA,NA,NA,NA,NA,NA,NA,NA,NA,NA,NA,NA,NA,NA,NA,NA,NA,NA,NA,NA,NA,NA,NA,NA,NA,NA,NA,NA,NA,NA,NA,NA,NA,NA,NA,NA,NA,NA,NA,NA,NA,NA,NA,NA,NA,NA,NA,NA,NA,NA,NA,NA,NA,NA,NA,NA,NA,NA,NA,NA,NA,NA,NA,NA,NA,NA,NA,NA,NA,iP9f6940af1b8da92e,NA,NA,A,FALSE,TRUE,FALSE,FALSE,TRUE,FALSE,FALSE,0,3,1,18.55,0,0,1,1,0,0,0,50,60,50,50,50,50,30,50,50,50,30,30,50,50,50,60,70,60,70,90,50,50,50,70,30,30,70,50,30,50,50,50,50,50,50,60,30,50,50,50,50,50,50,40,70,50,50,50,50,50,50,50,50,50,70,70,50,40,50,50,50,60,60,50,50,NA,NA,NA,NA,NA,NA,NA,NA,NA,NA,NA,NA,NA,NA,NA,NA,NA,NA,NA,NA,NA,NA,NA,NA,NA,NA,NA,NA,NA,NA,NA,NA,NA,NA,NA,NA,NA,NA,NA,NA,NA,NA,NA,145,0,145,1,FALSE,FALSE,FALSE,FALSE,FALSE,FALSE,0,0,1,0,0,NA,NA,NA,NA,NA,NA,58.888888888888886,-0.4046318109913134,NA,NA,NA,NA,NA,NA,NA,NA,NA,NA,NA,NA,NA,NA,NA,NA,NA,NA,NA,NA,NA,NA,NA,TRUE,TRUE,No controls
100,1304,1,R_6Mba5LSyMPHyxvv,0,0,1,0,0,1,1,0,0,0,0,1,0,0,1,0,0,1,0,0,1,0,0,1,0,0,1,0,0,1,0,0,1,Never,Never,Never,1,NA,NA,NA,NA,NA,NA,NA,NA,NA,NA,NA,NA,NA,NA,NA,NA,NA,NA,NA,NA,NA,NA,NA,NA,NA,NA,NA,NA,NA,NA,NA,NA,NA,NA,NA,NA,NA,NA,NA,NA,NA,NA,NA,NA,NA,NA,NA,NA,NA,NA,NA,NA,NA,NA,NA,NA,NA,NA,NA,NA,NA,NA,NA,NA,NA,NA,NA,NA,NA,NA,NA,NA,NA,NA,NA,NA,NA,NA,NA,NA,NA,NA,NA,NA,NA,NA,NA,NA,NA,NA,NA,NA,NA,NA,NA,NA,NA,NA,NA,NA,NA,NA,NA,NA,NA,NA,NA,NA,NA,NA,NA,NA,NA,NA,NA,NA,NA,NA,NA,NA,NA,NA,NA,NA,NA,NA,NA,NA,NA,NA,NA,NA,NA,NA,NA,NA,NA,NA,NA,NA,NA,NA,NA,NA,NA,NA,iP01080aa048fda520,NA,NA,A,FALSE,TRUE,FALSE,FALSE,TRUE,FALSE,FALSE,0,3,1,21.733333333333334,0,0,0,1,0,0,0,50,40,40,40,40,20,20,40,30,30,30,40,30,40,40,30,40,20,40,50,10,50,10,60,10,10,NA,40,10,10,20,60,40,40,10,30,30,10,30,20,40,40,30,20,40,10,30,20,20,10,40,40,40,10,40,30,10,10,20,40,10,10,30,20,30,NA,NA,NA,NA,NA,NA,NA,NA,NA,NA,NA,NA,NA,NA,NA,NA,NA,NA,NA,NA,NA,NA,NA,NA,NA,NA,NA,NA,NA,NA,NA,NA,NA,NA,NA,NA,NA,NA,NA,NA,NA,NA,NA,146,0,146,1,FALSE,FALSE,FALSE,FALSE,FALSE,FALSE,0,0,1,0,0,NA,NA,NA,NA,NA,NA,32.5,-1.7819652710580298,NA,NA,NA,NA,NA,NA,NA,NA,NA,NA,NA,NA,NA,NA,NA,NA,NA,NA,NA,NA,NA,NA,NA,TRUE,TRUE,No controls
100,1876,1,R_1Elgzc2iaRUXIXf,0,0,1,0,0,1,0,1,0,0,0,1,1,0,0,0,0,1,0,0,1,0,0,1,0,1,0,1,0,0,0,0,1,Never,Never,Never,4,1,2,2,2,1,9,10,8,10,10,2,4,3,2,3,1,3,"""purple""",NA,NA,NA,NA,NA,NA,NA,NA,NA,NA,NA,NA,NA,NA,NA,NA,NA,NA,NA,NA,NA,NA,NA,NA,NA,NA,NA,NA,NA,NA,NA,NA,NA,NA,NA,NA,NA,NA,NA,NA,NA,NA,NA,NA,NA,NA,NA,NA,NA,NA,NA,NA,NA,NA,NA,NA,NA,NA,NA,NA,NA,NA,NA,NA,NA,NA,NA,NA,NA,NA,NA,NA,NA,NA,NA,NA,NA,NA,NA,NA,NA,NA,NA,NA,NA,NA,NA,NA,NA,NA,NA,NA,NA,NA,NA,NA,NA,NA,NA,NA,NA,NA,NA,NA,NA,NA,NA,NA,NA,NA,NA,NA,NA,NA,NA,NA,NA,NA,NA,NA,NA,NA,NA,NA,NA,NA,NA,NA,iPb63fe78c5cbb5df2,NA,NA,C,TRUE,FALSE,TRUE,FALSE,TRUE,TRUE,FALSE,2,1,2,31.266666666666666,0,0,0,0,0,0,0,90,90,80,80,80,75,55,100,65,80,80,75,70,85,90,80,100,50,75,75,50,90,80,100,5,45,75,65,30,50,85,50,40,0,50,70,55,45,40,30,95,95,NA,NA,NA,NA,NA,NA,NA,NA,NA,NA,NA,NA,NA,NA,NA,NA,NA,NA,NA,NA,NA,NA,NA,NA,NA,NA,NA,NA,NA,NA,NA,NA,NA,NA,NA,NA,NA,NA,NA,NA,NA,NA,NA,NA,90,90,75,75,91,95,100,95,95,10,85,5,50,80,50,85,95,80,65,75,55,75,127,0,127,0,FALSE,FALSE,FALSE,FALSE,FALSE,FALSE,0,0,1,0,0,NA,NA,NA,NA,NA,NA,70,0.1752980669315148,2,6,Punish (6),1,4,2.5,2.75,NA,NA,NA,NA,NA,NA,NA,NA,NA,NA,NA,4,5,3,5,5,TRUE,TRUE,No controls
100,899,1,R_1jNgSiYxoHLucNu,NA,NA,1,1,0,0,1,0,0,0,0,1,1,0,0,0,0,1,0,0,1,0,0,1,0,0,1,0,0,1,0,0,1,Rarely,Never,Rarely,4,2,2,2,2,2,8,10,10,10,10,4,4,2.5,3,3,5,3,Purple,NA,NA,NA,NA,NA,NA,NA,NA,NA,NA,NA,NA,NA,NA,NA,NA,NA,NA,NA,NA,NA,NA,NA,NA,NA,NA,NA,NA,NA,NA,NA,NA,NA,NA,NA,NA,NA,NA,NA,NA,NA,NA,NA,NA,NA,NA,NA,NA,NA,NA,NA,NA,NA,NA,NA,NA,NA,NA,NA,NA,NA,NA,NA,NA,NA,NA,NA,NA,NA,NA,NA,NA,NA,NA,NA,NA,NA,NA,NA,NA,NA,NA,NA,NA,NA,NA,NA,NA,NA,NA,NA,NA,NA,NA,NA,NA,NA,NA,NA,NA,NA,NA,NA,NA,NA,NA,NA,NA,NA,NA,NA,NA,NA,NA,NA,NA,NA,NA,NA,NA,NA,NA,NA,NA,NA,NA,NA,NA,iPae0a439b6cd70df4,NA,NA,A,TRUE,FALSE,TRUE,FALSE,TRUE,TRUE,FALSE,2,1,2,14.983333333333333,0,0,1,1,0,0,0,50,10,40,10,50,20,30,60,30,10,10,0,20,70,50,60,80,40,50,60,30,50,30,40,0,10,80,10,0,50,50,20,0,10,40,70,30,70,10,30,40,40,20,20,30,0,0,0,40,0,20,50,40,0,50,50,0,0,50,50,40,40,60,50,30,NA,NA,NA,NA,NA,NA,NA,NA,NA,NA,NA,NA,NA,NA,NA,NA,NA,NA,NA,NA,NA,NA,NA,NA,NA,NA,NA,NA,NA,NA,NA,NA,NA,NA,NA,NA,NA,NA,NA,NA,NA,NA,NA,127,0,127,0,FALSE,FALSE,FALSE,FALSE,FALSE,FALSE,1,NA,1,NA,1,NA,NA,NA,NA,NA,NA,46.666666666666664,-1.0425546767064242,4,4,Neutral (4),1,2.5,1.75,2.875,NA,NA,NA,NA,NA,NA,NA,NA,NA,NA,NA,3,5,5,5,5,TRUE,TRUE,No controls
100,993,1,R_7sp6gJT1Hi5Pb1X,0,0,1,0,0,1,0,0,1,0,0,1,1,1,0,0,0,1,0,0,1,0,0,1,0,0,1,0,0,1,0,0,1,Never,Never,Never,4,1,1,1,1,1,8,10,10,10,10,4,5,2.5,2.5,2.5,5,2.5,purple,NA,NA,NA,NA,NA,NA,NA,NA,NA,NA,NA,NA,NA,NA,NA,NA,NA,NA,NA,NA,NA,NA,NA,NA,NA,NA,NA,NA,NA,NA,NA,NA,NA,NA,NA,NA,NA,NA,NA,NA,NA,NA,NA,NA,NA,NA,NA,NA,NA,NA,NA,NA,NA,NA,NA,NA,NA,NA,NA,NA,NA,NA,NA,NA,NA,NA,NA,NA,NA,NA,NA,NA,NA,NA,NA,NA,NA,NA,NA,NA,NA,NA,NA,NA,NA,NA,NA,NA,NA,NA,NA,NA,NA,NA,NA,NA,NA,NA,NA,NA,NA,NA,NA,NA,NA,NA,NA,NA,NA,NA,NA,NA,NA,NA,NA,NA,NA,NA,NA,NA,NA,NA,NA,NA,NA,NA,NA,NA,iPf4584d34f4b48a79,NA,NA,B,TRUE,FALSE,TRUE,FALSE,TRUE,TRUE,FALSE,2,1,2,16.55,0,0,1,1,0,0,0,50,50,50,50,50,50,50,50,50,50,50,50,50,50,50,50,50,50,50,50,50,50,50,50,50,50,50,50,50,50,50,50,50,50,50,50,50,50,50,50,50,50,NA,NA,NA,NA,NA,NA,NA,NA,NA,NA,NA,NA,NA,NA,NA,NA,NA,NA,NA,NA,NA,NA,NA,50,50,50,50,50,50,50,50,50,50,50,50,50,50,50,50,50,50,50,50,52,NA,NA,NA,NA,NA,NA,NA,NA,NA,NA,NA,NA,NA,NA,NA,NA,NA,NA,NA,NA,NA,NA,127,0,127,0,FALSE,FALSE,FALSE,FALSE,FALSE,FALSE,0,0,1,0,0,NA,NA,NA,NA,NA,NA,50,-0.8685757133295756,4,4,Neutral (4),2.5,2.5,2.5,2.5,NA,NA,NA,NA,NA,NA,NA,NA,NA,NA,NA,3,5,5,5,5,TRUE,TRUE,No controls
100,1512,1,R_5roXOGWfL61fH1F,0,0,1,0,0,1,0,0,1,0,0,1,0,0,1,0,0,1,0,0,1,0,0,1,0,0,1,1,0,0,0,0,1,Frequently,Sometimes,Frequently,1,NA,NA,NA,NA,NA,NA,NA,NA,NA,NA,NA,NA,NA,NA,NA,NA,NA,NA,NA,NA,NA,NA,NA,NA,NA,NA,NA,NA,NA,NA,NA,NA,NA,NA,NA,NA,NA,NA,NA,NA,NA,NA,NA,NA,NA,NA,NA,NA,NA,NA,NA,NA,NA,NA,NA,NA,NA,NA,NA,NA,NA,NA,NA,NA,NA,NA,NA,NA,NA,NA,NA,NA,NA,NA,NA,NA,NA,NA,NA,NA,NA,NA,NA,NA,NA,NA,NA,NA,NA,NA,NA,NA,NA,NA,NA,NA,NA,NA,NA,NA,NA,NA,NA,NA,NA,NA,NA,NA,NA,NA,NA,NA,NA,NA,NA,NA,NA,NA,NA,NA,NA,NA,NA,NA,NA,NA,NA,NA,NA,NA,NA,NA,NA,NA,NA,NA,NA,NA,NA,NA,NA,NA,NA,NA,NA,NA,iP0cb71f6bcdf87ba9,NA,NA,C,FALSE,TRUE,FALSE,FALSE,TRUE,FALSE,FALSE,0,3,1,25.2,0,0,0,1,0,0,0,50,50,50,39,50,47,100,98,100,80,50,35,100,51,100,70,100,68,75,100,34,100,70,100,0,23,64,0,0,46,100,49,52,49,39,100,47,26,50,40,90,73,NA,NA,NA,NA,NA,NA,NA,NA,NA,NA,NA,NA,NA,NA,NA,NA,NA,NA,NA,NA,NA,NA,NA,NA,NA,NA,NA,NA,NA,NA,NA,NA,NA,NA,NA,NA,NA,NA,NA,NA,NA,NA,NA,NA,100,100,100,66,100,100,100,100,100,0,100,0,50,80,0,100,100,73,80,51,35,44,145,0,145,1,FALSE,FALSE,FALSE,FALSE,FALSE,FALSE,0,0,1,0,0,NA,NA,NA,NA,NA,NA,61.44444444444444,-0.27124793906906286,NA,NA,NA,NA,NA,NA,NA,NA,NA,NA,NA,NA,NA,NA,NA,NA,NA,NA,NA,NA,NA,NA,NA,TRUE,TRUE,No controls
100,3203,1,R_3IT6I4nwunJrfkA,NA,NA,1,1,1,0,1,0,0,1,0,0,1,0,0,1,0,0,0,1,0,0,0,1,1,0,0,0,1,0,0,1,0,Sometimes,Frequently,Never,4,4,1,1,1,4,9,9,10,8,10,4,3,4,2,3,1,2,purple,2,3,3,2,2,5,1,3,5,3,1,2,1,1,2,1,2,1,4,3,2,1,4,2,3,2,1,1,1,2,1,1,2,1,1,2,1,1,1,1,2,1,2,1,2,1,2,2,1,3,1,3,4,4,1,4,4,3,3,3,3,1,2,2,1,NA,2,2,2,1,2,2,2,1,5,0,4,5,4,5,4,5,4,4,5,NA,NA,NA,NA,NA,NA,NA,NA,NA,NA,NA,NA,NA,NA,NA,NA,NA,NA,NA,NA,NA,NA,NA,NA,NA,NA,NA,NA,NA,NA,NA,NA,NA,NA,NA,NA,NA,NA,NA,NA,NA,NA,NA,iPe08aef2ae23998d0,NA,NA,B,TRUE,FALSE,TRUE,FALSE,TRUE,TRUE,TRUE,2,1,3,53.38333333333333,0,0,0,0,1,0,0,66,64,56,81,75,90,71,75,77,70,65,81,90,67,61,86,90,67,68,72,86,79,61,74,81,78,65,55,78,53,65,99,51,62,92,59,83,62,93,69,78,68,NA,NA,NA,NA,NA,NA,NA,NA,NA,NA,NA,NA,NA,NA,NA,NA,NA,NA,NA,NA,NA,NA,NA,72,85,95,80,58,69,100,49,98,77,50,74,100,70,100,75,89,44,98,75,100,NA,NA,NA,NA,NA,NA,NA,NA,NA,NA,NA,NA,NA,NA,NA,NA,NA,NA,NA,NA,NA,NA,43,0,43,1,FALSE,FALSE,FALSE,FALSE,FALSE,FALSE,1,NA,1,NA,1,NA,NA,NA,NA,NA,NA,74.44444444444444,0.40727001810064595,4,4,Neutral (4),2,4,3,2.75,3,1,3,3,1,3,1,1,1,1,1,4,4,5,3,5,FALSE,TRUE,Some controls missing
100,561,1,R_5SBnXym1I4C7VuK,NA,1,0,NA,0,1,1,0,0,1,0,0,1,0,0,0,0,1,0,0,1,0,0,1,0,1,0,0,0,1,1,0,0,Never,Never,Never,4,1,1,1,1,3,6,6,6,6,6,7,4,2.5,2.5,2.5,5,2.5,Purple,NA,NA,NA,NA,NA,NA,NA,NA,NA,NA,NA,NA,NA,NA,NA,NA,NA,NA,NA,NA,NA,NA,NA,NA,NA,NA,NA,NA,NA,NA,NA,NA,NA,NA,NA,NA,NA,NA,NA,NA,NA,NA,NA,NA,NA,NA,NA,NA,NA,NA,NA,NA,NA,NA,NA,NA,NA,NA,NA,NA,NA,NA,NA,NA,NA,NA,NA,NA,NA,NA,NA,NA,NA,NA,NA,NA,NA,NA,NA,NA,NA,NA,NA,NA,NA,NA,NA,NA,NA,NA,NA,NA,NA,NA,NA,NA,NA,NA,NA,NA,NA,NA,NA,NA,NA,NA,NA,NA,NA,NA,NA,NA,NA,NA,NA,NA,NA,NA,NA,NA,NA,NA,NA,NA,NA,NA,NA,NA,iPec4b64a8d1c388d2,NA,NA,B,TRUE,FALSE,TRUE,FALSE,TRUE,TRUE,FALSE,2,1,2,9.35,0,1,1,1,0,0,0,100,100,89,97,59,98,70,54,100,62,100,100,80,100,94,98,99,53,63,99,58,100,80,98,26,43,100,52,49,19,100,96,94,96,9,51,69,4,57,66,100,100,NA,NA,NA,NA,NA,NA,NA,NA,NA,NA,NA,NA,NA,NA,NA,NA,NA,NA,NA,NA,NA,NA,NA,50,100,92,100,80,55,100,33,100,78,60,76,78,100,100,97,100,96,100,3,77,NA,NA,NA,NA,NA,NA,NA,NA,NA,NA,NA,NA,NA,NA,NA,NA,NA,NA,NA,NA,NA,NA,127,0,127,0,FALSE,FALSE,FALSE,FALSE,FALSE,FALSE,1,NA,NA,1,NA,NA,NA,NA,NA,NA,NA,81.11111111111111,0.755227944854343,7,1,Rehab (1),1,2.5,1.75,2.5,NA,NA,NA,NA,NA,NA,NA,NA,NA,NA,NA,1,1,1,1,1,TRUE,TRUE,No controls
100,1508,1,R_7iKA13P4obHIHoy,NA,NA,1,1,0,0,1,0,0,0,0,1,1,0,0,0,0,1,0,0,1,0,0,1,1,0,0,0,1,0,0,0,1,Never,Never,Sometimes,4,1,2,1,1,2,9,9,9,10,9,4,5,2.5,2.5,2.5,5,2.5,Purple,NA,NA,NA,NA,NA,NA,NA,NA,NA,NA,NA,NA,NA,NA,NA,NA,NA,NA,NA,NA,NA,NA,NA,NA,NA,NA,NA,NA,NA,NA,NA,NA,NA,NA,NA,NA,NA,NA,NA,NA,NA,NA,NA,NA,NA,NA,NA,NA,NA,NA,NA,NA,NA,NA,NA,NA,NA,NA,NA,NA,NA,NA,NA,NA,NA,NA,NA,NA,NA,NA,NA,NA,NA,NA,NA,NA,NA,NA,NA,NA,NA,NA,NA,NA,NA,NA,NA,NA,NA,NA,NA,NA,NA,NA,NA,NA,NA,NA,NA,NA,NA,NA,NA,NA,NA,NA,NA,NA,NA,NA,NA,NA,NA,NA,NA,NA,NA,NA,NA,NA,NA,NA,NA,NA,NA,NA,NA,NA,iP0466ab1fd9b0afc3,NA,NA,A,TRUE,FALSE,TRUE,FALSE,TRUE,TRUE,FALSE,2,1,2,25.133333333333333,0,0,0,1,0,0,0,50,60,50,30,50,30,50,50,30,40,70,20,50,50,50,NA,50,50,70,NA,40,50,40,70,10,0,NA,20,20,40,60,0,20,30,30,20,30,10,10,30,NA,50,50,20,50,20,0,10,50,NA,40,70,50,20,NA,50,0,NA,NA,0,0,70,50,50,NA,NA,NA,NA,NA,NA,NA,NA,NA,NA,NA,NA,NA,NA,NA,NA,NA,NA,NA,NA,NA,NA,NA,NA,NA,NA,NA,NA,NA,NA,NA,NA,NA,NA,NA,NA,NA,NA,NA,NA,NA,NA,NA,NA,131,5,136,0,FALSE,FALSE,FALSE,FALSE,FALSE,FALSE,1,NA,1,NA,1,NA,NA,NA,NA,NA,NA,40,-1.390512603460121,4,4,Neutral (4),2.5,2.5,2.5,2.5,NA,NA,NA,NA,NA,NA,NA,NA,NA,NA,NA,4,4,4,5,4,TRUE,TRUE,No controls
100,716,1,R_54o7n0oKJ8LyUyg,0,0,1,0,0,1,0,0,1,0,0,1,0,0,1,0,0,1,0,1,0,0,0,1,0,1,0,0,1,0,0,0,1,Never,Never,Never,4,1,1,2,2,1,10,7,10,10,9,2,2,3,4,4,2,3,purple,NA,NA,NA,NA,NA,NA,NA,NA,NA,NA,NA,NA,NA,NA,NA,NA,NA,NA,NA,NA,NA,NA,NA,NA,NA,NA,NA,NA,NA,NA,NA,NA,NA,NA,NA,NA,NA,NA,NA,NA,NA,NA,NA,NA,NA,NA,NA,NA,NA,NA,NA,NA,NA,NA,NA,NA,NA,NA,NA,NA,NA,NA,NA,NA,NA,NA,NA,NA,NA,NA,NA,NA,NA,NA,NA,NA,NA,NA,NA,NA,NA,NA,NA,NA,NA,NA,NA,NA,NA,NA,NA,NA,NA,NA,NA,NA,NA,NA,NA,NA,NA,NA,NA,NA,NA,NA,NA,NA,NA,NA,NA,NA,NA,NA,NA,NA,NA,NA,NA,NA,NA,NA,NA,NA,NA,NA,NA,NA,iPffc8875d1f69e38f,NA,NA,A,TRUE,FALSE,TRUE,FALSE,TRUE,TRUE,FALSE,2,1,2,11.933333333333334,0,1,1,1,0,0,0,50,100,50,50,70,70,20,50,50,20,0,20,50,50,50,50,100,80,100,100,0,50,30,100,0,30,80,0,0,30,80,0,0,0,0,100,20,20,0,30,20,50,20,30,30,0,30,70,50,50,70,50,80,20,100,80,20,70,50,50,0,50,70,80,50,NA,NA,NA,NA,NA,NA,NA,NA,NA,NA,NA,NA,NA,NA,NA,NA,NA,NA,NA,NA,NA,NA,NA,NA,NA,NA,NA,NA,NA,NA,NA,NA,NA,NA,NA,NA,NA,NA,NA,NA,NA,NA,NA,127,0,127,0,FALSE,FALSE,FALSE,FALSE,FALSE,FALSE,0,0,1,0,0,NA,NA,NA,NA,NA,NA,56.666666666666664,-0.520617786575879,2,6,Punish (6),3,3,3,3.5,NA,NA,NA,NA,NA,NA,NA,NA,NA,NA,NA,5,2,5,5,4,TRUE,TRUE,No controls
100,3797,1,R_3RlpurdMqVRTn5t,0,0,1,0,1,0,0,1,0,0,1,0,0,1,0,0,0,1,0,0,1,0,0,1,0,1,0,0,0,1,0,0,1,Rarely,Rarely,Sometimes,4,2,2,2,2,2,7,8,8,8,8,3,3,2,2,2,3,2,Purple,NA,NA,NA,NA,NA,NA,NA,NA,NA,NA,NA,NA,NA,NA,NA,NA,NA,NA,NA,NA,NA,NA,NA,NA,NA,NA,NA,NA,NA,NA,NA,NA,NA,NA,NA,NA,NA,NA,NA,NA,NA,NA,NA,NA,NA,NA,NA,NA,NA,NA,NA,NA,NA,NA,NA,NA,NA,NA,NA,NA,NA,NA,NA,NA,NA,NA,NA,NA,NA,NA,NA,NA,NA,NA,NA,NA,NA,NA,NA,NA,NA,NA,NA,NA,NA,NA,NA,NA,NA,NA,NA,NA,NA,NA,NA,NA,NA,NA,NA,NA,NA,NA,NA,NA,NA,NA,NA,NA,NA,NA,NA,NA,NA,NA,NA,NA,NA,NA,NA,NA,NA,NA,NA,NA,NA,NA,NA,NA,iPdc1f8dcfb8594c45,NA,NA,A,TRUE,FALSE,TRUE,FALSE,TRUE,TRUE,FALSE,2,1,2,63.28333333333333,0,0,0,0,1,0,0,50,50,30,20,30,20,50,50,40,50,50,30,50,70,30,50,50,50,30,50,30,50,30,50,50,50,30,50,10,60,40,50,50,30,50,50,50,50,50,40,80,50,50,0,60,50,50,30,50,0,50,90,50,30,40,50,50,0,50,50,50,50,50,50,50,NA,NA,NA,NA,NA,NA,NA,NA,NA,NA,NA,NA,NA,NA,NA,NA,NA,NA,NA,NA,NA,NA,NA,NA,NA,NA,NA,NA,NA,NA,NA,NA,NA,NA,NA,NA,NA,NA,NA,NA,NA,NA,NA,127,0,127,0,FALSE,FALSE,FALSE,FALSE,FALSE,FALSE,0,0,1,0,0,NA,NA,NA,NA,NA,NA,45.55555555555556,-1.100547664498707,3,5,Punish (5),2,2,2,2,NA,NA,NA,NA,NA,NA,NA,NA,NA,NA,NA,2,3,3,3,3,TRUE,TRUE,No controls
100,3080,1,R_7oWVfAXvQuaZJ1D,0,0,1,0,0,1,0,0,1,0,0,1,1,0,0,0,0,1,0,0,1,0,0,1,1,0,0,1,0,0,0,0,1,Never,Never,Never,4,-99,4,4,-99,2,8,6,6,6,9,1,1,2,2,3,1,2.5,purple,NA,NA,NA,NA,NA,NA,NA,NA,NA,NA,NA,NA,NA,NA,NA,NA,NA,NA,NA,NA,NA,NA,NA,NA,NA,NA,NA,NA,NA,NA,NA,NA,NA,NA,NA,NA,NA,NA,NA,NA,NA,NA,NA,NA,NA,NA,NA,NA,NA,NA,NA,NA,NA,NA,NA,NA,NA,NA,NA,NA,NA,NA,NA,NA,NA,NA,NA,NA,NA,NA,NA,NA,NA,NA,NA,NA,NA,NA,NA,NA,NA,NA,NA,NA,NA,NA,NA,NA,NA,NA,NA,NA,NA,NA,NA,NA,NA,NA,NA,NA,NA,NA,NA,NA,NA,NA,NA,NA,NA,NA,NA,NA,NA,NA,NA,NA,NA,NA,NA,NA,NA,NA,NA,NA,NA,NA,NA,NA,iPe4ced139ed0ead99,NA,NA,B,TRUE,FALSE,TRUE,FALSE,TRUE,TRUE,FALSE,2,1,2,51.333333333333336,0,0,0,0,0,0,0,0,3,3,0,23,0,99,100,0,0,0,0,0,1,0,21,29,3,100,99,0,50,0,100,0,100,24,0,0,100,18,0,0,0,100,100,4,100,0,3,0,69,NA,NA,NA,NA,NA,NA,NA,NA,NA,NA,NA,NA,NA,NA,NA,NA,NA,NA,NA,NA,NA,NA,NA,20,100,89,74,76,2,0,100,0,0,100,0,0,27,96,100,100,17,0,19,3,NA,NA,NA,NA,NA,NA,NA,NA,NA,NA,NA,NA,NA,NA,NA,NA,NA,NA,NA,NA,NA,NA,127,0,127,0,FALSE,FALSE,FALSE,FALSE,FALSE,FALSE,0,0,1,0,0,NA,NA,NA,NA,NA,NA,19.666666666666668,-2.451784280058896,1,7,Punish (7),4,4,4,2.375,NA,NA,NA,NA,NA,NA,NA,NA,NA,NA,NA,3,1,1,1,4,TRUE,TRUE,No controls
100,4027,1,R_5RrpiULl5efzQR0,NA,1,0,NA,1,0,0,0,1,0,1,0,0,1,0,0,1,0,0,1,0,0,0,1,0,0,1,0,1,0,0,1,0,Sometimes,Sometimes,Sometimes,4,3,4,3,4,2,7,8,8,9,8,4,3,2,3,1,3,3,Purple,3,2,6,4,5,3,4,4,5,3,2,3,2,2,3,2,2,1,3,3,3,3,3,3,2,2,3,2,3,3,2,2,2,1,1,2,2,2,1,2,3,2,2,3,2,4,2,1,2,3,3,2,2,4,3,3,3,2,2,3,3,3,3,3,2,NA,2,3,2,3,4,3,3,2,2,2,5,6,5,5,5,5,5,5,5,NA,NA,NA,NA,NA,NA,NA,NA,NA,NA,NA,NA,NA,NA,NA,NA,NA,NA,NA,NA,NA,NA,NA,NA,NA,NA,NA,NA,NA,NA,NA,NA,NA,NA,NA,NA,NA,NA,NA,NA,NA,NA,NA,iP46b41c53d45fbd3f,NA,NA,B,TRUE,FALSE,TRUE,FALSE,TRUE,TRUE,TRUE,2,1,3,67.11666666666666,0,0,0,0,1,0,0,69,68,36,80,81,27,70,28,68,23,37,79,30,50,72,84,68,20,72,36,26,79,74,74,60,11,74,75,77,30,77,29,30,70,80,21,81,95,84,86,27,26,NA,NA,NA,NA,NA,NA,NA,NA,NA,NA,NA,NA,NA,NA,NA,NA,NA,NA,NA,NA,NA,NA,NA,59,76,44,23,82,76,77,24,80,28,83,36,69,84,27,46,28,78,74,72,31,NA,NA,NA,NA,NA,NA,NA,NA,NA,NA,NA,NA,NA,NA,NA,NA,NA,NA,NA,NA,NA,NA,43,0,43,1,FALSE,FALSE,FALSE,FALSE,FALSE,FALSE,1,NA,NA,1,NA,NA,NA,NA,NA,NA,NA,57.111111111111114,-0.4974205914589656,4,4,Neutral (4),2,2,2,2.25,1,2,1,1,2,1,1,1.5,2.5,1,1.75,2,3,3,4,3,FALSE,TRUE,Some controls missing
100,848,1,R_7A2ItqPaLCmHs0p,NA,1,0,NA,0,1,1,1,0,0,0,1,1,1,0,0,0,1,0,1,0,0,0,1,0,1,0,0,1,0,0,0,1,Never,Never,Never,4,1,2,2,2,3,10,10,10,10,10,6,3,3,4,4,3,4,purple,NA,NA,NA,NA,NA,NA,NA,NA,NA,NA,NA,NA,NA,NA,NA,NA,NA,NA,NA,NA,NA,NA,NA,NA,NA,NA,NA,NA,NA,NA,NA,NA,NA,NA,NA,NA,NA,NA,NA,NA,NA,NA,NA,NA,NA,NA,NA,NA,NA,NA,NA,NA,NA,NA,NA,NA,NA,NA,NA,NA,NA,NA,NA,NA,NA,NA,NA,NA,NA,NA,NA,NA,NA,NA,NA,NA,NA,NA,NA,NA,NA,NA,NA,NA,NA,NA,NA,NA,NA,NA,NA,NA,NA,NA,NA,NA,NA,NA,NA,NA,NA,NA,NA,NA,NA,NA,NA,NA,NA,NA,NA,NA,NA,NA,NA,NA,NA,NA,NA,NA,NA,NA,NA,NA,NA,NA,NA,NA,iP85638cd77529c3de,NA,NA,C,TRUE,FALSE,TRUE,FALSE,TRUE,TRUE,FALSE,2,1,2,14.133333333333333,0,0,1,1,0,0,0,95,92,90,81,97,86,29,92,84,31,52,23,75,75,86,77,100,50,70,100,50,98,81,100,9,28,71,78,50,73,83,50,50,50,50,76,68,80,31,23,95,84,NA,NA,NA,NA,NA,NA,NA,NA,NA,NA,NA,NA,NA,NA,NA,NA,NA,NA,NA,NA,NA,NA,NA,NA,NA,NA,NA,NA,NA,NA,NA,NA,NA,NA,NA,NA,NA,NA,NA,NA,NA,NA,NA,NA,100,96,89,77,50,91,100,90,100,4,99,0,50,78,71,94,100,79,100,50,50,48,127,0,127,0,FALSE,FALSE,FALSE,FALSE,FALSE,FALSE,1,NA,NA,1,NA,NA,NA,NA,NA,NA,NA,75.11111111111111,0.44206581077601587,6,2,Rehab (2),2,2,2,3.75,NA,NA,NA,NA,NA,NA,NA,NA,NA,NA,NA,5,5,5,5,5,TRUE,TRUE,No controls
100,1085,1,R_1LzAbHZzQQTEQZQ,0,0,1,0,0,1,0,1,0,0,0,1,1,1,0,0,0,1,0,0,1,0,0,1,0,1,0,0,0,1,0,0,1,Never,Rarely,Rarely,1,NA,NA,NA,NA,NA,NA,NA,NA,NA,NA,NA,NA,NA,NA,NA,NA,NA,NA,NA,NA,NA,NA,NA,NA,NA,NA,NA,NA,NA,NA,NA,NA,NA,NA,NA,NA,NA,NA,NA,NA,NA,NA,NA,NA,NA,NA,NA,NA,NA,NA,NA,NA,NA,NA,NA,NA,NA,NA,NA,NA,NA,NA,NA,NA,NA,NA,NA,NA,NA,NA,NA,NA,NA,NA,NA,NA,NA,NA,NA,NA,NA,NA,NA,NA,NA,NA,NA,NA,NA,NA,NA,NA,NA,NA,NA,NA,NA,NA,NA,NA,NA,NA,NA,NA,NA,NA,NA,NA,NA,NA,NA,NA,NA,NA,NA,NA,NA,NA,NA,NA,NA,NA,NA,NA,NA,NA,NA,NA,NA,NA,NA,NA,NA,NA,NA,NA,NA,NA,NA,NA,NA,NA,NA,NA,NA,NA,iP7ad7d26aaa0cd1f5,NA,NA,B,FALSE,TRUE,FALSE,FALSE,TRUE,FALSE,FALSE,0,3,1,18.083333333333332,0,0,1,1,0,0,0,94,50,90,82,75,60,55,83,58,50,46,30,80,75,57,75,88,78,98,80,70,93,85,98,30,38,70,52,40,43,88,75,60,52,35,85,40,46,65,74,88,80,NA,NA,NA,NA,NA,NA,NA,NA,NA,NA,NA,NA,NA,NA,NA,NA,NA,NA,NA,NA,NA,NA,NA,45,56,89,75,91,64,78,64,80,40,56,77,90,96,95,95,96,89,85,85,55,NA,NA,NA,NA,NA,NA,NA,NA,NA,NA,NA,NA,NA,NA,NA,NA,NA,NA,NA,NA,NA,NA,145,0,145,1,FALSE,FALSE,FALSE,FALSE,FALSE,FALSE,0,0,1,0,0,NA,NA,NA,NA,NA,NA,70.88888888888889,0.2216924571653409,NA,NA,NA,NA,NA,NA,NA,NA,NA,NA,NA,NA,NA,NA,NA,NA,NA,NA,NA,NA,NA,NA,NA,TRUE,TRUE,No controls
100,41584,1,R_7ixBMpxC3L0rfq1,1,NA,0,NA,0,1,1,0,0,0,0,1,1,0,0,0,0,1,0,0,1,0,0,1,1,0,0,1,0,0,0,0,1,Never,Rarely,Rarely,4,1,1,1,1,1,10,8,8,8,8,2,1,1,4,4,1,2.5,Purple,NA,NA,NA,NA,NA,NA,NA,NA,NA,NA,NA,NA,NA,NA,NA,NA,NA,NA,NA,NA,NA,NA,NA,NA,NA,NA,NA,NA,NA,NA,NA,NA,NA,NA,NA,NA,NA,NA,NA,NA,NA,NA,NA,NA,NA,NA,NA,NA,NA,NA,NA,NA,NA,NA,NA,NA,NA,NA,NA,NA,NA,NA,NA,NA,NA,NA,NA,NA,NA,NA,NA,NA,NA,NA,NA,NA,NA,NA,NA,NA,NA,NA,NA,NA,NA,NA,NA,NA,NA,NA,NA,NA,NA,NA,NA,NA,NA,NA,NA,NA,NA,NA,NA,NA,NA,NA,NA,NA,NA,NA,NA,NA,NA,NA,NA,NA,NA,NA,NA,NA,NA,NA,NA,NA,NA,NA,NA,NA,iP90273da74213ee6d,NA,NA,A,TRUE,FALSE,TRUE,FALSE,TRUE,TRUE,FALSE,2,1,2,693.0666666666667,0,0,0,0,1,1,0,50,50,50,50,50,50,50,50,50,50,50,50,50,50,50,50,50,50,50,50,50,50,50,50,50,50,50,50,50,50,50,50,50,50,50,50,50,50,50,50,50,50,50,50,50,50,50,50,50,50,50,50,50,50,50,50,50,50,50,50,50,50,50,50,50,NA,NA,NA,NA,NA,NA,NA,NA,NA,NA,NA,NA,NA,NA,NA,NA,NA,NA,NA,NA,NA,NA,NA,NA,NA,NA,NA,NA,NA,NA,NA,NA,NA,NA,NA,NA,NA,NA,NA,NA,NA,NA,NA,127,0,127,0,FALSE,FALSE,FALSE,FALSE,FALSE,FALSE,1,1,NA,NA,NA,NA,NA,NA,NA,NA,NA,50,-0.8685757133295756,2,6,Punish (6),4,4,4,2.875,NA,NA,NA,NA,NA,NA,NA,NA,NA,NA,NA,5,3,3,3,3,TRUE,TRUE,No controls
100,2280,1,R_6YsKGuG5hcAFdNa,0,0,1,0,0,1,0,0,1,0,0,1,0,0,1,0,0,1,0,0,1,0,0,1,0,1,0,0,1,0,0,0,1,Never,Never,Never,4,1,1,2,1,1,9,7,8,10,8,6,3,2,3,3,3,3,purple,3,3,3,2,2,2,2,3,2,1,2,1,1,3,1,3,1,1,2,4,1,1,5,3,3,1,1,1,1,1,1,1,1,1,1,1,2,2,3,2,3,3,2,1,2,2,2,3,3,2,2,3,4,3,4,5,5,4,2,2,3,3,2,2,3,NA,3,3,3,2,3,3,3,3,3,3,6,6,5,6,6,6,6,6,6,3,1,0,0,1,0,0,NA,NA,NA,3,1,0,0,0,0,0,0,0,-99,6,-99,2,2,2.366,8.457,9.53,4,2,1,0,0,0,-99,1,0,0,0,0,0,-99,3098,2166,iPb83b0a466d06f9dc,Wisconsin,Wood,A,TRUE,FALSE,TRUE,TRUE,TRUE,TRUE,TRUE,3,0,3,38,0,0,0,0,0,0,0,90,90,90,90,90,70,50,90,90,90,90,90,90,90,90,90,90,90,90,90,90,90,90,70,20,20,90,90,40,90,90,90,90,90,90,90,40,50,50,50,90,90,90,40,70,90,90,90,90,50,90,90,90,90,90,90,90,50,90,90,90,90,90,90,90,NA,NA,NA,NA,NA,NA,NA,NA,NA,NA,NA,NA,NA,NA,NA,NA,NA,NA,NA,NA,NA,NA,NA,NA,NA,NA,NA,NA,NA,NA,NA,NA,NA,NA,NA,NA,NA,NA,NA,NA,NA,NA,NA,3,0,3,0,FALSE,FALSE,FALSE,FALSE,FALSE,FALSE,0,0,1,0,0,FALSE,0,NA,NA,0,0,84.44444444444444,0.9292069082311912,6,2,Rehab (2),2,2,2,2.75,1,3,3,2,3,2,3,3,4,4,4,4,2,3,5,3,FALSE,TRUE,Some controls missing
100,1304,1,R_3FeWfXuFXCnmVqL,NA,1,0,NA,1,0,1,1,0,0,0,1,1,1,0,0,0,1,0,0,1,0,0,1,1,1,0,1,1,0,0,0,1,Never,Never,Never,1,NA,NA,NA,NA,NA,NA,NA,NA,NA,NA,NA,NA,NA,NA,NA,NA,NA,NA,NA,NA,NA,NA,NA,NA,NA,NA,NA,NA,NA,NA,NA,NA,NA,NA,NA,NA,NA,NA,NA,NA,NA,NA,NA,NA,NA,NA,NA,NA,NA,NA,NA,NA,NA,NA,NA,NA,NA,NA,NA,NA,NA,NA,NA,NA,NA,NA,NA,NA,NA,NA,NA,NA,NA,NA,NA,NA,NA,NA,NA,NA,NA,NA,NA,NA,NA,NA,NA,NA,NA,NA,NA,NA,NA,NA,NA,NA,NA,NA,NA,NA,NA,NA,NA,NA,NA,NA,NA,NA,NA,NA,NA,NA,NA,NA,NA,NA,NA,NA,NA,NA,NA,NA,NA,NA,NA,NA,NA,NA,NA,NA,NA,NA,NA,NA,NA,NA,NA,NA,NA,NA,NA,NA,NA,NA,NA,NA,iPa0c2afb6b9bd916d,NA,NA,B,FALSE,TRUE,FALSE,FALSE,TRUE,FALSE,FALSE,0,3,1,21.733333333333334,0,0,0,1,0,0,0,61,61,62,60,62,56,0,36,52,18,0,0,69,61,11,64,60,66,63,65,52,65,54,100,0,20,72,43,1,75,50,0,0,0,69,57,13,64,1,7,55,61,NA,NA,NA,NA,NA,NA,NA,NA,NA,NA,NA,NA,NA,NA,NA,NA,NA,NA,NA,NA,NA,NA,NA,50,64,63,50,50,19,0,57,5,0,1,60,74,100,80,56,63,69,21,66,35,NA,NA,NA,NA,NA,NA,NA,NA,NA,NA,NA,NA,NA,NA,NA,NA,NA,NA,NA,NA,NA,NA,145,0,145,1,FALSE,FALSE,FALSE,FALSE,FALSE,FALSE,1,NA,NA,1,NA,NA,NA,NA,NA,NA,NA,55.666666666666664,-0.5728114755889335,NA,NA,NA,NA,NA,NA,NA,NA,NA,NA,NA,NA,NA,NA,NA,NA,NA,NA,NA,NA,NA,NA,NA,TRUE,TRUE,No controls
100,584,1,R_1D2zUrzeDykMBNL,NA,1,0,NA,1,0,1,0,0,1,0,0,1,0,0,0,1,0,0,0,1,0,0,1,1,0,0,1,0,0,0,0,1,Frequently,Never,Frequently,4,1,1,1,1,1,8,8,10,9,8,1,1,4,3,4,5,3,Purple,NA,NA,NA,NA,NA,NA,NA,NA,NA,NA,NA,NA,NA,NA,NA,NA,NA,NA,NA,NA,NA,NA,NA,NA,NA,NA,NA,NA,NA,NA,NA,NA,NA,NA,NA,NA,NA,NA,NA,NA,NA,NA,NA,NA,NA,NA,NA,NA,NA,NA,NA,NA,NA,NA,NA,NA,NA,NA,NA,NA,NA,NA,NA,NA,NA,NA,NA,NA,NA,NA,NA,NA,NA,NA,NA,NA,NA,NA,NA,NA,NA,NA,NA,NA,NA,NA,NA,NA,NA,NA,NA,NA,NA,NA,NA,NA,NA,NA,NA,NA,NA,NA,NA,NA,NA,NA,NA,NA,NA,NA,NA,NA,NA,NA,NA,NA,NA,NA,NA,NA,NA,NA,NA,NA,NA,NA,NA,NA,iPf58a2b7bc3d39586,NA,NA,B,TRUE,FALSE,TRUE,FALSE,TRUE,TRUE,FALSE,2,1,2,9.733333333333333,0,1,1,1,0,0,0,100,50,100,100,50,50,100,50,0,0,0,3,100,100,10,100,100,84,100,100,8,15,34,100,10,36,93,16,0,100,100,9,0,0,50,100,0,100,3,5,19,100,NA,NA,NA,NA,NA,NA,NA,NA,NA,NA,NA,NA,NA,NA,NA,NA,NA,NA,NA,NA,NA,NA,NA,0,100,100,100,100,2,5,100,0,1,0,7,100,100,100,96,100,0,0,100,13,NA,NA,NA,NA,NA,NA,NA,NA,NA,NA,NA,NA,NA,NA,NA,NA,NA,NA,NA,NA,NA,NA,127,0,127,0,FALSE,FALSE,FALSE,FALSE,FALSE,FALSE,1,NA,NA,1,NA,NA,NA,NA,NA,NA,NA,77,0.5406538900228964,1,7,Punish (7),4,2.5,3.25,3.5,NA,NA,NA,NA,NA,NA,NA,NA,NA,NA,NA,3,3,5,4,3,TRUE,TRUE,No controls
100,6374,1,R_7rPpiBeXLLIu2Hd,0,0,1,0,0,1,1,0,0,0,0,1,0,1,0,0,0,1,1,0,0,0,0,1,0,0,1,0,0,1,0,0,1,Rarely,Never,Rarely,4,2,1,1,1,2,9,7,9,9,8,4,4,2,2.5,3,2,3,Purple,NA,NA,NA,NA,NA,NA,NA,NA,NA,NA,NA,NA,NA,NA,NA,NA,NA,NA,NA,NA,NA,NA,NA,NA,NA,NA,NA,NA,NA,NA,NA,NA,NA,NA,NA,NA,NA,NA,NA,NA,NA,NA,NA,NA,NA,NA,NA,NA,NA,NA,NA,NA,NA,NA,NA,NA,NA,NA,NA,NA,NA,NA,NA,NA,NA,NA,NA,NA,NA,NA,NA,NA,NA,NA,NA,NA,NA,NA,NA,NA,NA,NA,NA,NA,NA,NA,NA,NA,NA,NA,NA,NA,NA,NA,NA,NA,NA,NA,NA,NA,NA,NA,NA,NA,NA,NA,NA,NA,NA,NA,NA,NA,NA,NA,NA,NA,NA,NA,NA,NA,NA,NA,NA,NA,NA,NA,NA,NA,iP2c365034631111cb,NA,NA,C,TRUE,FALSE,TRUE,FALSE,TRUE,TRUE,FALSE,2,1,2,106.23333333333332,0,0,0,0,1,0,0,78,73,79,74,72,71,31,78,66,26,62,28,66,67,77,75,57,32,92,26,37,98,78,95,21,26,20,22,10,66,93,60,24,21,59,81,31,77,71,56,94,82,NA,NA,NA,NA,NA,NA,NA,NA,NA,NA,NA,NA,NA,NA,NA,NA,NA,NA,NA,NA,NA,NA,NA,NA,NA,NA,NA,NA,NA,NA,NA,NA,NA,NA,NA,NA,NA,NA,NA,NA,NA,NA,NA,NA,96,89,82,32,100,81,78,100,76,0,67,4,28,84,30,40,55,34,31,70,48,62,127,0,127,0,FALSE,FALSE,FALSE,FALSE,FALSE,FALSE,0,0,1,0,0,NA,NA,NA,NA,NA,NA,41.666666666666664,-1.3035231217716967,4,4,Neutral (4),1,3,2,2.625,NA,NA,NA,NA,NA,NA,NA,NA,NA,NA,NA,4,2,4,4,3,TRUE,TRUE,No controls
100,1341,1,R_1Qh4t1VaiXju4Qj,0,0,1,0,0,1,1,1,0,0,1,0,1,1,0,0,0,1,0,0,1,0,0,1,0,1,0,0,0,1,0,0,1,Never,Never,Never,4,1,1,1,1,1,8,10,10,10,10,5,5,2.5,3,3,5,3,"""purple""",NA,NA,NA,NA,NA,NA,NA,NA,NA,NA,NA,NA,NA,NA,NA,NA,NA,NA,NA,NA,NA,NA,NA,NA,NA,NA,NA,NA,NA,NA,NA,NA,NA,NA,NA,NA,NA,NA,NA,NA,NA,NA,NA,NA,NA,NA,NA,NA,NA,NA,NA,NA,NA,NA,NA,NA,NA,NA,NA,NA,NA,NA,NA,NA,NA,NA,NA,NA,NA,NA,NA,NA,NA,NA,NA,NA,NA,NA,NA,NA,NA,NA,NA,NA,NA,NA,NA,NA,NA,NA,NA,NA,NA,NA,NA,NA,NA,NA,NA,NA,NA,NA,NA,NA,NA,NA,NA,NA,NA,NA,NA,NA,NA,NA,NA,NA,NA,NA,NA,NA,NA,NA,NA,NA,NA,NA,NA,NA,iPa05938b2c85cc525,NA,NA,B,TRUE,FALSE,TRUE,FALSE,TRUE,TRUE,FALSE,2,1,2,22.35,0,0,0,1,0,0,0,50,51,50,50,49,50,51,49,50,50,50,50,49,51,51,51,50,50,50,50,50,50,50,51,50,50,50,50,50,50,49,49,50,51,50,49,50,50,50,50,50,49,NA,NA,NA,NA,NA,NA,NA,NA,NA,NA,NA,NA,NA,NA,NA,NA,NA,NA,NA,NA,NA,NA,NA,50,50,50,50,50,50,50,50,50,50,50,50,50,50,50,50,50,50,51,50,51,NA,NA,NA,NA,NA,NA,NA,NA,NA,NA,NA,NA,NA,NA,NA,NA,NA,NA,NA,NA,NA,NA,127,0,127,0,FALSE,FALSE,FALSE,FALSE,FALSE,FALSE,0,0,1,0,0,NA,NA,NA,NA,NA,NA,50.111111111111114,-0.8627764145503473,5,3,Rehab (3),2.5,2.5,2.5,2.875,NA,NA,NA,NA,NA,NA,NA,NA,NA,NA,NA,3,5,5,5,5,TRUE,TRUE,No controls
100,927,1,R_162pYAr3Y39QvrK,NA,1,0,NA,1,0,0,1,0,0,1,0,0,1,0,0,1,0,0,0,1,0,0,1,0,1,0,0,1,0,0,0,1,Never,Never,Never,1,NA,NA,NA,NA,NA,NA,NA,NA,NA,NA,NA,NA,NA,NA,NA,NA,NA,NA,NA,NA,NA,NA,NA,NA,NA,NA,NA,NA,NA,NA,NA,NA,NA,NA,NA,NA,NA,NA,NA,NA,NA,NA,NA,NA,NA,NA,NA,NA,NA,NA,NA,NA,NA,NA,NA,NA,NA,NA,NA,NA,NA,NA,NA,NA,NA,NA,NA,NA,NA,NA,NA,NA,NA,NA,NA,NA,NA,NA,NA,NA,NA,NA,NA,NA,NA,NA,NA,NA,NA,NA,NA,NA,NA,NA,NA,NA,NA,NA,NA,NA,NA,NA,NA,NA,NA,NA,NA,NA,NA,NA,NA,NA,NA,NA,NA,NA,NA,NA,NA,NA,NA,NA,NA,NA,NA,NA,NA,NA,NA,NA,NA,NA,NA,NA,NA,NA,NA,NA,NA,NA,NA,NA,NA,NA,NA,NA,iPdb25c8b459514d71,NA,NA,B,FALSE,TRUE,FALSE,FALSE,TRUE,FALSE,FALSE,0,3,1,15.45,0,0,1,1,0,0,0,70,93,72,75,40,82,60,62,81,83,40,53,77,84,60,77,81,57,83,77,37,89,54,100,60,59,80,86,76,43,86,81,81,82,0,55,44,0,15,17,25,64,NA,NA,NA,NA,NA,NA,NA,NA,NA,NA,NA,NA,NA,NA,NA,NA,NA,NA,NA,NA,NA,NA,NA,81,0,60,81,44,0,68,43,55,60,0,15,80,95,90,90,81,60,53,53,59,NA,NA,NA,NA,NA,NA,NA,NA,NA,NA,NA,NA,NA,NA,NA,NA,NA,NA,NA,NA,NA,NA,145,0,145,1,FALSE,FALSE,FALSE,FALSE,FALSE,FALSE,1,NA,NA,1,NA,NA,NA,NA,NA,NA,NA,77.22222222222223,0.5522524875813534,NA,NA,NA,NA,NA,NA,NA,NA,NA,NA,NA,NA,NA,NA,NA,NA,NA,NA,NA,NA,NA,NA,NA,TRUE,TRUE,No controls
100,2089,1,R_18U96qSQaL4n7MT,0,0,1,0,0,1,1,1,0,0,0,1,1,0,0,0,1,0,0,0,1,0,0,1,1,1,0,1,1,0,1,1,0,Never,Never,Rarely,1,NA,NA,NA,NA,NA,NA,NA,NA,NA,NA,NA,NA,NA,NA,NA,NA,NA,NA,NA,NA,NA,NA,NA,NA,NA,NA,NA,NA,NA,NA,NA,NA,NA,NA,NA,NA,NA,NA,NA,NA,NA,NA,NA,NA,NA,NA,NA,NA,NA,NA,NA,NA,NA,NA,NA,NA,NA,NA,NA,NA,NA,NA,NA,NA,NA,NA,NA,NA,NA,NA,NA,NA,NA,NA,NA,NA,NA,NA,NA,NA,NA,NA,NA,NA,NA,NA,NA,NA,NA,NA,NA,NA,NA,NA,NA,NA,NA,NA,NA,NA,NA,NA,NA,NA,NA,NA,NA,NA,NA,NA,NA,NA,NA,NA,NA,NA,NA,NA,NA,NA,NA,NA,NA,NA,NA,NA,NA,NA,NA,NA,NA,NA,NA,NA,NA,NA,NA,NA,NA,NA,NA,NA,NA,NA,NA,NA,iP1adbfae6d32e328d,NA,NA,C,FALSE,TRUE,FALSE,FALSE,TRUE,FALSE,FALSE,0,3,1,34.81666666666667,0,0,0,0,0,0,0,100,100,100,100,100,100,100,100,95,88,58,88,100,100,100,100,100,100,100,100,92,100,86,100,56,97,100,100,100,81,100,100,100,100,95,67,78,73,50,85,96,100,NA,NA,NA,NA,NA,NA,NA,NA,NA,NA,NA,NA,NA,NA,NA,NA,NA,NA,NA,NA,NA,NA,NA,NA,NA,NA,NA,NA,NA,NA,NA,NA,NA,NA,NA,NA,NA,NA,NA,NA,NA,NA,NA,NA,100,100,100,100,100,100,100,100,100,5,100,10,100,100,100,100,100,100,100,100,100,100,145,0,145,1,FALSE,FALSE,FALSE,FALSE,FALSE,FALSE,0,0,1,0,0,NA,NA,NA,NA,NA,NA,100,1.7411087373231504,NA,NA,NA,NA,NA,NA,NA,NA,NA,NA,NA,NA,NA,NA,NA,NA,NA,NA,NA,NA,NA,NA,NA,TRUE,TRUE,No controls
100,3256,1,R_6r2ky58THjyLETn,NA,1,0,1,1,0,0,1,0,0,0,1,1,1,0,0,1,0,0,1,0,0,1,0,1,1,0,0,1,0,0,0,1,Sometimes,Rarely,Sometimes,1,NA,NA,NA,NA,NA,NA,NA,NA,NA,NA,NA,NA,NA,NA,NA,NA,NA,NA,NA,NA,NA,NA,NA,NA,NA,NA,NA,NA,NA,NA,NA,NA,NA,NA,NA,NA,NA,NA,NA,NA,NA,NA,NA,NA,NA,NA,NA,NA,NA,NA,NA,NA,NA,NA,NA,NA,NA,NA,NA,NA,NA,NA,NA,NA,NA,NA,NA,NA,NA,NA,NA,NA,NA,NA,NA,NA,NA,NA,NA,NA,NA,NA,NA,NA,NA,NA,NA,NA,NA,NA,NA,NA,NA,NA,NA,NA,NA,NA,NA,NA,NA,NA,NA,NA,NA,NA,NA,NA,NA,NA,NA,NA,NA,NA,NA,NA,NA,NA,NA,NA,NA,NA,NA,NA,NA,NA,NA,NA,NA,NA,NA,NA,NA,NA,NA,NA,NA,NA,NA,NA,NA,NA,NA,NA,NA,NA,iP78a38255d2dc01a1,NA,NA,B,FALSE,TRUE,FALSE,FALSE,TRUE,FALSE,FALSE,0,3,1,54.266666666666666,0,0,0,0,1,0,0,100,100,100,100,100,100,51,100,60,60,40,60,51,51,70,NA,50,51,100,51,40,100,100,100,20,51,NA,60,49,60,100,51,NA,51,72,100,40,100,60,40,80,80,NA,NA,NA,NA,NA,NA,NA,NA,NA,NA,NA,NA,NA,NA,NA,NA,NA,NA,NA,NA,NA,NA,NA,NA,40,100,100,100,51,40,60,NA,50,40,60,100,100,100,100,100,100,51,51,80,NA,NA,NA,NA,NA,NA,NA,NA,NA,NA,NA,NA,NA,NA,NA,NA,NA,NA,NA,NA,NA,NA,148,2,150,1,FALSE,FALSE,FALSE,FALSE,FALSE,FALSE,1,NA,NA,1,1,NA,NA,NA,NA,NA,NA,51.857142857142854,-0.771644576591046,NA,NA,NA,NA,NA,NA,NA,NA,NA,NA,NA,NA,NA,NA,NA,NA,NA,NA,NA,NA,NA,NA,NA,TRUE,TRUE,No controls
100,5925,1,R_1EtvNhtzYlHaQGV,0,0,1,0,0,1,0,0,1,0,0,1,1,1,0,0,0,1,0,0,1,0,0,1,0,0,1,1,1,0,0,0,1,Frequently,Sometimes,Frequently,4,-99,1,2,2,-99,8,8,9,8,9,3,5,3,3,3,5,3,Purple,NA,NA,NA,NA,NA,NA,NA,NA,NA,NA,NA,NA,NA,NA,NA,NA,NA,NA,NA,NA,NA,NA,NA,NA,NA,NA,NA,NA,NA,NA,NA,NA,NA,NA,NA,NA,NA,NA,NA,NA,NA,NA,NA,NA,NA,NA,NA,NA,NA,NA,NA,NA,NA,NA,NA,NA,NA,NA,NA,NA,NA,NA,NA,NA,NA,NA,NA,NA,NA,NA,NA,NA,NA,NA,NA,NA,NA,NA,NA,NA,NA,NA,NA,NA,NA,NA,NA,NA,NA,NA,NA,NA,NA,NA,NA,NA,NA,NA,NA,NA,NA,NA,NA,NA,NA,NA,NA,NA,NA,NA,NA,NA,NA,NA,NA,NA,NA,NA,NA,NA,NA,NA,NA,NA,NA,NA,NA,NA,iP2e8a483379e47216,NA,NA,B,TRUE,FALSE,TRUE,FALSE,TRUE,TRUE,FALSE,2,1,2,98.75,0,0,0,0,1,0,0,40,24,85,70,73,22,53,61,85,74,31,75,85,34,81,95,91,92,80,72,24,75,73,93,30,23,30,12,11,81,79,28,13,72,42,72,83,70,33,84,97,89,NA,NA,NA,NA,NA,NA,NA,NA,NA,NA,NA,NA,NA,NA,NA,NA,NA,NA,NA,NA,NA,NA,NA,80,69,19,39,45,97,72,28,92,72,86,84,17,39,84,61,6,30,77,89,18,NA,NA,NA,NA,NA,NA,NA,NA,NA,NA,NA,NA,NA,NA,NA,NA,NA,NA,NA,NA,NA,NA,127,0,127,0,FALSE,FALSE,FALSE,FALSE,FALSE,FALSE,0,0,1,0,0,NA,NA,NA,NA,NA,NA,58,-0.4510262012251395,3,5,Punish (5),2.5,2.5,2.5,3,NA,NA,NA,NA,NA,NA,NA,NA,NA,NA,NA,3,3,4,3,4,TRUE,TRUE,No controls
100,753,1,R_5tya3fMQS0Ywz0d,1,NA,0,NA,1,0,0,0,1,0,0,1,1,0,0,0,0,1,0,0,1,0,0,1,1,0,0,1,0,0,0,0,1,Sometimes,Sometimes,Sometimes,1,NA,NA,NA,NA,NA,NA,NA,NA,NA,NA,NA,NA,NA,NA,NA,NA,NA,NA,NA,NA,NA,NA,NA,NA,NA,NA,NA,NA,NA,NA,NA,NA,NA,NA,NA,NA,NA,NA,NA,NA,NA,NA,NA,NA,NA,NA,NA,NA,NA,NA,NA,NA,NA,NA,NA,NA,NA,NA,NA,NA,NA,NA,NA,NA,NA,NA,NA,NA,NA,NA,NA,NA,NA,NA,NA,NA,NA,NA,NA,NA,NA,NA,NA,NA,NA,NA,NA,NA,NA,NA,NA,NA,NA,NA,NA,NA,NA,NA,NA,NA,NA,NA,NA,NA,NA,NA,NA,NA,NA,NA,NA,NA,NA,NA,NA,NA,NA,NA,NA,NA,NA,NA,NA,NA,NA,NA,NA,NA,NA,NA,NA,NA,NA,NA,NA,NA,NA,NA,NA,NA,NA,NA,NA,NA,NA,NA,iP77521735c6063327,NA,NA,A,FALSE,TRUE,FALSE,FALSE,TRUE,FALSE,FALSE,0,3,1,12.55,0,1,1,1,0,0,0,20,30,20,10,80,10,40,60,20,10,20,20,20,10,30,20,10,10,60,40,10,90,80,30,40,70,10,10,20,90,80,20,10,20,80,10,10,80,10,30,40,60,100,10,40,0,40,40,20,20,20,20,20,20,10,10,40,20,90,10,40,20,40,20,40,NA,NA,NA,NA,NA,NA,NA,NA,NA,NA,NA,NA,NA,NA,NA,NA,NA,NA,NA,NA,NA,NA,NA,NA,NA,NA,NA,NA,NA,NA,NA,NA,NA,NA,NA,NA,NA,NA,NA,NA,NA,NA,NA,145,0,145,1,FALSE,FALSE,FALSE,FALSE,FALSE,FALSE,1,1,NA,NA,NA,NA,NA,NA,NA,NA,NA,16.666666666666668,-2.6083653470980597,NA,NA,NA,NA,NA,NA,NA,NA,NA,NA,NA,NA,NA,NA,NA,NA,NA,NA,NA,NA,NA,NA,NA,TRUE,TRUE,No controls
100,736,1,R_6wtcvdiicguNbKw,1,NA,0,1,1,0,1,1,0,1,1,0,1,0,0,0,1,0,0,1,0,0,0,1,1,1,0,0,0,1,0,0,1,Frequently,Sometimes,Sometimes,4,1,1,1,1,1,8,9,9,10,10,5,2,3,4,4,3,3,Purple,NA,NA,NA,NA,NA,NA,NA,NA,NA,NA,NA,NA,NA,NA,NA,NA,NA,NA,NA,NA,NA,NA,NA,NA,NA,NA,NA,NA,NA,NA,NA,NA,NA,NA,NA,NA,NA,NA,NA,NA,NA,NA,NA,NA,NA,NA,NA,NA,NA,NA,NA,NA,NA,NA,NA,NA,NA,NA,NA,NA,NA,NA,NA,NA,NA,NA,NA,NA,NA,NA,NA,NA,NA,NA,NA,NA,NA,NA,NA,NA,NA,NA,NA,NA,NA,NA,NA,NA,NA,NA,NA,NA,NA,NA,NA,NA,NA,NA,NA,NA,NA,NA,NA,NA,NA,NA,NA,NA,NA,NA,NA,NA,NA,NA,NA,NA,NA,NA,NA,NA,NA,NA,NA,NA,NA,NA,NA,NA,iPebb61ad8c15b79c3,NA,NA,B,TRUE,FALSE,TRUE,FALSE,TRUE,TRUE,FALSE,2,1,2,12.266666666666667,0,1,1,1,0,0,0,100,100,91,100,100,100,100,100,100,100,58,59,100,100,100,100,100,100,82,100,100,100,100,100,49,81,100,100,43,100,100,68,100,100,100,100,91,100,86,88,100,100,NA,NA,NA,NA,NA,NA,NA,NA,NA,NA,NA,NA,NA,NA,NA,NA,NA,NA,NA,NA,NA,NA,NA,100,100,100,100,100,100,100,100,100,99,100,100,100,100,100,100,100,100,93,100,84,NA,NA,NA,NA,NA,NA,NA,NA,NA,NA,NA,NA,NA,NA,NA,NA,NA,NA,NA,NA,NA,NA,127,0,127,0,FALSE,FALSE,FALSE,FALSE,FALSE,FALSE,1,1,NA,NA,1,NA,NA,NA,NA,NA,NA,93.66666666666669,1.4105487069071387,5,3,Rehab (3),3,2,2.5,3.5,NA,NA,NA,NA,NA,NA,NA,NA,NA,NA,NA,3,4,4,5,5,TRUE,TRUE,No controls
100,1249,1,R_6MGtI1vGEnRW2EV,0,0,1,0,0,1,1,0,0,0,0,1,1,0,0,0,0,1,0,0,1,0,0,1,1,0,0,0,0,1,0,0,1,Never,Never,Rarely,1,NA,NA,NA,NA,NA,NA,NA,NA,NA,NA,NA,NA,NA,NA,NA,NA,NA,NA,NA,NA,NA,NA,NA,NA,NA,NA,NA,NA,NA,NA,NA,NA,NA,NA,NA,NA,NA,NA,NA,NA,NA,NA,NA,NA,NA,NA,NA,NA,NA,NA,NA,NA,NA,NA,NA,NA,NA,NA,NA,NA,NA,NA,NA,NA,NA,NA,NA,NA,NA,NA,NA,NA,NA,NA,NA,NA,NA,NA,NA,NA,NA,NA,NA,NA,NA,NA,NA,NA,NA,NA,NA,NA,NA,NA,NA,NA,NA,NA,NA,NA,NA,NA,NA,NA,NA,NA,NA,NA,NA,NA,NA,NA,NA,NA,NA,NA,NA,NA,NA,NA,NA,NA,NA,NA,NA,NA,NA,NA,NA,NA,NA,NA,NA,NA,NA,NA,NA,NA,NA,NA,NA,NA,NA,NA,NA,NA,iPc2a0232aa45aceca,NA,NA,B,FALSE,TRUE,FALSE,FALSE,TRUE,FALSE,FALSE,0,3,1,20.816666666666663,0,0,0,1,0,0,0,80,85,80,80,80,80,50,80,80,70,50,50,95,97,80,95,99,90,70,90,28,95,80,99,25,50,80,80,20,50,80,40,40,40,25,70,45,25,25,25,80,85,NA,NA,NA,NA,NA,NA,NA,NA,NA,NA,NA,NA,NA,NA,NA,NA,NA,NA,NA,NA,NA,NA,NA,50,80,80,80,80,35,80,50,50,50,40,70,80,90,80,80,95,95,50,50,50,NA,NA,NA,NA,NA,NA,NA,NA,NA,NA,NA,NA,NA,NA,NA,NA,NA,NA,NA,NA,NA,NA,145,0,145,1,FALSE,FALSE,FALSE,FALSE,FALSE,FALSE,0,0,1,0,0,NA,NA,NA,NA,NA,NA,82.88888888888889,0.8480167253219951,NA,NA,NA,NA,NA,NA,NA,NA,NA,NA,NA,NA,NA,NA,NA,NA,NA,NA,NA,NA,NA,NA,NA,TRUE,TRUE,No controls
100,1167,1,R_7i3CjXr3Wx0TawQ,0,0,1,0,0,1,0,1,0,0,0,1,0,1,0,0,1,0,0,1,0,0,1,0,1,1,0,0,1,0,0,0,1,Never,Never,Rarely,1,NA,NA,NA,NA,NA,NA,NA,NA,NA,NA,NA,NA,NA,NA,NA,NA,NA,NA,NA,NA,NA,NA,NA,NA,NA,NA,NA,NA,NA,NA,NA,NA,NA,NA,NA,NA,NA,NA,NA,NA,NA,NA,NA,NA,NA,NA,NA,NA,NA,NA,NA,NA,NA,NA,NA,NA,NA,NA,NA,NA,NA,NA,NA,NA,NA,NA,NA,NA,NA,NA,NA,NA,NA,NA,NA,NA,NA,NA,NA,NA,NA,NA,NA,NA,NA,NA,NA,NA,NA,NA,NA,NA,NA,NA,NA,NA,NA,NA,NA,NA,NA,NA,NA,NA,NA,NA,NA,NA,NA,NA,NA,NA,NA,NA,NA,NA,NA,NA,NA,NA,NA,NA,NA,NA,NA,NA,NA,NA,NA,NA,NA,NA,NA,NA,NA,NA,NA,NA,NA,NA,NA,NA,NA,NA,NA,NA,iP68ded9b1cd8da666,NA,NA,A,FALSE,TRUE,FALSE,FALSE,TRUE,FALSE,FALSE,0,3,1,19.45,0,0,1,1,0,0,0,100,100,70,100,40,80,80,90,100,80,70,90,80,100,100,100,90,100,10,100,0,100,90,100,70,80,100,100,80,30,100,100,80,90,0,0,40,0,10,10,70,100,80,100,100,70,50,50,90,100,80,100,100,10,100,100,60,60,40,30,50,40,40,70,80,NA,NA,NA,NA,NA,NA,NA,NA,NA,NA,NA,NA,NA,NA,NA,NA,NA,NA,NA,NA,NA,NA,NA,NA,NA,NA,NA,NA,NA,NA,NA,NA,NA,NA,NA,NA,NA,NA,NA,NA,NA,NA,NA,145,0,145,1,FALSE,FALSE,FALSE,FALSE,FALSE,FALSE,0,0,1,0,0,NA,NA,NA,NA,NA,NA,94.44444444444444,1.4511437983617363,NA,NA,NA,NA,NA,NA,NA,NA,NA,NA,NA,NA,NA,NA,NA,NA,NA,NA,NA,NA,NA,NA,NA,TRUE,TRUE,No controls
100,544,1,R_6ENdXelz0x8fJRw,0,0,1,0,0,1,0,1,0,0,0,1,0,1,0,0,0,1,0,0,1,0,0,1,0,1,0,0,0,1,0,0,1,Frequently,Sometimes,Sometimes,1,NA,NA,NA,NA,NA,NA,NA,NA,NA,NA,NA,NA,NA,NA,NA,NA,NA,NA,NA,NA,NA,NA,NA,NA,NA,NA,NA,NA,NA,NA,NA,NA,NA,NA,NA,NA,NA,NA,NA,NA,NA,NA,NA,NA,NA,NA,NA,NA,NA,NA,NA,NA,NA,NA,NA,NA,NA,NA,NA,NA,NA,NA,NA,NA,NA,NA,NA,NA,NA,NA,NA,NA,NA,NA,NA,NA,NA,NA,NA,NA,NA,NA,NA,NA,NA,NA,NA,NA,NA,NA,NA,NA,NA,NA,NA,NA,NA,NA,NA,NA,NA,NA,NA,NA,NA,NA,NA,NA,NA,NA,NA,NA,NA,NA,NA,NA,NA,NA,NA,NA,NA,NA,NA,NA,NA,NA,NA,NA,NA,NA,NA,NA,NA,NA,NA,NA,NA,NA,NA,NA,NA,NA,NA,NA,NA,NA,iP4bf83b131b928b90,NA,NA,C,FALSE,TRUE,FALSE,FALSE,TRUE,FALSE,FALSE,0,3,1,9.066666666666666,0,1,1,1,0,0,0,66,63,100,69,83,37,94,68,52,68,68,72,71,87,100,77,71,91,89,65,66,100,39,100,36,29,81,61,75,78,36,62,67,68,78,76,73,74,75,69,78,76,NA,NA,NA,NA,NA,NA,NA,NA,NA,NA,NA,NA,NA,NA,NA,NA,NA,NA,NA,NA,NA,NA,NA,NA,NA,NA,NA,NA,NA,NA,NA,NA,NA,NA,NA,NA,NA,NA,NA,NA,NA,NA,NA,NA,60,74,70,35,42,78,100,100,71,17,91,12,97,100,16,68,100,84,67,89,68,92,145,0,145,1,FALSE,FALSE,FALSE,FALSE,FALSE,FALSE,0,0,1,0,0,NA,NA,NA,NA,NA,NA,75.44444444444444,0.4594637071137005,NA,NA,NA,NA,NA,NA,NA,NA,NA,NA,NA,NA,NA,NA,NA,NA,NA,NA,NA,NA,NA,NA,NA,TRUE,TRUE,No controls
100,2254,1,R_7jO4dmAvNGSJuRz,NA,NA,1,1,0,0,1,0,0,1,0,0,1,0,0,0,1,0,1,0,0,0,0,1,1,0,0,0,0,1,0,0,1,Sometimes,Sometimes,Sometimes,4,2,2,2,2,4,6,6,6,7,6,2,4,3,3,3,2,3,purple,NA,NA,NA,NA,NA,NA,NA,NA,NA,NA,NA,NA,NA,NA,NA,NA,NA,NA,NA,NA,NA,NA,NA,NA,NA,NA,NA,NA,NA,NA,NA,NA,NA,NA,NA,NA,NA,NA,NA,NA,NA,NA,NA,NA,NA,NA,NA,NA,NA,NA,NA,NA,NA,NA,NA,NA,NA,NA,NA,NA,NA,NA,NA,NA,NA,NA,NA,NA,NA,NA,NA,NA,NA,NA,NA,NA,NA,NA,NA,NA,NA,NA,NA,NA,NA,NA,NA,NA,NA,NA,NA,NA,NA,NA,NA,NA,NA,NA,NA,NA,NA,NA,NA,NA,NA,NA,NA,NA,NA,NA,NA,NA,NA,NA,NA,NA,NA,NA,NA,NA,NA,NA,NA,NA,NA,NA,NA,NA,iP21f0581a13349ff5,NA,NA,B,TRUE,FALSE,TRUE,FALSE,TRUE,TRUE,FALSE,2,1,2,37.56666666666667,0,0,0,0,0,0,0,90,84,4,94,91,9,4,99,97,89,92,100,94,95,97,100,90,7,94,86,95,87,97,97,5,2,93,98,17,0,93,85,98,98,98,90,93,0,100,90,91,95,NA,NA,NA,NA,NA,NA,NA,NA,NA,NA,NA,NA,NA,NA,NA,NA,NA,NA,NA,NA,NA,NA,NA,8,86,93,85,91,95,87,94,89,96,0,75,5,92,90,98,83,92,94,0,87,NA,NA,NA,NA,NA,NA,NA,NA,NA,NA,NA,NA,NA,NA,NA,NA,NA,NA,NA,NA,NA,NA,127,0,127,0,FALSE,FALSE,FALSE,FALSE,FALSE,FALSE,1,NA,1,NA,1,NA,NA,NA,NA,NA,NA,75.55555555555556,0.4652630058929289,2,6,Punish (6),1,3,2,3,NA,NA,NA,NA,NA,NA,NA,NA,NA,NA,NA,1,1,1,2,1,TRUE,TRUE,No controls
100,1478,1,R_6msK7mjSzWQiLfW,1,NA,0,1,0,0,1,0,0,0,0,1,1,0,0,0,0,1,0,0,1,0,0,1,1,0,0,1,0,0,0,0,1,Rarely,Never,Rarely,4,1,1,2,1,1,10,8,8,10,10,5,5,2,4,4,2,2.5,Purple,NA,NA,NA,NA,NA,NA,NA,NA,NA,NA,NA,NA,NA,NA,NA,NA,NA,NA,NA,NA,NA,NA,NA,NA,NA,NA,NA,NA,NA,NA,NA,NA,NA,NA,NA,NA,NA,NA,NA,NA,NA,NA,NA,NA,NA,NA,NA,NA,NA,NA,NA,NA,NA,NA,NA,NA,NA,NA,NA,NA,NA,NA,NA,NA,NA,NA,NA,NA,NA,NA,NA,NA,NA,NA,NA,NA,NA,NA,NA,NA,NA,NA,NA,NA,NA,NA,NA,NA,NA,NA,NA,NA,NA,NA,NA,NA,NA,NA,NA,NA,NA,NA,NA,NA,NA,NA,NA,NA,NA,NA,NA,NA,NA,NA,NA,NA,NA,NA,NA,NA,NA,NA,NA,NA,NA,NA,NA,NA,iP437d3bf190b07436,NA,NA,C,TRUE,FALSE,TRUE,FALSE,TRUE,TRUE,FALSE,2,1,2,24.633333333333333,0,0,0,1,0,0,0,100,100,100,100,49,100,76,100,100,50,44,0,100,100,69,100,84,69,100,100,1,100,50,100,0,17,74,14,1,50,100,50,50,50,10,50,50,50,68,8,100,100,NA,NA,NA,NA,NA,NA,NA,NA,NA,NA,NA,NA,NA,NA,NA,NA,NA,NA,NA,NA,NA,NA,NA,NA,NA,NA,NA,NA,NA,NA,NA,NA,NA,NA,NA,NA,NA,NA,NA,NA,NA,NA,NA,NA,74,100,100,50,100,100,100,100,100,0,100,1,73,100,14,100,100,50,100,17,50,49,127,0,127,0,FALSE,FALSE,FALSE,FALSE,FALSE,FALSE,1,1,NA,NA,1,NA,NA,NA,NA,NA,NA,71.33333333333333,0.24488965228225393,5,3,Rehab (3),2.5,3,2.75,3.125,NA,NA,NA,NA,NA,NA,NA,NA,NA,NA,NA,5,3,3,5,5,TRUE,TRUE,No controls
100,1048,1,R_7n2EjaedXWRNDSp,1,1,0,1,1,0,1,1,0,0,1,0,1,1,0,0,0,1,0,1,0,0,1,0,1,1,0,1,1,0,0,1,0,Never,Rarely,Rarely,4,1,1,1,1,1,9,10,10,10,10,5,5,3,4,4,5,3,purple,NA,NA,NA,NA,NA,NA,NA,NA,NA,NA,NA,NA,NA,NA,NA,NA,NA,NA,NA,NA,NA,NA,NA,NA,NA,NA,NA,NA,NA,NA,NA,NA,NA,NA,NA,NA,NA,NA,NA,NA,NA,NA,NA,NA,NA,NA,NA,NA,NA,NA,NA,NA,NA,NA,NA,NA,NA,NA,NA,NA,NA,NA,NA,NA,NA,NA,NA,NA,NA,NA,NA,NA,NA,NA,NA,NA,NA,NA,NA,NA,NA,NA,NA,NA,NA,NA,NA,NA,NA,NA,NA,NA,NA,NA,NA,NA,NA,NA,NA,NA,NA,NA,NA,NA,NA,NA,NA,NA,NA,NA,NA,NA,NA,NA,NA,NA,NA,NA,NA,NA,NA,NA,NA,NA,NA,NA,NA,NA,iPf54979a84404dfd1,NA,NA,A,TRUE,FALSE,TRUE,FALSE,TRUE,TRUE,FALSE,2,1,2,17.466666666666665,0,0,1,1,0,0,0,90,90,90,70,90,70,50,70,70,50,70,60,90,80,90,80,70,70,80,90,30,90,70,90,0,50,90,20,10,40,90,50,60,60,20,60,50,20,30,10,100,70,60,60,70,0,80,90,90,80,70,80,90,90,90,100,70,70,60,70,60,80,80,90,70,NA,NA,NA,NA,NA,NA,NA,NA,NA,NA,NA,NA,NA,NA,NA,NA,NA,NA,NA,NA,NA,NA,NA,NA,NA,NA,NA,NA,NA,NA,NA,NA,NA,NA,NA,NA,NA,NA,NA,NA,NA,NA,NA,127,0,127,0,FALSE,FALSE,FALSE,FALSE,FALSE,FALSE,1,1,0,1,1,NA,NA,NA,NA,NA,NA,66.66666666666667,0.00131910355466664,5,3,Rehab (3),2.5,2.5,2.5,3.5,NA,NA,NA,NA,NA,NA,NA,NA,NA,NA,NA,4,5,5,5,5,TRUE,TRUE,No controls
100,1208,1,R_3ttkkW8uCNZryW5,0,0,1,0,0,1,0,0,1,0,0,1,0,0,1,0,0,1,1,0,0,0,0,1,0,0,1,0,0,1,0,0,1,Never,Never,Never,4,1,1,1,1,1,10,10,10,10,10,5,1,3,3,4,1,2,purple,NA,NA,NA,NA,NA,NA,NA,NA,NA,NA,NA,NA,NA,NA,NA,NA,NA,NA,NA,NA,NA,NA,NA,NA,NA,NA,NA,NA,NA,NA,NA,NA,NA,NA,NA,NA,NA,NA,NA,NA,NA,NA,NA,NA,NA,NA,NA,NA,NA,NA,NA,NA,NA,NA,NA,NA,NA,NA,NA,NA,NA,NA,NA,NA,NA,NA,NA,NA,NA,NA,NA,NA,NA,NA,NA,NA,NA,NA,NA,NA,NA,NA,NA,NA,NA,NA,NA,NA,NA,NA,NA,NA,NA,NA,NA,NA,NA,NA,NA,NA,NA,NA,NA,NA,NA,NA,NA,NA,NA,NA,NA,NA,NA,NA,NA,NA,NA,NA,NA,NA,NA,NA,NA,NA,NA,NA,NA,NA,iPeb27e9015f9cec18,NA,NA,B,TRUE,FALSE,TRUE,FALSE,TRUE,TRUE,FALSE,2,1,2,20.133333333333333,0,0,0,1,0,0,0,62,64,64,62,36,64,67,100,63,65,66,69,67,54,56,62,69,62,43,64,20,65,61,100,8,31,67,58,64,27,64,64,64,68,38,16,38,8,28,65,74,63,NA,NA,NA,NA,NA,NA,NA,NA,NA,NA,NA,NA,NA,NA,NA,NA,NA,NA,NA,NA,NA,NA,NA,100,12,32,64,60,28,56,0,85,59,0,12,64,55,79,81,100,69,83,0,63,NA,NA,NA,NA,NA,NA,NA,NA,NA,NA,NA,NA,NA,NA,NA,NA,NA,NA,NA,NA,NA,NA,127,0,127,0,FALSE,FALSE,FALSE,FALSE,FALSE,FALSE,0,0,1,0,0,NA,NA,NA,NA,NA,NA,63,-0.1900577561598669,5,3,Rehab (3),4,4,4,3,NA,NA,NA,NA,NA,NA,NA,NA,NA,NA,NA,5,5,5,5,5,TRUE,TRUE,No controls
100,145742,1,R_3hcQWrcr6bEslkB,0,0,1,0,0,1,1,1,0,0,0,1,1,1,0,0,0,1,0,0,1,0,0,1,1,0,0,0,0,1,0,0,1,Never,Never,Never,4,1,2,3,2,2,7,9,7,10,9,5,4,2,3,2,1,3,purple,NA,NA,NA,NA,NA,NA,NA,NA,NA,NA,NA,NA,NA,NA,NA,NA,NA,NA,NA,NA,NA,NA,NA,NA,NA,NA,NA,NA,NA,NA,NA,NA,NA,NA,NA,NA,NA,NA,NA,NA,NA,NA,NA,NA,NA,NA,NA,NA,NA,NA,NA,NA,NA,NA,NA,NA,NA,NA,NA,NA,NA,NA,NA,NA,NA,NA,NA,NA,NA,NA,NA,NA,NA,NA,NA,NA,NA,NA,NA,NA,NA,NA,NA,NA,NA,NA,NA,NA,NA,NA,NA,NA,NA,NA,NA,NA,NA,NA,NA,NA,NA,NA,NA,NA,NA,NA,NA,NA,NA,NA,NA,NA,NA,NA,NA,NA,NA,NA,NA,NA,NA,NA,NA,NA,NA,NA,NA,NA,iP94aa945d4956df8f,NA,NA,C,TRUE,FALSE,TRUE,FALSE,TRUE,TRUE,FALSE,2,1,2,2429.0333333333333,0,0,0,0,1,1,0,28,35,28,23,82,20,48,81,30,56,0,0,83,84,20,88,74,85,0,86,0,49,22,100,0,32,81,84,14,0,31,0,0,0,0,20,14,25,1,31,22,21,NA,NA,NA,NA,NA,NA,NA,NA,NA,NA,NA,NA,NA,NA,NA,NA,NA,NA,NA,NA,NA,NA,NA,NA,NA,NA,NA,NA,NA,NA,NA,NA,NA,NA,NA,NA,NA,NA,NA,NA,NA,NA,NA,NA,82,81,82,17,83,86,75,85,78,0,25,0,24,20,20,72,76,33,91,21,0,0,127,0,127,0,FALSE,FALSE,FALSE,FALSE,FALSE,FALSE,0,0,1,0,0,NA,NA,NA,NA,NA,NA,75.44444444444444,0.4594637071137005,5,3,Rehab (3),1,4,2.5,2.5,NA,NA,NA,NA,NA,NA,NA,NA,NA,NA,NA,2,4,2,5,4,TRUE,TRUE,No controls
100,631,1,R_3g5uuSM8zC27UXW,0,0,1,0,1,0,1,1,0,0,1,0,1,1,0,0,0,1,0,1,0,0,1,0,1,1,0,1,1,0,0,1,0,Sometimes,Rarely,Rarely,4,1,1,1,1,1,10,9,10,10,10,5,4,4,4,4,3,4,Purple,NA,NA,NA,NA,NA,NA,NA,NA,NA,NA,NA,NA,NA,NA,NA,NA,NA,NA,NA,NA,NA,NA,NA,NA,NA,NA,NA,NA,NA,NA,NA,NA,NA,NA,NA,NA,NA,NA,NA,NA,NA,NA,NA,NA,NA,NA,NA,NA,NA,NA,NA,NA,NA,NA,NA,NA,NA,NA,NA,NA,NA,NA,NA,NA,NA,NA,NA,NA,NA,NA,NA,NA,NA,NA,NA,NA,NA,NA,NA,NA,NA,NA,NA,NA,NA,NA,NA,NA,NA,NA,NA,NA,NA,NA,NA,NA,NA,NA,NA,NA,NA,NA,NA,NA,NA,NA,NA,NA,NA,NA,NA,NA,NA,NA,NA,NA,NA,NA,NA,NA,NA,NA,NA,NA,NA,NA,NA,NA,iP6f5530d3be73bd54,NA,NA,A,TRUE,FALSE,TRUE,FALSE,TRUE,TRUE,FALSE,2,1,2,10.516666666666667,0,1,1,1,0,0,0,70,100,60,60,NA,50,60,80,80,70,80,80,60,80,70,60,60,50,20,70,20,90,90,60,30,NA,60,60,60,50,60,60,60,60,10,0,50,10,20,20,80,70,60,50,70,80,20,20,NA,50,60,70,70,20,60,60,50,NA,80,50,50,60,50,50,90,NA,NA,NA,NA,NA,NA,NA,NA,NA,NA,NA,NA,NA,NA,NA,NA,NA,NA,NA,NA,NA,NA,NA,NA,NA,NA,NA,NA,NA,NA,NA,NA,NA,NA,NA,NA,NA,NA,NA,NA,NA,NA,NA,129,2,131,0,FALSE,FALSE,FALSE,FALSE,FALSE,FALSE,0,0,1,0,0,NA,NA,NA,NA,NA,NA,62.22222222222222,-0.2306528476144649,5,3,Rehab (3),1,2,1.5,4,NA,NA,NA,NA,NA,NA,NA,NA,NA,NA,NA,5,4,5,5,5,TRUE,TRUE,No controls
100,1851,1,R_63gqmv2u7Ll9AcK,0,0,1,0,0,1,0,0,1,0,0,1,0,0,1,0,0,1,1,0,0,1,0,0,0,0,1,0,0,1,0,0,1,Never,Never,Never,1,NA,NA,NA,NA,NA,NA,NA,NA,NA,NA,NA,NA,NA,NA,NA,NA,NA,NA,NA,NA,NA,NA,NA,NA,NA,NA,NA,NA,NA,NA,NA,NA,NA,NA,NA,NA,NA,NA,NA,NA,NA,NA,NA,NA,NA,NA,NA,NA,NA,NA,NA,NA,NA,NA,NA,NA,NA,NA,NA,NA,NA,NA,NA,NA,NA,NA,NA,NA,NA,NA,NA,NA,NA,NA,NA,NA,NA,NA,NA,NA,NA,NA,NA,NA,NA,NA,NA,NA,NA,NA,NA,NA,NA,NA,NA,NA,NA,NA,NA,NA,NA,NA,NA,NA,NA,NA,NA,NA,NA,NA,NA,NA,NA,NA,NA,NA,NA,NA,NA,NA,NA,NA,NA,NA,NA,NA,NA,NA,NA,NA,NA,NA,NA,NA,NA,NA,NA,NA,NA,NA,NA,NA,NA,NA,NA,NA,iP154f0d5774a5418a,NA,NA,C,FALSE,TRUE,FALSE,FALSE,TRUE,FALSE,FALSE,0,3,1,30.85,0,0,0,0,0,0,0,100,91,54,90,100,100,100,100,100,100,100,100,95,100,100,100,100,100,100,100,43,100,100,100,90,100,100,100,76,100,100,100,100,85,75,100,100,73,100,91,100,75,NA,NA,NA,NA,NA,NA,NA,NA,NA,NA,NA,NA,NA,NA,NA,NA,NA,NA,NA,NA,NA,NA,NA,NA,NA,NA,NA,NA,NA,NA,NA,NA,NA,NA,NA,NA,NA,NA,NA,NA,NA,NA,NA,NA,100,100,100,52,100,100,100,92,100,31,100,90,100,100,100,100,100,100,100,100,100,100,145,0,145,1,FALSE,FALSE,FALSE,FALSE,FALSE,FALSE,0,0,1,0,0,NA,NA,NA,NA,NA,NA,96.77777777777776,1.57292907272553,NA,NA,NA,NA,NA,NA,NA,NA,NA,NA,NA,NA,NA,NA,NA,NA,NA,NA,NA,NA,NA,NA,NA,TRUE,TRUE,No controls
100,1347,1,R_6soly5rSRfqs4pL,0,0,1,0,0,1,0,1,0,0,0,1,0,0,1,0,0,1,0,0,1,0,0,1,0,1,0,0,1,0,0,0,1,Never,Never,Never,1,NA,NA,NA,NA,NA,NA,NA,NA,NA,NA,NA,NA,NA,NA,NA,NA,NA,NA,NA,NA,NA,NA,NA,NA,NA,NA,NA,NA,NA,NA,NA,NA,NA,NA,NA,NA,NA,NA,NA,NA,NA,NA,NA,NA,NA,NA,NA,NA,NA,NA,NA,NA,NA,NA,NA,NA,NA,NA,NA,NA,NA,NA,NA,NA,NA,NA,NA,NA,NA,NA,NA,NA,NA,NA,NA,NA,NA,NA,NA,NA,NA,NA,NA,NA,NA,NA,NA,NA,NA,NA,NA,NA,NA,NA,NA,NA,NA,NA,NA,NA,NA,NA,NA,NA,NA,NA,NA,NA,NA,NA,NA,NA,NA,NA,NA,NA,NA,NA,NA,NA,NA,NA,NA,NA,NA,NA,NA,NA,NA,NA,NA,NA,NA,NA,NA,NA,NA,NA,NA,NA,NA,NA,NA,NA,NA,NA,iP774c64224c986f28,NA,NA,A,FALSE,TRUE,FALSE,FALSE,TRUE,FALSE,FALSE,0,3,1,22.45,0,0,0,1,0,0,0,80,70,80,80,80,70,60,80,70,70,70,80,70,90,60,80,80,80,80,90,50,90,70,80,20,70,80,80,80,60,80,80,80,80,50,70,80,50,50,40,70,70,80,60,60,60,80,60,80,70,80,80,70,70,80,70,60,70,50,70,70,70,70,70,70,NA,NA,NA,NA,NA,NA,NA,NA,NA,NA,NA,NA,NA,NA,NA,NA,NA,NA,NA,NA,NA,NA,NA,NA,NA,NA,NA,NA,NA,NA,NA,NA,NA,NA,NA,NA,NA,NA,NA,NA,NA,NA,NA,145,0,145,1,FALSE,FALSE,FALSE,FALSE,FALSE,FALSE,0,0,1,0,0,NA,NA,NA,NA,NA,NA,81.11111111111111,0.755227944854343,NA,NA,NA,NA,NA,NA,NA,NA,NA,NA,NA,NA,NA,NA,NA,NA,NA,NA,NA,NA,NA,NA,NA,TRUE,TRUE,No controls
100,2940,1,R_5LtUAWENu3C4mgb,0,0,1,0,0,1,0,1,0,0,0,1,0,1,0,0,0,1,0,0,1,0,0,1,0,0,1,0,1,0,0,0,1,Rarely,Never,Never,4,1,1,1,1,1,8,8,10,10,8,5,2,2.5,2.5,3,2,2.5,Purplee,NA,NA,NA,NA,NA,NA,NA,NA,NA,NA,NA,NA,NA,NA,NA,NA,NA,NA,NA,NA,NA,NA,NA,NA,NA,NA,NA,NA,NA,NA,NA,NA,NA,NA,NA,NA,NA,NA,NA,NA,NA,NA,NA,NA,NA,NA,NA,NA,NA,NA,NA,NA,NA,NA,NA,NA,NA,NA,NA,NA,NA,NA,NA,NA,NA,NA,NA,NA,NA,NA,NA,NA,NA,NA,NA,NA,NA,NA,NA,NA,NA,NA,NA,NA,NA,NA,NA,NA,NA,NA,NA,NA,NA,NA,NA,NA,NA,NA,NA,NA,NA,NA,NA,NA,NA,NA,NA,NA,NA,NA,NA,NA,NA,NA,NA,NA,NA,NA,NA,NA,NA,NA,NA,NA,NA,NA,NA,NA,iPa426a28a539cb264,NA,NA,A,TRUE,FALSE,TRUE,FALSE,TRUE,TRUE,FALSE,2,1,2,49,0,0,0,0,0,0,0,80,100,80,80,70,70,50,90,70,90,100,90,70,80,60,80,80,80,60,80,20,90,80,90,20,50,60,70,50,50,70,90,70,80,20,40,10,30,0,0,70,90,80,40,80,50,0,0,80,50,80,90,80,0,80,90,80,50,60,70,10,70,80,70,70,NA,NA,NA,NA,NA,NA,NA,NA,NA,NA,NA,NA,NA,NA,NA,NA,NA,NA,NA,NA,NA,NA,NA,NA,NA,NA,NA,NA,NA,NA,NA,NA,NA,NA,NA,NA,NA,NA,NA,NA,NA,NA,NA,127,0,127,0,FALSE,FALSE,FALSE,FALSE,FALSE,FALSE,0,0,1,0,0,NA,NA,NA,NA,NA,NA,72.22222222222223,0.29128404251608075,5,3,Rehab (3),3,3,3,2.625,NA,NA,NA,NA,NA,NA,NA,NA,NA,NA,NA,3,3,5,5,3,TRUE,TRUE,No controls
100,897,1,R_7qwCQ8OAoRW8Zm2,0,0,1,0,0,1,0,0,1,0,0,1,0,0,1,0,0,1,0,0,1,0,1,0,0,0,1,0,0,1,0,0,1,Never,Never,Rarely,1,NA,NA,NA,NA,NA,NA,NA,NA,NA,NA,NA,NA,NA,NA,NA,NA,NA,NA,NA,NA,NA,NA,NA,NA,NA,NA,NA,NA,NA,NA,NA,NA,NA,NA,NA,NA,NA,NA,NA,NA,NA,NA,NA,NA,NA,NA,NA,NA,NA,NA,NA,NA,NA,NA,NA,NA,NA,NA,NA,NA,NA,NA,NA,NA,NA,NA,NA,NA,NA,NA,NA,NA,NA,NA,NA,NA,NA,NA,NA,NA,NA,NA,NA,NA,NA,NA,NA,NA,NA,NA,NA,NA,NA,NA,NA,NA,NA,NA,NA,NA,NA,NA,NA,NA,NA,NA,NA,NA,NA,NA,NA,NA,NA,NA,NA,NA,NA,NA,NA,NA,NA,NA,NA,NA,NA,NA,NA,NA,NA,NA,NA,NA,NA,NA,NA,NA,NA,NA,NA,NA,NA,NA,NA,NA,NA,NA,iP7d4480289eb26997,NA,NA,A,FALSE,TRUE,FALSE,FALSE,TRUE,FALSE,FALSE,0,3,1,14.95,0,0,1,1,0,0,0,80,80,80,80,50,70,50,50,30,50,20,30,50,30,50,30,90,30,90,70,80,50,50,100,0,10,50,20,0,100,50,30,0,10,80,80,0,80,40,70,50,80,30,50,50,50,50,90,50,10,50,60,80,50,70,80,20,10,70,80,10,50,80,50,50,NA,NA,NA,NA,NA,NA,NA,NA,NA,NA,NA,NA,NA,NA,NA,NA,NA,NA,NA,NA,NA,NA,NA,NA,NA,NA,NA,NA,NA,NA,NA,NA,NA,NA,NA,NA,NA,NA,NA,NA,NA,NA,NA,145,0,145,1,FALSE,FALSE,FALSE,FALSE,FALSE,FALSE,0,0,1,0,0,NA,NA,NA,NA,NA,NA,41.111111111111114,-1.3325196156678378,NA,NA,NA,NA,NA,NA,NA,NA,NA,NA,NA,NA,NA,NA,NA,NA,NA,NA,NA,NA,NA,NA,NA,TRUE,TRUE,No controls
100,1203,1,R_7mL9I76t1nl9FND,0,0,1,0,0,1,0,0,1,0,0,1,0,1,0,0,0,1,0,0,1,0,0,1,0,0,1,0,0,1,0,0,1,Never,Never,Never,1,NA,NA,NA,NA,NA,NA,NA,NA,NA,NA,NA,NA,NA,NA,NA,NA,NA,NA,NA,NA,NA,NA,NA,NA,NA,NA,NA,NA,NA,NA,NA,NA,NA,NA,NA,NA,NA,NA,NA,NA,NA,NA,NA,NA,NA,NA,NA,NA,NA,NA,NA,NA,NA,NA,NA,NA,NA,NA,NA,NA,NA,NA,NA,NA,NA,NA,NA,NA,NA,NA,NA,NA,NA,NA,NA,NA,NA,NA,NA,NA,NA,NA,NA,NA,NA,NA,NA,NA,NA,NA,NA,NA,NA,NA,NA,NA,NA,NA,NA,NA,NA,NA,NA,NA,NA,NA,NA,NA,NA,NA,NA,NA,NA,NA,NA,NA,NA,NA,NA,NA,NA,NA,NA,NA,NA,NA,NA,NA,NA,NA,NA,NA,NA,NA,NA,NA,NA,NA,NA,NA,NA,NA,NA,NA,NA,NA,iP5c48fc23d0130fb5,NA,NA,A,FALSE,TRUE,FALSE,FALSE,TRUE,FALSE,FALSE,0,3,1,20.05,0,0,0,1,0,0,0,80,80,70,80,80,80,50,80,70,70,70,70,50,70,50,60,80,60,70,80,50,80,80,80,10,10,50,80,50,40,80,80,80,80,10,70,50,10,40,20,50,50,60,10,70,60,70,50,80,50,50,80,80,50,70,60,50,30,80,50,50,80,80,80,70,NA,NA,NA,NA,NA,NA,NA,NA,NA,NA,NA,NA,NA,NA,NA,NA,NA,NA,NA,NA,NA,NA,NA,NA,NA,NA,NA,NA,NA,NA,NA,NA,NA,NA,NA,NA,NA,NA,NA,NA,NA,NA,NA,145,0,145,1,FALSE,FALSE,FALSE,FALSE,FALSE,FALSE,0,0,1,0,0,NA,NA,NA,NA,NA,NA,64.44444444444444,-0.1146668720298993,NA,NA,NA,NA,NA,NA,NA,NA,NA,NA,NA,NA,NA,NA,NA,NA,NA,NA,NA,NA,NA,NA,NA,TRUE,TRUE,No controls
100,840,1,R_5DUfD9snez7xpix,0,0,1,0,0,1,0,0,1,0,0,1,0,0,1,0,0,1,0,0,1,0,0,1,1,0,0,0,0,1,0,0,1,Rarely,Never,Rarely,4,2,2,3,3,3,7,9,8,8,7,5,1,1,2,3,2,1,Purple,NA,NA,NA,NA,NA,NA,NA,NA,NA,NA,NA,NA,NA,NA,NA,NA,NA,NA,NA,NA,NA,NA,NA,NA,NA,NA,NA,NA,NA,NA,NA,NA,NA,NA,NA,NA,NA,NA,NA,NA,NA,NA,NA,NA,NA,NA,NA,NA,NA,NA,NA,NA,NA,NA,NA,NA,NA,NA,NA,NA,NA,NA,NA,NA,NA,NA,NA,NA,NA,NA,NA,NA,NA,NA,NA,NA,NA,NA,NA,NA,NA,NA,NA,NA,NA,NA,NA,NA,NA,NA,NA,NA,NA,NA,NA,NA,NA,NA,NA,NA,NA,NA,NA,NA,NA,NA,NA,NA,NA,NA,NA,NA,NA,NA,NA,NA,NA,NA,NA,NA,NA,NA,NA,NA,NA,NA,NA,NA,iPb42a64936a8432dc,NA,NA,C,TRUE,FALSE,TRUE,FALSE,TRUE,TRUE,FALSE,2,1,2,14,0,0,1,1,0,0,0,87,100,89,87,86,80,31,87,84,65,42,22,91,89,50,61,86,81,77,83,76,85,36,90,0,20,88,78,2,58,78,70,67,87,79,91,27,80,75,74,76,85,NA,NA,NA,NA,NA,NA,NA,NA,NA,NA,NA,NA,NA,NA,NA,NA,NA,NA,NA,NA,NA,NA,NA,NA,NA,NA,NA,NA,NA,NA,NA,NA,NA,NA,NA,NA,NA,NA,NA,NA,NA,NA,NA,NA,91,100,100,60,92,72,100,94,86,0,79,15,50,90,24,66,81,89,100,90,64,71,127,0,127,0,FALSE,FALSE,FALSE,FALSE,FALSE,FALSE,0,0,1,0,0,NA,NA,NA,NA,NA,NA,73.22222222222223,0.34347773152913524,5,3,Rehab (3),4,3,3.5,1.75,NA,NA,NA,NA,NA,NA,NA,NA,NA,NA,NA,2,4,3,3,2,TRUE,TRUE,No controls
100,1131,1,R_327HCmrHucTRvAl,NA,NA,1,1,0,0,0,0,1,0,0,1,0,0,1,0,0,1,1,0,0,0,0,1,0,1,0,0,0,1,0,1,0,Never,Never,Sometimes,1,NA,NA,NA,NA,NA,NA,NA,NA,NA,NA,NA,NA,NA,NA,NA,NA,NA,NA,NA,NA,NA,NA,NA,NA,NA,NA,NA,NA,NA,NA,NA,NA,NA,NA,NA,NA,NA,NA,NA,NA,NA,NA,NA,NA,NA,NA,NA,NA,NA,NA,NA,NA,NA,NA,NA,NA,NA,NA,NA,NA,NA,NA,NA,NA,NA,NA,NA,NA,NA,NA,NA,NA,NA,NA,NA,NA,NA,NA,NA,NA,NA,NA,NA,NA,NA,NA,NA,NA,NA,NA,NA,NA,NA,NA,NA,NA,NA,NA,NA,NA,NA,NA,NA,NA,NA,NA,NA,NA,NA,NA,NA,NA,NA,NA,NA,NA,NA,NA,NA,NA,NA,NA,NA,NA,NA,NA,NA,NA,NA,NA,NA,NA,NA,NA,NA,NA,NA,NA,NA,NA,NA,NA,NA,NA,NA,NA,iP27722acdeb5b6a35,NA,NA,C,FALSE,TRUE,FALSE,FALSE,TRUE,FALSE,FALSE,0,3,1,18.85,0,0,1,1,0,0,0,100,100,100,100,100,100,25,100,25,100,50,0,50,75,50,100,100,100,100,100,60,100,100,100,0,0,100,50,0,100,100,71,0,0,100,100,50,100,75,25,50,100,NA,NA,NA,NA,NA,NA,NA,NA,NA,NA,NA,NA,NA,NA,NA,NA,NA,NA,NA,NA,NA,NA,NA,NA,NA,NA,NA,NA,NA,NA,NA,NA,NA,NA,NA,NA,NA,NA,NA,NA,NA,NA,NA,NA,100,100,100,0,100,100,100,100,100,0,100,0,100,100,0,100,20,100,100,100,50,50,145,0,145,1,FALSE,FALSE,FALSE,FALSE,FALSE,FALSE,1,NA,1,NA,1,NA,NA,NA,NA,NA,NA,75,0.4362665119967874,NA,NA,NA,NA,NA,NA,NA,NA,NA,NA,NA,NA,NA,NA,NA,NA,NA,NA,NA,NA,NA,NA,NA,TRUE,TRUE,No controls
100,12690,1,R_34A9C0FSlzrYuzT,0,0,1,0,0,1,0,0,1,0,0,1,0,0,1,0,0,1,0,0,1,0,0,1,0,0,1,1,0,0,0,0,1,Sometimes,Rarely,Sometimes,1,NA,NA,NA,NA,NA,NA,NA,NA,NA,NA,NA,NA,NA,NA,NA,NA,NA,NA,NA,NA,NA,NA,NA,NA,NA,NA,NA,NA,NA,NA,NA,NA,NA,NA,NA,NA,NA,NA,NA,NA,NA,NA,NA,NA,NA,NA,NA,NA,NA,NA,NA,NA,NA,NA,NA,NA,NA,NA,NA,NA,NA,NA,NA,NA,NA,NA,NA,NA,NA,NA,NA,NA,NA,NA,NA,NA,NA,NA,NA,NA,NA,NA,NA,NA,NA,NA,NA,NA,NA,NA,NA,NA,NA,NA,NA,NA,NA,NA,NA,NA,NA,NA,NA,NA,NA,NA,NA,NA,NA,NA,NA,NA,NA,NA,NA,NA,NA,NA,NA,NA,NA,NA,NA,NA,NA,NA,NA,NA,NA,NA,NA,NA,NA,NA,NA,NA,NA,NA,NA,NA,NA,NA,NA,NA,NA,NA,iP05801c5367c3dd2a,NA,NA,A,FALSE,TRUE,FALSE,FALSE,TRUE,FALSE,FALSE,0,3,1,211.5,0,0,0,0,1,1,0,100,100,80,80,30,40,100,100,10,30,0,0,40,80,100,100,100,10,20,100,30,20,0,100,0,70,100,30,30,100,100,30,30,40,0,70,20,90,0,10,10,100,40,10,100,30,30,30,10,100,30,100,100,0,100,100,20,0,80,40,0,100,100,100,100,NA,NA,NA,NA,NA,NA,NA,NA,NA,NA,NA,NA,NA,NA,NA,NA,NA,NA,NA,NA,NA,NA,NA,NA,NA,NA,NA,NA,NA,NA,NA,NA,NA,NA,NA,NA,NA,NA,NA,NA,NA,NA,NA,145,0,145,1,FALSE,FALSE,FALSE,FALSE,FALSE,FALSE,0,0,1,0,0,NA,NA,NA,NA,NA,NA,65.55555555555556,-0.05667388423761632,NA,NA,NA,NA,NA,NA,NA,NA,NA,NA,NA,NA,NA,NA,NA,NA,NA,NA,NA,NA,NA,NA,NA,TRUE,TRUE,No controls
100,1466,1,R_6D0yFoFcxhKK1J4,NA,1,0,1,1,0,1,1,0,0,0,1,1,1,0,0,0,1,0,0,1,0,0,1,0,1,0,0,1,0,0,1,0,Rarely,Sometimes,Sometimes,4,1,1,-99,2,2,8,10,10,10,10,4,5,3,4,3,5,3,Purple,NA,NA,NA,NA,NA,NA,NA,NA,NA,NA,NA,NA,NA,NA,NA,NA,NA,NA,NA,NA,NA,NA,NA,NA,NA,NA,NA,NA,NA,NA,NA,NA,NA,NA,NA,NA,NA,NA,NA,NA,NA,NA,NA,NA,NA,NA,NA,NA,NA,NA,NA,NA,NA,NA,NA,NA,NA,NA,NA,NA,NA,NA,NA,NA,NA,NA,NA,NA,NA,NA,NA,NA,NA,NA,NA,NA,NA,NA,NA,NA,NA,NA,NA,NA,NA,NA,NA,NA,NA,NA,NA,NA,NA,NA,NA,NA,NA,NA,NA,NA,NA,NA,NA,NA,NA,NA,NA,NA,NA,NA,NA,NA,NA,NA,NA,NA,NA,NA,NA,NA,NA,NA,NA,NA,NA,NA,NA,NA,iPec531bd7f869dcfb,NA,NA,B,TRUE,FALSE,TRUE,FALSE,TRUE,TRUE,FALSE,2,1,2,24.433333333333337,0,0,0,1,0,0,0,50,52,50,51,56,48,63,61,68,53,57,53,62,76,51,73,72,60,53,69,47,56,66,77,57,53,68,43,45,49,45,60,49,67,52,51,42,59,44,40,56,49,NA,NA,NA,NA,NA,NA,NA,NA,NA,NA,NA,NA,NA,NA,NA,NA,NA,NA,NA,NA,NA,NA,NA,47,55,46,50,50,35,46,48,60,58,46,57,74,69,76,75,59,61,65,42,56,NA,NA,NA,NA,NA,NA,NA,NA,NA,NA,NA,NA,NA,NA,NA,NA,NA,NA,NA,NA,NA,NA,127,0,127,0,FALSE,FALSE,FALSE,FALSE,FALSE,FALSE,1,NA,NA,1,1,NA,NA,NA,NA,NA,NA,63.111111111111114,-0.1842584573806384,4,4,Neutral (4),2.5,2.5,2.5,3.25,NA,NA,NA,NA,NA,NA,NA,NA,NA,NA,NA,3,5,5,5,5,TRUE,TRUE,No controls
100,703,1,R_5HKeG7raS7HR1bX,NA,NA,1,1,0,0,1,0,0,0,0,1,0,0,1,0,0,1,0,0,1,0,0,1,0,0,1,1,0,0,0,0,1,Never,Never,Rarely,4,1,1,1,1,1,6,6,6,6,6,5,1,4,4,4,1,4,Purple,NA,NA,NA,NA,NA,NA,NA,NA,NA,NA,NA,NA,NA,NA,NA,NA,NA,NA,NA,NA,NA,NA,NA,NA,NA,NA,NA,NA,NA,NA,NA,NA,NA,NA,NA,NA,NA,NA,NA,NA,NA,NA,NA,NA,NA,NA,NA,NA,NA,NA,NA,NA,NA,NA,NA,NA,NA,NA,NA,NA,NA,NA,NA,NA,NA,NA,NA,NA,NA,NA,NA,NA,NA,NA,NA,NA,NA,NA,NA,NA,NA,NA,NA,NA,NA,NA,NA,NA,NA,NA,NA,NA,NA,NA,NA,NA,NA,NA,NA,NA,NA,NA,NA,NA,NA,NA,NA,NA,NA,NA,NA,NA,NA,NA,NA,NA,NA,NA,NA,NA,NA,NA,NA,NA,NA,NA,NA,NA,iPdd12505dc0b81184,NA,NA,B,TRUE,FALSE,TRUE,FALSE,TRUE,TRUE,FALSE,2,1,2,11.716666666666669,0,1,1,1,0,0,0,100,51,100,50,100,50,100,100,100,0,99,100,100,100,100,100,100,0,99,98,50,100,100,100,0,78,100,100,71,100,100,49,2,0,100,100,50,76,71,100,100,97,NA,NA,NA,NA,NA,NA,NA,NA,NA,NA,NA,NA,NA,NA,NA,NA,NA,NA,NA,NA,NA,NA,NA,1,50,83,100,76,50,100,0,100,100,0,100,0,100,100,94,100,70,80,0,100,NA,NA,NA,NA,NA,NA,NA,NA,NA,NA,NA,NA,NA,NA,NA,NA,NA,NA,NA,NA,NA,NA,127,0,127,0,FALSE,FALSE,FALSE,FALSE,FALSE,FALSE,1,NA,1,NA,1,NA,NA,NA,NA,NA,NA,85.44444444444444,0.9814005972442456,5,3,Rehab (3),4,4,4,4,NA,NA,NA,NA,NA,NA,NA,NA,NA,NA,NA,1,1,1,1,1,TRUE,TRUE,No controls
100,1955,1,R_7EEUHMZ9BjwXkVX,NA,1,0,NA,1,0,1,1,0,0,1,0,1,1,0,0,1,0,0,1,0,0,0,1,0,1,0,0,1,0,1,1,0,Rarely,Never,Sometimes,4,2,2,2,2,2,9,9,9,10,9,5,5,2,3,3,2,3,Purple 🟣,NA,NA,NA,NA,NA,NA,NA,NA,NA,NA,NA,NA,NA,NA,NA,NA,NA,NA,NA,NA,NA,NA,NA,NA,NA,NA,NA,NA,NA,NA,NA,NA,NA,NA,NA,NA,NA,NA,NA,NA,NA,NA,NA,NA,NA,NA,NA,NA,NA,NA,NA,NA,NA,NA,NA,NA,NA,NA,NA,NA,NA,NA,NA,NA,NA,NA,NA,NA,NA,NA,NA,NA,NA,NA,NA,NA,NA,NA,NA,NA,NA,NA,NA,NA,NA,NA,NA,NA,NA,NA,NA,NA,NA,NA,NA,NA,NA,NA,NA,NA,NA,NA,NA,NA,NA,NA,NA,NA,NA,NA,NA,NA,NA,NA,NA,NA,NA,NA,NA,NA,NA,NA,NA,NA,NA,NA,NA,NA,iP022f64bd46d6c5b1,NA,NA,C,TRUE,FALSE,FALSE,FALSE,TRUE,TRUE,FALSE,1,2,2,32.583333333333336,0,0,0,0,0,0,0,66,83,92,59,75,48,65,56,51,50,81,85,100,51,92,50,93,57,73,85,64,100,87,48,25,31,66,48,15,38,91,10,33,99,17,75,100,22,31,98,50,89,NA,NA,NA,NA,NA,NA,NA,NA,NA,NA,NA,NA,NA,NA,NA,NA,NA,NA,NA,NA,NA,NA,NA,NA,NA,NA,NA,NA,NA,NA,NA,NA,NA,NA,NA,NA,NA,NA,NA,NA,NA,NA,NA,NA,88,87,76,62,85,92,93,97,92,7,94,15,91,83,59,8,9,50,83,100,51,47,127,0,127,1,FALSE,FALSE,FALSE,FALSE,FALSE,FALSE,1,NA,NA,1,NA,NA,NA,NA,NA,NA,NA,62.77777777777778,-0.20165635371832336,5,3,Rehab (3),2.5,3,2.75,2.75,NA,NA,NA,NA,NA,NA,NA,NA,NA,NA,NA,4,4,4,5,4,TRUE,TRUE,No controls
100,1951,1,R_1PjNrUh6Pq3UQ8w,0,0,1,0,0,1,0,0,1,0,0,1,0,0,1,0,0,1,0,0,1,0,0,1,0,0,1,0,0,1,0,0,1,Never,Never,Never,4,2,2,2,2,2,7,9,9,9,10,3,2,2,3,3,2,3,"""purple""",NA,NA,NA,NA,NA,NA,NA,NA,NA,NA,NA,NA,NA,NA,NA,NA,NA,NA,NA,NA,NA,NA,NA,NA,NA,NA,NA,NA,NA,NA,NA,NA,NA,NA,NA,NA,NA,NA,NA,NA,NA,NA,NA,NA,NA,NA,NA,NA,NA,NA,NA,NA,NA,NA,NA,NA,NA,NA,NA,NA,NA,NA,NA,NA,NA,NA,NA,NA,NA,NA,NA,NA,NA,NA,NA,NA,NA,NA,NA,NA,NA,NA,NA,NA,NA,NA,NA,NA,NA,NA,NA,NA,NA,NA,NA,NA,NA,NA,NA,NA,NA,NA,NA,NA,NA,NA,NA,NA,NA,NA,NA,NA,NA,NA,NA,NA,NA,NA,NA,NA,NA,NA,NA,NA,NA,NA,NA,NA,iP9b8e372a88aa77fa,NA,NA,A,TRUE,FALSE,TRUE,FALSE,TRUE,TRUE,FALSE,2,1,2,32.516666666666666,0,0,0,0,0,0,0,100,100,100,100,100,100,50,100,80,80,80,80,100,100,80,100,90,100,80,100,100,100,100,100,0,60,100,100,80,80,100,100,100,100,50,100,80,50,50,50,100,100,100,60,100,100,100,80,100,100,80,100,100,100,100,100,50,50,100,80,100,100,100,100,100,NA,NA,NA,NA,NA,NA,NA,NA,NA,NA,NA,NA,NA,NA,NA,NA,NA,NA,NA,NA,NA,NA,NA,NA,NA,NA,NA,NA,NA,NA,NA,NA,NA,NA,NA,NA,NA,NA,NA,NA,NA,NA,NA,127,0,127,0,FALSE,FALSE,FALSE,FALSE,FALSE,FALSE,0,0,1,0,0,NA,NA,NA,NA,NA,NA,96.66666666666669,1.5671297739463024,3,5,Punish (5),3,3,3,2.75,NA,NA,NA,NA,NA,NA,NA,NA,NA,NA,NA,2,4,4,4,5,TRUE,TRUE,No controls
100,510,1,R_7O6rJyi5ospl5n3,0,0,1,0,1,0,0,1,0,1,0,0,1,0,0,0,1,0,0,0,1,1,0,1,0,0,1,0,1,0,0,1,0,Rarely,Sometimes,Frequently,2,NA,NA,NA,NA,NA,NA,NA,NA,NA,NA,NA,NA,NA,NA,NA,NA,NA,NA,NA,NA,NA,NA,NA,NA,NA,NA,NA,NA,NA,NA,NA,NA,NA,NA,NA,NA,NA,NA,NA,NA,NA,NA,NA,NA,NA,NA,NA,NA,NA,NA,NA,NA,NA,NA,NA,NA,NA,NA,NA,NA,NA,NA,NA,NA,NA,NA,NA,NA,NA,NA,NA,NA,NA,NA,NA,NA,NA,NA,NA,NA,NA,NA,NA,NA,NA,NA,NA,NA,NA,NA,NA,NA,NA,NA,NA,NA,NA,NA,NA,NA,NA,NA,NA,NA,NA,NA,NA,NA,NA,NA,NA,NA,NA,NA,NA,NA,NA,NA,NA,NA,NA,NA,NA,NA,NA,NA,NA,NA,NA,NA,NA,NA,NA,NA,NA,NA,NA,NA,NA,NA,NA,NA,NA,NA,NA,NA,iP0716a58c0ae3d65f,NA,NA,A,FALSE,FALSE,FALSE,FALSE,TRUE,FALSE,FALSE,0,3,1,8.5,0,1,1,1,0,0,0,80,70,80,70,30,100,10,70,30,20,0,20,30,70,60,30,40,30,60,70,50,70,80,90,10,20,80,30,60,60,30,0,0,0,30,40,60,10,60,60,80,70,80,80,80,0,60,30,70,100,100,80,80,20,40,30,0,10,20,50,0,20,30,30,70,NA,NA,NA,NA,NA,NA,NA,NA,NA,NA,NA,NA,NA,NA,NA,NA,NA,NA,NA,NA,NA,NA,NA,NA,NA,NA,NA,NA,NA,NA,NA,NA,NA,NA,NA,NA,NA,NA,NA,NA,NA,NA,NA,145,0,145,1,FALSE,FALSE,FALSE,FALSE,FALSE,FALSE,0,0,1,0,0,NA,NA,NA,NA,NA,NA,48.888888888888886,-0.9265687011218586,NA,NA,NA,NA,NA,NA,NA,NA,NA,NA,NA,NA,NA,NA,NA,NA,NA,NA,NA,NA,NA,NA,NA,TRUE,TRUE,No controls
100,2459,1,R_6TR9yjyNGbuhhVh,NA,1,0,NA,1,0,1,0,0,0,1,0,0,1,0,0,1,0,0,1,0,0,1,0,1,0,0,0,1,0,0,1,0,Frequently,Frequently,Frequently,4,3,3,3,3,3,8,8,8,9,8,4,2,2,2.5,4,5,1,Purple,6,6,3,4,4,5,4,5,4,4,2,2,2,3,3,2,2,2,3,2,3,4,3,2,4,2,1,1,1,1,1,1,1,1,1,1,1,1,1,2,2,2,2,2,2,2,2,2,2,2,3,3,5,5,3,4,2,3,2,2,2,3,3,3,2,NA,2,3,3,3,3,4,3,2,3,4,5,5,4,4,5,5,5,5,5,NA,NA,NA,NA,NA,NA,NA,NA,NA,NA,NA,NA,NA,NA,NA,NA,NA,NA,NA,NA,NA,NA,NA,NA,NA,NA,NA,NA,NA,NA,NA,NA,NA,NA,NA,NA,NA,NA,NA,NA,NA,NA,NA,iP34f420e5d4c054f4,NA,NA,B,TRUE,FALSE,TRUE,FALSE,TRUE,TRUE,TRUE,2,1,3,40.983333333333334,0,0,0,0,0,0,0,51,50,87,50,50,50,51,50,50,50,50,50,50,50,51,51,49,50,50,50,50,50,50,50,50,50,50,50,50,50,50,50,50,51,50,50,50,50,50,50,50,49,NA,NA,NA,NA,NA,NA,NA,NA,NA,NA,NA,NA,NA,NA,NA,NA,NA,NA,NA,NA,NA,NA,NA,50,87,50,50,50,86,82,50,50,87,50,50,49,50,50,50,50,50,50,50,51,NA,NA,NA,NA,NA,NA,NA,NA,NA,NA,NA,NA,NA,NA,NA,NA,NA,NA,NA,NA,NA,NA,43,0,43,1,FALSE,FALSE,FALSE,FALSE,FALSE,FALSE,1,NA,NA,1,NA,NA,NA,NA,NA,NA,NA,50,-0.8685757133295756,4,4,Neutral (4),3,2.5,2.75,2.375,1,1,1,2,2,1,1,1,1,1,1,3,3,3,4,3,FALSE,TRUE,Some controls missing
100,692,1,R_6EbrS4lukVJOIYV,NA,NA,1,1,0,0,0,0,1,0,1,0,1,0,0,1,0,0,0,1,0,0,1,0,0,0,1,0,1,0,0,1,0,Sometimes,Sometimes,Sometimes,4,1,3,1,2,3,6,7,6,6,7,5,1,3,4,3,1,3,Purple,3,1,2,1,2,3,4,2,2,3,1,2,3,2,1,2,3,1,1,2,2,1,2,1,2,1,2,3,1,2,1,1,2,1,2,1,1,2,1,1,2,1,2,3,2,1,2,2,1,3,2,3,3,4,4,3,4,2,2,3,3,2,2,2,2,NA,2,2,2,2,2,2,2,2,4,4,4,5,6,4,5,6,5,4,5,NA,NA,NA,NA,NA,NA,NA,NA,NA,NA,NA,NA,NA,NA,NA,NA,NA,NA,NA,NA,NA,NA,NA,NA,NA,NA,NA,NA,NA,NA,NA,NA,NA,NA,NA,NA,NA,NA,NA,NA,NA,NA,NA,iPd8be1de6a990dd1d,NA,NA,C,TRUE,FALSE,TRUE,FALSE,TRUE,TRUE,TRUE,2,1,3,11.533333333333331,0,1,1,1,0,0,0,91,89,91,85,78,88,94,90,86,74,82,78,88,88,77,79,89,74,77,91,85,90,80,70,71,91,73,79,80,82,79,75,82,79,83,89,78,92,83,92,93,76,NA,NA,NA,NA,NA,NA,NA,NA,NA,NA,NA,NA,NA,NA,NA,NA,NA,NA,NA,NA,NA,NA,NA,NA,NA,NA,NA,NA,NA,NA,NA,NA,NA,NA,NA,NA,NA,NA,NA,NA,NA,NA,NA,NA,79,76,75,78,63,74,75,82,71,84,87,89,82,92,90,87,89,81,92,79,75,78,43,0,43,1,FALSE,FALSE,FALSE,FALSE,FALSE,FALSE,1,NA,1,NA,1,NA,NA,NA,NA,NA,NA,82.33333333333333,0.8190202314258537,5,3,Rehab (3),4,4,4,3.25,3,1,2,1,3,1,2,1.5,1,2.5,1.75,1,2,1,1,2,FALSE,TRUE,Some controls missing
100,1517,1,R_71ivzhWPaj65I09,0,0,1,0,0,1,0,1,0,0,0,1,0,1,0,0,0,1,0,1,0,0,0,1,0,1,0,0,0,1,0,0,1,Never,Never,Sometimes,3,NA,NA,NA,NA,NA,NA,NA,NA,NA,NA,NA,NA,NA,NA,NA,NA,NA,NA,NA,NA,NA,NA,NA,NA,NA,NA,NA,NA,NA,NA,NA,NA,NA,NA,NA,NA,NA,NA,NA,NA,NA,NA,NA,NA,NA,NA,NA,NA,NA,NA,NA,NA,NA,NA,NA,NA,NA,NA,NA,NA,NA,NA,NA,NA,NA,NA,NA,NA,NA,NA,NA,NA,NA,NA,NA,NA,NA,NA,NA,NA,NA,NA,NA,NA,NA,NA,NA,NA,NA,NA,NA,NA,NA,NA,NA,NA,NA,NA,NA,NA,NA,NA,NA,NA,NA,NA,NA,NA,NA,NA,NA,NA,NA,NA,NA,NA,NA,NA,NA,NA,NA,NA,NA,NA,NA,NA,NA,NA,NA,NA,NA,NA,NA,NA,NA,NA,NA,NA,NA,NA,NA,NA,NA,NA,NA,NA,iP4cab5e731e3a1af1,NA,NA,B,FALSE,FALSE,FALSE,FALSE,TRUE,FALSE,FALSE,0,3,1,25.283333333333335,0,0,0,1,0,0,0,63,35,61,77,81,81,73,89,100,25,100,91,40,75,75,75,100,25,89,93,75,100,89,100,75,56,75,76,25,75,100,81,76,90,65,76,20,70,49,18,76,88,NA,NA,NA,NA,NA,NA,NA,NA,NA,NA,NA,NA,NA,NA,NA,NA,NA,NA,NA,NA,NA,NA,NA,75,55,97,78,75,31,77,16,84,53,0,75,100,100,100,98,100,77,80,35,75,NA,NA,NA,NA,NA,NA,NA,NA,NA,NA,NA,NA,NA,NA,NA,NA,NA,NA,NA,NA,NA,NA,145,0,145,1,FALSE,FALSE,FALSE,FALSE,FALSE,FALSE,0,0,1,0,0,NA,NA,NA,NA,NA,NA,64.88888888888889,-0.09146967691298626,NA,NA,NA,NA,NA,NA,NA,NA,NA,NA,NA,NA,NA,NA,NA,NA,NA,NA,NA,NA,NA,NA,NA,TRUE,TRUE,No controls
100,580,1,R_7ziJfhEAd9ANUKu,0,0,1,0,1,1,0,0,1,0,0,1,0,1,1,0,0,1,0,0,1,0,0,1,1,0,0,1,1,0,0,0,1,Sometimes,Never,Sometimes,1,NA,NA,NA,NA,NA,NA,NA,NA,NA,NA,NA,NA,NA,NA,NA,NA,NA,NA,NA,NA,NA,NA,NA,NA,NA,NA,NA,NA,NA,NA,NA,NA,NA,NA,NA,NA,NA,NA,NA,NA,NA,NA,NA,NA,NA,NA,NA,NA,NA,NA,NA,NA,NA,NA,NA,NA,NA,NA,NA,NA,NA,NA,NA,NA,NA,NA,NA,NA,NA,NA,NA,NA,NA,NA,NA,NA,NA,NA,NA,NA,NA,NA,NA,NA,NA,NA,NA,NA,NA,NA,NA,NA,NA,NA,NA,NA,NA,NA,NA,NA,NA,NA,NA,NA,NA,NA,NA,NA,NA,NA,NA,NA,NA,NA,NA,NA,NA,NA,NA,NA,NA,NA,NA,NA,NA,NA,NA,NA,NA,NA,NA,NA,NA,NA,NA,NA,NA,NA,NA,NA,NA,NA,NA,NA,NA,NA,iP776ef0b893677083,NA,NA,A,FALSE,TRUE,FALSE,FALSE,TRUE,FALSE,FALSE,0,3,1,9.666666666666666,0,1,1,1,0,0,0,NA,NA,80,NA,40,NA,40,NA,60,90,NA,70,60,70,60,NA,NA,50,40,60,30,NA,60,100,20,30,60,NA,40,40,70,70,60,NA,40,50,30,20,20,20,60,NA,60,40,NA,NA,NA,NA,40,50,60,NA,NA,NA,70,40,50,20,40,60,50,NA,NA,60,NA,NA,NA,NA,NA,NA,NA,NA,NA,NA,NA,NA,NA,NA,NA,NA,NA,NA,NA,NA,NA,NA,NA,NA,NA,NA,NA,NA,NA,NA,NA,NA,NA,NA,NA,NA,NA,NA,NA,NA,NA,NA,NA,NA,157,10,167,1,FALSE,FALSE,FALSE,FALSE,FALSE,FALSE,0,0,1,0,0,NA,NA,NA,NA,NA,NA,56.666666666666664,-0.520617786575879,NA,NA,NA,NA,NA,NA,NA,NA,NA,NA,NA,NA,NA,NA,NA,NA,NA,NA,NA,NA,NA,NA,NA,TRUE,TRUE,No controls
100,35471,1,R_3flNeQv0vAdYSat,0,0,1,0,0,1,0,0,1,0,0,1,0,0,1,0,1,0,0,0,1,0,0,1,0,1,0,0,0,1,0,0,1,Never,Never,Never,4,1,1,1,1,1,10,9,10,9,8,1,2,3,2.5,3,2,2,Purple,NA,NA,NA,NA,NA,NA,NA,NA,NA,NA,NA,NA,NA,NA,NA,NA,NA,NA,NA,NA,NA,NA,NA,NA,NA,NA,NA,NA,NA,NA,NA,NA,NA,NA,NA,NA,NA,NA,NA,NA,NA,NA,NA,NA,NA,NA,NA,NA,NA,NA,NA,NA,NA,NA,NA,NA,NA,NA,NA,NA,NA,NA,NA,NA,NA,NA,NA,NA,NA,NA,NA,NA,NA,NA,NA,NA,NA,NA,NA,NA,NA,NA,NA,NA,NA,NA,NA,NA,NA,NA,NA,NA,NA,NA,NA,NA,NA,NA,NA,NA,NA,NA,NA,NA,NA,NA,NA,NA,NA,NA,NA,NA,NA,NA,NA,NA,NA,NA,NA,NA,NA,NA,NA,NA,NA,NA,NA,NA,iP78a160a306a36627,NA,NA,B,TRUE,FALSE,TRUE,FALSE,TRUE,TRUE,FALSE,2,1,2,591.1833333333333,0,0,0,0,1,1,0,43,90,92,83,93,89,34,85,76,11,19,10,59,68,63,66,91,77,94,74,75,76,83,96,6,5,72,93,8,66,92,27,5,13,50,87,1,59,66,64,67,88,NA,NA,NA,NA,NA,NA,NA,NA,NA,NA,NA,NA,NA,NA,NA,NA,NA,NA,NA,NA,NA,NA,NA,8,43,85,64,90,71,5,73,2,14,33,80,91,93,94,88,83,78,5,93,13,NA,NA,NA,NA,NA,NA,NA,NA,NA,NA,NA,NA,NA,NA,NA,NA,NA,NA,NA,NA,NA,NA,127,0,127,0,FALSE,FALSE,FALSE,FALSE,FALSE,FALSE,0,0,1,0,0,NA,NA,NA,NA,NA,NA,67.55555555555556,0.04771349378849272,1,7,Punish (7),3,3,3,2.625,NA,NA,NA,NA,NA,NA,NA,NA,NA,NA,NA,5,4,5,4,3,TRUE,TRUE,No controls
100,777,1,R_1bNbqHKWu9YfPxR,0,0,1,0,1,0,1,0,0,0,0,1,1,0,0,0,0,1,0,1,0,0,0,1,1,0,0,0,0,1,0,0,1,Never,Never,Never,4,-99,-99,-99,-99,-99,6,6,6,7,6,4,1,1,2,2.5,2,2.5,Purple,NA,NA,NA,NA,NA,NA,NA,NA,NA,NA,NA,NA,NA,NA,NA,NA,NA,NA,NA,NA,NA,NA,NA,NA,NA,NA,NA,NA,NA,NA,NA,NA,NA,NA,NA,NA,NA,NA,NA,NA,NA,NA,NA,NA,NA,NA,NA,NA,NA,NA,NA,NA,NA,NA,NA,NA,NA,NA,NA,NA,NA,NA,NA,NA,NA,NA,NA,NA,NA,NA,NA,NA,NA,NA,NA,NA,NA,NA,NA,NA,NA,NA,NA,NA,NA,NA,NA,NA,NA,NA,NA,NA,NA,NA,NA,NA,NA,NA,NA,NA,NA,NA,NA,NA,NA,NA,NA,NA,NA,NA,NA,NA,NA,NA,NA,NA,NA,NA,NA,NA,NA,NA,NA,NA,NA,NA,NA,NA,iPcb70c9a8973fd12e,NA,NA,B,TRUE,FALSE,TRUE,FALSE,TRUE,TRUE,FALSE,2,1,2,12.95,0,0,1,1,0,0,0,100,100,100,100,100,100,91,100,51,26,78,25,100,100,49,100,100,100,100,100,100,100,100,100,26,28,36,50,10,100,100,50,26,40,100,100,22,100,77,82,38,100,NA,NA,NA,NA,NA,NA,NA,NA,NA,NA,NA,NA,NA,NA,NA,NA,NA,NA,NA,NA,NA,NA,NA,21,100,100,100,100,100,11,100,50,12,50,51,100,100,100,100,100,100,75,100,3,NA,NA,NA,NA,NA,NA,NA,NA,NA,NA,NA,NA,NA,NA,NA,NA,NA,NA,NA,NA,NA,NA,127,0,127,0,FALSE,FALSE,FALSE,FALSE,FALSE,FALSE,0,0,1,0,0,NA,NA,NA,NA,NA,NA,77.33333333333333,0.5580517863605811,4,4,Neutral (4),4,3,3.5,2,NA,NA,NA,NA,NA,NA,NA,NA,NA,NA,NA,1,1,1,2,1,TRUE,TRUE,No controls
100,1220,1,R_6rlzeQOJdthb9Rv,NA,1,0,NA,0,1,1,0,0,0,0,1,1,0,0,0,0,1,0,0,1,0,1,0,1,0,0,0,0,1,0,0,1,Rarely,Rarely,Rarely,4,1,1,1,1,1,9,10,10,10,10,6,3,3,3,3,3,3,Purple,NA,NA,NA,NA,NA,NA,NA,NA,NA,NA,NA,NA,NA,NA,NA,NA,NA,NA,NA,NA,NA,NA,NA,NA,NA,NA,NA,NA,NA,NA,NA,NA,NA,NA,NA,NA,NA,NA,NA,NA,NA,NA,NA,NA,NA,NA,NA,NA,NA,NA,NA,NA,NA,NA,NA,NA,NA,NA,NA,NA,NA,NA,NA,NA,NA,NA,NA,NA,NA,NA,NA,NA,NA,NA,NA,NA,NA,NA,NA,NA,NA,NA,NA,NA,NA,NA,NA,NA,NA,NA,NA,NA,NA,NA,NA,NA,NA,NA,NA,NA,NA,NA,NA,NA,NA,NA,NA,NA,NA,NA,NA,NA,NA,NA,NA,NA,NA,NA,NA,NA,NA,NA,NA,NA,NA,NA,NA,NA,iPf730b928f3087e60,NA,NA,B,TRUE,FALSE,TRUE,FALSE,TRUE,TRUE,FALSE,2,1,2,20.333333333333332,0,0,0,1,0,0,0,80,91,84,81,83,76,50,81,84,79,52,65,70,71,74,79,92,60,75,89,60,87,83,99,28,50,60,83,62,81,72,85,85,81,40,47,61,53,53,40,91,84,NA,NA,NA,NA,NA,NA,NA,NA,NA,NA,NA,NA,NA,NA,NA,NA,NA,NA,NA,NA,NA,NA,NA,71,61,82,77,71,62,80,34,61,70,30,54,85,85,90,92,86,89,70,61,60,NA,NA,NA,NA,NA,NA,NA,NA,NA,NA,NA,NA,NA,NA,NA,NA,NA,NA,NA,NA,NA,NA,127,0,127,0,FALSE,FALSE,FALSE,FALSE,FALSE,FALSE,1,NA,NA,1,NA,NA,NA,NA,NA,NA,NA,74,0.3840728229837329,6,2,Rehab (2),2,2,2,3,NA,NA,NA,NA,NA,NA,NA,NA,NA,NA,NA,4,5,5,5,5,TRUE,TRUE,No controls
100,1219,1,R_7LBJECYxAlcL6GB,0,0,1,0,0,1,1,0,0,0,0,1,0,1,0,0,1,0,1,0,0,0,0,1,0,0,1,1,0,0,0,0,1,Never,Never,Never,1,NA,NA,NA,NA,NA,NA,NA,NA,NA,NA,NA,NA,NA,NA,NA,NA,NA,NA,NA,NA,NA,NA,NA,NA,NA,NA,NA,NA,NA,NA,NA,NA,NA,NA,NA,NA,NA,NA,NA,NA,NA,NA,NA,NA,NA,NA,NA,NA,NA,NA,NA,NA,NA,NA,NA,NA,NA,NA,NA,NA,NA,NA,NA,NA,NA,NA,NA,NA,NA,NA,NA,NA,NA,NA,NA,NA,NA,NA,NA,NA,NA,NA,NA,NA,NA,NA,NA,NA,NA,NA,NA,NA,NA,NA,NA,NA,NA,NA,NA,NA,NA,NA,NA,NA,NA,NA,NA,NA,NA,NA,NA,NA,NA,NA,NA,NA,NA,NA,NA,NA,NA,NA,NA,NA,NA,NA,NA,NA,NA,NA,NA,NA,NA,NA,NA,NA,NA,NA,NA,NA,NA,NA,NA,NA,NA,NA,iPc3d4b86f26cc536d,NA,NA,B,FALSE,TRUE,FALSE,FALSE,TRUE,FALSE,FALSE,0,3,1,20.316666666666663,0,0,0,1,0,0,0,62,62,62,62,62,62,62,62,62,62,55,62,62,62,58,62,62,62,62,62,62,62,62,62,51,51,62,62,45,62,62,62,62,62,35,60,38,20,46,33,58,58,NA,NA,NA,NA,NA,NA,NA,NA,NA,NA,NA,NA,NA,NA,NA,NA,NA,NA,NA,NA,NA,NA,NA,55,46,62,62,62,62,55,62,62,62,20,62,62,62,62,62,62,62,62,62,60,NA,NA,NA,NA,NA,NA,NA,NA,NA,NA,NA,NA,NA,NA,NA,NA,NA,NA,NA,NA,NA,NA,145,0,145,1,FALSE,FALSE,FALSE,FALSE,FALSE,FALSE,0,0,1,0,0,NA,NA,NA,NA,NA,NA,60.111111111111114,-0.340839524419802,NA,NA,NA,NA,NA,NA,NA,NA,NA,NA,NA,NA,NA,NA,NA,NA,NA,NA,NA,NA,NA,NA,NA,TRUE,TRUE,No controls
100,930,1,R_1b4hr0BOi53bbQl,NA,1,0,NA,0,1,1,0,0,0,1,0,0,1,0,0,0,1,0,1,0,0,0,1,1,0,0,0,1,0,0,1,0,Sometimes,Frequently,Sometimes,4,2,2,1,2,3,8,10,7,10,9,5,1,3,3,4,3,2.5,Purple,NA,NA,NA,NA,NA,NA,NA,NA,NA,NA,NA,NA,NA,NA,NA,NA,NA,NA,NA,NA,NA,NA,NA,NA,NA,NA,NA,NA,NA,NA,NA,NA,NA,NA,NA,NA,NA,NA,NA,NA,NA,NA,NA,NA,NA,NA,NA,NA,NA,NA,NA,NA,NA,NA,NA,NA,NA,NA,NA,NA,NA,NA,NA,NA,NA,NA,NA,NA,NA,NA,NA,NA,NA,NA,NA,NA,NA,NA,NA,NA,NA,NA,NA,NA,NA,NA,NA,NA,NA,NA,NA,NA,NA,NA,NA,NA,NA,NA,NA,NA,NA,NA,NA,NA,NA,NA,NA,NA,NA,NA,NA,NA,NA,NA,NA,NA,NA,NA,NA,NA,NA,NA,NA,NA,NA,NA,NA,NA,iP569107829326241d,NA,NA,C,TRUE,FALSE,TRUE,FALSE,TRUE,TRUE,FALSE,2,1,2,15.5,0,0,1,1,0,0,0,85,88,87,80,74,84,26,97,35,40,73,78,42,91,32,78,82,60,40,73,26,87,40,87,17,31,89,40,26,47,80,87,75,88,53,75,70,15,92,40,68,68,NA,NA,NA,NA,NA,NA,NA,NA,NA,NA,NA,NA,NA,NA,NA,NA,NA,NA,NA,NA,NA,NA,NA,NA,NA,NA,NA,NA,NA,NA,NA,NA,NA,NA,NA,NA,NA,NA,NA,NA,NA,NA,NA,NA,87,80,69,68,74,93,85,93,87,26,83,11,20,91,37,59,87,39,38,28,89,75,127,0,127,0,FALSE,FALSE,FALSE,FALSE,FALSE,FALSE,1,NA,NA,1,NA,NA,NA,NA,NA,NA,NA,64.55555555555556,-0.10886757325067084,5,3,Rehab (3),4,2,3,3.125,NA,NA,NA,NA,NA,NA,NA,NA,NA,NA,NA,3,5,2,5,4,TRUE,TRUE,No controls
100,810,1,R_3ojuPElQ56Gqoxq,1,1,0,NA,0,1,1,0,0,1,0,0,1,1,0,0,1,0,0,1,0,0,0,1,1,1,0,1,0,0,1,0,0,Sometimes,Never,Sometimes,1,NA,NA,NA,NA,NA,NA,NA,NA,NA,NA,NA,NA,NA,NA,NA,NA,NA,NA,NA,NA,NA,NA,NA,NA,NA,NA,NA,NA,NA,NA,NA,NA,NA,NA,NA,NA,NA,NA,NA,NA,NA,NA,NA,NA,NA,NA,NA,NA,NA,NA,NA,NA,NA,NA,NA,NA,NA,NA,NA,NA,NA,NA,NA,NA,NA,NA,NA,NA,NA,NA,NA,NA,NA,NA,NA,NA,NA,NA,NA,NA,NA,NA,NA,NA,NA,NA,NA,NA,NA,NA,NA,NA,NA,NA,NA,NA,NA,NA,NA,NA,NA,NA,NA,NA,NA,NA,NA,NA,NA,NA,NA,NA,NA,NA,NA,NA,NA,NA,NA,NA,NA,NA,NA,NA,NA,NA,NA,NA,NA,NA,NA,NA,NA,NA,NA,NA,NA,NA,NA,NA,NA,NA,NA,NA,NA,NA,iP6ed2929c279fdd96,NA,NA,B,FALSE,TRUE,FALSE,FALSE,TRUE,FALSE,FALSE,0,3,1,13.5,0,0,1,1,0,0,0,71,89,71,74,76,70,66,81,80,46,85,66,93,93,73,84,84,75,90,85,50,96,89,98,26,40,77,61,35,73,97,49,39,41,73,49,86,66,20,50,95,90,NA,NA,NA,NA,NA,NA,NA,NA,NA,NA,NA,NA,NA,NA,NA,NA,NA,NA,NA,NA,NA,NA,NA,68,75,88,57,82,33,15,74,40,35,93,85,87,97,100,94,92,90,90,48,82,NA,NA,NA,NA,NA,NA,NA,NA,NA,NA,NA,NA,NA,NA,NA,NA,NA,NA,NA,NA,NA,NA,145,0,145,1,FALSE,FALSE,FALSE,FALSE,FALSE,FALSE,1,1,0,1,NA,NA,NA,NA,NA,NA,NA,76.33333333333333,0.5058580973475265,NA,NA,NA,NA,NA,NA,NA,NA,NA,NA,NA,NA,NA,NA,NA,NA,NA,NA,NA,NA,NA,NA,NA,TRUE,TRUE,No controls
100,1699,1,R_6GVcSXdublVJeIR,NA,1,0,1,1,0,1,0,0,0,0,1,1,1,0,0,0,1,0,0,1,0,0,1,1,1,0,1,1,0,1,1,0,Sometimes,Never,Sometimes,1,NA,NA,NA,NA,NA,NA,NA,NA,NA,NA,NA,NA,NA,NA,NA,NA,NA,NA,NA,NA,NA,NA,NA,NA,NA,NA,NA,NA,NA,NA,NA,NA,NA,NA,NA,NA,NA,NA,NA,NA,NA,NA,NA,NA,NA,NA,NA,NA,NA,NA,NA,NA,NA,NA,NA,NA,NA,NA,NA,NA,NA,NA,NA,NA,NA,NA,NA,NA,NA,NA,NA,NA,NA,NA,NA,NA,NA,NA,NA,NA,NA,NA,NA,NA,NA,NA,NA,NA,NA,NA,NA,NA,NA,NA,NA,NA,NA,NA,NA,NA,NA,NA,NA,NA,NA,NA,NA,NA,NA,NA,NA,NA,NA,NA,NA,NA,NA,NA,NA,NA,NA,NA,NA,NA,NA,NA,NA,NA,NA,NA,NA,NA,NA,NA,NA,NA,NA,NA,NA,NA,NA,NA,NA,NA,NA,NA,iPe98a0554a54d2e44,NA,NA,A,FALSE,TRUE,FALSE,FALSE,TRUE,FALSE,FALSE,0,3,1,28.316666666666663,0,0,0,1,0,0,0,90,100,90,90,80,90,90,90,90,90,90,90,80,80,90,90,90,90,90,90,90,90,90,100,50,50,80,90,50,90,90,90,90,100,90,90,90,90,60,90,90,90,80,80,90,80,90,90,90,90,90,90,90,90,90,90,90,90,90,90,90,90,90,90,90,NA,NA,NA,NA,NA,NA,NA,NA,NA,NA,NA,NA,NA,NA,NA,NA,NA,NA,NA,NA,NA,NA,NA,NA,NA,NA,NA,NA,NA,NA,NA,NA,NA,NA,NA,NA,NA,NA,NA,NA,NA,NA,NA,145,0,145,1,FALSE,FALSE,FALSE,FALSE,FALSE,FALSE,1,NA,NA,1,1,NA,NA,NA,NA,NA,NA,82.22222222222223,0.813220932646626,NA,NA,NA,NA,NA,NA,NA,NA,NA,NA,NA,NA,NA,NA,NA,NA,NA,NA,NA,NA,NA,NA,NA,TRUE,TRUE,No controls
100,1157,1,R_6CQwmoLEw8MzvPz,0,0,1,0,0,1,0,1,0,0,0,1,0,0,1,0,0,1,1,0,0,0,0,1,1,0,0,0,0,1,0,0,1,Never,Never,Never,1,NA,NA,NA,NA,NA,NA,NA,NA,NA,NA,NA,NA,NA,NA,NA,NA,NA,NA,NA,NA,NA,NA,NA,NA,NA,NA,NA,NA,NA,NA,NA,NA,NA,NA,NA,NA,NA,NA,NA,NA,NA,NA,NA,NA,NA,NA,NA,NA,NA,NA,NA,NA,NA,NA,NA,NA,NA,NA,NA,NA,NA,NA,NA,NA,NA,NA,NA,NA,NA,NA,NA,NA,NA,NA,NA,NA,NA,NA,NA,NA,NA,NA,NA,NA,NA,NA,NA,NA,NA,NA,NA,NA,NA,NA,NA,NA,NA,NA,NA,NA,NA,NA,NA,NA,NA,NA,NA,NA,NA,NA,NA,NA,NA,NA,NA,NA,NA,NA,NA,NA,NA,NA,NA,NA,NA,NA,NA,NA,NA,NA,NA,NA,NA,NA,NA,NA,NA,NA,NA,NA,NA,NA,NA,NA,NA,NA,iP160489e402fabdb0,NA,NA,C,FALSE,TRUE,FALSE,FALSE,TRUE,FALSE,FALSE,0,3,1,19.283333333333335,0,0,1,1,0,0,0,28,39,38,30,70,34,36,78,90,44,37,12,64,46,60,65,23,60,79,72,60,89,61,100,32,40,65,60,60,37,48,41,30,47,21,65,10,38,29,39,42,76,NA,NA,NA,NA,NA,NA,NA,NA,NA,NA,NA,NA,NA,NA,NA,NA,NA,NA,NA,NA,NA,NA,NA,NA,NA,NA,NA,NA,NA,NA,NA,NA,NA,NA,NA,NA,NA,NA,NA,NA,NA,NA,NA,NA,77,73,76,61,70,47,93,100,93,0,86,78,45,75,47,97,39,9,77,47,45,46,145,0,145,1,FALSE,FALSE,FALSE,FALSE,FALSE,FALSE,0,0,1,0,0,NA,NA,NA,NA,NA,NA,57.22222222222222,-0.4916212926797375,NA,NA,NA,NA,NA,NA,NA,NA,NA,NA,NA,NA,NA,NA,NA,NA,NA,NA,NA,NA,NA,NA,NA,TRUE,TRUE,No controls
100,238238,1,R_7Cr2K8PWOiOrOCz,NA,1,0,NA,0,1,1,0,0,0,1,0,0,1,0,1,0,0,0,0,1,1,0,0,1,0,0,0,1,0,1,0,0,Sometimes,Rarely,Sometimes,4,1,1,3,3,1,8,7,6,6,6,7,3,4,4,4,2,1,Purple,NA,NA,NA,NA,NA,NA,NA,NA,NA,NA,NA,NA,NA,NA,NA,NA,NA,NA,NA,NA,NA,NA,NA,NA,NA,NA,NA,NA,NA,NA,NA,NA,NA,NA,NA,NA,NA,NA,NA,NA,NA,NA,NA,NA,NA,NA,NA,NA,NA,NA,NA,NA,NA,NA,NA,NA,NA,NA,NA,NA,NA,NA,NA,NA,NA,NA,NA,NA,NA,NA,NA,NA,NA,NA,NA,NA,NA,NA,NA,NA,NA,NA,NA,NA,NA,NA,NA,NA,NA,NA,NA,NA,NA,NA,NA,NA,NA,NA,NA,NA,NA,NA,NA,NA,NA,NA,NA,NA,NA,NA,NA,NA,NA,NA,NA,NA,NA,NA,NA,NA,NA,NA,NA,NA,NA,NA,NA,NA,iP6fe708c77d33bc0e,NA,NA,C,TRUE,FALSE,TRUE,FALSE,TRUE,TRUE,FALSE,2,1,2,3970.633333333333,0,0,0,0,1,1,0,0,100,30,0,0,0,100,100,0,100,100,50,10,0,100,100,0,100,100,100,100,100,100,100,0,100,100,100,100,0,100,0,0,0,100,100,0,0,100,9,100,0,NA,NA,NA,NA,NA,NA,NA,NA,NA,NA,NA,NA,NA,NA,NA,NA,NA,NA,NA,NA,NA,NA,NA,NA,NA,NA,NA,NA,NA,NA,NA,NA,NA,NA,NA,NA,NA,NA,NA,NA,NA,NA,NA,NA,100,100,100,100,100,0,0,0,100,100,100,0,100,100,100,100,0,0,5,100,0,100,127,0,127,0,FALSE,FALSE,FALSE,FALSE,FALSE,FALSE,1,NA,NA,1,NA,NA,NA,NA,NA,NA,NA,67.77777777777777,0.05931209134694887,7,1,Rehab (1),2,3,2.5,3.25,NA,NA,NA,NA,NA,NA,NA,NA,NA,NA,NA,3,2,1,1,1,TRUE,TRUE,No controls
100,67554,1,R_7j9bkr0g8i5ZnZY,0,0,1,0,0,1,0,1,0,0,0,1,0,1,0,0,0,1,1,0,0,0,0,1,0,1,0,0,1,0,0,0,1,Rarely,Never,Rarely,1,NA,NA,NA,NA,NA,NA,NA,NA,NA,NA,NA,NA,NA,NA,NA,NA,NA,NA,NA,NA,NA,NA,NA,NA,NA,NA,NA,NA,NA,NA,NA,NA,NA,NA,NA,NA,NA,NA,NA,NA,NA,NA,NA,NA,NA,NA,NA,NA,NA,NA,NA,NA,NA,NA,NA,NA,NA,NA,NA,NA,NA,NA,NA,NA,NA,NA,NA,NA,NA,NA,NA,NA,NA,NA,NA,NA,NA,NA,NA,NA,NA,NA,NA,NA,NA,NA,NA,NA,NA,NA,NA,NA,NA,NA,NA,NA,NA,NA,NA,NA,NA,NA,NA,NA,NA,NA,NA,NA,NA,NA,NA,NA,NA,NA,NA,NA,NA,NA,NA,NA,NA,NA,NA,NA,NA,NA,NA,NA,NA,NA,NA,NA,NA,NA,NA,NA,NA,NA,NA,NA,NA,NA,NA,NA,NA,NA,iPab3c6ab86a74888f,NA,NA,B,FALSE,TRUE,FALSE,FALSE,TRUE,FALSE,FALSE,0,3,1,1125.9,0,0,0,0,1,1,0,50,51,51,51,50,50,0,50,50,25,25,50,50,50,51,51,50,49,83,50,50,75,51,100,0,0,50,50,0,50,50,50,25,50,51,94,30,50,33,50,30,49,NA,NA,NA,NA,NA,NA,NA,NA,NA,NA,NA,NA,NA,NA,NA,NA,NA,NA,NA,NA,NA,NA,NA,0,50,50,50,50,50,0,50,25,0,0,50,75,75,98,50,75,51,10,50,25,NA,NA,NA,NA,NA,NA,NA,NA,NA,NA,NA,NA,NA,NA,NA,NA,NA,NA,NA,NA,NA,NA,145,0,145,1,FALSE,FALSE,FALSE,FALSE,FALSE,FALSE,0,0,1,0,0,NA,NA,NA,NA,NA,NA,44.44444444444444,-1.1585406522909898,NA,NA,NA,NA,NA,NA,NA,NA,NA,NA,NA,NA,NA,NA,NA,NA,NA,NA,NA,NA,NA,NA,NA,TRUE,TRUE,No controls
100,903,1,R_1CNSEXrqZey7jyH,0,0,1,0,0,1,0,1,1,0,0,1,0,0,1,0,0,1,0,0,1,0,0,1,0,0,1,0,0,1,0,0,1,Never,Never,Never,4,-99,-99,-99,-99,-99,8,8,8,8,8,4,5,2.5,2.5,2.5,5,2.5,purple,3,3,3,6,6,6,6,6,6,6,3,3,3,3,3,3,3,3,5,5,5,5,5,5,-99,3,3,3,3,3,3,3,3,3,3,3,3,3,3,2,3,2,2,2,2,2,3,3,3,3,3,5,5,5,5,5,5,3,2,2,2,3,2,2,3,NA,3,2,3,2,3,3,3,2,NA,NA,5,5,4,6,6,6,4,5,6,3,1,0,0,1,0,0,4,NA,NA,3,1,0,0,0,0,0,0,0,-99,5,Christian,NA,4,1.265,2.719,3.541,2,2,0,1,0,0,-99,1,0,0,0,0,0,-99,1861,221,iPeec6742ef8aa952a,New York,Orange,C,TRUE,FALSE,TRUE,TRUE,TRUE,TRUE,TRUE,3,0,3,15.05,0,0,1,1,0,0,0,50,50,50,50,50,50,50,50,50,50,50,50,50,50,50,50,50,50,50,50,50,50,50,50,50,50,50,50,50,50,50,50,50,50,50,50,50,50,50,50,50,50,NA,NA,NA,NA,NA,NA,NA,NA,NA,NA,NA,NA,NA,NA,NA,NA,NA,NA,NA,NA,NA,NA,NA,NA,NA,NA,NA,NA,NA,NA,NA,NA,NA,NA,NA,NA,NA,NA,NA,NA,NA,NA,NA,NA,50,50,50,50,50,50,50,50,50,50,50,50,50,50,50,50,50,50,50,50,50,50,4,0,4,0,FALSE,FALSE,FALSE,FALSE,FALSE,FALSE,0,0,1,0,0,FALSE,0,0,0,0,1,50,-0.8685757133295756,4,4,Neutral (4),2.5,2.5,2.5,2.5,2,2,2,2,2,2,2,2,2.5,2.5,2.5,3,3,3,3,3,FALSE,TRUE,Some controls missing
100,553,1,R_5g882HhNIjMaQPo,1,NA,0,NA,0,1,1,0,0,1,0,0,1,0,0,0,0,1,0,0,1,0,0,1,1,0,0,0,0,1,0,0,1,Frequently,Never,Frequently,4,3,1,3,2,2,8,8,8,8,8,4,1,3,1,3,2,4,Purple,NA,NA,NA,NA,NA,NA,NA,NA,NA,NA,NA,NA,NA,NA,NA,NA,NA,NA,NA,NA,NA,NA,NA,NA,NA,NA,NA,NA,NA,NA,NA,NA,NA,NA,NA,NA,NA,NA,NA,NA,NA,NA,NA,NA,NA,NA,NA,NA,NA,NA,NA,NA,NA,NA,NA,NA,NA,NA,NA,NA,NA,NA,NA,NA,NA,NA,NA,NA,NA,NA,NA,NA,NA,NA,NA,NA,NA,NA,NA,NA,NA,NA,NA,NA,NA,NA,NA,NA,NA,NA,NA,NA,NA,NA,NA,NA,NA,NA,NA,NA,NA,NA,NA,NA,NA,NA,NA,NA,NA,NA,NA,NA,NA,NA,NA,NA,NA,NA,NA,NA,NA,NA,NA,NA,NA,NA,NA,NA,iPec9f53b702c862c3,NA,NA,A,TRUE,FALSE,TRUE,FALSE,TRUE,TRUE,FALSE,2,1,2,9.216666666666669,0,1,1,1,0,0,0,50,60,40,40,40,50,70,40,60,50,40,40,30,40,50,60,30,50,30,40,60,40,30,50,50,40,40,40,40,40,30,50,50,40,30,50,40,60,30,50,50,50,60,40,40,60,40,30,40,40,50,30,50,50,50,60,70,50,40,40,60,40,70,50,50,NA,NA,NA,NA,NA,NA,NA,NA,NA,NA,NA,NA,NA,NA,NA,NA,NA,NA,NA,NA,NA,NA,NA,NA,NA,NA,NA,NA,NA,NA,NA,NA,NA,NA,NA,NA,NA,NA,NA,NA,NA,NA,NA,127,0,127,0,FALSE,FALSE,FALSE,FALSE,FALSE,FALSE,1,1,NA,NA,NA,NA,NA,NA,NA,NA,NA,41.111111111111114,-1.3325196156678378,4,4,Neutral (4),4,3,3.5,2.75,NA,NA,NA,NA,NA,NA,NA,NA,NA,NA,NA,3,3,3,3,3,TRUE,TRUE,No controls
100,543,1,R_7CYHDwMfViQFZ4J,0,0,1,0,0,1,0,1,0,0,0,1,0,0,1,0,0,1,0,0,1,0,0,1,0,0,1,0,0,1,0,0,1,Rarely,Never,Never,4,2,2,2,2,2,9,10,10,10,10,3,3,3,2.5,3,2,2.5,Purple,NA,NA,NA,NA,NA,NA,NA,NA,NA,NA,NA,NA,NA,NA,NA,NA,NA,NA,NA,NA,NA,NA,NA,NA,NA,NA,NA,NA,NA,NA,NA,NA,NA,NA,NA,NA,NA,NA,NA,NA,NA,NA,NA,NA,NA,NA,NA,NA,NA,NA,NA,NA,NA,NA,NA,NA,NA,NA,NA,NA,NA,NA,NA,NA,NA,NA,NA,NA,NA,NA,NA,NA,NA,NA,NA,NA,NA,NA,NA,NA,NA,NA,NA,NA,NA,NA,NA,NA,NA,NA,NA,NA,NA,NA,NA,NA,NA,NA,NA,NA,NA,NA,NA,NA,NA,NA,NA,NA,NA,NA,NA,NA,NA,NA,NA,NA,NA,NA,NA,NA,NA,NA,NA,NA,NA,NA,NA,NA,iP42dd4b8d2a2ac0b9,NA,NA,B,TRUE,FALSE,TRUE,FALSE,TRUE,TRUE,FALSE,2,1,2,9.05,0,1,1,1,0,0,0,71,92,59,61,40,56,39,51,68,50,50,27,49,56,51,71,77,59,33,73,0,90,79,92,13,50,71,59,50,8,83,49,50,51,0,60,1,0,6,10,50,59,NA,NA,NA,NA,NA,NA,NA,NA,NA,NA,NA,NA,NA,NA,NA,NA,NA,NA,NA,NA,NA,NA,NA,50,0,66,50,50,0,50,6,54,40,0,11,43,84,91,82,64,46,51,34,27,NA,NA,NA,NA,NA,NA,NA,NA,NA,NA,NA,NA,NA,NA,NA,NA,NA,NA,NA,NA,NA,NA,127,0,127,0,FALSE,FALSE,FALSE,FALSE,FALSE,FALSE,0,0,1,0,0,NA,NA,NA,NA,NA,NA,62.77777777777778,-0.20165635371832336,3,5,Punish (5),2,3,2.5,2.75,NA,NA,NA,NA,NA,NA,NA,NA,NA,NA,NA,4,5,5,5,5,TRUE,TRUE,No controls
100,702,1,R_7fQbxUPLi0hfZ3U,0,0,1,0,0,1,0,0,1,0,0,1,0,0,1,0,0,1,0,0,1,0,0,1,1,0,0,0,0,1,0,0,1,Rarely,Never,Never,1,NA,NA,NA,NA,NA,NA,NA,NA,NA,NA,NA,NA,NA,NA,NA,NA,NA,NA,NA,NA,NA,NA,NA,NA,NA,NA,NA,NA,NA,NA,NA,NA,NA,NA,NA,NA,NA,NA,NA,NA,NA,NA,NA,NA,NA,NA,NA,NA,NA,NA,NA,NA,NA,NA,NA,NA,NA,NA,NA,NA,NA,NA,NA,NA,NA,NA,NA,NA,NA,NA,NA,NA,NA,NA,NA,NA,NA,NA,NA,NA,NA,NA,NA,NA,NA,NA,NA,NA,NA,NA,NA,NA,NA,NA,NA,NA,NA,NA,NA,NA,NA,NA,NA,NA,NA,NA,NA,NA,NA,NA,NA,NA,NA,NA,NA,NA,NA,NA,NA,NA,NA,NA,NA,NA,NA,NA,NA,NA,NA,NA,NA,NA,NA,NA,NA,NA,NA,NA,NA,NA,NA,NA,NA,NA,NA,NA,iPdda06fe5ff124a4c,NA,NA,B,FALSE,TRUE,FALSE,FALSE,TRUE,FALSE,FALSE,0,3,1,11.7,0,1,1,1,0,0,0,50,64,50,65,50,50,40,50,46,45,50,50,45,50,44,59,61,50,75,55,35,75,67,50,0,40,55,50,9,50,66,67,59,50,50,59,22,50,52,24,52,74,NA,NA,NA,NA,NA,NA,NA,NA,NA,NA,NA,NA,NA,NA,NA,NA,NA,NA,NA,NA,NA,NA,NA,50,50,64,50,50,32,40,50,51,38,0,55,80,76,69,77,87,71,45,50,40,NA,NA,NA,NA,NA,NA,NA,NA,NA,NA,NA,NA,NA,NA,NA,NA,NA,NA,NA,NA,NA,NA,145,0,145,1,FALSE,FALSE,FALSE,FALSE,FALSE,FALSE,0,0,1,0,0,NA,NA,NA,NA,NA,NA,48.22222222222222,-0.9613644937972282,NA,NA,NA,NA,NA,NA,NA,NA,NA,NA,NA,NA,NA,NA,NA,NA,NA,NA,NA,NA,NA,NA,NA,TRUE,TRUE,No controls
100,752,1,R_7dyuLRfaJDDWYfC,0,0,1,0,0,1,1,1,0,0,0,1,1,1,0,0,0,1,0,1,0,0,0,1,1,1,0,0,1,0,1,1,0,Sometimes,Rarely,Rarely,4,1,1,1,1,1,9,10,9,10,9,7,3,2.5,3,4,2,2.5,Purple,NA,NA,NA,NA,NA,NA,NA,NA,NA,NA,NA,NA,NA,NA,NA,NA,NA,NA,NA,NA,NA,NA,NA,NA,NA,NA,NA,NA,NA,NA,NA,NA,NA,NA,NA,NA,NA,NA,NA,NA,NA,NA,NA,NA,NA,NA,NA,NA,NA,NA,NA,NA,NA,NA,NA,NA,NA,NA,NA,NA,NA,NA,NA,NA,NA,NA,NA,NA,NA,NA,NA,NA,NA,NA,NA,NA,NA,NA,NA,NA,NA,NA,NA,NA,NA,NA,NA,NA,NA,NA,NA,NA,NA,NA,NA,NA,NA,NA,NA,NA,NA,NA,NA,NA,NA,NA,NA,NA,NA,NA,NA,NA,NA,NA,NA,NA,NA,NA,NA,NA,NA,NA,NA,NA,NA,NA,NA,NA,iP42de488c71f745a9,NA,NA,A,TRUE,FALSE,TRUE,FALSE,TRUE,TRUE,FALSE,2,1,2,12.533333333333331,0,1,1,1,0,0,0,100,100,100,100,100,100,100,100,80,100,100,100,100,100,80,100,100,100,80,100,50,100,100,100,80,100,100,100,100,80,100,100,100,100,0,50,50,0,30,40,100,100,100,100,100,100,100,90,100,100,100,100,100,100,100,100,100,100,80,100,100,100,100,100,100,NA,NA,NA,NA,NA,NA,NA,NA,NA,NA,NA,NA,NA,NA,NA,NA,NA,NA,NA,NA,NA,NA,NA,NA,NA,NA,NA,NA,NA,NA,NA,NA,NA,NA,NA,NA,NA,NA,NA,NA,NA,NA,NA,127,0,127,0,FALSE,FALSE,FALSE,FALSE,FALSE,FALSE,0,0,1,0,0,NA,NA,NA,NA,NA,NA,100,1.7411087373231504,7,1,Rehab (1),2,3,2.5,3,NA,NA,NA,NA,NA,NA,NA,NA,NA,NA,NA,4,5,4,5,4,TRUE,TRUE,No controls
100,570,1,R_6pEw3DhA2jCiSoM,1,NA,0,NA,0,1,0,1,0,1,0,0,1,0,0,0,0,1,0,0,1,0,0,1,1,0,0,0,0,1,0,0,1,Sometimes,Never,Rarely,1,NA,NA,NA,NA,NA,NA,NA,NA,NA,NA,NA,NA,NA,NA,NA,NA,NA,NA,NA,NA,NA,NA,NA,NA,NA,NA,NA,NA,NA,NA,NA,NA,NA,NA,NA,NA,NA,NA,NA,NA,NA,NA,NA,NA,NA,NA,NA,NA,NA,NA,NA,NA,NA,NA,NA,NA,NA,NA,NA,NA,NA,NA,NA,NA,NA,NA,NA,NA,NA,NA,NA,NA,NA,NA,NA,NA,NA,NA,NA,NA,NA,NA,NA,NA,NA,NA,NA,NA,NA,NA,NA,NA,NA,NA,NA,NA,NA,NA,NA,NA,NA,NA,NA,NA,NA,NA,NA,NA,NA,NA,NA,NA,NA,NA,NA,NA,NA,NA,NA,NA,NA,NA,NA,NA,NA,NA,NA,NA,NA,NA,NA,NA,NA,NA,NA,NA,NA,NA,NA,NA,NA,NA,NA,NA,NA,NA,iPd6fc15a18e8fe256,NA,NA,C,FALSE,TRUE,FALSE,FALSE,TRUE,FALSE,FALSE,0,3,1,9.5,0,1,1,1,0,0,0,100,100,13,100,100,100,100,100,100,25,100,0,100,100,100,100,100,92,100,100,0,100,100,100,100,100,100,0,0,100,100,100,18,0,100,100,50,100,7,100,100,100,NA,NA,NA,NA,NA,NA,NA,NA,NA,NA,NA,NA,NA,NA,NA,NA,NA,NA,NA,NA,NA,NA,NA,NA,NA,NA,NA,NA,NA,NA,NA,NA,NA,NA,NA,NA,NA,NA,NA,NA,NA,NA,NA,NA,100,100,100,100,8,100,100,100,100,0,100,0,100,100,58,100,100,100,100,100,100,100,145,0,145,1,FALSE,FALSE,FALSE,FALSE,FALSE,FALSE,1,1,NA,NA,NA,NA,NA,NA,NA,NA,NA,76.88888888888889,0.534854591243668,NA,NA,NA,NA,NA,NA,NA,NA,NA,NA,NA,NA,NA,NA,NA,NA,NA,NA,NA,NA,NA,NA,NA,TRUE,TRUE,No controls
100,748,1,R_5OcqSfpJbHSwPcu,0,0,1,0,1,0,0,0,1,0,1,0,1,1,0,0,0,1,0,0,1,0,0,1,1,1,0,1,1,0,0,0,1,Never,Never,Sometimes,4,2,2,2,1,4,9,7,9,10,9,2,1,3,2,1,1,2,Purple,NA,NA,NA,NA,NA,NA,NA,NA,NA,NA,NA,NA,NA,NA,NA,NA,NA,NA,NA,NA,NA,NA,NA,NA,NA,NA,NA,NA,NA,NA,NA,NA,NA,NA,NA,NA,NA,NA,NA,NA,NA,NA,NA,NA,NA,NA,NA,NA,NA,NA,NA,NA,NA,NA,NA,NA,NA,NA,NA,NA,NA,NA,NA,NA,NA,NA,NA,NA,NA,NA,NA,NA,NA,NA,NA,NA,NA,NA,NA,NA,NA,NA,NA,NA,NA,NA,NA,NA,NA,NA,NA,NA,NA,NA,NA,NA,NA,NA,NA,NA,NA,NA,NA,NA,NA,NA,NA,NA,NA,NA,NA,NA,NA,NA,NA,NA,NA,NA,NA,NA,NA,NA,NA,NA,NA,NA,NA,NA,iPf4aca5fea21242d6,NA,NA,C,TRUE,FALSE,TRUE,FALSE,TRUE,TRUE,FALSE,2,1,2,12.466666666666669,0,1,1,1,0,0,0,95,76,36,83,79,21,22,94,67,79,97,80,67,48,50,91,82,31,90,100,26,94,50,100,1,2,89,22,0,0,64,62,81,83,0,61,0,6,33,24,87,77,NA,NA,NA,NA,NA,NA,NA,NA,NA,NA,NA,NA,NA,NA,NA,NA,NA,NA,NA,NA,NA,NA,NA,NA,NA,NA,NA,NA,NA,NA,NA,NA,NA,NA,NA,NA,NA,NA,NA,NA,NA,NA,NA,NA,100,99,98,22,86,97,99,100,30,0,66,0,1,73,22,86,72,89,76,82,92,93,127,0,127,0,FALSE,FALSE,FALSE,FALSE,FALSE,FALSE,0,0,1,0,0,NA,NA,NA,NA,NA,NA,58.888888888888886,-0.4046318109913134,2,6,Punish (6),4,4,4,2,NA,NA,NA,NA,NA,NA,NA,NA,NA,NA,NA,4,2,4,5,4,TRUE,TRUE,No controls
100,759,1,R_7QiRo5VwhEo84jy,NA,1,0,NA,1,0,0,1,0,0,1,0,0,1,0,0,0,1,0,1,1,0,0,1,1,1,0,1,1,0,0,0,1,Rarely,Never,Rarely,4,1,1,1,1,1,10,10,10,10,10,7,1,4,4,4,2,3,"""Purple""",NA,NA,NA,NA,NA,NA,NA,NA,NA,NA,NA,NA,NA,NA,NA,NA,NA,NA,NA,NA,NA,NA,NA,NA,NA,NA,NA,NA,NA,NA,NA,NA,NA,NA,NA,NA,NA,NA,NA,NA,NA,NA,NA,NA,NA,NA,NA,NA,NA,NA,NA,NA,NA,NA,NA,NA,NA,NA,NA,NA,NA,NA,NA,NA,NA,NA,NA,NA,NA,NA,NA,NA,NA,NA,NA,NA,NA,NA,NA,NA,NA,NA,NA,NA,NA,NA,NA,NA,NA,NA,NA,NA,NA,NA,NA,NA,NA,NA,NA,NA,NA,NA,NA,NA,NA,NA,NA,NA,NA,NA,NA,NA,NA,NA,NA,NA,NA,NA,NA,NA,NA,NA,NA,NA,NA,NA,NA,NA,iPed8f1d406f35127a,NA,NA,A,TRUE,FALSE,TRUE,FALSE,TRUE,TRUE,FALSE,2,1,2,12.65,0,0,1,1,0,0,0,50,80,50,70,60,50,50,50,40,30,60,20,50,50,30,70,60,70,80,40,20,60,30,100,0,30,20,50,60,60,60,40,50,100,30,30,0,40,20,20,40,60,50,20,60,20,50,60,60,60,70,40,60,60,20,100,40,40,50,50,60,50,70,50,40,NA,NA,NA,NA,NA,NA,NA,NA,NA,NA,NA,NA,NA,NA,NA,NA,NA,NA,NA,NA,NA,NA,NA,NA,NA,NA,NA,NA,NA,NA,NA,NA,NA,NA,NA,NA,NA,NA,NA,NA,NA,NA,NA,127,0,127,0,FALSE,FALSE,FALSE,FALSE,FALSE,FALSE,1,NA,NA,1,NA,NA,NA,NA,NA,NA,NA,52.22222222222222,-0.75258973774501,7,1,Rehab (1),4,3,3.5,3.75,NA,NA,NA,NA,NA,NA,NA,NA,NA,NA,NA,5,5,5,5,5,TRUE,TRUE,No controls
100,883,1,R_1t4Nw2hQ5vZz9ZW,0,0,1,0,0,1,0,0,1,0,0,1,0,0,1,0,0,1,0,0,1,0,0,1,0,0,1,0,0,1,0,0,1,Never,Never,Never,4,1,1,1,1,1,8,9,9,9,9,6,5,2.5,3,3,5,3,purple,NA,NA,NA,NA,NA,NA,NA,NA,NA,NA,NA,NA,NA,NA,NA,NA,NA,NA,NA,NA,NA,NA,NA,NA,NA,NA,NA,NA,NA,NA,NA,NA,NA,NA,NA,NA,NA,NA,NA,NA,NA,NA,NA,NA,NA,NA,NA,NA,NA,NA,NA,NA,NA,NA,NA,NA,NA,NA,NA,NA,NA,NA,NA,NA,NA,NA,NA,NA,NA,NA,NA,NA,NA,NA,NA,NA,NA,NA,NA,NA,NA,NA,NA,NA,NA,NA,NA,NA,NA,NA,NA,NA,NA,NA,NA,NA,NA,NA,NA,NA,NA,NA,NA,NA,NA,NA,NA,NA,NA,NA,NA,NA,NA,NA,NA,NA,NA,NA,NA,NA,NA,NA,NA,NA,NA,NA,NA,NA,iP06dfefb501ae283d,NA,NA,A,TRUE,FALSE,TRUE,FALSE,TRUE,TRUE,FALSE,2,1,2,14.716666666666669,0,0,1,1,0,0,0,70,70,70,70,70,70,70,70,70,80,70,70,70,70,70,70,70,70,70,70,70,70,70,80,70,70,70,70,70,70,70,70,60,70,70,70,70,60,70,60,70,70,70,70,70,70,70,70,70,70,70,70,70,70,70,70,70,70,70,70,70,70,70,70,70,NA,NA,NA,NA,NA,NA,NA,NA,NA,NA,NA,NA,NA,NA,NA,NA,NA,NA,NA,NA,NA,NA,NA,NA,NA,NA,NA,NA,NA,NA,NA,NA,NA,NA,NA,NA,NA,NA,NA,NA,NA,NA,NA,127,0,127,0,FALSE,FALSE,FALSE,FALSE,FALSE,FALSE,0,0,1,0,0,NA,NA,NA,NA,NA,NA,70,0.1752980669315148,6,2,Rehab (2),2.5,2.5,2.5,2.875,NA,NA,NA,NA,NA,NA,NA,NA,NA,NA,NA,3,4,4,4,4,TRUE,TRUE,No controls
100,937,1,R_61AbNYwtezCJtul,NA,1,0,1,0,0,1,0,0,1,0,0,1,0,0,0,0,1,0,0,1,0,1,0,1,0,0,1,0,0,0,1,0,Frequently,Sometimes,Frequently,4,1,2,1,1,2,8,8,9,9,9,4,2,4,4,4,2,4,Purple,NA,NA,NA,NA,NA,NA,NA,NA,NA,NA,NA,NA,NA,NA,NA,NA,NA,NA,NA,NA,NA,NA,NA,NA,NA,NA,NA,NA,NA,NA,NA,NA,NA,NA,NA,NA,NA,NA,NA,NA,NA,NA,NA,NA,NA,NA,NA,NA,NA,NA,NA,NA,NA,NA,NA,NA,NA,NA,NA,NA,NA,NA,NA,NA,NA,NA,NA,NA,NA,NA,NA,NA,NA,NA,NA,NA,NA,NA,NA,NA,NA,NA,NA,NA,NA,NA,NA,NA,NA,NA,NA,NA,NA,NA,NA,NA,NA,NA,NA,NA,NA,NA,NA,NA,NA,NA,NA,NA,NA,NA,NA,NA,NA,NA,NA,NA,NA,NA,NA,NA,NA,NA,NA,NA,NA,NA,NA,NA,iP7cccff13ace4f0c8,NA,NA,A,TRUE,FALSE,TRUE,FALSE,TRUE,TRUE,FALSE,2,1,2,15.616666666666667,0,0,1,1,0,0,0,80,90,80,90,70,80,80,80,80,80,70,90,90,80,80,90,90,80,80,90,70,80,80,80,80,70,80,80,90,80,90,90,80,60,100,100,80,80,80,70,90,80,70,80,80,80,90,90,80,80,70,80,80,90,90,90,70,80,90,80,80,70,80,80,90,NA,NA,NA,NA,NA,NA,NA,NA,NA,NA,NA,NA,NA,NA,NA,NA,NA,NA,NA,NA,NA,NA,NA,NA,NA,NA,NA,NA,NA,NA,NA,NA,NA,NA,NA,NA,NA,NA,NA,NA,NA,NA,NA,127,0,127,0,FALSE,FALSE,FALSE,FALSE,FALSE,FALSE,1,NA,NA,1,1,NA,NA,NA,NA,NA,NA,85.55555555555556,0.987199896023474,4,4,Neutral (4),3,3,3,4,NA,NA,NA,NA,NA,NA,NA,NA,NA,NA,NA,3,3,4,4,4,TRUE,TRUE,No controls
100,1090,1,R_5g6CxXMyNeSbA56,0,0,1,0,0,1,0,1,0,0,0,1,0,0,1,0,0,1,0,0,1,0,0,1,1,0,0,1,1,0,0,0,1,Never,Rarely,Rarely,1,NA,NA,NA,NA,NA,NA,NA,NA,NA,NA,NA,NA,NA,NA,NA,NA,NA,NA,NA,NA,NA,NA,NA,NA,NA,NA,NA,NA,NA,NA,NA,NA,NA,NA,NA,NA,NA,NA,NA,NA,NA,NA,NA,NA,NA,NA,NA,NA,NA,NA,NA,NA,NA,NA,NA,NA,NA,NA,NA,NA,NA,NA,NA,NA,NA,NA,NA,NA,NA,NA,NA,NA,NA,NA,NA,NA,NA,NA,NA,NA,NA,NA,NA,NA,NA,NA,NA,NA,NA,NA,NA,NA,NA,NA,NA,NA,NA,NA,NA,NA,NA,NA,NA,NA,NA,NA,NA,NA,NA,NA,NA,NA,NA,NA,NA,NA,NA,NA,NA,NA,NA,NA,NA,NA,NA,NA,NA,NA,NA,NA,NA,NA,NA,NA,NA,NA,NA,NA,NA,NA,NA,NA,NA,NA,NA,NA,iPa93ad987f757d43c,NA,NA,B,FALSE,TRUE,FALSE,FALSE,TRUE,FALSE,FALSE,0,3,1,18.166666666666668,0,0,1,1,0,0,0,50,90,50,50,50,50,50,70,80,80,85,85,90,85,80,90,95,90,50,90,50,90,90,100,50,70,90,85,70,49,85,81,90,100,50,70,50,50,50,80,85,90,NA,NA,NA,NA,NA,NA,NA,NA,NA,NA,NA,NA,NA,NA,NA,NA,NA,NA,NA,NA,NA,NA,NA,90,50,50,71,50,50,81,50,50,25,25,80,85,100,100,90,80,85,50,50,85,NA,NA,NA,NA,NA,NA,NA,NA,NA,NA,NA,NA,NA,NA,NA,NA,NA,NA,NA,NA,NA,NA,145,0,145,1,FALSE,FALSE,FALSE,FALSE,FALSE,FALSE,0,0,1,0,0,NA,NA,NA,NA,NA,NA,87.22222222222223,1.0741893777118985,NA,NA,NA,NA,NA,NA,NA,NA,NA,NA,NA,NA,NA,NA,NA,NA,NA,NA,NA,NA,NA,NA,NA,TRUE,TRUE,No controls
100,1168,1,R_1OOW3jZuJYlUtDT,1,NA,0,NA,0,1,0,0,1,0,0,1,0,0,1,0,1,0,0,1,0,1,0,0,0,0,1,0,0,1,0,0,1,Rarely,Rarely,Sometimes,4,2,2,1,1,1,8,8,10,8,9,4,2,4,3,3,1,2,Purple,NA,NA,NA,NA,NA,NA,NA,NA,NA,NA,NA,NA,NA,NA,NA,NA,NA,NA,NA,NA,NA,NA,NA,NA,NA,NA,NA,NA,NA,NA,NA,NA,NA,NA,NA,NA,NA,NA,NA,NA,NA,NA,NA,NA,NA,NA,NA,NA,NA,NA,NA,NA,NA,NA,NA,NA,NA,NA,NA,NA,NA,NA,NA,NA,NA,NA,NA,NA,NA,NA,NA,NA,NA,NA,NA,NA,NA,NA,NA,NA,NA,NA,NA,NA,NA,NA,NA,NA,NA,NA,NA,NA,NA,NA,NA,NA,NA,NA,NA,NA,NA,NA,NA,NA,NA,NA,NA,NA,NA,NA,NA,NA,NA,NA,NA,NA,NA,NA,NA,NA,NA,NA,NA,NA,NA,NA,NA,NA,iPa7622329934160a6,NA,NA,C,TRUE,FALSE,TRUE,FALSE,TRUE,TRUE,FALSE,2,1,2,19.466666666666665,0,0,1,1,0,0,0,50,65,50,17,52,50,50,50,50,50,1,50,15,30,70,50,71,20,65,50,40,90,50,80,2,20,36,70,45,50,90,50,50,45,20,50,35,20,35,30,50,50,NA,NA,NA,NA,NA,NA,NA,NA,NA,NA,NA,NA,NA,NA,NA,NA,NA,NA,NA,NA,NA,NA,NA,NA,NA,NA,NA,NA,NA,NA,NA,NA,NA,NA,NA,NA,NA,NA,NA,NA,NA,NA,NA,NA,70,84,75,50,90,90,65,50,50,0,85,0,40,60,50,75,75,10,50,35,50,50,127,0,127,0,FALSE,FALSE,FALSE,FALSE,FALSE,FALSE,1,1,NA,NA,NA,NA,NA,NA,NA,NA,NA,43,-1.233931536420957,4,4,Neutral (4),3,4,3.5,3,NA,NA,NA,NA,NA,NA,NA,NA,NA,NA,NA,3,3,5,3,4,TRUE,TRUE,No controls
100,681,1,R_55Mj3ZPfeQpdip4,0,0,1,0,0,1,1,1,0,0,0,1,1,1,0,0,0,1,0,0,1,0,0,1,0,0,1,0,0,1,0,0,1,Never,Never,Sometimes,4,1,1,1,1,1,10,10,10,10,10,7,5,4,4,4,5,4,purple,NA,NA,NA,NA,NA,NA,NA,NA,NA,NA,NA,NA,NA,NA,NA,NA,NA,NA,NA,NA,NA,NA,NA,NA,NA,NA,NA,NA,NA,NA,NA,NA,NA,NA,NA,NA,NA,NA,NA,NA,NA,NA,NA,NA,NA,NA,NA,NA,NA,NA,NA,NA,NA,NA,NA,NA,NA,NA,NA,NA,NA,NA,NA,NA,NA,NA,NA,NA,NA,NA,NA,NA,NA,NA,NA,NA,NA,NA,NA,NA,NA,NA,NA,NA,NA,NA,NA,NA,NA,NA,NA,NA,NA,NA,NA,NA,NA,NA,NA,NA,NA,NA,NA,NA,NA,NA,NA,NA,NA,NA,NA,NA,NA,NA,NA,NA,NA,NA,NA,NA,NA,NA,NA,NA,NA,NA,NA,NA,iP2b476fea88eb5ed0,NA,NA,B,TRUE,FALSE,TRUE,FALSE,TRUE,TRUE,FALSE,2,1,2,11.35,0,1,1,1,0,0,0,100,72,87,94,87,88,50,84,100,78,89,75,95,100,70,97,98,95,80,100,79,74,83,87,50,50,100,82,95,66,94,85,86,100,72,98,75,71,75,71,78,57,NA,NA,NA,NA,NA,NA,NA,NA,NA,NA,NA,NA,NA,NA,NA,NA,NA,NA,NA,NA,NA,NA,NA,79,100,98,80,86,50,80,50,75,76,69,71,92,100,98,94,100,66,79,71,69,NA,NA,NA,NA,NA,NA,NA,NA,NA,NA,NA,NA,NA,NA,NA,NA,NA,NA,NA,NA,NA,NA,127,0,127,0,FALSE,FALSE,FALSE,FALSE,FALSE,FALSE,0,0,1,0,0,NA,NA,NA,NA,NA,NA,95.77777777777776,1.5207353837124755,7,1,Rehab (1),2.5,2.5,2.5,4,NA,NA,NA,NA,NA,NA,NA,NA,NA,NA,NA,5,5,5,5,5,TRUE,TRUE,No controls
100,588,1,R_71hCwENYjRY6Jvk,0,0,1,0,0,1,0,0,1,0,0,1,0,0,1,0,0,1,1,1,0,0,0,1,0,0,1,0,0,1,0,0,1,Sometimes,Never,Rarely,4,1,1,2,1,2,8,8,9,10,9,4,5,3,3,3,2,3,purple,NA,NA,NA,NA,NA,NA,NA,NA,NA,NA,NA,NA,NA,NA,NA,NA,NA,NA,NA,NA,NA,NA,NA,NA,NA,NA,NA,NA,NA,NA,NA,NA,NA,NA,NA,NA,NA,NA,NA,NA,NA,NA,NA,NA,NA,NA,NA,NA,NA,NA,NA,NA,NA,NA,NA,NA,NA,NA,NA,NA,NA,NA,NA,NA,NA,NA,NA,NA,NA,NA,NA,NA,NA,NA,NA,NA,NA,NA,NA,NA,NA,NA,NA,NA,NA,NA,NA,NA,NA,NA,NA,NA,NA,NA,NA,NA,NA,NA,NA,NA,NA,NA,NA,NA,NA,NA,NA,NA,NA,NA,NA,NA,NA,NA,NA,NA,NA,NA,NA,NA,NA,NA,NA,NA,NA,NA,NA,NA,iPace250674e4112e7,NA,NA,B,TRUE,FALSE,TRUE,FALSE,TRUE,TRUE,FALSE,2,1,2,9.8,0,1,1,1,0,0,0,50,50,50,71,50,62,41,71,50,37,23,19,59,57,64,50,50,50,73,66,32,99,63,100,0,25,68,77,26,50,100,31,50,50,7,50,62,50,10,2,69,69,NA,NA,NA,NA,NA,NA,NA,NA,NA,NA,NA,NA,NA,NA,NA,NA,NA,NA,NA,NA,NA,NA,NA,41,50,61,50,61,7,37,39,50,27,14,34,74,100,99,95,64,42,58,61,40,NA,NA,NA,NA,NA,NA,NA,NA,NA,NA,NA,NA,NA,NA,NA,NA,NA,NA,NA,NA,NA,NA,127,0,127,0,FALSE,FALSE,FALSE,FALSE,FALSE,FALSE,0,0,1,0,0,NA,NA,NA,NA,NA,NA,55.888888888888886,-0.5612128780304769,4,4,Neutral (4),2.5,3,2.75,3,NA,NA,NA,NA,NA,NA,NA,NA,NA,NA,NA,3,3,4,5,4,TRUE,TRUE,No controls
100,1367,1,R_7PZkgIkAVoMj1W0,0,0,1,0,0,1,1,1,0,0,0,1,1,0,0,0,0,1,0,0,1,0,0,1,0,0,1,0,0,1,0,0,1,Never,Never,Rarely,1,NA,NA,NA,NA,NA,NA,NA,NA,NA,NA,NA,NA,NA,NA,NA,NA,NA,NA,NA,NA,NA,NA,NA,NA,NA,NA,NA,NA,NA,NA,NA,NA,NA,NA,NA,NA,NA,NA,NA,NA,NA,NA,NA,NA,NA,NA,NA,NA,NA,NA,NA,NA,NA,NA,NA,NA,NA,NA,NA,NA,NA,NA,NA,NA,NA,NA,NA,NA,NA,NA,NA,NA,NA,NA,NA,NA,NA,NA,NA,NA,NA,NA,NA,NA,NA,NA,NA,NA,NA,NA,NA,NA,NA,NA,NA,NA,NA,NA,NA,NA,NA,NA,NA,NA,NA,NA,NA,NA,NA,NA,NA,NA,NA,NA,NA,NA,NA,NA,NA,NA,NA,NA,NA,NA,NA,NA,NA,NA,NA,NA,NA,NA,NA,NA,NA,NA,NA,NA,NA,NA,NA,NA,NA,NA,NA,NA,iPc6df11824f9b0aa5,NA,NA,B,FALSE,TRUE,FALSE,FALSE,TRUE,FALSE,FALSE,0,3,1,22.783333333333335,0,0,0,1,0,0,0,100,100,100,50,100,50,100,100,100,0,0,0,100,100,100,100,100,0,100,100,100,100,100,100,100,100,100,0,0,100,100,100,0,0,100,100,100,100,40,50,100,100,NA,NA,NA,NA,NA,NA,NA,NA,NA,NA,NA,NA,NA,NA,NA,NA,NA,NA,NA,NA,NA,NA,NA,50,100,50,50,50,100,100,0,0,50,50,100,100,100,100,100,90,100,50,100,100,NA,NA,NA,NA,NA,NA,NA,NA,NA,NA,NA,NA,NA,NA,NA,NA,NA,NA,NA,NA,NA,NA,145,0,145,1,FALSE,FALSE,FALSE,FALSE,FALSE,FALSE,0,0,1,0,0,NA,NA,NA,NA,NA,NA,66.66666666666667,0.00131910355466664,NA,NA,NA,NA,NA,NA,NA,NA,NA,NA,NA,NA,NA,NA,NA,NA,NA,NA,NA,NA,NA,NA,NA,TRUE,TRUE,No controls
100,862,1,R_5n8W6XiGN7MnShh,NA,1,0,NA,0,1,0,1,0,0,0,1,0,1,0,0,0,1,0,0,1,0,1,0,0,0,1,0,1,0,0,0,1,Rarely,Rarely,Rarely,4,1,1,1,1,1,8,8,9,10,10,3,5,2,2,2,5,2.5,Purple,NA,NA,NA,NA,NA,NA,NA,NA,NA,NA,NA,NA,NA,NA,NA,NA,NA,NA,NA,NA,NA,NA,NA,NA,NA,NA,NA,NA,NA,NA,NA,NA,NA,NA,NA,NA,NA,NA,NA,NA,NA,NA,NA,NA,NA,NA,NA,NA,NA,NA,NA,NA,NA,NA,NA,NA,NA,NA,NA,NA,NA,NA,NA,NA,NA,NA,NA,NA,NA,NA,NA,NA,NA,NA,NA,NA,NA,NA,NA,NA,NA,NA,NA,NA,NA,NA,NA,NA,NA,NA,NA,NA,NA,NA,NA,NA,NA,NA,NA,NA,NA,NA,NA,NA,NA,NA,NA,NA,NA,NA,NA,NA,NA,NA,NA,NA,NA,NA,NA,NA,NA,NA,NA,NA,NA,NA,NA,NA,iPa9138ee6c4e19a3f,NA,NA,A,TRUE,FALSE,TRUE,FALSE,TRUE,TRUE,FALSE,2,1,2,14.366666666666667,0,0,1,1,0,0,0,50,50,50,50,50,50,50,60,50,50,50,50,50,40,50,50,90,80,50,60,40,50,50,90,20,50,50,50,10,50,50,50,30,50,50,30,70,40,40,50,50,50,60,50,60,40,50,60,50,40,30,50,50,50,90,40,30,50,50,50,40,50,50,50,40,NA,NA,NA,NA,NA,NA,NA,NA,NA,NA,NA,NA,NA,NA,NA,NA,NA,NA,NA,NA,NA,NA,NA,NA,NA,NA,NA,NA,NA,NA,NA,NA,NA,NA,NA,NA,NA,NA,NA,NA,NA,NA,NA,127,0,127,0,FALSE,FALSE,FALSE,FALSE,FALSE,FALSE,1,NA,NA,1,NA,NA,NA,NA,NA,NA,NA,53.333333333333336,-0.6945967499527271,3,5,Punish (5),2.5,2.5,2.5,2.125,NA,NA,NA,NA,NA,NA,NA,NA,NA,NA,NA,3,3,4,5,5,TRUE,TRUE,No controls
100,670,1,R_5DT59Avet9SHiJX,NA,1,0,NA,0,1,0,0,1,0,0,1,0,0,1,0,0,1,1,1,0,0,0,1,0,1,0,0,1,0,0,0,1,Never,Never,Never,1,NA,NA,NA,NA,NA,NA,NA,NA,NA,NA,NA,NA,NA,NA,NA,NA,NA,NA,NA,NA,NA,NA,NA,NA,NA,NA,NA,NA,NA,NA,NA,NA,NA,NA,NA,NA,NA,NA,NA,NA,NA,NA,NA,NA,NA,NA,NA,NA,NA,NA,NA,NA,NA,NA,NA,NA,NA,NA,NA,NA,NA,NA,NA,NA,NA,NA,NA,NA,NA,NA,NA,NA,NA,NA,NA,NA,NA,NA,NA,NA,NA,NA,NA,NA,NA,NA,NA,NA,NA,NA,NA,NA,NA,NA,NA,NA,NA,NA,NA,NA,NA,NA,NA,NA,NA,NA,NA,NA,NA,NA,NA,NA,NA,NA,NA,NA,NA,NA,NA,NA,NA,NA,NA,NA,NA,NA,NA,NA,NA,NA,NA,NA,NA,NA,NA,NA,NA,NA,NA,NA,NA,NA,NA,NA,NA,NA,iP3717081ec749c98f,NA,NA,A,FALSE,TRUE,FALSE,FALSE,TRUE,FALSE,FALSE,0,3,1,11.166666666666666,0,1,1,1,0,0,0,80,80,80,80,60,80,60,90,80,NA,80,80,80,80,90,90,100,70,70,80,20,90,80,100,20,20,90,80,10,70,70,90,90,100,10,30,10,0,20,0,30,100,70,50,90,80,30,50,80,50,100,80,80,10,90,80,70,20,70,60,40,70,90,80,80,NA,NA,NA,NA,NA,NA,NA,NA,NA,NA,NA,NA,NA,NA,NA,NA,NA,NA,NA,NA,NA,NA,NA,NA,NA,NA,NA,NA,NA,NA,NA,NA,NA,NA,NA,NA,NA,NA,NA,NA,NA,NA,NA,146,0,146,1,FALSE,FALSE,FALSE,FALSE,FALSE,FALSE,1,NA,NA,1,NA,NA,NA,NA,NA,NA,NA,75.55555555555556,0.4652630058929289,NA,NA,NA,NA,NA,NA,NA,NA,NA,NA,NA,NA,NA,NA,NA,NA,NA,NA,NA,NA,NA,NA,NA,TRUE,TRUE,No controls
100,860,1,R_3fZAO5YJsgdaxi1,NA,1,0,NA,1,0,0,1,0,0,1,0,0,1,0,0,0,1,0,1,0,0,0,1,0,1,0,0,0,1,0,0,1,Never,Never,Rarely,4,1,1,1,1,2,10,10,10,10,10,7,3,1,3,3,3,4,Purple,NA,NA,NA,NA,NA,NA,NA,NA,NA,NA,NA,NA,NA,NA,NA,NA,NA,NA,NA,NA,NA,NA,NA,NA,NA,NA,NA,NA,NA,NA,NA,NA,NA,NA,NA,NA,NA,NA,NA,NA,NA,NA,NA,NA,NA,NA,NA,NA,NA,NA,NA,NA,NA,NA,NA,NA,NA,NA,NA,NA,NA,NA,NA,NA,NA,NA,NA,NA,NA,NA,NA,NA,NA,NA,NA,NA,NA,NA,NA,NA,NA,NA,NA,NA,NA,NA,NA,NA,NA,NA,NA,NA,NA,NA,NA,NA,NA,NA,NA,NA,NA,NA,NA,NA,NA,NA,NA,NA,NA,NA,NA,NA,NA,NA,NA,NA,NA,NA,NA,NA,NA,NA,NA,NA,NA,NA,NA,NA,iP7e44c063b420de7b,NA,NA,C,TRUE,FALSE,TRUE,FALSE,TRUE,TRUE,FALSE,2,1,2,14.333333333333334,0,0,1,1,0,0,0,75,68,67,71,67,67,62,67,77,76,78,75,70,76,77,60,76,82,76,70,70,70,74,69,68,76,76,59,75,100,69,64,77,75,61,64,68,79,68,68,73,76,NA,NA,NA,NA,NA,NA,NA,NA,NA,NA,NA,NA,NA,NA,NA,NA,NA,NA,NA,NA,NA,NA,NA,NA,NA,NA,NA,NA,NA,NA,NA,NA,NA,NA,NA,NA,NA,NA,NA,NA,NA,NA,NA,NA,69,74,74,72,83,75,62,76,80,76,75,74,69,67,74,78,71,80,69,78,66,65,127,0,127,0,FALSE,FALSE,FALSE,FALSE,FALSE,FALSE,1,NA,NA,1,NA,NA,NA,NA,NA,NA,NA,71.55555555555556,0.25648824984071084,7,1,Rehab (1),2,2,2,2.75,NA,NA,NA,NA,NA,NA,NA,NA,NA,NA,NA,5,5,5,5,5,TRUE,TRUE,No controls
100,2179,1,R_5NeqTFRnm8bBx52,0,0,1,0,0,1,0,0,1,0,0,1,0,0,1,0,0,1,0,1,0,0,0,1,0,1,1,0,0,1,0,0,1,Never,Never,Rarely,1,NA,NA,NA,NA,NA,NA,NA,NA,NA,NA,NA,NA,NA,NA,NA,NA,NA,NA,NA,NA,NA,NA,NA,NA,NA,NA,NA,NA,NA,NA,NA,NA,NA,NA,NA,NA,NA,NA,NA,NA,NA,NA,NA,NA,NA,NA,NA,NA,NA,NA,NA,NA,NA,NA,NA,NA,NA,NA,NA,NA,NA,NA,NA,NA,NA,NA,NA,NA,NA,NA,NA,NA,NA,NA,NA,NA,NA,NA,NA,NA,NA,NA,NA,NA,NA,NA,NA,NA,NA,NA,NA,NA,NA,NA,NA,NA,NA,NA,NA,NA,NA,NA,NA,NA,NA,NA,NA,NA,NA,NA,NA,NA,NA,NA,NA,NA,NA,NA,NA,NA,NA,NA,NA,NA,NA,NA,NA,NA,NA,NA,NA,NA,NA,NA,NA,NA,NA,NA,NA,NA,NA,NA,NA,NA,NA,NA,iPb204ee80095ff9c0,NA,NA,C,FALSE,TRUE,FALSE,FALSE,TRUE,FALSE,FALSE,0,3,1,36.31666666666667,0,0,0,0,0,0,0,93,88,81,85,87,74,52,79,72,25,96,91,63,61,100,79,61,42,50,87,25,100,24,98,3,32,22,69,73,68,77,77,71,50,40,77,4,42,26,22,69,80,NA,NA,NA,NA,NA,NA,NA,NA,NA,NA,NA,NA,NA,NA,NA,NA,NA,NA,NA,NA,NA,NA,NA,NA,NA,NA,NA,NA,NA,NA,NA,NA,NA,NA,NA,NA,NA,NA,NA,NA,NA,NA,NA,NA,100,100,89,68,75,94,85,94,88,17,73,8,45,84,75,75,89,73,72,85,75,89,145,0,145,1,FALSE,FALSE,FALSE,FALSE,FALSE,FALSE,0,0,1,0,0,NA,NA,NA,NA,NA,NA,61.888888888888886,-0.24805074395214985,NA,NA,NA,NA,NA,NA,NA,NA,NA,NA,NA,NA,NA,NA,NA,NA,NA,NA,NA,NA,NA,NA,NA,TRUE,TRUE,No controls
100,798,1,R_1IRvuS0Zu35wY0h,1,1,0,NA,0,1,0,0,1,0,0,1,0,0,1,0,0,1,0,1,0,0,1,0,1,1,0,1,1,0,0,0,1,Frequently,Frequently,Frequently,4,1,-99,2,2,3,8,10,10,10,10,6,5,1,2,1,5,3,purple,NA,NA,NA,NA,NA,NA,NA,NA,NA,NA,NA,NA,NA,NA,NA,NA,NA,NA,NA,NA,NA,NA,NA,NA,NA,NA,NA,NA,NA,NA,NA,NA,NA,NA,NA,NA,NA,NA,NA,NA,NA,NA,NA,NA,NA,NA,NA,NA,NA,NA,NA,NA,NA,NA,NA,NA,NA,NA,NA,NA,NA,NA,NA,NA,NA,NA,NA,NA,NA,NA,NA,NA,NA,NA,NA,NA,NA,NA,NA,NA,NA,NA,NA,NA,NA,NA,NA,NA,NA,NA,NA,NA,NA,NA,NA,NA,NA,NA,NA,NA,NA,NA,NA,NA,NA,NA,NA,NA,NA,NA,NA,NA,NA,NA,NA,NA,NA,NA,NA,NA,NA,NA,NA,NA,NA,NA,NA,NA,iP4fb05c53da8f6c90,NA,NA,B,TRUE,FALSE,TRUE,FALSE,TRUE,TRUE,FALSE,2,1,2,13.3,0,0,1,1,0,0,0,50,87,50,50,49,50,51,49,50,50,69,50,50,51,62,51,62,50,12,73,17,50,100,60,38,35,92,50,50,50,49,49,37,51,21,19,18,3,8,7,50,49,NA,NA,NA,NA,NA,NA,NA,NA,NA,NA,NA,NA,NA,NA,NA,NA,NA,NA,NA,NA,NA,NA,NA,50,4,50,50,50,0,50,0,50,50,0,26,49,59,50,96,50,36,57,24,51,NA,NA,NA,NA,NA,NA,NA,NA,NA,NA,NA,NA,NA,NA,NA,NA,NA,NA,NA,NA,NA,NA,127,0,127,0,FALSE,FALSE,FALSE,FALSE,FALSE,FALSE,1,1,0,1,NA,NA,NA,NA,NA,NA,NA,58.77777777777778,-0.4104311097705415,6,2,Rehab (2),2.5,2.5,2.5,1.75,NA,NA,NA,NA,NA,NA,NA,NA,NA,NA,NA,3,5,5,5,5,TRUE,TRUE,No controls
100,2961,1,R_3gGXiAYuOdkNKUy,NA,NA,1,1,0,0,1,0,0,0,0,1,1,0,0,0,1,0,0,0,1,0,0,1,0,0,1,0,0,1,0,0,1,Sometimes,Sometimes,Sometimes,4,1,1,1,1,1,8,10,10,10,9,7,2,3,3,3,2,3,purple,NA,NA,NA,NA,NA,NA,NA,NA,NA,NA,NA,NA,NA,NA,NA,NA,NA,NA,NA,NA,NA,NA,NA,NA,NA,NA,NA,NA,NA,NA,NA,NA,NA,NA,NA,NA,NA,NA,NA,NA,NA,NA,NA,NA,NA,NA,NA,NA,NA,NA,NA,NA,NA,NA,NA,NA,NA,NA,NA,NA,NA,NA,NA,NA,NA,NA,NA,NA,NA,NA,NA,NA,NA,NA,NA,NA,NA,NA,NA,NA,NA,NA,NA,NA,NA,NA,NA,NA,NA,NA,NA,NA,NA,NA,NA,NA,NA,NA,NA,NA,NA,NA,NA,NA,NA,NA,NA,NA,NA,NA,NA,NA,NA,NA,NA,NA,NA,NA,NA,NA,NA,NA,NA,NA,NA,NA,NA,NA,iP8c028dd81281ae00,NA,NA,C,TRUE,FALSE,TRUE,FALSE,TRUE,TRUE,FALSE,2,1,2,49.35,0,0,0,0,0,0,0,30,95,71,60,100,62,16,50,51,66,99,100,51,46,29,100,100,35,50,64,50,99,55,100,39,63,1,50,20,3,50,50,72,55,7,25,52,5,20,30,41,55,NA,NA,NA,NA,NA,NA,NA,NA,NA,NA,NA,NA,NA,NA,NA,NA,NA,NA,NA,NA,NA,NA,NA,NA,NA,NA,NA,NA,NA,NA,NA,NA,NA,NA,NA,NA,NA,NA,NA,NA,NA,NA,NA,NA,50,50,57,50,60,52,100,68,75,0,30,20,42,59,34,21,6,50,50,20,65,35,127,0,127,0,FALSE,FALSE,FALSE,FALSE,FALSE,FALSE,1,NA,1,NA,1,NA,NA,NA,NA,NA,NA,51.888888888888886,-0.769987634082695,7,1,Rehab (1),3,3,3,3,NA,NA,NA,NA,NA,NA,NA,NA,NA,NA,NA,3,5,5,5,4,TRUE,TRUE,No controls
100,1533,1,R_3Ftdb54GhMavYDj,NA,1,0,NA,0,1,0,0,1,0,0,1,0,0,1,0,1,0,0,0,1,0,0,1,0,0,1,0,1,0,0,1,0,Never,Never,Never,4,2,2,2,2,2,9,10,10,10,9,3,3,3,2,4,3,3,Purple,NA,NA,NA,NA,NA,NA,NA,NA,NA,NA,NA,NA,NA,NA,NA,NA,NA,NA,NA,NA,NA,NA,NA,NA,NA,NA,NA,NA,NA,NA,NA,NA,NA,NA,NA,NA,NA,NA,NA,NA,NA,NA,NA,NA,NA,NA,NA,NA,NA,NA,NA,NA,NA,NA,NA,NA,NA,NA,NA,NA,NA,NA,NA,NA,NA,NA,NA,NA,NA,NA,NA,NA,NA,NA,NA,NA,NA,NA,NA,NA,NA,NA,NA,NA,NA,NA,NA,NA,NA,NA,NA,NA,NA,NA,NA,NA,NA,NA,NA,NA,NA,NA,NA,NA,NA,NA,NA,NA,NA,NA,NA,NA,NA,NA,NA,NA,NA,NA,NA,NA,NA,NA,NA,NA,NA,NA,NA,NA,iP72bb3d299e11d4ce,NA,NA,C,TRUE,FALSE,TRUE,FALSE,TRUE,TRUE,FALSE,2,1,2,25.55,0,0,0,1,0,0,0,64,73,55,69,50,50,66,60,62,50,42,50,45,50,50,42,63,56,65,70,26,76,68,62,38,50,63,50,50,37,50,37,50,62,24,54,52,25,26,25,62,67,NA,NA,NA,NA,NA,NA,NA,NA,NA,NA,NA,NA,NA,NA,NA,NA,NA,NA,NA,NA,NA,NA,NA,NA,NA,NA,NA,NA,NA,NA,NA,NA,NA,NA,NA,NA,NA,NA,NA,NA,NA,NA,NA,NA,60,50,50,72,70,56,70,71,63,30,70,34,55,65,50,67,60,50,61,52,42,39,127,0,127,0,FALSE,FALSE,FALSE,FALSE,FALSE,FALSE,1,NA,NA,1,NA,NA,NA,NA,NA,NA,NA,54.333333333333336,-0.6424030609396726,3,5,Punish (5),2,2,2,3,NA,NA,NA,NA,NA,NA,NA,NA,NA,NA,NA,4,5,5,5,4,TRUE,TRUE,No controls
100,1146,1,R_2wFV9Exiz7nyUed,0,0,1,0,0,1,0,1,0,0,0,1,0,1,0,0,0,1,0,0,1,0,0,1,0,0,1,0,0,1,0,0,1,Never,Rarely,Rarely,4,2,2,2,2,2,9,9,9,9,8,1,2,2,3,3,2,2,purple,NA,NA,NA,NA,NA,NA,NA,NA,NA,NA,NA,NA,NA,NA,NA,NA,NA,NA,NA,NA,NA,NA,NA,NA,NA,NA,NA,NA,NA,NA,NA,NA,NA,NA,NA,NA,NA,NA,NA,NA,NA,NA,NA,NA,NA,NA,NA,NA,NA,NA,NA,NA,NA,NA,NA,NA,NA,NA,NA,NA,NA,NA,NA,NA,NA,NA,NA,NA,NA,NA,NA,NA,NA,NA,NA,NA,NA,NA,NA,NA,NA,NA,NA,NA,NA,NA,NA,NA,NA,NA,NA,NA,NA,NA,NA,NA,NA,NA,NA,NA,NA,NA,NA,NA,NA,NA,NA,NA,NA,NA,NA,NA,NA,NA,NA,NA,NA,NA,NA,NA,NA,NA,NA,NA,NA,NA,NA,NA,iP4d8638340cc03eca,NA,NA,C,TRUE,FALSE,TRUE,FALSE,TRUE,TRUE,FALSE,2,1,2,19.1,0,0,1,1,0,0,0,50,50,50,50,50,50,0,50,0,0,0,0,50,50,0,50,100,50,50,50,50,0,0,100,0,0,50,0,0,100,50,0,0,0,50,100,0,50,50,50,3,0,NA,NA,NA,NA,NA,NA,NA,NA,NA,NA,NA,NA,NA,NA,NA,NA,NA,NA,NA,NA,NA,NA,NA,NA,NA,NA,NA,NA,NA,NA,NA,NA,NA,NA,NA,NA,NA,NA,NA,NA,NA,NA,NA,NA,50,51,50,0,50,50,50,50,50,0,50,0,50,57,0,50,51,0,50,50,50,0,127,0,127,0,FALSE,FALSE,FALSE,FALSE,FALSE,FALSE,0,0,1,0,0,NA,NA,NA,NA,NA,NA,44.44444444444444,-1.1585406522909898,1,7,Punish (7),3,3,3,2.5,NA,NA,NA,NA,NA,NA,NA,NA,NA,NA,NA,4,4,4,4,3,TRUE,TRUE,No controls
100,1412,1,R_3iQe2ecqAkSpnyw,0,0,1,0,0,1,0,1,0,0,0,1,0,0,1,0,1,0,1,0,0,0,0,1,0,1,0,0,0,1,0,0,1,Never,Never,Never,4,1,1,2,1,1,9,10,9,10,10,5,4,3,3,4,1,3,purple,NA,NA,NA,NA,NA,NA,NA,NA,NA,NA,NA,NA,NA,NA,NA,NA,NA,NA,NA,NA,NA,NA,NA,NA,NA,NA,NA,NA,NA,NA,NA,NA,NA,NA,NA,NA,NA,NA,NA,NA,NA,NA,NA,NA,NA,NA,NA,NA,NA,NA,NA,NA,NA,NA,NA,NA,NA,NA,NA,NA,NA,NA,NA,NA,NA,NA,NA,NA,NA,NA,NA,NA,NA,NA,NA,NA,NA,NA,NA,NA,NA,NA,NA,NA,NA,NA,NA,NA,NA,NA,NA,NA,NA,NA,NA,NA,NA,NA,NA,NA,NA,NA,NA,NA,NA,NA,NA,NA,NA,NA,NA,NA,NA,NA,NA,NA,NA,NA,NA,NA,NA,NA,NA,NA,NA,NA,NA,NA,iP47b30fb7f016235c,NA,NA,A,TRUE,FALSE,TRUE,FALSE,TRUE,TRUE,FALSE,2,1,2,23.533333333333335,0,0,0,1,0,0,0,70,70,60,70,50,60,50,60,60,50,60,60,60,70,60,80,70,60,60,70,40,70,50,80,40,50,60,60,40,0,50,70,70,60,0,50,30,0,20,10,40,60,60,50,60,50,50,20,60,60,60,70,60,40,60,70,30,50,50,50,10,50,50,50,40,NA,NA,NA,NA,NA,NA,NA,NA,NA,NA,NA,NA,NA,NA,NA,NA,NA,NA,NA,NA,NA,NA,NA,NA,NA,NA,NA,NA,NA,NA,NA,NA,NA,NA,NA,NA,NA,NA,NA,NA,NA,NA,NA,127,0,127,0,FALSE,FALSE,FALSE,FALSE,FALSE,FALSE,0,0,1,0,0,NA,NA,NA,NA,NA,NA,63.333333333333336,-0.17265985982218188,5,3,Rehab (3),1,4,2.5,3.25,NA,NA,NA,NA,NA,NA,NA,NA,NA,NA,NA,4,5,4,5,5,TRUE,TRUE,No controls
100,899,1,R_6Qnrtz0Eq1YOZw8,NA,1,0,NA,1,0,1,0,0,0,0,1,1,1,0,0,0,1,0,1,0,0,1,0,0,0,1,0,1,0,0,0,1,Sometimes,Sometimes,Frequently,4,1,1,2,2,2,10,8,9,10,9,2,2,1,2,2.5,5,3,Purple,NA,NA,NA,NA,NA,NA,NA,NA,NA,NA,NA,NA,NA,NA,NA,NA,NA,NA,NA,NA,NA,NA,NA,NA,NA,NA,NA,NA,NA,NA,NA,NA,NA,NA,NA,NA,NA,NA,NA,NA,NA,NA,NA,NA,NA,NA,NA,NA,NA,NA,NA,NA,NA,NA,NA,NA,NA,NA,NA,NA,NA,NA,NA,NA,NA,NA,NA,NA,NA,NA,NA,NA,NA,NA,NA,NA,NA,NA,NA,NA,NA,NA,NA,NA,NA,NA,NA,NA,NA,NA,NA,NA,NA,NA,NA,NA,NA,NA,NA,NA,NA,NA,NA,NA,NA,NA,NA,NA,NA,NA,NA,NA,NA,NA,NA,NA,NA,NA,NA,NA,NA,NA,NA,NA,NA,NA,NA,NA,iP4dcf77cc096e58a2,NA,NA,B,TRUE,FALSE,TRUE,FALSE,TRUE,TRUE,FALSE,2,1,2,14.983333333333333,0,0,1,1,0,0,0,82,91,90,79,94,87,37,89,31,10,0,0,94,92,42,91,100,86,96,91,1,100,89,100,29,37,82,8,6,0,86,27,2,50,6,60,0,8,0,18,50,83,NA,NA,NA,NA,NA,NA,NA,NA,NA,NA,NA,NA,NA,NA,NA,NA,NA,NA,NA,NA,NA,NA,NA,0,90,90,90,88,0,0,0,19,50,0,50,100,100,85,80,92,50,82,85,8,NA,NA,NA,NA,NA,NA,NA,NA,NA,NA,NA,NA,NA,NA,NA,NA,NA,NA,NA,NA,NA,NA,127,0,127,0,FALSE,FALSE,FALSE,FALSE,FALSE,FALSE,1,NA,NA,1,NA,NA,NA,NA,NA,NA,NA,72.22222222222223,0.29128404251608075,2,6,Punish (6),3,2.5,2.75,2.125,NA,NA,NA,NA,NA,NA,NA,NA,NA,NA,NA,5,3,4,5,4,TRUE,TRUE,No controls
100,579,1,R_1hyzeCCwcZapeaS,NA,1,0,NA,0,1,1,1,0,0,0,1,1,1,0,0,1,0,0,0,1,0,1,0,0,1,0,1,1,0,1,1,0,Sometimes,Frequently,Frequently,4,2,2,2,2,2,8,8,10,10,10,5,5,4,4,4,1,4,Purple,NA,NA,NA,NA,NA,NA,NA,NA,NA,NA,NA,NA,NA,NA,NA,NA,NA,NA,NA,NA,NA,NA,NA,NA,NA,NA,NA,NA,NA,NA,NA,NA,NA,NA,NA,NA,NA,NA,NA,NA,NA,NA,NA,NA,NA,NA,NA,NA,NA,NA,NA,NA,NA,NA,NA,NA,NA,NA,NA,NA,NA,NA,NA,NA,NA,NA,NA,NA,NA,NA,NA,NA,NA,NA,NA,NA,NA,NA,NA,NA,NA,NA,NA,NA,NA,NA,NA,NA,NA,NA,NA,NA,NA,NA,NA,NA,NA,NA,NA,NA,NA,NA,NA,NA,NA,NA,NA,NA,NA,NA,NA,NA,NA,NA,NA,NA,NA,NA,NA,NA,NA,NA,NA,NA,NA,NA,NA,NA,iPa9df896a209817a5,NA,NA,B,TRUE,FALSE,TRUE,FALSE,TRUE,TRUE,FALSE,2,1,2,9.65,0,1,1,1,0,0,0,64,56,63,59,46,49,46,55,50,53,54,52,44,60,51,47,45,60,44,48,50,46,55,40,54,50,49,57,46,45,43,62,61,46,56,42,50,36,59,48,47,64,NA,NA,NA,NA,NA,NA,NA,NA,NA,NA,NA,NA,NA,NA,NA,NA,NA,NA,NA,NA,NA,NA,NA,46,57,53,43,45,46,47,44,54,48,42,47,59,53,42,43,47,42,46,49,47,NA,NA,NA,NA,NA,NA,NA,NA,NA,NA,NA,NA,NA,NA,NA,NA,NA,NA,NA,NA,NA,NA,127,0,127,0,FALSE,FALSE,FALSE,FALSE,FALSE,FALSE,1,NA,NA,1,NA,NA,NA,NA,NA,NA,NA,50.666666666666664,-0.8337799206542061,5,3,Rehab (3),2.5,4,3.25,4,NA,NA,NA,NA,NA,NA,NA,NA,NA,NA,NA,3,3,5,5,5,TRUE,TRUE,No controls
100,961,1,R_77UEKLiECP3SK0V,0,0,1,0,1,0,0,1,0,0,0,1,0,0,1,0,0,1,0,0,1,0,0,1,0,1,0,0,1,0,0,0,1,Rarely,Rarely,Sometimes,4,1,1,3,3,2,9,8,9,10,8,7,5,2,3,3,4,3,purple,2,2,3,3,2,1,2,3,1,1,1,3,1,1,1,1,3,1,4,3,3,1,5,4,2,1,1,1,1,1,2,1,1,1,2,2,2,2,2,1,1,1,1,1,1,1,2,1,3,3,1,5,5,1,4,1,1,1,3,3,3,4,4,1,4,NA,1,4,3,2,3,3,3,3,4,4,4,4,4,4,4,4,4,4,4,NA,NA,NA,NA,NA,NA,NA,NA,NA,NA,NA,NA,NA,NA,NA,NA,NA,NA,NA,NA,NA,NA,NA,NA,NA,NA,NA,NA,NA,NA,NA,NA,NA,NA,NA,NA,NA,NA,NA,NA,NA,NA,NA,iP8b452db11864061a,NA,NA,C,TRUE,FALSE,TRUE,FALSE,TRUE,TRUE,TRUE,2,1,3,16.016666666666666,0,0,1,1,0,0,0,16,95,23,25,18,20,60,73,33,14,100,0,100,82,90,72,67,85,68,99,0,67,100,100,0,0,60,31,10,24,75,37,30,100,0,30,11,12,10,0,93,92,NA,NA,NA,NA,NA,NA,NA,NA,NA,NA,NA,NA,NA,NA,NA,NA,NA,NA,NA,NA,NA,NA,NA,NA,NA,NA,NA,NA,NA,NA,NA,NA,NA,NA,NA,NA,NA,NA,NA,NA,NA,NA,NA,NA,54,89,32,32,28,100,96,100,90,0,100,78,3,14,59,100,88,87,100,15,31,36,43,0,43,1,FALSE,FALSE,FALSE,FALSE,FALSE,FALSE,0,0,1,0,0,NA,NA,NA,NA,NA,NA,67.33333333333333,0.03611489623003583,7,1,Rehab (1),2.5,1,1.75,2.75,3,2,3,3,3,3,2,2,2.5,2.5,2.5,4,3,4,5,3,FALSE,TRUE,Some controls missing
100,636,1,R_6xRkUvqtnfVH73z,NA,1,0,NA,1,0,0,0,1,0,1,0,1,1,0,0,0,1,0,0,1,0,1,0,1,1,0,0,1,0,0,0,1,Sometimes,Sometimes,Sometimes,4,1,1,1,1,1,9,10,10,10,10,4,1,2,3,3,1,3,Purple,NA,NA,NA,NA,NA,NA,NA,NA,NA,NA,NA,NA,NA,NA,NA,NA,NA,NA,NA,NA,NA,NA,NA,NA,NA,NA,NA,NA,NA,NA,NA,NA,NA,NA,NA,NA,NA,NA,NA,NA,NA,NA,NA,NA,NA,NA,NA,NA,NA,NA,NA,NA,NA,NA,NA,NA,NA,NA,NA,NA,NA,NA,NA,NA,NA,NA,NA,NA,NA,NA,NA,NA,NA,NA,NA,NA,NA,NA,NA,NA,NA,NA,NA,NA,NA,NA,NA,NA,NA,NA,NA,NA,NA,NA,NA,NA,NA,NA,NA,NA,NA,NA,NA,NA,NA,NA,NA,NA,NA,NA,NA,NA,NA,NA,NA,NA,NA,NA,NA,NA,NA,NA,NA,NA,NA,NA,NA,NA,iPf1d67cff3852c4e6,NA,NA,B,TRUE,FALSE,TRUE,FALSE,TRUE,TRUE,FALSE,2,1,2,10.6,0,1,1,1,0,0,0,50,52,50,50,51,50,50,50,50,50,50,40,50,51,50,50,50,50,61,50,51,58,54,65,41,50,50,50,50,50,50,50,50,41,50,64,50,50,51,50,50,50,NA,NA,NA,NA,NA,NA,NA,NA,NA,NA,NA,NA,NA,NA,NA,NA,NA,NA,NA,NA,NA,NA,NA,57,58,50,50,50,50,50,50,50,50,50,50,59,83,76,52,64,68,50,50,51,NA,NA,NA,NA,NA,NA,NA,NA,NA,NA,NA,NA,NA,NA,NA,NA,NA,NA,NA,NA,NA,NA,127,0,127,0,FALSE,FALSE,FALSE,FALSE,FALSE,FALSE,1,NA,NA,1,NA,NA,NA,NA,NA,NA,NA,50.111111111111114,-0.8627764145503473,4,4,Neutral (4),4,4,4,2.75,NA,NA,NA,NA,NA,NA,NA,NA,NA,NA,NA,4,5,5,5,5,TRUE,TRUE,No controls
100,835,1,R_6NOJ0W1X6RevVLO,0,0,1,0,0,1,0,0,1,0,0,1,0,0,1,0,0,1,0,0,1,0,0,1,0,0,1,0,0,1,0,0,1,Never,Never,Never,1,NA,NA,NA,NA,NA,NA,NA,NA,NA,NA,NA,NA,NA,NA,NA,NA,NA,NA,NA,NA,NA,NA,NA,NA,NA,NA,NA,NA,NA,NA,NA,NA,NA,NA,NA,NA,NA,NA,NA,NA,NA,NA,NA,NA,NA,NA,NA,NA,NA,NA,NA,NA,NA,NA,NA,NA,NA,NA,NA,NA,NA,NA,NA,NA,NA,NA,NA,NA,NA,NA,NA,NA,NA,NA,NA,NA,NA,NA,NA,NA,NA,NA,NA,NA,NA,NA,NA,NA,NA,NA,NA,NA,NA,NA,NA,NA,NA,NA,NA,NA,NA,NA,NA,NA,NA,NA,NA,NA,NA,NA,NA,NA,NA,NA,NA,NA,NA,NA,NA,NA,NA,NA,NA,NA,NA,NA,NA,NA,NA,NA,NA,NA,NA,NA,NA,NA,NA,NA,NA,NA,NA,NA,NA,NA,NA,NA,iP840fd3a2b2d89667,NA,NA,A,FALSE,TRUE,FALSE,FALSE,TRUE,FALSE,FALSE,0,3,1,13.916666666666666,0,0,1,1,0,0,0,100,100,100,80,90,100,0,100,0,0,0,0,20,20,30,50,100,0,100,80,80,100,NA,100,0,20,50,50,0,100,100,10,0,0,100,100,30,100,100,100,40,100,0,0,50,0,100,100,100,0,50,100,90,50,90,90,10,0,100,100,0,50,70,80,10,NA,NA,NA,NA,NA,NA,NA,NA,NA,NA,NA,NA,NA,NA,NA,NA,NA,NA,NA,NA,NA,NA,NA,NA,NA,NA,NA,NA,NA,NA,NA,NA,NA,NA,NA,NA,NA,NA,NA,NA,NA,NA,NA,146,0,146,1,FALSE,FALSE,FALSE,FALSE,FALSE,FALSE,0,0,1,0,0,NA,NA,NA,NA,NA,NA,41.111111111111114,-1.3325196156678378,NA,NA,NA,NA,NA,NA,NA,NA,NA,NA,NA,NA,NA,NA,NA,NA,NA,NA,NA,NA,NA,NA,NA,TRUE,TRUE,No controls
100,581,1,R_6dgT01jnLU2uaRg,NA,1,0,NA,1,0,1,0,0,0,1,0,0,1,0,0,0,1,0,0,1,0,0,1,1,0,0,0,0,1,0,0,1,Rarely,Sometimes,Sometimes,1,NA,NA,NA,NA,NA,NA,NA,NA,NA,NA,NA,NA,NA,NA,NA,NA,NA,NA,NA,NA,NA,NA,NA,NA,NA,NA,NA,NA,NA,NA,NA,NA,NA,NA,NA,NA,NA,NA,NA,NA,NA,NA,NA,NA,NA,NA,NA,NA,NA,NA,NA,NA,NA,NA,NA,NA,NA,NA,NA,NA,NA,NA,NA,NA,NA,NA,NA,NA,NA,NA,NA,NA,NA,NA,NA,NA,NA,NA,NA,NA,NA,NA,NA,NA,NA,NA,NA,NA,NA,NA,NA,NA,NA,NA,NA,NA,NA,NA,NA,NA,NA,NA,NA,NA,NA,NA,NA,NA,NA,NA,NA,NA,NA,NA,NA,NA,NA,NA,NA,NA,NA,NA,NA,NA,NA,NA,NA,NA,NA,NA,NA,NA,NA,NA,NA,NA,NA,NA,NA,NA,NA,NA,NA,NA,NA,NA,iPe8a5efbf8541f1af,NA,NA,C,FALSE,TRUE,FALSE,FALSE,TRUE,FALSE,FALSE,0,3,1,9.683333333333334,0,1,1,1,0,0,0,68,84,88,69,88,26,28,78,100,18,50,20,100,93,100,100,78,100,100,83,31,83,70,100,25,15,73,29,0,80,100,62,74,24,77,80,26,94,29,20,65,79,NA,NA,NA,NA,NA,NA,NA,NA,NA,NA,NA,NA,NA,NA,NA,NA,NA,NA,NA,NA,NA,NA,NA,NA,NA,NA,NA,NA,NA,NA,NA,NA,NA,NA,NA,NA,NA,NA,NA,NA,NA,NA,NA,NA,72,73,71,32,74,86,92,83,75,0,64,23,40,68,40,82,66,100,100,100,79,65,145,0,145,1,FALSE,FALSE,FALSE,FALSE,FALSE,FALSE,1,NA,NA,1,NA,NA,NA,NA,NA,NA,NA,72.88888888888889,0.32607983519144995,NA,NA,NA,NA,NA,NA,NA,NA,NA,NA,NA,NA,NA,NA,NA,NA,NA,NA,NA,NA,NA,NA,NA,TRUE,TRUE,No controls
100,1341,1,R_6il5u8E76wsWEz8,0,0,1,0,0,1,1,0,0,0,0,1,0,1,0,0,0,1,0,0,1,0,0,1,0,1,0,0,0,1,0,0,1,Sometimes,Never,Sometimes,4,2,2,3,2,2,8,7,9,9,7,2,1,1,2.5,3,2,2,Purple,NA,NA,NA,NA,NA,NA,NA,NA,NA,NA,NA,NA,NA,NA,NA,NA,NA,NA,NA,NA,NA,NA,NA,NA,NA,NA,NA,NA,NA,NA,NA,NA,NA,NA,NA,NA,NA,NA,NA,NA,NA,NA,NA,NA,NA,NA,NA,NA,NA,NA,NA,NA,NA,NA,NA,NA,NA,NA,NA,NA,NA,NA,NA,NA,NA,NA,NA,NA,NA,NA,NA,NA,NA,NA,NA,NA,NA,NA,NA,NA,NA,NA,NA,NA,NA,NA,NA,NA,NA,NA,NA,NA,NA,NA,NA,NA,NA,NA,NA,NA,NA,NA,NA,NA,NA,NA,NA,NA,NA,NA,NA,NA,NA,NA,NA,NA,NA,NA,NA,NA,NA,NA,NA,NA,NA,NA,NA,NA,iPb804d7c35702d986,NA,NA,A,TRUE,FALSE,TRUE,FALSE,TRUE,TRUE,FALSE,2,1,2,22.35,0,0,0,1,0,0,0,20,90,80,90,80,20,10,50,60,10,40,20,30,10,70,90,100,30,70,60,70,70,70,80,0,10,10,10,0,70,80,0,0,0,30,80,60,20,20,30,30,60,30,20,40,0,50,80,90,10,10,90,70,10,60,30,40,0,60,60,10,30,90,20,60,NA,NA,NA,NA,NA,NA,NA,NA,NA,NA,NA,NA,NA,NA,NA,NA,NA,NA,NA,NA,NA,NA,NA,NA,NA,NA,NA,NA,NA,NA,NA,NA,NA,NA,NA,NA,NA,NA,NA,NA,NA,NA,NA,127,0,127,0,FALSE,FALSE,FALSE,FALSE,FALSE,FALSE,0,0,1,0,0,NA,NA,NA,NA,NA,NA,37.77777777777778,-1.5064985790446863,2,6,Punish (6),4,3,3.5,2.125,NA,NA,NA,NA,NA,NA,NA,NA,NA,NA,NA,3,2,4,4,2,TRUE,TRUE,No controls
100,927,1,R_3sWJ3A4PwXQrGHK,NA,1,0,NA,1,0,0,1,0,0,0,1,1,0,0,0,0,1,0,0,1,0,1,0,1,0,0,1,0,0,0,0,1,Sometimes,Never,Frequently,4,1,1,1,1,1,9,9,10,10,10,5,3,4,4,4,1,3,Purple,NA,NA,NA,NA,NA,NA,NA,NA,NA,NA,NA,NA,NA,NA,NA,NA,NA,NA,NA,NA,NA,NA,NA,NA,NA,NA,NA,NA,NA,NA,NA,NA,NA,NA,NA,NA,NA,NA,NA,NA,NA,NA,NA,NA,NA,NA,NA,NA,NA,NA,NA,NA,NA,NA,NA,NA,NA,NA,NA,NA,NA,NA,NA,NA,NA,NA,NA,NA,NA,NA,NA,NA,NA,NA,NA,NA,NA,NA,NA,NA,NA,NA,NA,NA,NA,NA,NA,NA,NA,NA,NA,NA,NA,NA,NA,NA,NA,NA,NA,NA,NA,NA,NA,NA,NA,NA,NA,NA,NA,NA,NA,NA,NA,NA,NA,NA,NA,NA,NA,NA,NA,NA,NA,NA,NA,NA,NA,NA,iPe65188a4e8458b11,NA,NA,A,TRUE,FALSE,TRUE,FALSE,TRUE,TRUE,FALSE,2,1,2,15.45,0,0,1,1,0,0,0,80,90,80,90,50,80,80,90,80,90,100,90,90,90,50,100,80,70,80,90,20,90,100,100,50,80,80,80,70,40,90,80,90,100,40,50,40,100,30,30,60,100,90,70,90,80,50,30,100,90,80,90,80,50,70,100,50,90,80,50,40,50,70,50,50,NA,NA,NA,NA,NA,NA,NA,NA,NA,NA,NA,NA,NA,NA,NA,NA,NA,NA,NA,NA,NA,NA,NA,NA,NA,NA,NA,NA,NA,NA,NA,NA,NA,NA,NA,NA,NA,NA,NA,NA,NA,NA,NA,127,0,127,0,FALSE,FALSE,FALSE,FALSE,FALSE,FALSE,1,NA,NA,1,NA,NA,NA,NA,NA,NA,NA,83.33333333333333,0.8712139204389082,5,3,Rehab (3),2,4,3,3.75,NA,NA,NA,NA,NA,NA,NA,NA,NA,NA,NA,4,4,5,5,5,TRUE,TRUE,No controls
100,2598,1,R_7p6kv4bnikRWRLT,1,NA,0,1,0,0,1,0,0,0,1,0,1,0,0,0,0,1,0,0,1,0,0,1,1,0,0,0,0,1,1,0,0,Sometimes,Never,Rarely,4,1,1,1,2,3,7,10,10,10,10,5,2,4,4,4,3,4,Purple,NA,NA,NA,NA,NA,NA,NA,NA,NA,NA,NA,NA,NA,NA,NA,NA,NA,NA,NA,NA,NA,NA,NA,NA,NA,NA,NA,NA,NA,NA,NA,NA,NA,NA,NA,NA,NA,NA,NA,NA,NA,NA,NA,NA,NA,NA,NA,NA,NA,NA,NA,NA,NA,NA,NA,NA,NA,NA,NA,NA,NA,NA,NA,NA,NA,NA,NA,NA,NA,NA,NA,NA,NA,NA,NA,NA,NA,NA,NA,NA,NA,NA,NA,NA,NA,NA,NA,NA,NA,NA,NA,NA,NA,NA,NA,NA,NA,NA,NA,NA,NA,NA,NA,NA,NA,NA,NA,NA,NA,NA,NA,NA,NA,NA,NA,NA,NA,NA,NA,NA,NA,NA,NA,NA,NA,NA,NA,NA,iP3345f4d76823c790,NA,NA,C,TRUE,FALSE,TRUE,FALSE,TRUE,TRUE,FALSE,2,1,2,43.3,0,0,0,0,0,0,0,21,0,100,100,15,26,100,100,100,0,100,100,100,100,100,100,100,100,0,100,2,100,100,100,0,0,100,100,0,8,100,100,100,100,0,0,100,1,5,0,100,91,NA,NA,NA,NA,NA,NA,NA,NA,NA,NA,NA,NA,NA,NA,NA,NA,NA,NA,NA,NA,NA,NA,NA,NA,NA,NA,NA,NA,NA,NA,NA,NA,NA,NA,NA,NA,NA,NA,NA,NA,NA,NA,NA,NA,100,100,88,0,100,89,100,100,100,0,100,0,23,0,87,100,7,100,100,0,22,100,127,0,127,0,FALSE,FALSE,FALSE,FALSE,FALSE,FALSE,1,1,NA,NA,1,NA,NA,NA,NA,NA,NA,88.88888888888889,1.1611788594003225,5,3,Rehab (3),3,2,2.5,4,NA,NA,NA,NA,NA,NA,NA,NA,NA,NA,NA,2,5,5,5,5,TRUE,TRUE,No controls
100,823,1,R_70wHvMKLcjfzl3B,NA,1,0,1,1,0,1,1,0,0,0,1,0,1,0,0,0,1,0,1,0,1,1,0,1,1,0,1,1,0,0,0,1,Frequently,Frequently,Sometimes,1,NA,NA,NA,NA,NA,NA,NA,NA,NA,NA,NA,NA,NA,NA,NA,NA,NA,NA,NA,NA,NA,NA,NA,NA,NA,NA,NA,NA,NA,NA,NA,NA,NA,NA,NA,NA,NA,NA,NA,NA,NA,NA,NA,NA,NA,NA,NA,NA,NA,NA,NA,NA,NA,NA,NA,NA,NA,NA,NA,NA,NA,NA,NA,NA,NA,NA,NA,NA,NA,NA,NA,NA,NA,NA,NA,NA,NA,NA,NA,NA,NA,NA,NA,NA,NA,NA,NA,NA,NA,NA,NA,NA,NA,NA,NA,NA,NA,NA,NA,NA,NA,NA,NA,NA,NA,NA,NA,NA,NA,NA,NA,NA,NA,NA,NA,NA,NA,NA,NA,NA,NA,NA,NA,NA,NA,NA,NA,NA,NA,NA,NA,NA,NA,NA,NA,NA,NA,NA,NA,NA,NA,NA,NA,NA,NA,NA,iP5ccc9a762ca110aa,NA,NA,C,FALSE,TRUE,FALSE,FALSE,TRUE,FALSE,FALSE,0,3,1,13.716666666666669,0,0,1,1,0,0,0,51,87,52,55,51,51,74,65,60,77,51,51,65,65,56,75,80,71,57,67,29,52,47,75,45,47,56,54,30,60,48,59,51,54,45,45,9,30,13,0,31,78,NA,NA,NA,NA,NA,NA,NA,NA,NA,NA,NA,NA,NA,NA,NA,NA,NA,NA,NA,NA,NA,NA,NA,NA,NA,NA,NA,NA,NA,NA,NA,NA,NA,NA,NA,NA,NA,NA,NA,NA,NA,NA,NA,NA,78,91,69,55,75,95,62,80,81,0,97,0,55,56,52,66,61,64,70,84,62,65,145,0,145,1,FALSE,FALSE,FALSE,FALSE,FALSE,FALSE,1,NA,NA,1,1,NA,NA,NA,NA,NA,NA,62.55555555555556,-0.2132549512767799,NA,NA,NA,NA,NA,NA,NA,NA,NA,NA,NA,NA,NA,NA,NA,NA,NA,NA,NA,NA,NA,NA,NA,TRUE,TRUE,No controls
100,1571,1,R_1IWQXx3LcS57bkS,1,1,0,NA,1,0,0,0,1,0,0,1,1,1,0,0,1,0,0,0,1,0,0,1,1,1,0,1,1,0,0,0,1,Sometimes,Rarely,Frequently,4,1,1,2,2,1,10,10,10,10,10,2,2,3,2,3,3,3,Purple,NA,NA,NA,NA,NA,NA,NA,NA,NA,NA,NA,NA,NA,NA,NA,NA,NA,NA,NA,NA,NA,NA,NA,NA,NA,NA,NA,NA,NA,NA,NA,NA,NA,NA,NA,NA,NA,NA,NA,NA,NA,NA,NA,NA,NA,NA,NA,NA,NA,NA,NA,NA,NA,NA,NA,NA,NA,NA,NA,NA,NA,NA,NA,NA,NA,NA,NA,NA,NA,NA,NA,NA,NA,NA,NA,NA,NA,NA,NA,NA,NA,NA,NA,NA,NA,NA,NA,NA,NA,NA,NA,NA,NA,NA,NA,NA,NA,NA,NA,NA,NA,NA,NA,NA,NA,NA,NA,NA,NA,NA,NA,NA,NA,NA,NA,NA,NA,NA,NA,NA,NA,NA,NA,NA,NA,NA,NA,NA,iP0971f376785d6305,NA,NA,A,TRUE,FALSE,TRUE,FALSE,TRUE,TRUE,FALSE,2,1,2,26.183333333333337,0,0,0,1,0,0,0,10,60,10,60,90,30,50,50,60,20,70,80,30,60,70,40,70,30,0,50,10,100,90,90,10,20,10,20,20,60,50,20,20,10,40,50,40,20,20,30,70,80,20,30,30,0,20,30,40,10,10,30,20,70,50,80,90,30,60,50,50,80,30,20,10,NA,NA,NA,NA,NA,NA,NA,NA,NA,NA,NA,NA,NA,NA,NA,NA,NA,NA,NA,NA,NA,NA,NA,NA,NA,NA,NA,NA,NA,NA,NA,NA,NA,NA,NA,NA,NA,NA,NA,NA,NA,NA,NA,127,0,127,0,FALSE,FALSE,FALSE,FALSE,FALSE,FALSE,1,1,0,1,NA,NA,NA,NA,NA,NA,NA,36.666666666666664,-1.5644915668369694,2,6,Punish (6),3,2,2.5,2.75,NA,NA,NA,NA,NA,NA,NA,NA,NA,NA,NA,5,5,5,5,5,TRUE,TRUE,No controls
100,415208,1,R_5i3WXRBPYx35MGG,NA,1,0,NA,0,1,0,1,0,0,1,0,1,0,0,0,1,0,0,1,0,0,1,0,1,0,0,1,0,0,0,1,0,Sometimes,Frequently,Rarely,4,2,3,2,1,3,6,8,7,9,7,6,2,2,2,4,2,1,purple,NA,NA,NA,NA,NA,NA,NA,NA,NA,NA,NA,NA,NA,NA,NA,NA,NA,NA,NA,NA,NA,NA,NA,NA,NA,NA,NA,NA,NA,NA,NA,NA,NA,NA,NA,NA,NA,NA,NA,NA,NA,NA,NA,NA,NA,NA,NA,NA,NA,NA,NA,NA,NA,NA,NA,NA,NA,NA,NA,NA,NA,NA,NA,NA,NA,NA,NA,NA,NA,NA,NA,NA,NA,NA,NA,NA,NA,NA,NA,NA,NA,NA,NA,NA,NA,NA,NA,NA,NA,NA,NA,NA,NA,NA,NA,NA,NA,NA,NA,NA,NA,NA,NA,NA,NA,NA,NA,NA,NA,NA,NA,NA,NA,NA,NA,NA,NA,NA,NA,NA,NA,NA,NA,NA,NA,NA,NA,NA,iP8926ce37b8cdd9bf,NA,NA,A,TRUE,FALSE,TRUE,FALSE,TRUE,TRUE,FALSE,2,1,2,6920.133333333333,0,0,0,0,1,1,0,80,90,80,70,80,80,80,90,90,90,80,90,80,90,90,80,90,100,90,80,90,100,90,80,90,80,80,90,80,100,70,80,90,70,100,80,90,80,90,80,80,80,70,90,80,90,80,80,90,60,80,80,90,80,90,90,90,80,80,80,90,70,80,80,80,NA,NA,NA,NA,NA,NA,NA,NA,NA,NA,NA,NA,NA,NA,NA,NA,NA,NA,NA,NA,NA,NA,NA,NA,NA,NA,NA,NA,NA,NA,NA,NA,NA,NA,NA,NA,NA,NA,NA,NA,NA,NA,NA,127,0,127,0,FALSE,FALSE,FALSE,FALSE,FALSE,FALSE,1,NA,NA,1,NA,NA,NA,NA,NA,NA,NA,85.55555555555556,0.987199896023474,6,2,Rehab (2),3,3,3,2.25,NA,NA,NA,NA,NA,NA,NA,NA,NA,NA,NA,1,3,2,4,2,TRUE,TRUE,No controls
100,2973,1,R_74mNB0RbrGHYVAB,0,0,1,0,0,1,0,0,1,0,0,1,0,0,1,0,0,1,0,0,1,0,0,1,0,0,1,0,0,1,0,0,1,Never,Never,Never,4,2,2,2,2,2,9,10,9,9,9,5,4,1,1,1,3,1,purple,3,3,3,3,3,3,3,3,3,3,1,1,2,2,1,1,1,3,2,2,2,3,3,2,2,1,1,1,1,1,1,1,1,1,1,1,1,1,2,2,2,1,2,3,2,2,2,3,3,3,3,4,3,4,3,2,3,2,3,3,3,2,3,2,2,NA,2,2,2,2,2,2,2,2,1,1,5,4,5,5,5,5,5,5,6,NA,NA,NA,NA,NA,NA,NA,NA,NA,NA,NA,NA,NA,NA,NA,NA,NA,NA,NA,NA,NA,NA,NA,NA,NA,NA,NA,NA,NA,NA,NA,NA,NA,NA,NA,NA,NA,NA,NA,NA,NA,NA,NA,iPfb298f397a45f170,NA,NA,B,TRUE,FALSE,TRUE,FALSE,TRUE,TRUE,TRUE,2,1,3,49.55,0,0,0,0,0,0,0,79,74,73,75,87,74,31,82,66,64,24,34,32,28,73,23,34,29,82,47,78,84,81,81,10,28,28,18,8,84,84,66,70,50,66,22,72,78,84,77,89,59,NA,NA,NA,NA,NA,NA,NA,NA,NA,NA,NA,NA,NA,NA,NA,NA,NA,NA,NA,NA,NA,NA,NA,78,82,74,80,79,82,75,76,45,63,36,87,79,83,88,71,80,83,50,87,72,NA,NA,NA,NA,NA,NA,NA,NA,NA,NA,NA,NA,NA,NA,NA,NA,NA,NA,NA,NA,NA,NA,43,0,43,1,FALSE,FALSE,FALSE,FALSE,FALSE,FALSE,0,0,1,0,0,NA,NA,NA,NA,NA,NA,27.444444444444443,-2.045833365512917,5,3,Rehab (3),1,2,1.5,1,3,3,1,1,3,3,3,3,4,4,4,4,5,4,4,4,FALSE,TRUE,Some controls missing
100,1081,1,R_1jjjI7u2hVl53W5,0,0,1,0,0,1,0,1,0,0,1,0,0,1,0,0,0,1,0,1,0,0,0,1,0,1,0,1,0,0,0,0,1,Rarely,Sometimes,Sometimes,4,1,1,3,1,1,6,10,10,10,10,1,1,3,4,4,1,4,Purple,NA,NA,NA,NA,NA,NA,NA,NA,NA,NA,NA,NA,NA,NA,NA,NA,NA,NA,NA,NA,NA,NA,NA,NA,NA,NA,NA,NA,NA,NA,NA,NA,NA,NA,NA,NA,NA,NA,NA,NA,NA,NA,NA,NA,NA,NA,NA,NA,NA,NA,NA,NA,NA,NA,NA,NA,NA,NA,NA,NA,NA,NA,NA,NA,NA,NA,NA,NA,NA,NA,NA,NA,NA,NA,NA,NA,NA,NA,NA,NA,NA,NA,NA,NA,NA,NA,NA,NA,NA,NA,NA,NA,NA,NA,NA,NA,NA,NA,NA,NA,NA,NA,NA,NA,NA,NA,NA,NA,NA,NA,NA,NA,NA,NA,NA,NA,NA,NA,NA,NA,NA,NA,NA,NA,NA,NA,NA,NA,iPff0d33d6be3bb883,NA,NA,C,TRUE,FALSE,TRUE,FALSE,TRUE,TRUE,FALSE,2,1,2,18.016666666666666,0,0,1,1,0,0,0,100,24,2,16,34,20,55,28,27,28,29,29,100,100,42,80,100,100,61,62,100,28,34,50,2,23,30,37,31,43,59,22,4,1,0,20,14,19,59,84,22,26,NA,NA,NA,NA,NA,NA,NA,NA,NA,NA,NA,NA,NA,NA,NA,NA,NA,NA,NA,NA,NA,NA,NA,NA,NA,NA,NA,NA,NA,NA,NA,NA,NA,NA,NA,NA,NA,NA,NA,NA,NA,NA,NA,NA,64,100,80,28,41,39,0,67,20,42,70,25,25,23,73,27,33,32,100,28,0,1,127,0,127,0,FALSE,FALSE,FALSE,FALSE,FALSE,FALSE,0,0,1,0,0,NA,NA,NA,NA,NA,NA,71.11111111111111,0.23329105472379777,1,7,Punish (7),4,4,4,3.75,NA,NA,NA,NA,NA,NA,NA,NA,NA,NA,NA,1,5,5,5,5,TRUE,TRUE,No controls
100,6094,1,R_7PmLc2bH0Z76HMG,0,0,1,0,0,1,1,0,0,0,0,1,1,0,1,0,0,1,0,0,1,0,0,1,1,0,0,0,0,1,0,0,1,Never,Never,Never,4,1,1,2,2,2,8,10,10,10,9,5,3,2,1,2.5,2,2,“Purple”,NA,NA,NA,NA,NA,NA,NA,NA,NA,NA,NA,NA,NA,NA,NA,NA,NA,NA,NA,NA,NA,NA,NA,NA,NA,NA,NA,NA,NA,NA,NA,NA,NA,NA,NA,NA,NA,NA,NA,NA,NA,NA,NA,NA,NA,NA,NA,NA,NA,NA,NA,NA,NA,NA,NA,NA,NA,NA,NA,NA,NA,NA,NA,NA,NA,NA,NA,NA,NA,NA,NA,NA,NA,NA,NA,NA,NA,NA,NA,NA,NA,NA,NA,NA,NA,NA,NA,NA,NA,NA,NA,NA,NA,NA,NA,NA,NA,NA,NA,NA,NA,NA,NA,NA,NA,NA,NA,NA,NA,NA,NA,NA,NA,NA,NA,NA,NA,NA,NA,NA,NA,NA,NA,NA,NA,NA,NA,NA,iPca43d66fbdaf9bdb,NA,NA,C,TRUE,FALSE,FALSE,FALSE,TRUE,TRUE,FALSE,1,2,2,101.56666666666666,0,0,0,0,1,0,0,100,100,93,86,92,95,83,92,92,95,86,99,77,98,86,86,100,93,100,100,89,91,93,99,71,74,89,88,94,89,100,92,94,92,89,91,88,92,100,79,92,88,NA,NA,NA,NA,NA,NA,NA,NA,NA,NA,NA,NA,NA,NA,NA,NA,NA,NA,NA,NA,NA,NA,NA,NA,NA,NA,NA,NA,NA,NA,NA,NA,NA,NA,NA,NA,NA,NA,NA,NA,NA,NA,NA,NA,90,100,100,94,100,100,100,100,100,59,88,49,70,100,90,100,92,83,98,96,87,90,127,0,127,1,FALSE,FALSE,FALSE,FALSE,FALSE,FALSE,0,0,1,0,0,NA,NA,NA,NA,NA,NA,91.66666666666669,1.3061613288810296,5,3,Rehab (3),2,3,2.5,1.875,NA,NA,NA,NA,NA,NA,NA,NA,NA,NA,NA,3,5,5,5,4,TRUE,TRUE,No controls
100,646,1,R_3Xd3tYdd0emIk6d,NA,1,0,NA,1,0,0,1,0,0,1,0,0,1,0,0,0,1,0,0,1,0,1,0,0,1,0,0,1,0,0,1,0,Sometimes,Sometimes,Rarely,4,1,1,1,1,1,10,10,10,10,10,6,4,2.5,2.5,3,1,4,Purple,NA,NA,NA,NA,NA,NA,NA,NA,NA,NA,NA,NA,NA,NA,NA,NA,NA,NA,NA,NA,NA,NA,NA,NA,NA,NA,NA,NA,NA,NA,NA,NA,NA,NA,NA,NA,NA,NA,NA,NA,NA,NA,NA,NA,NA,NA,NA,NA,NA,NA,NA,NA,NA,NA,NA,NA,NA,NA,NA,NA,NA,NA,NA,NA,NA,NA,NA,NA,NA,NA,NA,NA,NA,NA,NA,NA,NA,NA,NA,NA,NA,NA,NA,NA,NA,NA,NA,NA,NA,NA,NA,NA,NA,NA,NA,NA,NA,NA,NA,NA,NA,NA,NA,NA,NA,NA,NA,NA,NA,NA,NA,NA,NA,NA,NA,NA,NA,NA,NA,NA,NA,NA,NA,NA,NA,NA,NA,NA,iPddcbf88383768699,NA,NA,B,TRUE,FALSE,TRUE,FALSE,TRUE,TRUE,FALSE,2,1,2,10.766666666666667,0,1,1,1,0,0,0,85,85,88,88,50,85,93,50,82,50,88,92,90,90,95,92,90,86,50,89,50,95,86,84,51,82,88,90,88,50,88,88,90,87,50,50,15,10,11,7,50,85,NA,NA,NA,NA,NA,NA,NA,NA,NA,NA,NA,NA,NA,NA,NA,NA,NA,NA,NA,NA,NA,NA,NA,86,46,50,50,57,11,86,NA,50,50,0,NA,50,88,50,85,83,87,NA,50,50,NA,NA,NA,NA,NA,NA,NA,NA,NA,NA,NA,NA,NA,NA,NA,NA,NA,NA,NA,NA,NA,NA,127,3,130,0,FALSE,FALSE,FALSE,FALSE,FALSE,FALSE,1,NA,NA,1,NA,NA,NA,NA,NA,NA,NA,89.22222222222223,1.1785767557380076,6,2,Rehab (2),1,4,2.5,3,NA,NA,NA,NA,NA,NA,NA,NA,NA,NA,NA,5,5,5,5,5,TRUE,TRUE,No controls
100,507,1,R_6R8hBl8YLs73t5r,1,NA,0,1,0,0,0,0,1,0,0,1,1,1,0,0,0,1,0,0,1,0,0,1,1,1,0,1,1,0,1,0,0,Frequently,Frequently,Frequently,1,NA,NA,NA,NA,NA,NA,NA,NA,NA,NA,NA,NA,NA,NA,NA,NA,NA,NA,NA,NA,NA,NA,NA,NA,NA,NA,NA,NA,NA,NA,NA,NA,NA,NA,NA,NA,NA,NA,NA,NA,NA,NA,NA,NA,NA,NA,NA,NA,NA,NA,NA,NA,NA,NA,NA,NA,NA,NA,NA,NA,NA,NA,NA,NA,NA,NA,NA,NA,NA,NA,NA,NA,NA,NA,NA,NA,NA,NA,NA,NA,NA,NA,NA,NA,NA,NA,NA,NA,NA,NA,NA,NA,NA,NA,NA,NA,NA,NA,NA,NA,NA,NA,NA,NA,NA,NA,NA,NA,NA,NA,NA,NA,NA,NA,NA,NA,NA,NA,NA,NA,NA,NA,NA,NA,NA,NA,NA,NA,NA,NA,NA,NA,NA,NA,NA,NA,NA,NA,NA,NA,NA,NA,NA,NA,NA,NA,iP57e4fac5ee68de7b,NA,NA,C,FALSE,TRUE,FALSE,FALSE,TRUE,FALSE,FALSE,0,3,1,8.45,1,1,1,1,0,0,0,56,73,50,54,52,54,76,68,71,70,85,64,62,63,66,64,78,56,0,65,0,94,81,100,73,80,60,27,24,0,39,54,66,72,12,33,0,0,0,14,62,70,NA,NA,NA,NA,NA,NA,NA,NA,NA,NA,NA,NA,NA,NA,NA,NA,NA,NA,NA,NA,NA,NA,NA,NA,NA,NA,NA,NA,NA,NA,NA,NA,NA,NA,NA,NA,NA,NA,NA,NA,NA,NA,NA,NA,56,97,29,39,69,69,70,100,56,0,93,0,73,32,64,51,83,47,67,66,54,50,145,0,145,1,FALSE,FALSE,FALSE,FALSE,FALSE,FALSE,1,1,NA,NA,1,NA,NA,NA,NA,NA,NA,55.44444444444444,-0.58441007314739,NA,NA,NA,NA,NA,NA,NA,NA,NA,NA,NA,NA,NA,NA,NA,NA,NA,NA,NA,NA,NA,NA,NA,TRUE,TRUE,No controls
100,17463,1,R_5EnrR50phk8TIaV,NA,1,1,NA,0,1,1,1,0,0,0,1,0,1,0,1,0,1,0,0,1,0,0,1,1,0,0,0,0,1,1,0,0,Never,Sometimes,Rarely,4,1,1,2,2,2,7,8,8,9,9,5,4,1,1,1,5,1,Purple,2,2,2,2,3,2,1,3,3,3,2,2,2,2,2,2,2,3,2,5,5,5,3,5,3,1,1,1,1,1,1,1,3,3,2,3,3,3,3,2,2,2,2,2,3,2,2,3,3,2,3,1,4,2,3,3,1,5,2,1,1,3,3,2,3,NA,3,3,3,3,3,3,3,3,4,3,5,6,4,4,6,6,6,5,6,NA,NA,NA,NA,NA,NA,NA,NA,NA,NA,NA,NA,NA,NA,NA,NA,NA,NA,NA,NA,NA,NA,NA,NA,NA,NA,NA,NA,NA,NA,NA,NA,NA,NA,NA,NA,NA,NA,NA,NA,NA,NA,NA,iP9ffc64328b78c264,NA,NA,B,TRUE,FALSE,TRUE,FALSE,TRUE,TRUE,TRUE,2,1,3,291.05,0,0,0,0,1,1,0,NA,NA,NA,NA,NA,NA,NA,NA,51,47,NA,24,NA,NA,NA,61,NA,NA,NA,NA,NA,NA,NA,NA,30,30,NA,NA,NA,NA,83,NA,13,NA,NA,NA,24,50,81,NA,59,NA,NA,NA,NA,NA,NA,NA,NA,NA,NA,NA,NA,NA,NA,NA,NA,NA,NA,NA,NA,NA,NA,NA,NA,NA,NA,60,NA,NA,31,NA,NA,NA,NA,NA,50,93,NA,NA,NA,NA,NA,NA,NA,NA,NA,NA,NA,NA,NA,NA,NA,NA,NA,NA,NA,NA,NA,NA,NA,NA,NA,NA,NA,NA,NA,NA,73,17,90,1,FALSE,FALSE,FALSE,FALSE,FALSE,FALSE,1,NA,1,1,NA,NA,NA,NA,NA,NA,NA,NA,NA,5,3,Rehab (3),1,2.5,1.75,1,1,1,1,1,1,1,1,1,1,1,1,2,3,3,4,4,FALSE,TRUE,Some controls missing
100,993,1,R_5lVuSJsIXExJcRg,NA,NA,1,1,1,0,0,0,1,0,0,1,0,1,0,0,0,1,0,1,0,0,1,0,1,0,0,1,1,0,0,0,1,Frequently,Sometimes,Frequently,4,1,2,1,1,1,8,8,10,9,9,4,2,2.5,2.5,3,2,3,Purple,NA,NA,NA,NA,NA,NA,NA,NA,NA,NA,NA,NA,NA,NA,NA,NA,NA,NA,NA,NA,NA,NA,NA,NA,NA,NA,NA,NA,NA,NA,NA,NA,NA,NA,NA,NA,NA,NA,NA,NA,NA,NA,NA,NA,NA,NA,NA,NA,NA,NA,NA,NA,NA,NA,NA,NA,NA,NA,NA,NA,NA,NA,NA,NA,NA,NA,NA,NA,NA,NA,NA,NA,NA,NA,NA,NA,NA,NA,NA,NA,NA,NA,NA,NA,NA,NA,NA,NA,NA,NA,NA,NA,NA,NA,NA,NA,NA,NA,NA,NA,NA,NA,NA,NA,NA,NA,NA,NA,NA,NA,NA,NA,NA,NA,NA,NA,NA,NA,NA,NA,NA,NA,NA,NA,NA,NA,NA,NA,iP9c52ecd932ee7c8d,NA,NA,B,TRUE,FALSE,TRUE,FALSE,TRUE,TRUE,FALSE,2,1,2,16.55,0,0,1,1,0,0,0,50,NA,50,50,50,50,25,50,50,30,50,80,25,20,50,50,100,50,80,80,2,100,80,100,2,20,50,30,2,50,50,80,50,50,10,75,10,10,20,2,50,50,NA,NA,NA,NA,NA,NA,NA,NA,NA,NA,NA,NA,NA,NA,NA,NA,NA,NA,NA,NA,NA,NA,NA,50,50,50,50,50,2,50,50,50,10,3,26,80,75,90,100,100,80,50,50,50,NA,NA,NA,NA,NA,NA,NA,NA,NA,NA,NA,NA,NA,NA,NA,NA,NA,NA,NA,NA,NA,NA,128,0,128,0,FALSE,FALSE,FALSE,FALSE,FALSE,FALSE,1,NA,1,NA,1,NA,NA,NA,NA,NA,NA,45.22222222222222,-1.1179455608363915,4,4,Neutral (4),3,3,3,2.75,NA,NA,NA,NA,NA,NA,NA,NA,NA,NA,NA,3,3,5,4,4,TRUE,TRUE,No controls
100,1646,1,R_7fm6FTlZywMtIJH,0,0,1,0,0,1,0,1,0,0,1,0,1,1,0,0,1,0,0,0,1,0,0,1,1,0,0,1,0,0,0,0,1,Frequently,Sometimes,Sometimes,4,1,1,1,1,-99,10,9,8,7,8,2,2,4,3,4,2,3,Purple,NA,NA,NA,NA,NA,NA,NA,NA,NA,NA,NA,NA,NA,NA,NA,NA,NA,NA,NA,NA,NA,NA,NA,NA,NA,NA,NA,NA,NA,NA,NA,NA,NA,NA,NA,NA,NA,NA,NA,NA,NA,NA,NA,NA,NA,NA,NA,NA,NA,NA,NA,NA,NA,NA,NA,NA,NA,NA,NA,NA,NA,NA,NA,NA,NA,NA,NA,NA,NA,NA,NA,NA,NA,NA,NA,NA,NA,NA,NA,NA,NA,NA,NA,NA,NA,NA,NA,NA,NA,NA,NA,NA,NA,NA,NA,NA,NA,NA,NA,NA,NA,NA,NA,NA,NA,NA,NA,NA,NA,NA,NA,NA,NA,NA,NA,NA,NA,NA,NA,NA,NA,NA,NA,NA,NA,NA,NA,NA,iP0771d788bd8d5fcc,NA,NA,A,TRUE,FALSE,TRUE,FALSE,TRUE,TRUE,FALSE,2,1,2,27.433333333333337,0,0,0,1,0,0,0,80,70,70,90,80,80,30,80,70,40,40,30,30,40,90,70,70,40,80,80,70,100,70,100,0,20,70,60,20,70,40,0,0,0,40,60,30,70,30,40,70,70,70,30,80,10,70,0,70,70,70,80,70,20,70,70,70,0,80,100,10,100,70,60,70,NA,NA,NA,NA,NA,NA,NA,NA,NA,NA,NA,NA,NA,NA,NA,NA,NA,NA,NA,NA,NA,NA,NA,NA,NA,NA,NA,NA,NA,NA,NA,NA,NA,NA,NA,NA,NA,NA,NA,NA,NA,NA,NA,127,0,127,0,FALSE,FALSE,FALSE,FALSE,FALSE,FALSE,0,0,1,0,0,NA,NA,NA,NA,NA,NA,53.333333333333336,-0.6945967499527271,2,6,Punish (6),3,3,3,3.5,NA,NA,NA,NA,NA,NA,NA,NA,NA,NA,NA,5,4,3,2,3,TRUE,TRUE,No controls
100,550,1,R_3Icsrm46te1dlUM,0,0,1,0,0,1,0,0,1,0,0,1,0,0,1,0,0,1,1,0,0,0,0,1,0,0,1,0,0,1,0,0,1,Never,Never,Never,1,NA,NA,NA,NA,NA,NA,NA,NA,NA,NA,NA,NA,NA,NA,NA,NA,NA,NA,NA,NA,NA,NA,NA,NA,NA,NA,NA,NA,NA,NA,NA,NA,NA,NA,NA,NA,NA,NA,NA,NA,NA,NA,NA,NA,NA,NA,NA,NA,NA,NA,NA,NA,NA,NA,NA,NA,NA,NA,NA,NA,NA,NA,NA,NA,NA,NA,NA,NA,NA,NA,NA,NA,NA,NA,NA,NA,NA,NA,NA,NA,NA,NA,NA,NA,NA,NA,NA,NA,NA,NA,NA,NA,NA,NA,NA,NA,NA,NA,NA,NA,NA,NA,NA,NA,NA,NA,NA,NA,NA,NA,NA,NA,NA,NA,NA,NA,NA,NA,NA,NA,NA,NA,NA,NA,NA,NA,NA,NA,NA,NA,NA,NA,NA,NA,NA,NA,NA,NA,NA,NA,NA,NA,NA,NA,NA,NA,iP0ce0da7be41d81a5,NA,NA,A,FALSE,TRUE,FALSE,FALSE,TRUE,FALSE,FALSE,0,3,1,9.166666666666666,0,1,1,1,0,0,0,70,70,70,70,80,70,50,80,70,70,50,50,50,50,70,50,NA,50,80,70,70,70,70,70,40,50,50,50,50,30,70,70,70,70,50,70,NA,30,50,60,70,70,70,30,70,50,70,50,80,50,70,70,70,70,70,70,50,50,70,70,50,70,70,70,60,NA,NA,NA,NA,NA,NA,NA,NA,NA,NA,NA,NA,NA,NA,NA,NA,NA,NA,NA,NA,NA,NA,NA,NA,NA,NA,NA,NA,NA,NA,NA,NA,NA,NA,NA,NA,NA,NA,NA,NA,NA,NA,NA,147,0,147,1,FALSE,FALSE,FALSE,FALSE,FALSE,FALSE,0,0,1,0,0,NA,NA,NA,NA,NA,NA,52.5,-0.7380914907969394,NA,NA,NA,NA,NA,NA,NA,NA,NA,NA,NA,NA,NA,NA,NA,NA,NA,NA,NA,NA,NA,NA,NA,TRUE,TRUE,No controls
100,1909,1,R_7BleD6Kb7JsHF3H,NA,1,0,NA,1,0,0,1,0,0,1,0,0,1,0,0,0,1,0,1,0,0,0,1,1,0,0,1,0,0,0,1,0,Rarely,Rarely,Rarely,4,1,1,1,1,1,7,9,7,7,9,5,3,3,3,2,4,3,Purple,1,1,1,5,5,4,5,4,4,4,2,2,2,1,1,2,1,1,2,2,3,4,2,3,4,1,2,1,2,2,1,2,2,1,2,1,2,1,2,2,3,2,2,2,2,2,2,1,2,1,1,3,4,4,3,3,4,2,3,3,3,2,3,3,4,NA,3,2,2,2,2,2,2,1,4,4,4,5,4,5,4,5,5,4,4,NA,NA,NA,NA,NA,NA,NA,NA,NA,NA,NA,NA,NA,NA,NA,NA,NA,NA,NA,NA,NA,NA,NA,NA,NA,NA,NA,NA,NA,NA,NA,NA,NA,NA,NA,NA,NA,NA,NA,NA,NA,NA,NA,iPa2b47d0e743d072b,NA,NA,B,TRUE,FALSE,TRUE,FALSE,TRUE,TRUE,TRUE,2,1,3,31.816666666666663,0,0,0,0,0,0,0,100,100,99,95,81,100,90,91,100,100,82,99,86,100,99,100,87,84,12,100,32,100,94,95,28,91,89,95,86,71,100,97,100,95,31,100,75,23,95,38,91,98,NA,NA,NA,NA,NA,NA,NA,NA,NA,NA,NA,NA,NA,NA,NA,NA,NA,NA,NA,NA,NA,NA,NA,97,94,63,95,100,32,100,32,94,58,89,76,100,92,95,82,99,97,99,60,84,NA,NA,NA,NA,NA,NA,NA,NA,NA,NA,NA,NA,NA,NA,NA,NA,NA,NA,NA,NA,NA,NA,43,0,43,1,FALSE,FALSE,FALSE,FALSE,FALSE,FALSE,1,NA,NA,1,NA,NA,NA,NA,NA,NA,NA,91.88888888888889,1.317759926439486,5,3,Rehab (3),2,1,1.5,2.75,1,1,1,3,3,1,3,2,1,4,2.5,2,4,2,2,4,FALSE,TRUE,Some controls missing
100,1373,1,R_3QECDypmCjs6FWN,0,0,1,0,0,1,0,0,1,0,0,1,0,0,1,0,0,1,0,0,1,0,0,1,1,0,0,0,0,1,0,0,1,Rarely,Frequently,Frequently,1,NA,NA,NA,NA,NA,NA,NA,NA,NA,NA,NA,NA,NA,NA,NA,NA,NA,NA,NA,NA,NA,NA,NA,NA,NA,NA,NA,NA,NA,NA,NA,NA,NA,NA,NA,NA,NA,NA,NA,NA,NA,NA,NA,NA,NA,NA,NA,NA,NA,NA,NA,NA,NA,NA,NA,NA,NA,NA,NA,NA,NA,NA,NA,NA,NA,NA,NA,NA,NA,NA,NA,NA,NA,NA,NA,NA,NA,NA,NA,NA,NA,NA,NA,NA,NA,NA,NA,NA,NA,NA,NA,NA,NA,NA,NA,NA,NA,NA,NA,NA,NA,NA,NA,NA,NA,NA,NA,NA,NA,NA,NA,NA,NA,NA,NA,NA,NA,NA,NA,NA,NA,NA,NA,NA,NA,NA,NA,NA,NA,NA,NA,NA,NA,NA,NA,NA,NA,NA,NA,NA,NA,NA,NA,NA,NA,NA,iPd4386200b35c5282,NA,NA,C,FALSE,TRUE,FALSE,FALSE,TRUE,FALSE,FALSE,0,3,1,22.883333333333333,0,0,0,1,0,0,0,100,100,100,90,100,86,51,100,77,65,19,50,50,75,38,50,100,74,100,75,50,75,83,100,28,24,63,100,0,89,100,50,75,66,100,100,65,83,68,88,79,100,NA,NA,NA,NA,NA,NA,NA,NA,NA,NA,NA,NA,NA,NA,NA,NA,NA,NA,NA,NA,NA,NA,NA,NA,NA,NA,NA,NA,NA,NA,NA,NA,NA,NA,NA,NA,NA,NA,NA,NA,NA,NA,NA,NA,86,86,100,51,100,100,100,100,100,0,89,0,50,100,50,69,50,74,60,75,66,50,145,0,145,1,FALSE,FALSE,FALSE,FALSE,FALSE,FALSE,0,0,1,0,0,NA,NA,NA,NA,NA,NA,65.22222222222223,-0.07407178057530092,NA,NA,NA,NA,NA,NA,NA,NA,NA,NA,NA,NA,NA,NA,NA,NA,NA,NA,NA,NA,NA,NA,NA,TRUE,TRUE,No controls
100,188078,1,R_79gzALE5ysPlnK9,0,0,1,0,0,1,0,1,1,0,1,0,1,0,0,0,0,1,0,0,1,0,0,1,1,0,0,1,0,0,0,0,1,Frequently,Rarely,Sometimes,4,2,2,2,2,2,7,8,8,7,8,4,2,3,2,2.5,3,1,Purple,NA,NA,NA,NA,NA,NA,NA,NA,NA,NA,NA,NA,NA,NA,NA,NA,NA,NA,NA,NA,NA,NA,NA,NA,NA,NA,NA,NA,NA,NA,NA,NA,NA,NA,NA,NA,NA,NA,NA,NA,NA,NA,NA,NA,NA,NA,NA,NA,NA,NA,NA,NA,NA,NA,NA,NA,NA,NA,NA,NA,NA,NA,NA,NA,NA,NA,NA,NA,NA,NA,NA,NA,NA,NA,NA,NA,NA,NA,NA,NA,NA,NA,NA,NA,NA,NA,NA,NA,NA,NA,NA,NA,NA,NA,NA,NA,NA,NA,NA,NA,NA,NA,NA,NA,NA,NA,NA,NA,NA,NA,NA,NA,NA,NA,NA,NA,NA,NA,NA,NA,NA,NA,NA,NA,NA,NA,NA,NA,iP145878703e4a4e9b,NA,NA,B,TRUE,FALSE,TRUE,FALSE,TRUE,TRUE,FALSE,2,1,2,3134.633333333333,0,0,0,0,1,1,0,40,16,39,25,32,28,37,22,22,31,29,33,21,51,14,31,23,25,40,34,32,43,21,39,27,35,21,29,30,47,30,27,38,22,27,14,25,27,24,26,28,18,NA,NA,NA,NA,NA,NA,NA,NA,NA,NA,NA,NA,NA,NA,NA,NA,NA,NA,NA,NA,NA,NA,NA,6,2,25,22,30,22,26,28,25,21,32,28,16,24,33,22,39,31,21,14,22,NA,NA,NA,NA,NA,NA,NA,NA,NA,NA,NA,NA,NA,NA,NA,NA,NA,NA,NA,NA,NA,NA,127,0,127,0,FALSE,FALSE,FALSE,FALSE,FALSE,FALSE,0,0,1,0,0,NA,NA,NA,NA,NA,NA,29.444444444444443,-1.9414459874868075,4,4,Neutral (4),3,2,2.5,2.125,NA,NA,NA,NA,NA,NA,NA,NA,NA,NA,NA,2,3,3,2,3,TRUE,TRUE,No controls
100,7211,1,R_19oUfrwR0ed61rJ,0,0,1,0,0,1,0,0,1,0,0,1,0,1,0,0,0,1,0,0,1,0,0,1,0,1,0,0,0,1,0,0,1,Never,Never,Never,4,2,2,2,2,2,9,10,10,10,10,2,2,3,3,3,2,3,purple,NA,NA,NA,NA,NA,NA,NA,NA,NA,NA,NA,NA,NA,NA,NA,NA,NA,NA,NA,NA,NA,NA,NA,NA,NA,NA,NA,NA,NA,NA,NA,NA,NA,NA,NA,NA,NA,NA,NA,NA,NA,NA,NA,NA,NA,NA,NA,NA,NA,NA,NA,NA,NA,NA,NA,NA,NA,NA,NA,NA,NA,NA,NA,NA,NA,NA,NA,NA,NA,NA,NA,NA,NA,NA,NA,NA,NA,NA,NA,NA,NA,NA,NA,NA,NA,NA,NA,NA,NA,NA,NA,NA,NA,NA,NA,NA,NA,NA,NA,NA,NA,NA,NA,NA,NA,NA,NA,NA,NA,NA,NA,NA,NA,NA,NA,NA,NA,NA,NA,NA,NA,NA,NA,NA,NA,NA,NA,NA,iP1a30eabde4bb49e8,NA,NA,A,TRUE,FALSE,TRUE,FALSE,TRUE,TRUE,FALSE,2,1,2,120.18333333333334,0,0,0,0,1,0,0,60,80,60,70,50,60,70,70,80,60,60,60,60,60,70,90,70,60,60,60,50,70,60,90,60,70,90,60,60,60,60,50,50,50,60,80,90,70,40,40,60,60,50,70,60,40,60,50,80,50,50,60,50,60,60,70,60,70,70,60,60,70,60,60,60,NA,NA,NA,NA,NA,NA,NA,NA,NA,NA,NA,NA,NA,NA,NA,NA,NA,NA,NA,NA,NA,NA,NA,NA,NA,NA,NA,NA,NA,NA,NA,NA,NA,NA,NA,NA,NA,NA,NA,NA,NA,NA,NA,127,0,127,0,FALSE,FALSE,FALSE,FALSE,FALSE,FALSE,0,0,1,0,0,NA,NA,NA,NA,NA,NA,67.77777777777777,0.05931209134694887,2,6,Punish (6),3,3,3,3,NA,NA,NA,NA,NA,NA,NA,NA,NA,NA,NA,4,5,5,5,5,TRUE,TRUE,No controls
100,6749,1,R_6lsBvjRVLYx5tLj,NA,1,0,1,0,0,1,0,0,0,0,1,1,0,0,0,0,1,1,0,0,0,1,0,1,0,0,1,1,0,0,0,1,Never,Rarely,Never,4,1,1,1,1,1,6,8,6,7,6,5,1,4,4,4,5,4,Purple,NA,NA,NA,NA,NA,NA,NA,NA,NA,NA,NA,NA,NA,NA,NA,NA,NA,NA,NA,NA,NA,NA,NA,NA,NA,NA,NA,NA,NA,NA,NA,NA,NA,NA,NA,NA,NA,NA,NA,NA,NA,NA,NA,NA,NA,NA,NA,NA,NA,NA,NA,NA,NA,NA,NA,NA,NA,NA,NA,NA,NA,NA,NA,NA,NA,NA,NA,NA,NA,NA,NA,NA,NA,NA,NA,NA,NA,NA,NA,NA,NA,NA,NA,NA,NA,NA,NA,NA,NA,NA,NA,NA,NA,NA,NA,NA,NA,NA,NA,NA,NA,NA,NA,NA,NA,NA,NA,NA,NA,NA,NA,NA,NA,NA,NA,NA,NA,NA,NA,NA,NA,NA,NA,NA,NA,NA,NA,NA,iP731965e45d25931c,NA,NA,C,TRUE,FALSE,TRUE,FALSE,TRUE,TRUE,FALSE,2,1,2,112.48333333333332,0,0,0,0,1,0,0,100,71,7,16,41,19,81,98,83,35,77,97,18,83,84,89,81,26,22,71,9,94,83,100,24,28,13,37,14,81,83,37,79,83,21,93,79,16,17,17,86,92,NA,NA,NA,NA,NA,NA,NA,NA,NA,NA,NA,NA,NA,NA,NA,NA,NA,NA,NA,NA,NA,NA,NA,NA,NA,NA,NA,NA,NA,NA,NA,NA,NA,NA,NA,NA,NA,NA,NA,NA,NA,NA,NA,NA,86,84,76,14,76,96,81,79,37,0,78,27,21,84,10,88,85,66,40,75,35,19,127,0,127,0,FALSE,FALSE,FALSE,FALSE,FALSE,FALSE,1,NA,NA,1,1,NA,NA,NA,NA,NA,NA,48,-0.9729630913556848,5,3,Rehab (3),4,2.5,3.25,4,NA,NA,NA,NA,NA,NA,NA,NA,NA,NA,NA,1,3,1,2,1,TRUE,TRUE,No controls
100,922,1,R_7i3F1YexCrrxOIo,NA,1,0,NA,1,0,0,1,0,0,0,1,0,1,0,0,0,1,0,1,0,0,1,0,1,1,0,0,1,0,0,1,0,Sometimes,Rarely,Sometimes,4,1,1,1,1,1,10,9,10,10,10,5,2,4,3,4,1,3,Purple,NA,NA,NA,NA,NA,NA,NA,NA,NA,NA,NA,NA,NA,NA,NA,NA,NA,NA,NA,NA,NA,NA,NA,NA,NA,NA,NA,NA,NA,NA,NA,NA,NA,NA,NA,NA,NA,NA,NA,NA,NA,NA,NA,NA,NA,NA,NA,NA,NA,NA,NA,NA,NA,NA,NA,NA,NA,NA,NA,NA,NA,NA,NA,NA,NA,NA,NA,NA,NA,NA,NA,NA,NA,NA,NA,NA,NA,NA,NA,NA,NA,NA,NA,NA,NA,NA,NA,NA,NA,NA,NA,NA,NA,NA,NA,NA,NA,NA,NA,NA,NA,NA,NA,NA,NA,NA,NA,NA,NA,NA,NA,NA,NA,NA,NA,NA,NA,NA,NA,NA,NA,NA,NA,NA,NA,NA,NA,NA,iP4ad02c067ee7ebc9,NA,NA,B,TRUE,FALSE,TRUE,FALSE,TRUE,TRUE,FALSE,2,1,2,15.366666666666667,0,0,1,1,0,0,0,100,100,100,100,80,100,100,100,100,100,100,100,100,100,100,100,100,100,16,100,10,100,100,100,50,100,100,100,100,50,100,100,100,100,7,0,13,0,44,0,63,100,NA,NA,NA,NA,NA,NA,NA,NA,NA,NA,NA,NA,NA,NA,NA,NA,NA,NA,NA,NA,NA,NA,NA,100,4,100,100,100,0,100,0,81,67,0,100,27,100,77,100,100,100,50,25,100,NA,NA,NA,NA,NA,NA,NA,NA,NA,NA,NA,NA,NA,NA,NA,NA,NA,NA,NA,NA,NA,NA,127,0,127,0,FALSE,FALSE,FALSE,FALSE,FALSE,FALSE,1,NA,NA,1,NA,NA,NA,NA,NA,NA,NA,100,1.7411087373231504,5,3,Rehab (3),3,4,3.5,3.5,NA,NA,NA,NA,NA,NA,NA,NA,NA,NA,NA,5,4,5,5,5,TRUE,TRUE,No controls
100,3228,1,R_5dLV22R0eXnXzqE,NA,1,0,NA,1,0,1,1,0,0,0,1,1,1,0,0,0,1,0,0,1,0,1,0,1,1,0,0,0,1,0,0,1,Sometimes,Sometimes,Sometimes,4,2,1,1,1,2,9,10,10,10,10,6,2,4,1,4,3,4,purple,NA,NA,NA,NA,NA,NA,NA,NA,NA,NA,NA,NA,NA,NA,NA,NA,NA,NA,NA,NA,NA,NA,NA,NA,NA,NA,NA,NA,NA,NA,NA,NA,NA,NA,NA,NA,NA,NA,NA,NA,NA,NA,NA,NA,NA,NA,NA,NA,NA,NA,NA,NA,NA,NA,NA,NA,NA,NA,NA,NA,NA,NA,NA,NA,NA,NA,NA,NA,NA,NA,NA,NA,NA,NA,NA,NA,NA,NA,NA,NA,NA,NA,NA,NA,NA,NA,NA,NA,NA,NA,NA,NA,NA,NA,NA,NA,NA,NA,NA,NA,NA,NA,NA,NA,NA,NA,NA,NA,NA,NA,NA,NA,NA,NA,NA,NA,NA,NA,NA,NA,NA,NA,NA,NA,NA,NA,NA,NA,iP2724b7c702949c4e,NA,NA,C,TRUE,FALSE,TRUE,FALSE,TRUE,TRUE,FALSE,2,1,2,53.8,0,0,0,0,1,0,0,62,62,50,62,50,20,3,5,2,18,91,85,98,100,20,74,66,100,61,22,81,25,71,1,2,39,100,13,44,54,63,7,0,0,71,8,1,47,8,28,62,17,NA,NA,NA,NA,NA,NA,NA,NA,NA,NA,NA,NA,NA,NA,NA,NA,NA,NA,NA,NA,NA,NA,NA,NA,NA,NA,NA,NA,NA,NA,NA,NA,NA,NA,NA,NA,NA,NA,NA,NA,NA,NA,NA,NA,100,100,51,89,82,47,99,69,21,11,79,11,77,52,44,90,4,100,100,59,24,3,127,0,127,0,FALSE,FALSE,FALSE,FALSE,FALSE,FALSE,1,NA,NA,1,NA,NA,NA,NA,NA,NA,NA,68.55555555555556,0.09990718280154724,6,2,Rehab (2),3,2,2.5,3.25,NA,NA,NA,NA,NA,NA,NA,NA,NA,NA,NA,4,5,5,5,5,TRUE,TRUE,No controls
100,21399,1,R_5gZCAwwQ8S3r6sp,NA,1,0,NA,1,0,0,1,0,0,0,1,-99,-99,-99,0,0,1,0,1,0,0,1,0,0,1,0,0,1,0,0,0,1,Never,Never,Never,4,1,1,1,1,1,10,10,10,10,10,3,1,4,4,3,1,2.5,purple,NA,NA,NA,NA,NA,NA,NA,NA,NA,NA,NA,NA,NA,NA,NA,NA,NA,NA,NA,NA,NA,NA,NA,NA,NA,NA,NA,NA,NA,NA,NA,NA,NA,NA,NA,NA,NA,NA,NA,NA,NA,NA,NA,NA,NA,NA,NA,NA,NA,NA,NA,NA,NA,NA,NA,NA,NA,NA,NA,NA,NA,NA,NA,NA,NA,NA,NA,NA,NA,NA,NA,NA,NA,NA,NA,NA,NA,NA,NA,NA,NA,NA,NA,NA,NA,NA,NA,NA,NA,NA,NA,NA,NA,NA,NA,NA,NA,NA,NA,NA,NA,NA,NA,NA,NA,NA,NA,NA,NA,NA,NA,NA,NA,NA,NA,NA,NA,NA,NA,NA,NA,NA,NA,NA,NA,NA,NA,NA,iPe3bd2025d0b06b9d,NA,NA,C,TRUE,FALSE,TRUE,FALSE,TRUE,TRUE,FALSE,2,1,2,356.65,0,0,0,0,1,1,0,87,100,100,100,98,100,91,86,100,91,100,76,100,80,90,92,100,100,100,100,89,100,84,96,8,100,78,96,25,17,100,100,100,67,8,81,100,0,0,21,100,100,NA,NA,NA,NA,NA,NA,NA,NA,NA,NA,NA,NA,NA,NA,NA,NA,NA,NA,NA,NA,NA,NA,NA,NA,NA,NA,NA,NA,NA,NA,NA,NA,NA,NA,NA,NA,NA,NA,NA,NA,NA,NA,NA,NA,100,100,100,100,100,100,100,100,100,0,100,100,100,100,100,100,100,100,100,100,100,88,127,0,127,0,FALSE,FALSE,FALSE,FALSE,FALSE,FALSE,1,NA,NA,1,NA,NA,NA,NA,NA,NA,NA,85.66666666666667,0.9929991948027026,3,5,Punish (5),4,4,4,3.375,NA,NA,NA,NA,NA,NA,NA,NA,NA,NA,NA,5,5,5,5,5,TRUE,TRUE,No controls
100,673,1,R_1ImxendxvVnsT5v,0,0,1,0,0,1,0,0,1,0,0,1,1,0,0,0,0,1,0,0,1,0,0,1,1,0,0,1,0,0,0,0,1,Rarely,Never,Never,4,1,1,1,2,1,7,10,10,10,9,2,1,3,3,3,2,3,Purple,NA,NA,NA,NA,NA,NA,NA,NA,NA,NA,NA,NA,NA,NA,NA,NA,NA,NA,NA,NA,NA,NA,NA,NA,NA,NA,NA,NA,NA,NA,NA,NA,NA,NA,NA,NA,NA,NA,NA,NA,NA,NA,NA,NA,NA,NA,NA,NA,NA,NA,NA,NA,NA,NA,NA,NA,NA,NA,NA,NA,NA,NA,NA,NA,NA,NA,NA,NA,NA,NA,NA,NA,NA,NA,NA,NA,NA,NA,NA,NA,NA,NA,NA,NA,NA,NA,NA,NA,NA,NA,NA,NA,NA,NA,NA,NA,NA,NA,NA,NA,NA,NA,NA,NA,NA,NA,NA,NA,NA,NA,NA,NA,NA,NA,NA,NA,NA,NA,NA,NA,NA,NA,NA,NA,NA,NA,NA,NA,iPe706084cf10e6e41,NA,NA,A,TRUE,FALSE,TRUE,FALSE,TRUE,TRUE,FALSE,2,1,2,11.216666666666669,0,1,1,1,0,0,0,100,80,60,80,40,30,60,80,20,70,70,70,80,60,80,80,90,70,80,80,10,70,70,90,10,20,60,20,80,30,80,20,20,20,20,80,80,30,20,10,70,80,60,70,60,10,70,70,80,30,80,90,90,40,70,60,20,20,20,30,20,30,80,80,70,NA,NA,NA,NA,NA,NA,NA,NA,NA,NA,NA,NA,NA,NA,NA,NA,NA,NA,NA,NA,NA,NA,NA,NA,NA,NA,NA,NA,NA,NA,NA,NA,NA,NA,NA,NA,NA,NA,NA,NA,NA,NA,NA,127,0,127,0,FALSE,FALSE,FALSE,FALSE,FALSE,FALSE,0,0,1,0,0,NA,NA,NA,NA,NA,NA,68.88888888888889,0.11730507913923184,2,6,Punish (6),4,3,3.5,3,NA,NA,NA,NA,NA,NA,NA,NA,NA,NA,NA,2,5,5,5,4,TRUE,TRUE,No controls
100,5174,1,R_3qVSZZKzaZ64KOq,0,0,1,0,0,1,0,0,1,0,0,1,0,0,1,0,0,1,0,0,1,0,0,1,0,0,1,0,0,1,0,0,1,Never,Never,Never,4,-99,-99,-99,-99,-99,9,8,8,8,8,4,1,2.5,2.5,2.5,5,2.5,purple,5,5,5,6,6,6,6,6,6,6,1,1,1,1,2,2,1,1,5,4,4,1,1,4,4,3,3,3,3,3,3,3,3,3,3,3,3,3,3,2,4,2,2,2,2,2,4,3,3,1,1,5,5,5,5,5,5,5,2,3,3,4,3,2,3,NA,2,3,2,2,3,3,3,3,NA,NA,-99,-99,-99,-99,-99,-99,-99,-99,-99,-99,-99,-99,-99,-99,-99,-99,NA,NA,NA,-99,NA,NA,NA,NA,NA,NA,NA,NA,-99,-99,-99,-99,-99,51.369,51.369,51.372,1,NA,NA,NA,NA,NA,-99,-99,-99,-99,-99,-99,-99,-99,3002,2702,iPd30ef3d5311ccf47,Washington,King,C,TRUE,FALSE,TRUE,FALSE,TRUE,TRUE,FALSE,2,1,2,86.23333333333333,0,0,0,0,1,0,0,50,50,50,50,50,50,50,50,100,50,50,50,50,50,50,50,50,50,50,50,50,50,50,50,50,50,50,50,50,50,50,50,50,50,0,50,50,0,50,50,50,50,NA,NA,NA,NA,NA,NA,NA,NA,NA,NA,NA,NA,NA,NA,NA,NA,NA,NA,NA,NA,NA,NA,NA,NA,NA,NA,NA,NA,NA,NA,NA,NA,NA,NA,NA,NA,NA,NA,NA,NA,NA,NA,NA,NA,50,50,50,50,50,50,50,50,50,9,50,50,50,50,50,50,50,50,50,50,50,50,3,0,3,0,FALSE,FALSE,FALSE,FALSE,FALSE,FALSE,0,0,1,0,0,NA,NA,NA,NA,NA,NA,50,-0.8685757133295756,4,4,Neutral (4),4,2.5,3.25,2.5,3,3,3,3,1,1,3,3,4,4,4,4,3,3,3,3,FALSE,TRUE,Some controls missing
100,717,1,R_1mx6nV4CeszI37O,1,1,0,NA,1,0,0,1,0,0,1,0,1,1,0,0,0,1,0,0,1,0,0,1,1,1,0,1,1,0,0,0,1,Sometimes,Sometimes,Sometimes,4,1,1,2,2,3,9,10,10,9,10,2,1,3,2,3,3,2,purple,NA,NA,NA,NA,NA,NA,NA,NA,NA,NA,NA,NA,NA,NA,NA,NA,NA,NA,NA,NA,NA,NA,NA,NA,NA,NA,NA,NA,NA,NA,NA,NA,NA,NA,NA,NA,NA,NA,NA,NA,NA,NA,NA,NA,NA,NA,NA,NA,NA,NA,NA,NA,NA,NA,NA,NA,NA,NA,NA,NA,NA,NA,NA,NA,NA,NA,NA,NA,NA,NA,NA,NA,NA,NA,NA,NA,NA,NA,NA,NA,NA,NA,NA,NA,NA,NA,NA,NA,NA,NA,NA,NA,NA,NA,NA,NA,NA,NA,NA,NA,NA,NA,NA,NA,NA,NA,NA,NA,NA,NA,NA,NA,NA,NA,NA,NA,NA,NA,NA,NA,NA,NA,NA,NA,NA,NA,NA,NA,iP7708e823700bac5f,NA,NA,B,TRUE,FALSE,TRUE,FALSE,TRUE,TRUE,FALSE,2,1,2,11.95,0,1,1,1,0,0,0,69,67,66,26,70,28,31,74,72,65,65,65,42,72,27,56,75,50,67,78,0,71,28,65,50,0,64,29,5,62,75,62,3,63,11,10,61,28,2,0,63,70,NA,NA,NA,NA,NA,NA,NA,NA,NA,NA,NA,NA,NA,NA,NA,NA,NA,NA,NA,NA,NA,NA,NA,48,28,7,4,28,5,65,15,74,8,74,67,64,58,5,63,73,4,40,13,21,NA,NA,NA,NA,NA,NA,NA,NA,NA,NA,NA,NA,NA,NA,NA,NA,NA,NA,NA,NA,NA,NA,127,0,127,0,FALSE,FALSE,FALSE,FALSE,FALSE,FALSE,1,1,0,1,NA,NA,NA,NA,NA,NA,NA,52.333333333333336,-0.7467904389657817,2,6,Punish (6),4,2,3,2.5,NA,NA,NA,NA,NA,NA,NA,NA,NA,NA,NA,4,5,5,4,5,TRUE,TRUE,No controls
100,116793,1,R_3UlYvbSxOfOOyGJ,NA,1,0,NA,0,1,1,0,0,0,0,1,0,1,0,0,0,1,0,0,1,0,0,1,0,1,0,0,1,0,0,0,1,Never,Never,Rarely,4,1,1,1,1,1,9,10,10,10,10,4,5,3,3,4,5,3,Purple,NA,NA,NA,NA,NA,NA,NA,NA,NA,NA,NA,NA,NA,NA,NA,NA,NA,NA,NA,NA,NA,NA,NA,NA,NA,NA,NA,NA,NA,NA,NA,NA,NA,NA,NA,NA,NA,NA,NA,NA,NA,NA,NA,NA,NA,NA,NA,NA,NA,NA,NA,NA,NA,NA,NA,NA,NA,NA,NA,NA,NA,NA,NA,NA,NA,NA,NA,NA,NA,NA,NA,NA,NA,NA,NA,NA,NA,NA,NA,NA,NA,NA,NA,NA,NA,NA,NA,NA,NA,NA,NA,NA,NA,NA,NA,NA,NA,NA,NA,NA,NA,NA,NA,NA,NA,NA,NA,NA,NA,NA,NA,NA,NA,NA,NA,NA,NA,NA,NA,NA,NA,NA,NA,NA,NA,NA,NA,NA,iP0dc572f07cd7290e,NA,NA,C,TRUE,FALSE,TRUE,FALSE,TRUE,TRUE,FALSE,2,1,2,1946.55,0,0,0,0,1,1,0,50,50,50,50,50,50,50,50,50,50,50,50,50,50,50,50,50,50,50,50,50,50,50,50,50,50,50,50,50,50,50,50,50,50,49,50,50,50,50,50,50,50,NA,NA,NA,NA,NA,NA,NA,NA,NA,NA,NA,NA,NA,NA,NA,NA,NA,NA,NA,NA,NA,NA,NA,NA,NA,NA,NA,NA,NA,NA,NA,NA,NA,NA,NA,NA,NA,NA,NA,NA,NA,NA,NA,NA,50,50,50,50,50,50,50,50,50,50,50,50,50,50,50,50,50,50,50,50,50,50,127,0,127,0,FALSE,FALSE,FALSE,FALSE,FALSE,FALSE,1,NA,NA,1,NA,NA,NA,NA,NA,NA,NA,50,-0.8685757133295756,4,4,Neutral (4),2.5,2.5,2.5,3.25,NA,NA,NA,NA,NA,NA,NA,NA,NA,NA,NA,4,5,5,5,5,TRUE,TRUE,No controls
100,2361,1,R_5Vgslzb8I4XfqOx,1,NA,0,NA,1,0,0,1,0,1,0,0,0,1,0,0,1,0,1,0,0,0,1,0,1,0,0,1,0,0,0,1,0,Frequently,Frequently,Rarely,4,1,3,1,4,2,10,9,6,10,8,5,4,2.5,4,2,4,1,purple,4,3,3,2,4,1,1,3,1,1,2,1,1,2,1,1,2,1,1,4,1,3,3,2,2,3,2,3,1,2,1,1,1,1,1,2,1,2,1,2,1,2,2,2,2,3,1,3,3,1,1,1,3,2,4,2,3,1,3,1,2,2,4,4,4,NA,4,4,2,3,4,4,2,3,2,2,4,5,4,5,4,4,5,5,5,NA,NA,NA,NA,NA,NA,NA,NA,NA,NA,NA,NA,NA,NA,NA,NA,NA,NA,NA,NA,NA,NA,NA,NA,NA,NA,NA,NA,NA,NA,NA,NA,NA,NA,NA,NA,NA,NA,NA,NA,NA,NA,NA,iP718caa04192690b5,NA,NA,A,TRUE,FALSE,TRUE,FALSE,TRUE,TRUE,TRUE,2,1,3,39.35,0,0,0,0,0,0,0,70,80,70,70,70,80,70,40,70,70,30,30,70,70,70,60,70,40,40,40,60,80,80,80,60,40,80,40,70,70,60,30,40,70,70,60,60,60,90,60,70,70,80,70,60,70,60,80,70,60,40,60,80,40,70,40,40,40,80,60,40,80,80,80,60,NA,NA,NA,NA,NA,NA,NA,NA,NA,NA,NA,NA,NA,NA,NA,NA,NA,NA,NA,NA,NA,NA,NA,NA,NA,NA,NA,NA,NA,NA,NA,NA,NA,NA,NA,NA,NA,NA,NA,NA,NA,NA,NA,43,0,43,1,FALSE,FALSE,FALSE,FALSE,FALSE,FALSE,1,1,NA,NA,NA,NA,NA,NA,NA,NA,NA,60,-0.34663882319903044,5,3,Rehab (3),1,1,1,2.375,1,3,3,1,3,3,1,2,4,1,2.5,5,4,1,5,3,FALSE,TRUE,Some controls missing
100,1125,1,R_7W90Y3AIicySoQF,NA,1,0,1,1,0,1,1,0,0,0,1,1,1,0,0,0,1,0,0,1,0,0,1,1,1,0,1,1,0,1,1,1,Sometimes,Never,Frequently,4,2,1,2,2,2,10,10,10,10,10,7,1,4,4,4,4,2,"""purple""",NA,NA,NA,NA,NA,NA,NA,NA,NA,NA,NA,NA,NA,NA,NA,NA,NA,NA,NA,NA,NA,NA,NA,NA,NA,NA,NA,NA,NA,NA,NA,NA,NA,NA,NA,NA,NA,NA,NA,NA,NA,NA,NA,NA,NA,NA,NA,NA,NA,NA,NA,NA,NA,NA,NA,NA,NA,NA,NA,NA,NA,NA,NA,NA,NA,NA,NA,NA,NA,NA,NA,NA,NA,NA,NA,NA,NA,NA,NA,NA,NA,NA,NA,NA,NA,NA,NA,NA,NA,NA,NA,NA,NA,NA,NA,NA,NA,NA,NA,NA,NA,NA,NA,NA,NA,NA,NA,NA,NA,NA,NA,NA,NA,NA,NA,NA,NA,NA,NA,NA,NA,NA,NA,NA,NA,NA,NA,NA,iPcd08a7f4d5b754b6,NA,NA,A,TRUE,FALSE,TRUE,FALSE,TRUE,TRUE,FALSE,2,1,2,18.75,0,0,1,1,0,0,0,60,70,50,60,50,50,40,40,50,40,40,50,50,60,50,60,60,60,50,50,50,70,60,70,40,60,60,50,40,30,50,50,50,50,10,20,40,10,20,40,50,50,60,20,50,0,40,60,50,50,60,50,70,40,40,50,40,40,50,40,50,50,40,20,40,NA,NA,NA,NA,NA,NA,NA,NA,NA,NA,NA,NA,NA,NA,NA,NA,NA,NA,NA,NA,NA,NA,NA,NA,NA,NA,NA,NA,NA,NA,NA,NA,NA,NA,NA,NA,NA,NA,NA,NA,NA,NA,NA,127,0,127,0,FALSE,FALSE,FALSE,FALSE,FALSE,FALSE,1,NA,NA,1,1,NA,NA,NA,NA,NA,NA,54.44444444444444,-0.6366037621604446,7,1,Rehab (1),4,1,2.5,3.5,NA,NA,NA,NA,NA,NA,NA,NA,NA,NA,NA,5,5,5,5,5,TRUE,TRUE,No controls
100,561,1,R_71cQPmb2pIas57v,NA,1,0,NA,1,0,0,1,0,0,1,0,1,0,0,0,1,0,0,1,0,0,1,0,0,1,0,0,1,0,0,1,0,Sometimes,Sometimes,Sometimes,4,1,2,3,2,3,7,8,7,9,7,4,1,3,4,3,1,2,purple,1,2,2,1,2,1,2,3,2,3,1,2,2,2,1,2,1,3,1,2,2,2,1,2,2,1,2,1,2,2,2,1,2,2,1,2,1,1,1,1,2,3,2,3,2,3,2,1,2,2,5,3,3,2,3,1,2,2,2,2,2,3,1,1,4,NA,1,1,1,2,4,3,2,2,2,2,4,4,4,4,4,4,4,4,4,NA,NA,NA,NA,NA,NA,NA,NA,NA,NA,NA,NA,NA,NA,NA,NA,NA,NA,NA,NA,NA,NA,NA,NA,NA,NA,NA,NA,NA,NA,NA,NA,NA,NA,NA,NA,NA,NA,NA,NA,NA,NA,NA,iPbfa8b8ee03024c2f,NA,NA,C,TRUE,FALSE,TRUE,FALSE,TRUE,TRUE,TRUE,2,1,3,9.35,0,1,1,1,0,0,0,100,100,100,100,100,100,100,100,100,100,100,100,100,100,100,100,100,100,100,100,80,100,100,100,75,100,100,100,100,80,100,100,100,100,85,70,100,86,100,100,100,100,NA,NA,NA,NA,NA,NA,NA,NA,NA,NA,NA,NA,NA,NA,NA,NA,NA,NA,NA,NA,NA,NA,NA,NA,NA,NA,NA,NA,NA,NA,NA,NA,NA,NA,NA,NA,NA,NA,NA,NA,NA,NA,NA,NA,100,100,100,100,100,100,100,100,100,22,100,0,73,100,100,100,100,100,100,100,100,100,43,0,43,1,FALSE,FALSE,FALSE,FALSE,FALSE,FALSE,1,NA,NA,1,NA,NA,NA,NA,NA,NA,NA,100,1.7411087373231504,4,4,Neutral (4),4,4,4,3,3,1,1,1,3,1,3,2,1,4,2.5,2,3,2,4,2,FALSE,TRUE,Some controls missing
100,8536,1,R_53zydnekY7Wk11L,0,0,1,0,0,1,0,0,1,0,0,1,0,0,1,0,0,1,1,0,0,0,0,1,1,0,0,1,0,0,0,0,1,Never,Never,Never,4,2,2,2,2,2,10,8,9,9,9,7,2,2.5,3,3,2,3,purple,NA,NA,NA,NA,NA,NA,NA,NA,NA,NA,NA,NA,NA,NA,NA,NA,NA,NA,NA,NA,NA,NA,NA,NA,NA,NA,NA,NA,NA,NA,NA,NA,NA,NA,NA,NA,NA,NA,NA,NA,NA,NA,NA,NA,NA,NA,NA,NA,NA,NA,NA,NA,NA,NA,NA,NA,NA,NA,NA,NA,NA,NA,NA,NA,NA,NA,NA,NA,NA,NA,NA,NA,NA,NA,NA,NA,NA,NA,NA,NA,NA,NA,NA,NA,NA,NA,NA,NA,NA,NA,NA,NA,NA,NA,NA,NA,NA,NA,NA,NA,NA,NA,NA,NA,NA,NA,NA,NA,NA,NA,NA,NA,NA,NA,NA,NA,NA,NA,NA,NA,NA,NA,NA,NA,NA,NA,NA,NA,iPa85cf2e74e1eb1e5,NA,NA,A,TRUE,FALSE,TRUE,FALSE,TRUE,TRUE,FALSE,2,1,2,142.26666666666668,0,0,0,0,1,0,0,100,100,100,100,100,100,40,100,100,90,100,60,100,100,0,100,100,100,100,100,50,100,100,100,20,40,100,100,60,100,100,100,100,100,50,70,40,100,0,0,50,100,100,50,100,100,100,30,100,100,100,100,100,100,100,100,60,40,100,100,10,100,40,100,100,NA,NA,NA,NA,NA,NA,NA,NA,NA,NA,NA,NA,NA,NA,NA,NA,NA,NA,NA,NA,NA,NA,NA,NA,NA,NA,NA,NA,NA,NA,NA,NA,NA,NA,NA,NA,NA,NA,NA,NA,NA,NA,NA,127,0,127,0,FALSE,FALSE,FALSE,FALSE,FALSE,FALSE,0,0,1,0,0,NA,NA,NA,NA,NA,NA,95.55555555555556,1.5091367861540192,7,1,Rehab (1),3,3,3,2.875,NA,NA,NA,NA,NA,NA,NA,NA,NA,NA,NA,5,3,4,4,4,TRUE,TRUE,No controls
100,535,1,R_11LnsBBpMls5awN,NA,NA,1,1,1,0,1,1,0,1,1,0,1,1,0,0,0,1,0,0,1,0,0,1,1,1,0,1,1,0,0,0,1,Sometimes,Sometimes,Sometimes,4,1,1,1,1,1,9,10,10,10,10,4,5,2,2,3,2,3,Purple,NA,NA,NA,NA,NA,NA,NA,NA,NA,NA,NA,NA,NA,NA,NA,NA,NA,NA,NA,NA,NA,NA,NA,NA,NA,NA,NA,NA,NA,NA,NA,NA,NA,NA,NA,NA,NA,NA,NA,NA,NA,NA,NA,NA,NA,NA,NA,NA,NA,NA,NA,NA,NA,NA,NA,NA,NA,NA,NA,NA,NA,NA,NA,NA,NA,NA,NA,NA,NA,NA,NA,NA,NA,NA,NA,NA,NA,NA,NA,NA,NA,NA,NA,NA,NA,NA,NA,NA,NA,NA,NA,NA,NA,NA,NA,NA,NA,NA,NA,NA,NA,NA,NA,NA,NA,NA,NA,NA,NA,NA,NA,NA,NA,NA,NA,NA,NA,NA,NA,NA,NA,NA,NA,NA,NA,NA,NA,NA,iP789624973f0eceeb,NA,NA,A,TRUE,FALSE,TRUE,FALSE,TRUE,TRUE,FALSE,2,1,2,8.916666666666666,0,1,1,1,0,0,0,70,80,80,70,80,70,70,80,70,70,80,80,80,80,80,80,90,80,70,90,60,80,90,90,70,70,80,70,60,70,70,80,70,80,60,70,70,70,60,60,90,80,80,70,70,80,80,60,70,70,70,80,80,70,80,90,80,70,80,90,70,90,70,80,80,NA,NA,NA,NA,NA,NA,NA,NA,NA,NA,NA,NA,NA,NA,NA,NA,NA,NA,NA,NA,NA,NA,NA,NA,NA,NA,NA,NA,NA,NA,NA,NA,NA,NA,NA,NA,NA,NA,NA,NA,NA,NA,NA,127,0,127,0,FALSE,FALSE,FALSE,FALSE,FALSE,FALSE,1,NA,1,NA,1,NA,NA,NA,NA,NA,NA,78.88888888888889,0.639241969269777,4,4,Neutral (4),2.5,3,2.75,2.5,NA,NA,NA,NA,NA,NA,NA,NA,NA,NA,NA,4,5,5,5,5,TRUE,TRUE,No controls
100,946,1,R_17sEDr9F386lGc9,0,0,1,0,0,1,0,0,1,0,0,1,0,1,0,1,0,0,0,0,1,0,0,1,0,1,0,0,0,1,1,0,0,Never,Never,Never,4,1,1,1,1,-99,6,6,6,6,6,6,1,4,4,4,1,4,Purple,2,1,6,1,3,5,4,2,3,3,1,3,1,3,2,3,2,2,2,1,1,4,4,2,3,1,2,3,2,1,2,1,3,2,1,1,3,2,1,2,2,2,3,2,4,2,4,2,2,1,1,5,4,4,1,4,3,2,1,2,3,2,3,4,1,NA,2,3,2,1,2,4,3,1,3,3,5,5,6,5,5,6,5,5,5,NA,NA,NA,NA,NA,NA,NA,NA,NA,NA,NA,NA,NA,NA,NA,NA,NA,NA,NA,NA,NA,NA,NA,NA,NA,NA,NA,NA,NA,NA,NA,NA,NA,NA,NA,NA,NA,NA,NA,NA,NA,NA,NA,iPe4d86c04e21198b7,NA,NA,B,TRUE,FALSE,TRUE,FALSE,TRUE,TRUE,TRUE,2,1,3,15.766666666666667,0,0,1,1,0,0,0,100,98,93,100,100,92,100,91,87,95,93,87,100,100,89,100,90,94,85,95,85,87,95,100,92,85,95,100,86,98,93,100,93,100,100,93,100,96,93,88,93,100,NA,NA,NA,NA,NA,NA,NA,NA,NA,NA,NA,NA,NA,NA,NA,NA,NA,NA,NA,NA,NA,NA,NA,95,93,86,88,87,87,88,87,83,84,93,99,100,95,100,90,92,80,100,92,90,NA,NA,NA,NA,NA,NA,NA,NA,NA,NA,NA,NA,NA,NA,NA,NA,NA,NA,NA,NA,NA,NA,43,0,43,1,FALSE,FALSE,FALSE,FALSE,FALSE,FALSE,0,0,1,0,0,NA,NA,NA,NA,NA,NA,95.55555555555556,1.5091367861540192,6,2,Rehab (2),4,4,4,4,3,2,3,2,1,2,1,1.5,2.5,1,1.75,1,1,1,1,1,FALSE,TRUE,Some controls missing
100,790,1,R_6K3VvsDGGQWKEtA,NA,1,0,NA,1,0,1,0,0,0,1,0,1,0,0,0,1,0,0,1,0,0,0,1,1,0,0,1,1,0,1,0,0,Sometimes,Never,Sometimes,4,1,1,1,1,1,10,10,10,10,10,6,4,3,4,4,2,4,purple,NA,NA,NA,NA,NA,NA,NA,NA,NA,NA,NA,NA,NA,NA,NA,NA,NA,NA,NA,NA,NA,NA,NA,NA,NA,NA,NA,NA,NA,NA,NA,NA,NA,NA,NA,NA,NA,NA,NA,NA,NA,NA,NA,NA,NA,NA,NA,NA,NA,NA,NA,NA,NA,NA,NA,NA,NA,NA,NA,NA,NA,NA,NA,NA,NA,NA,NA,NA,NA,NA,NA,NA,NA,NA,NA,NA,NA,NA,NA,NA,NA,NA,NA,NA,NA,NA,NA,NA,NA,NA,NA,NA,NA,NA,NA,NA,NA,NA,NA,NA,NA,NA,NA,NA,NA,NA,NA,NA,NA,NA,NA,NA,NA,NA,NA,NA,NA,NA,NA,NA,NA,NA,NA,NA,NA,NA,NA,NA,iPc375ff3ad2186571,NA,NA,B,TRUE,FALSE,TRUE,FALSE,TRUE,TRUE,FALSE,2,1,2,13.166666666666666,0,0,1,1,0,0,0,66,91,88,77,58,86,43,75,81,75,98,89,76,86,88,82,82,55,30,93,2,99,92,100,20,30,83,74,68,57,67,86,81,74,19,10,63,59,9,0,62,78,NA,NA,NA,NA,NA,NA,NA,NA,NA,NA,NA,NA,NA,NA,NA,NA,NA,NA,NA,NA,NA,NA,NA,91,0,68,81,59,7,79,0,68,86,1,60,77,77,81,82,95,86,63,13,37,NA,NA,NA,NA,NA,NA,NA,NA,NA,NA,NA,NA,NA,NA,NA,NA,NA,NA,NA,NA,NA,NA,127,0,127,0,FALSE,FALSE,FALSE,FALSE,FALSE,FALSE,1,NA,NA,1,NA,NA,NA,NA,NA,NA,NA,77.66666666666667,0.5754496826982664,6,2,Rehab (2),1,3,2,3.75,NA,NA,NA,NA,NA,NA,NA,NA,NA,NA,NA,5,5,5,5,5,TRUE,TRUE,No controls
100,597,1,R_6eY6pnWeOV21Qc3,NA,1,0,1,0,0,0,1,0,0,0,1,0,0,1,0,1,0,0,0,1,0,0,1,1,1,0,0,1,0,0,0,1,Rarely,Never,Never,1,NA,NA,NA,NA,NA,NA,NA,NA,NA,NA,NA,NA,NA,NA,NA,NA,NA,NA,NA,NA,NA,NA,NA,NA,NA,NA,NA,NA,NA,NA,NA,NA,NA,NA,NA,NA,NA,NA,NA,NA,NA,NA,NA,NA,NA,NA,NA,NA,NA,NA,NA,NA,NA,NA,NA,NA,NA,NA,NA,NA,NA,NA,NA,NA,NA,NA,NA,NA,NA,NA,NA,NA,NA,NA,NA,NA,NA,NA,NA,NA,NA,NA,NA,NA,NA,NA,NA,NA,NA,NA,NA,NA,NA,NA,NA,NA,NA,NA,NA,NA,NA,NA,NA,NA,NA,NA,NA,NA,NA,NA,NA,NA,NA,NA,NA,NA,NA,NA,NA,NA,NA,NA,NA,NA,NA,NA,NA,NA,NA,NA,NA,NA,NA,NA,NA,NA,NA,NA,NA,NA,NA,NA,NA,NA,NA,NA,iP900688e979c29c1a,NA,NA,A,FALSE,TRUE,FALSE,FALSE,TRUE,FALSE,FALSE,0,3,1,9.95,0,1,1,1,0,0,0,NA,NA,NA,NA,NA,60,NA,NA,NA,NA,NA,NA,60,NA,NA,70,70,NA,NA,NA,50,NA,70,NA,30,NA,NA,NA,NA,NA,NA,NA,NA,70,NA,NA,20,10,20,40,NA,NA,NA,NA,NA,NA,NA,30,NA,20,NA,NA,NA,NA,NA,70,NA,NA,NA,NA,NA,NA,NA,NA,NA,NA,NA,NA,NA,NA,NA,NA,NA,NA,NA,NA,NA,NA,NA,NA,NA,NA,NA,NA,NA,NA,NA,NA,NA,NA,NA,NA,NA,NA,NA,NA,NA,NA,NA,NA,NA,NA,NA,NA,NA,NA,NA,NA,175,20,195,1,FALSE,FALSE,FALSE,FALSE,FALSE,FALSE,1,NA,NA,1,1,NA,NA,NA,NA,NA,NA,NA,NA,NA,NA,NA,NA,NA,NA,NA,NA,NA,NA,NA,NA,NA,NA,NA,NA,NA,NA,NA,NA,NA,NA,NA,TRUE,TRUE,No controls
100,214890,1,R_3FOH3Mjt0bEDsV1,NA,1,0,NA,0,1,0,1,0,0,1,0,0,1,0,0,0,1,0,1,0,0,1,0,0,1,0,0,1,0,0,0,1,Rarely,Never,Never,4,2,2,1,2,2,9,10,10,10,8,5,2,2.5,3,3,1,3,Purple,NA,NA,NA,NA,NA,NA,NA,NA,NA,NA,NA,NA,NA,NA,NA,NA,NA,NA,NA,NA,NA,NA,NA,NA,NA,NA,NA,NA,NA,NA,NA,NA,NA,NA,NA,NA,NA,NA,NA,NA,NA,NA,NA,NA,NA,NA,NA,NA,NA,NA,NA,NA,NA,NA,NA,NA,NA,NA,NA,NA,NA,NA,NA,NA,NA,NA,NA,NA,NA,NA,NA,NA,NA,NA,NA,NA,NA,NA,NA,NA,NA,NA,NA,NA,NA,NA,NA,NA,NA,NA,NA,NA,NA,NA,NA,NA,NA,NA,NA,NA,NA,NA,NA,NA,NA,NA,NA,NA,NA,NA,NA,NA,NA,NA,NA,NA,NA,NA,NA,NA,NA,NA,NA,NA,NA,NA,NA,NA,iP8b6f723de1b17d0e,NA,NA,C,TRUE,FALSE,TRUE,FALSE,TRUE,TRUE,FALSE,2,1,2,3581.5,0,0,0,0,1,1,0,83,83,76,73,72,77,57,87,77,82,66,79,69,76,87,94,90,88,79,90,55,89,80,72,61,55,73,63,40,63,86,79,80,75,60,88,87,66,20,51,81,72,NA,NA,NA,NA,NA,NA,NA,NA,NA,NA,NA,NA,NA,NA,NA,NA,NA,NA,NA,NA,NA,NA,NA,NA,NA,NA,NA,NA,NA,NA,NA,NA,NA,NA,NA,NA,NA,NA,NA,NA,NA,NA,NA,NA,96,96,93,72,93,93,86,96,69,33,94,35,47,83,65,82,98,78,69,86,74,77,127,0,127,0,FALSE,FALSE,FALSE,FALSE,FALSE,FALSE,1,NA,NA,1,NA,NA,NA,NA,NA,NA,NA,75.88888888888889,0.4826609022306135,5,3,Rehab (3),3,4,3.5,2.875,NA,NA,NA,NA,NA,NA,NA,NA,NA,NA,NA,4,5,5,5,3,TRUE,TRUE,No controls
100,620,1,R_6ItKIJ8paOGHiQX,NA,1,0,NA,1,0,0,1,0,1,0,0,0,0,1,0,1,0,0,1,0,0,0,1,1,0,0,1,0,0,1,0,0,Sometimes,Frequently,Rarely,1,NA,NA,NA,NA,NA,NA,NA,NA,NA,NA,NA,NA,NA,NA,NA,NA,NA,NA,NA,NA,NA,NA,NA,NA,NA,NA,NA,NA,NA,NA,NA,NA,NA,NA,NA,NA,NA,NA,NA,NA,NA,NA,NA,NA,NA,NA,NA,NA,NA,NA,NA,NA,NA,NA,NA,NA,NA,NA,NA,NA,NA,NA,NA,NA,NA,NA,NA,NA,NA,NA,NA,NA,NA,NA,NA,NA,NA,NA,NA,NA,NA,NA,NA,NA,NA,NA,NA,NA,NA,NA,NA,NA,NA,NA,NA,NA,NA,NA,NA,NA,NA,NA,NA,NA,NA,NA,NA,NA,NA,NA,NA,NA,NA,NA,NA,NA,NA,NA,NA,NA,NA,NA,NA,NA,NA,NA,NA,NA,NA,NA,NA,NA,NA,NA,NA,NA,NA,NA,NA,NA,NA,NA,NA,NA,NA,NA,iP525957e687bd188f,NA,NA,A,FALSE,TRUE,FALSE,FALSE,TRUE,FALSE,FALSE,0,3,1,10.333333333333334,0,1,1,1,0,0,0,10,20,30,30,80,0,30,20,20,40,10,80,90,20,80,10,90,70,20,10,30,30,40,90,80,90,30,70,60,30,30,20,60,80,40,20,50,30,80,0,40,0,40,80,30,30,20,90,30,30,70,70,80,100,100,90,60,10,30,20,60,90,30,70,100,NA,NA,NA,NA,NA,NA,NA,NA,NA,NA,NA,NA,NA,NA,NA,NA,NA,NA,NA,NA,NA,NA,NA,NA,NA,NA,NA,NA,NA,NA,NA,NA,NA,NA,NA,NA,NA,NA,NA,NA,NA,NA,NA,145,0,145,1,FALSE,FALSE,FALSE,FALSE,FALSE,FALSE,1,NA,NA,1,NA,NA,NA,NA,NA,NA,NA,50,-0.8685757133295756,NA,NA,NA,NA,NA,NA,NA,NA,NA,NA,NA,NA,NA,NA,NA,NA,NA,NA,NA,NA,NA,NA,NA,TRUE,TRUE,No controls
100,708,1,R_5LdqR3ls3Dtaj3V,0,0,1,0,0,1,0,0,1,0,0,1,0,0,1,0,1,0,0,0,1,0,0,1,1,0,0,0,0,1,0,0,1,Sometimes,Never,Sometimes,4,2,4,-99,2,2,8,9,8,9,9,4,3,3,2,2,4,1,purple,3,3,2,4,4,3,4,4,4,5,1,2,1,1,1,3,3,2,4,4,3,2,3,3,3,2,3,1,1,2,2,2,2,2,2,2,3,2,2,2,3,3,3,3,2,2,3,2,2,2,3,2,3,4,2,3,4,4,2,2,3,3,2,2,3,NA,1,2,2,2,2,2,2,3,3,3,5,5,5,5,4,4,5,5,5,NA,NA,NA,NA,NA,NA,NA,NA,NA,NA,NA,NA,NA,NA,NA,NA,NA,NA,NA,NA,NA,NA,NA,NA,NA,NA,NA,NA,NA,NA,NA,NA,NA,NA,NA,NA,NA,NA,NA,NA,NA,NA,NA,iPa687fff4abb85c0f,NA,NA,A,TRUE,FALSE,TRUE,FALSE,TRUE,TRUE,TRUE,2,1,3,11.8,0,1,1,1,0,0,0,50,60,70,80,80,70,30,60,80,30,40,60,60,90,60,70,30,50,70,50,70,70,70,60,0,60,70,20,30,60,90,20,20,20,20,60,70,20,50,40,80,80,60,30,60,20,90,80,60,60,30,40,60,30,70,60,80,70,80,90,10,80,80,70,70,NA,NA,NA,NA,NA,NA,NA,NA,NA,NA,NA,NA,NA,NA,NA,NA,NA,NA,NA,NA,NA,NA,NA,NA,NA,NA,NA,NA,NA,NA,NA,NA,NA,NA,NA,NA,NA,NA,NA,NA,NA,NA,NA,43,0,43,1,FALSE,FALSE,FALSE,FALSE,FALSE,FALSE,0,0,1,0,0,NA,NA,NA,NA,NA,NA,52.22222222222222,-0.75258973774501,4,4,Neutral (4),2,1,1.5,2,3,1,3,3,3,2,2,1.5,1,2.5,1.75,3,4,3,4,4,FALSE,TRUE,Some controls missing
100,612,1,R_7ekN8dOsXksSa9G,NA,1,0,NA,0,1,0,1,0,0,0,1,1,0,0,0,0,1,0,0,1,0,0,1,0,1,0,1,0,0,0,0,1,Never,Never,Sometimes,1,NA,NA,NA,NA,NA,NA,NA,NA,NA,NA,NA,NA,NA,NA,NA,NA,NA,NA,NA,NA,NA,NA,NA,NA,NA,NA,NA,NA,NA,NA,NA,NA,NA,NA,NA,NA,NA,NA,NA,NA,NA,NA,NA,NA,NA,NA,NA,NA,NA,NA,NA,NA,NA,NA,NA,NA,NA,NA,NA,NA,NA,NA,NA,NA,NA,NA,NA,NA,NA,NA,NA,NA,NA,NA,NA,NA,NA,NA,NA,NA,NA,NA,NA,NA,NA,NA,NA,NA,NA,NA,NA,NA,NA,NA,NA,NA,NA,NA,NA,NA,NA,NA,NA,NA,NA,NA,NA,NA,NA,NA,NA,NA,NA,NA,NA,NA,NA,NA,NA,NA,NA,NA,NA,NA,NA,NA,NA,NA,NA,NA,NA,NA,NA,NA,NA,NA,NA,NA,NA,NA,NA,NA,NA,NA,NA,NA,iP4569f3a6369a3b94,NA,NA,B,FALSE,TRUE,FALSE,FALSE,TRUE,FALSE,FALSE,0,3,1,10.2,0,1,1,1,0,0,0,65,92,50,64,62,50,59,80,50,64,50,0,50,63,50,69,90,78,84,80,12,63,50,88,13,59,76,50,61,68,50,83,85,84,63,73,83,50,14,8,89,83,NA,NA,NA,NA,NA,NA,NA,NA,NA,NA,NA,NA,NA,NA,NA,NA,NA,NA,NA,NA,NA,NA,NA,48,22,50,47,65,0,77,61,28,50,40,11,92,100,90,75,59,19,10,10,30,NA,NA,NA,NA,NA,NA,NA,NA,NA,NA,NA,NA,NA,NA,NA,NA,NA,NA,NA,NA,NA,NA,145,0,145,1,FALSE,FALSE,FALSE,FALSE,FALSE,FALSE,1,NA,NA,1,NA,NA,NA,NA,NA,NA,NA,68.55555555555556,0.09990718280154724,NA,NA,NA,NA,NA,NA,NA,NA,NA,NA,NA,NA,NA,NA,NA,NA,NA,NA,NA,NA,NA,NA,NA,TRUE,TRUE,No controls
100,608,1,R_62f0e9W4gyeEwjn,NA,1,0,NA,0,1,0,1,0,0,0,1,0,0,1,0,0,1,0,0,1,0,0,1,0,1,0,0,1,0,0,0,1,Rarely,Never,Rarely,1,NA,NA,NA,NA,NA,NA,NA,NA,NA,NA,NA,NA,NA,NA,NA,NA,NA,NA,NA,NA,NA,NA,NA,NA,NA,NA,NA,NA,NA,NA,NA,NA,NA,NA,NA,NA,NA,NA,NA,NA,NA,NA,NA,NA,NA,NA,NA,NA,NA,NA,NA,NA,NA,NA,NA,NA,NA,NA,NA,NA,NA,NA,NA,NA,NA,NA,NA,NA,NA,NA,NA,NA,NA,NA,NA,NA,NA,NA,NA,NA,NA,NA,NA,NA,NA,NA,NA,NA,NA,NA,NA,NA,NA,NA,NA,NA,NA,NA,NA,NA,NA,NA,NA,NA,NA,NA,NA,NA,NA,NA,NA,NA,NA,NA,NA,NA,NA,NA,NA,NA,NA,NA,NA,NA,NA,NA,NA,NA,NA,NA,NA,NA,NA,NA,NA,NA,NA,NA,NA,NA,NA,NA,NA,NA,NA,NA,iP5b06dd26e0dfcbc4,NA,NA,C,FALSE,TRUE,FALSE,FALSE,TRUE,FALSE,FALSE,0,3,1,10.133333333333333,0,1,1,1,0,0,0,100,100,100,100,100,100,50,100,20,31,50,50,50,100,10,100,100,50,70,100,50,0,50,100,0,50,50,50,0,50,20,50,100,100,100,60,39,100,31,50,50,100,NA,NA,NA,NA,NA,NA,NA,NA,NA,NA,NA,NA,NA,NA,NA,NA,NA,NA,NA,NA,NA,NA,NA,NA,NA,NA,NA,NA,NA,NA,NA,NA,NA,NA,NA,NA,NA,NA,NA,NA,NA,NA,NA,NA,100,100,100,50,100,100,100,100,100,0,99,0,50,100,50,50,50,50,100,50,100,50,145,0,145,1,FALSE,FALSE,FALSE,FALSE,FALSE,FALSE,1,NA,NA,1,NA,NA,NA,NA,NA,NA,NA,66.66666666666667,0.00131910355466664,NA,NA,NA,NA,NA,NA,NA,NA,NA,NA,NA,NA,NA,NA,NA,NA,NA,NA,NA,NA,NA,NA,NA,TRUE,TRUE,No controls
100,966,1,R_5j6uinAwCHBLrpk,0,0,1,0,0,1,1,0,0,0,0,1,0,1,0,1,0,0,0,0,1,0,0,1,0,1,0,0,0,1,0,0,1,Never,Never,Never,1,NA,NA,NA,NA,NA,NA,NA,NA,NA,NA,NA,NA,NA,NA,NA,NA,NA,NA,NA,NA,NA,NA,NA,NA,NA,NA,NA,NA,NA,NA,NA,NA,NA,NA,NA,NA,NA,NA,NA,NA,NA,NA,NA,NA,NA,NA,NA,NA,NA,NA,NA,NA,NA,NA,NA,NA,NA,NA,NA,NA,NA,NA,NA,NA,NA,NA,NA,NA,NA,NA,NA,NA,NA,NA,NA,NA,NA,NA,NA,NA,NA,NA,NA,NA,NA,NA,NA,NA,NA,NA,NA,NA,NA,NA,NA,NA,NA,NA,NA,NA,NA,NA,NA,NA,NA,NA,NA,NA,NA,NA,NA,NA,NA,NA,NA,NA,NA,NA,NA,NA,NA,NA,NA,NA,NA,NA,NA,NA,NA,NA,NA,NA,NA,NA,NA,NA,NA,NA,NA,NA,NA,NA,NA,NA,NA,NA,iPf86e6a917c198b10,NA,NA,B,FALSE,TRUE,FALSE,FALSE,TRUE,FALSE,FALSE,0,3,1,16.1,0,0,1,1,0,0,0,100,100,100,100,100,100,69,100,100,0,0,0,0,100,0,100,100,100,100,100,100,100,100,100,0,62,100,100,0,99,78,0,0,0,100,100,0,100,100,100,20,100,NA,NA,NA,NA,NA,NA,NA,NA,NA,NA,NA,NA,NA,NA,NA,NA,NA,NA,NA,NA,NA,NA,NA,0,100,100,100,100,100,0,100,0,0,100,0,100,100,100,100,78,100,0,100,0,NA,NA,NA,NA,NA,NA,NA,NA,NA,NA,NA,NA,NA,NA,NA,NA,NA,NA,NA,NA,NA,NA,145,0,145,1,FALSE,FALSE,FALSE,FALSE,FALSE,FALSE,0,0,1,0,0,NA,NA,NA,NA,NA,NA,77.77777777777777,0.5812489814774942,NA,NA,NA,NA,NA,NA,NA,NA,NA,NA,NA,NA,NA,NA,NA,NA,NA,NA,NA,NA,NA,NA,NA,TRUE,TRUE,No controls
100,982,1,R_7Ne49RJ8jmeSLaV,0,0,1,0,0,1,0,0,1,0,0,1,0,1,0,0,0,1,0,0,1,0,0,1,1,0,0,0,0,1,0,0,1,Never,Never,Never,4,2,2,3,2,2,8,8,7,8,8,1,2,1,2,3,2,2,“Purple”,NA,NA,NA,NA,NA,NA,NA,NA,NA,NA,NA,NA,NA,NA,NA,NA,NA,NA,NA,NA,NA,NA,NA,NA,NA,NA,NA,NA,NA,NA,NA,NA,NA,NA,NA,NA,NA,NA,NA,NA,NA,NA,NA,NA,NA,NA,NA,NA,NA,NA,NA,NA,NA,NA,NA,NA,NA,NA,NA,NA,NA,NA,NA,NA,NA,NA,NA,NA,NA,NA,NA,NA,NA,NA,NA,NA,NA,NA,NA,NA,NA,NA,NA,NA,NA,NA,NA,NA,NA,NA,NA,NA,NA,NA,NA,NA,NA,NA,NA,NA,NA,NA,NA,NA,NA,NA,NA,NA,NA,NA,NA,NA,NA,NA,NA,NA,NA,NA,NA,NA,NA,NA,NA,NA,NA,NA,NA,NA,iP37c60bf810e2e83a,NA,NA,B,TRUE,FALSE,FALSE,FALSE,TRUE,TRUE,FALSE,1,2,2,16.366666666666667,0,0,1,1,0,0,0,50,50,45,20,50,20,2,50,50,10,20,24,0,10,50,25,100,10,100,50,0,79,25,50,0,0,10,0,0,50,50,0,25,0,50,50,0,50,18,50,50,50,NA,NA,NA,NA,NA,NA,NA,NA,NA,NA,NA,NA,NA,NA,NA,NA,NA,NA,NA,NA,NA,NA,NA,0,50,50,50,50,0,25,47,50,20,0,74,100,100,100,79,100,100,50,50,NA,NA,NA,NA,NA,NA,NA,NA,NA,NA,NA,NA,NA,NA,NA,NA,NA,NA,NA,NA,NA,NA,NA,127,1,128,1,FALSE,FALSE,FALSE,FALSE,FALSE,FALSE,0,0,1,0,0,NA,NA,NA,NA,NA,NA,22.77777777777778,-2.2894039142405043,1,7,Punish (7),3,3,3,2,NA,NA,NA,NA,NA,NA,NA,NA,NA,NA,NA,3,3,2,3,3,TRUE,TRUE,No controls
100,671,1,R_3iBXLExK9PF3jb6,0,0,1,0,0,1,0,0,1,0,0,1,0,0,1,0,0,1,0,0,1,0,0,1,0,0,1,0,0,1,0,0,1,Rarely,Never,Rarely,1,NA,NA,NA,NA,NA,NA,NA,NA,NA,NA,NA,NA,NA,NA,NA,NA,NA,NA,NA,NA,NA,NA,NA,NA,NA,NA,NA,NA,NA,NA,NA,NA,NA,NA,NA,NA,NA,NA,NA,NA,NA,NA,NA,NA,NA,NA,NA,NA,NA,NA,NA,NA,NA,NA,NA,NA,NA,NA,NA,NA,NA,NA,NA,NA,NA,NA,NA,NA,NA,NA,NA,NA,NA,NA,NA,NA,NA,NA,NA,NA,NA,NA,NA,NA,NA,NA,NA,NA,NA,NA,NA,NA,NA,NA,NA,NA,NA,NA,NA,NA,NA,NA,NA,NA,NA,NA,NA,NA,NA,NA,NA,NA,NA,NA,NA,NA,NA,NA,NA,NA,NA,NA,NA,NA,NA,NA,NA,NA,NA,NA,NA,NA,NA,NA,NA,NA,NA,NA,NA,NA,NA,NA,NA,NA,NA,NA,iP5cae0f628296c473,NA,NA,C,FALSE,TRUE,FALSE,FALSE,TRUE,FALSE,FALSE,0,3,1,11.183333333333334,0,1,1,1,0,0,0,61,58,77,72,59,68,79,76,60,76,75,57,60,80,65,62,75,65,92,78,50,77,76,100,22,55,70,45,37,40,79,79,68,80,39,58,55,53,62,65,68,66,NA,NA,NA,NA,NA,NA,NA,NA,NA,NA,NA,NA,NA,NA,NA,NA,NA,NA,NA,NA,NA,NA,NA,NA,NA,NA,NA,NA,NA,NA,NA,NA,NA,NA,NA,NA,NA,NA,NA,NA,NA,NA,NA,NA,76,73,60,75,72,76,77,78,78,7,68,16,69,77,69,77,78,60,61,66,80,78,145,0,145,1,FALSE,FALSE,FALSE,FALSE,FALSE,FALSE,0,0,1,0,0,NA,NA,NA,NA,NA,NA,63.55555555555556,-0.16106126226372536,NA,NA,NA,NA,NA,NA,NA,NA,NA,NA,NA,NA,NA,NA,NA,NA,NA,NA,NA,NA,NA,NA,NA,TRUE,TRUE,No controls
100,1588,1,R_5iKMb5a2uDYC5CD,NA,1,0,NA,1,0,0,1,0,0,1,0,0,1,0,0,1,0,1,0,0,0,1,0,1,0,0,0,1,0,1,0,0,Rarely,Never,Never,4,2,2,1,1,2,10,9,7,10,9,4,1,3,1,2.5,1,2.5,Purple,NA,NA,NA,NA,NA,NA,NA,NA,NA,NA,NA,NA,NA,NA,NA,NA,NA,NA,NA,NA,NA,NA,NA,NA,NA,NA,NA,NA,NA,NA,NA,NA,NA,NA,NA,NA,NA,NA,NA,NA,NA,NA,NA,NA,NA,NA,NA,NA,NA,NA,NA,NA,NA,NA,NA,NA,NA,NA,NA,NA,NA,NA,NA,NA,NA,NA,NA,NA,NA,NA,NA,NA,NA,NA,NA,NA,NA,NA,NA,NA,NA,NA,NA,NA,NA,NA,NA,NA,NA,NA,NA,NA,NA,NA,NA,NA,NA,NA,NA,NA,NA,NA,NA,NA,NA,NA,NA,NA,NA,NA,NA,NA,NA,NA,NA,NA,NA,NA,NA,NA,NA,NA,NA,NA,NA,NA,NA,NA,iP1f124db9e12ecb15,NA,NA,C,TRUE,FALSE,TRUE,FALSE,TRUE,TRUE,FALSE,2,1,2,26.466666666666665,0,0,0,1,0,0,0,100,100,100,100,100,100,100,100,100,100,100,100,100,100,100,100,100,100,100,100,0,100,100,100,100,100,100,100,0,100,100,100,100,100,75,55,100,100,0,1,100,100,NA,NA,NA,NA,NA,NA,NA,NA,NA,NA,NA,NA,NA,NA,NA,NA,NA,NA,NA,NA,NA,NA,NA,NA,NA,NA,NA,NA,NA,NA,NA,NA,NA,NA,NA,NA,NA,NA,NA,NA,NA,NA,NA,NA,100,100,100,100,100,100,100,100,100,5,100,100,100,100,100,100,100,100,100,100,100,100,127,0,127,0,FALSE,FALSE,FALSE,FALSE,FALSE,FALSE,1,NA,NA,1,NA,NA,NA,NA,NA,NA,NA,88.88888888888889,1.1611788594003225,4,4,Neutral (4),4,4,4,2.25,NA,NA,NA,NA,NA,NA,NA,NA,NA,NA,NA,5,4,2,5,4,TRUE,TRUE,No controls
100,874,1,R_5qj2ePQJuJAkeT7,1,NA,0,NA,1,0,0,1,0,0,1,0,0,1,0,0,0,1,0,0,1,0,0,1,1,0,0,1,0,0,0,0,1,Rarely,Never,Rarely,4,1,1,1,1,1,8,7,10,10,10,1,5,3,3,3,2,2,purple,NA,NA,NA,NA,NA,NA,NA,NA,NA,NA,NA,NA,NA,NA,NA,NA,NA,NA,NA,NA,NA,NA,NA,NA,NA,NA,NA,NA,NA,NA,NA,NA,NA,NA,NA,NA,NA,NA,NA,NA,NA,NA,NA,NA,NA,NA,NA,NA,NA,NA,NA,NA,NA,NA,NA,NA,NA,NA,NA,NA,NA,NA,NA,NA,NA,NA,NA,NA,NA,NA,NA,NA,NA,NA,NA,NA,NA,NA,NA,NA,NA,NA,NA,NA,NA,NA,NA,NA,NA,NA,NA,NA,NA,NA,NA,NA,NA,NA,NA,NA,NA,NA,NA,NA,NA,NA,NA,NA,NA,NA,NA,NA,NA,NA,NA,NA,NA,NA,NA,NA,NA,NA,NA,NA,NA,NA,NA,NA,iP68eb46209790dfeb,NA,NA,A,TRUE,FALSE,TRUE,FALSE,TRUE,TRUE,FALSE,2,1,2,14.566666666666666,0,0,1,1,0,0,0,100,100,100,100,100,100,100,100,100,100,100,100,100,100,100,100,100,100,100,100,100,100,100,100,10,100,100,100,100,100,100,100,100,100,100,100,100,100,20,60,30,100,100,100,100,100,100,100,100,100,100,100,100,100,100,100,100,100,100,100,100,100,100,100,100,NA,NA,NA,NA,NA,NA,NA,NA,NA,NA,NA,NA,NA,NA,NA,NA,NA,NA,NA,NA,NA,NA,NA,NA,NA,NA,NA,NA,NA,NA,NA,NA,NA,NA,NA,NA,NA,NA,NA,NA,NA,NA,NA,127,0,127,0,FALSE,FALSE,FALSE,FALSE,FALSE,FALSE,1,1,NA,NA,NA,NA,NA,NA,NA,NA,NA,100,1.7411087373231504,1,7,Punish (7),2.5,3,2.75,2.75,NA,NA,NA,NA,NA,NA,NA,NA,NA,NA,NA,3,2,5,5,5,TRUE,TRUE,No controls
100,580,1,R_5szw4Kzh1tAG062,0,0,1,0,0,1,1,0,0,1,0,0,1,0,0,0,0,1,1,0,0,0,0,1,1,0,0,0,0,1,0,0,1,Never,Never,Never,1,NA,NA,NA,NA,NA,NA,NA,NA,NA,NA,NA,NA,NA,NA,NA,NA,NA,NA,NA,NA,NA,NA,NA,NA,NA,NA,NA,NA,NA,NA,NA,NA,NA,NA,NA,NA,NA,NA,NA,NA,NA,NA,NA,NA,NA,NA,NA,NA,NA,NA,NA,NA,NA,NA,NA,NA,NA,NA,NA,NA,NA,NA,NA,NA,NA,NA,NA,NA,NA,NA,NA,NA,NA,NA,NA,NA,NA,NA,NA,NA,NA,NA,NA,NA,NA,NA,NA,NA,NA,NA,NA,NA,NA,NA,NA,NA,NA,NA,NA,NA,NA,NA,NA,NA,NA,NA,NA,NA,NA,NA,NA,NA,NA,NA,NA,NA,NA,NA,NA,NA,NA,NA,NA,NA,NA,NA,NA,NA,NA,NA,NA,NA,NA,NA,NA,NA,NA,NA,NA,NA,NA,NA,NA,NA,NA,NA,iPa4c6f518cf192cd0,NA,NA,A,FALSE,TRUE,FALSE,FALSE,TRUE,FALSE,FALSE,0,3,1,9.666666666666666,0,1,1,1,0,0,0,100,100,100,100,100,100,50,100,50,50,50,100,50,70,100,100,100,50,100,100,50,100,100,100,0,50,100,100,50,0,100,100,60,100,50,80,50,0,50,50,100,50,100,50,80,0,100,50,100,50,50,100,100,50,100,100,100,50,50,50,0,50,100,100,100,NA,NA,NA,NA,NA,NA,NA,NA,NA,NA,NA,NA,NA,NA,NA,NA,NA,NA,NA,NA,NA,NA,NA,NA,NA,NA,NA,NA,NA,NA,NA,NA,NA,NA,NA,NA,NA,NA,NA,NA,NA,NA,NA,145,0,145,1,FALSE,FALSE,FALSE,FALSE,FALSE,FALSE,0,0,1,0,0,NA,NA,NA,NA,NA,NA,80,0.6972349570620601,NA,NA,NA,NA,NA,NA,NA,NA,NA,NA,NA,NA,NA,NA,NA,NA,NA,NA,NA,NA,NA,NA,NA,TRUE,TRUE,No controls
100,1427,1,R_7kLZow8QrBvShnL,NA,1,0,NA,0,1,0,0,1,0,0,1,0,0,1,0,0,1,0,1,0,0,0,1,1,1,0,0,1,0,0,0,1,Rarely,Never,Rarely,4,1,1,1,1,2,8,9,10,10,10,4,3,1,3,3,2,1,“purple”,NA,NA,NA,NA,NA,NA,NA,NA,NA,NA,NA,NA,NA,NA,NA,NA,NA,NA,NA,NA,NA,NA,NA,NA,NA,NA,NA,NA,NA,NA,NA,NA,NA,NA,NA,NA,NA,NA,NA,NA,NA,NA,NA,NA,NA,NA,NA,NA,NA,NA,NA,NA,NA,NA,NA,NA,NA,NA,NA,NA,NA,NA,NA,NA,NA,NA,NA,NA,NA,NA,NA,NA,NA,NA,NA,NA,NA,NA,NA,NA,NA,NA,NA,NA,NA,NA,NA,NA,NA,NA,NA,NA,NA,NA,NA,NA,NA,NA,NA,NA,NA,NA,NA,NA,NA,NA,NA,NA,NA,NA,NA,NA,NA,NA,NA,NA,NA,NA,NA,NA,NA,NA,NA,NA,NA,NA,NA,NA,iPddb8bad7496f0134,NA,NA,C,TRUE,FALSE,FALSE,FALSE,TRUE,TRUE,FALSE,1,2,2,23.783333333333335,0,0,0,1,0,0,0,95,100,85,90,50,95,37,95,75,75,96,100,95,80,80,96,97,86,65,95,51,80,92,100,4,35,65,85,45,37,100,96,95,100,10,40,52,0,7,35,95,95,NA,NA,NA,NA,NA,NA,NA,NA,NA,NA,NA,NA,NA,NA,NA,NA,NA,NA,NA,NA,NA,NA,NA,NA,NA,NA,NA,NA,NA,NA,NA,NA,NA,NA,NA,NA,NA,NA,NA,NA,NA,NA,NA,NA,99,97,95,80,91,75,95,95,90,0,99,0,60,65,85,98,100,56,100,96,95,95,127,0,127,1,FALSE,FALSE,FALSE,FALSE,FALSE,FALSE,1,NA,NA,1,NA,NA,NA,NA,NA,NA,NA,82.66666666666667,0.836418127763539,4,4,Neutral (4),2,3,2.5,2,NA,NA,NA,NA,NA,NA,NA,NA,NA,NA,NA,3,4,5,5,5,TRUE,TRUE,No controls
100,1499,1,R_3mlOZ3pr1pXfW0p,0,0,1,0,0,1,0,0,1,0,0,1,0,0,1,0,0,1,1,0,0,0,0,1,0,0,1,0,1,0,0,0,1,Never,Frequently,Never,4,1,1,1,1,1,10,10,9,10,8,4,4,2,2.5,1,4,1,Purple,NA,NA,NA,NA,NA,NA,NA,NA,NA,NA,NA,NA,NA,NA,NA,NA,NA,NA,NA,NA,NA,NA,NA,NA,NA,NA,NA,NA,NA,NA,NA,NA,NA,NA,NA,NA,NA,NA,NA,NA,NA,NA,NA,NA,NA,NA,NA,NA,NA,NA,NA,NA,NA,NA,NA,NA,NA,NA,NA,NA,NA,NA,NA,NA,NA,NA,NA,NA,NA,NA,NA,NA,NA,NA,NA,NA,NA,NA,NA,NA,NA,NA,NA,NA,NA,NA,NA,NA,NA,NA,NA,NA,NA,NA,NA,NA,NA,NA,NA,NA,NA,NA,NA,NA,NA,NA,NA,NA,NA,NA,NA,NA,NA,NA,NA,NA,NA,NA,NA,NA,NA,NA,NA,NA,NA,NA,NA,NA,iP12943e77b762e35f,NA,NA,C,TRUE,FALSE,TRUE,FALSE,TRUE,TRUE,FALSE,2,1,2,24.983333333333334,0,0,0,1,0,0,0,90,100,80,86,70,23,28,83,100,97,88,97,28,82,76,85,93,91,10,100,8,100,88,95,13,71,98,54,80,13,90,82,80,97,6,80,25,1,40,26,88,97,NA,NA,NA,NA,NA,NA,NA,NA,NA,NA,NA,NA,NA,NA,NA,NA,NA,NA,NA,NA,NA,NA,NA,NA,NA,NA,NA,NA,NA,NA,NA,NA,NA,NA,NA,NA,NA,NA,NA,NA,NA,NA,NA,NA,93,89,92,85,98,76,90,72,96,0,100,8,93,80,80,80,96,26,100,49,97,92,127,0,127,0,FALSE,FALSE,FALSE,FALSE,FALSE,FALSE,0,0,1,0,0,NA,NA,NA,NA,NA,NA,79,0.6450412680490055,4,4,Neutral (4),1,1,1,1.625,NA,NA,NA,NA,NA,NA,NA,NA,NA,NA,NA,5,5,4,5,3,TRUE,TRUE,No controls
100,1252,1,R_365sTUfSlAZ79UM,NA,1,0,NA,1,0,1,0,0,-99,-99,-99,1,0,0,-99,-99,-99,0,0,1,-99,-99,-99,0,1,0,-99,-99,-99,-99,-99,-99,Never,Sometimes,Sometimes,3,NA,NA,NA,NA,NA,NA,NA,NA,NA,NA,NA,NA,NA,NA,NA,NA,NA,NA,NA,NA,NA,NA,NA,NA,NA,NA,NA,NA,NA,NA,NA,NA,NA,NA,NA,NA,NA,NA,NA,NA,NA,NA,NA,NA,NA,NA,NA,NA,NA,NA,NA,NA,NA,NA,NA,NA,NA,NA,NA,NA,NA,NA,NA,NA,NA,NA,NA,NA,NA,NA,NA,NA,NA,NA,NA,NA,NA,NA,NA,NA,NA,NA,NA,NA,NA,NA,NA,NA,NA,NA,NA,NA,NA,NA,NA,NA,NA,NA,NA,NA,NA,NA,NA,NA,NA,NA,NA,NA,NA,NA,NA,NA,NA,NA,NA,NA,NA,NA,NA,NA,NA,NA,NA,NA,NA,NA,NA,NA,NA,NA,NA,NA,NA,NA,NA,NA,NA,NA,NA,NA,NA,NA,NA,NA,NA,NA,iP3edb831a40fc8adb,NA,NA,B,FALSE,FALSE,FALSE,FALSE,TRUE,FALSE,FALSE,0,3,1,20.866666666666667,0,0,0,1,0,0,0,84,86,50,86,50,82,50,50,80,15,21,0,51,50,85,22,24,79,26,83,10,78,50,50,21,85,77,50,13,17,50,0,4,9,19,15,23,17,15,0,50,50,NA,NA,NA,NA,NA,NA,NA,NA,NA,NA,NA,NA,NA,NA,NA,NA,NA,NA,NA,NA,NA,NA,NA,26,90,78,50,22,13,50,20,27,12,21,37,50,81,50,82,88,23,21,13,10,NA,NA,NA,NA,NA,NA,NA,NA,NA,NA,NA,NA,NA,NA,NA,NA,NA,NA,NA,NA,NA,NA,145,0,145,1,FALSE,FALSE,FALSE,FALSE,FALSE,FALSE,1,NA,NA,1,NA,NA,NA,NA,NA,NA,NA,49.888888888888886,-0.8743750121088041,NA,NA,NA,NA,NA,NA,NA,NA,NA,NA,NA,NA,NA,NA,NA,NA,NA,NA,NA,NA,NA,NA,NA,TRUE,TRUE,No controls
100,628,1,R_3T2Ga6Dfzp8Bkbv,0,0,1,0,0,1,0,0,1,0,0,1,1,0,0,0,0,1,0,0,1,0,0,1,1,0,0,0,0,1,0,0,1,Frequently,Never,Rarely,1,NA,NA,NA,NA,NA,NA,NA,NA,NA,NA,NA,NA,NA,NA,NA,NA,NA,NA,NA,NA,NA,NA,NA,NA,NA,NA,NA,NA,NA,NA,NA,NA,NA,NA,NA,NA,NA,NA,NA,NA,NA,NA,NA,NA,NA,NA,NA,NA,NA,NA,NA,NA,NA,NA,NA,NA,NA,NA,NA,NA,NA,NA,NA,NA,NA,NA,NA,NA,NA,NA,NA,NA,NA,NA,NA,NA,NA,NA,NA,NA,NA,NA,NA,NA,NA,NA,NA,NA,NA,NA,NA,NA,NA,NA,NA,NA,NA,NA,NA,NA,NA,NA,NA,NA,NA,NA,NA,NA,NA,NA,NA,NA,NA,NA,NA,NA,NA,NA,NA,NA,NA,NA,NA,NA,NA,NA,NA,NA,NA,NA,NA,NA,NA,NA,NA,NA,NA,NA,NA,NA,NA,NA,NA,NA,NA,NA,iPdc94d05ef532c4e1,NA,NA,B,FALSE,TRUE,FALSE,FALSE,TRUE,FALSE,FALSE,0,3,1,10.466666666666669,0,1,1,1,0,0,0,NA,NA,NA,NA,NA,NA,NA,NA,NA,NA,NA,NA,NA,NA,NA,NA,NA,NA,NA,NA,NA,NA,NA,NA,NA,NA,NA,NA,NA,NA,NA,NA,NA,NA,NA,NA,NA,NA,NA,NA,NA,NA,NA,NA,NA,NA,NA,NA,NA,NA,NA,NA,NA,NA,NA,NA,NA,NA,NA,NA,NA,NA,NA,NA,NA,NA,NA,NA,NA,NA,NA,NA,NA,NA,NA,NA,NA,NA,NA,NA,NA,NA,NA,NA,NA,NA,NA,NA,NA,NA,NA,NA,NA,NA,NA,NA,NA,NA,NA,NA,NA,NA,NA,NA,NA,NA,NA,NA,187,21,208,1,FALSE,FALSE,FALSE,FALSE,FALSE,FALSE,0,0,1,0,0,NA,NA,NA,NA,NA,NA,NA,NA,NA,NA,NA,NA,NA,NA,NA,NA,NA,NA,NA,NA,NA,NA,NA,NA,NA,NA,NA,NA,NA,NA,NA,TRUE,TRUE,No controls
100,1504,1,R_3kk9Iqx3tHAt4OT,0,0,1,0,1,0,0,0,1,0,0,1,0,0,1,0,0,1,0,0,1,0,0,1,0,0,1,0,0,1,0,0,1,Rarely,Rarely,Frequently,1,NA,NA,NA,NA,NA,NA,NA,NA,NA,NA,NA,NA,NA,NA,NA,NA,NA,NA,NA,NA,NA,NA,NA,NA,NA,NA,NA,NA,NA,NA,NA,NA,NA,NA,NA,NA,NA,NA,NA,NA,NA,NA,NA,NA,NA,NA,NA,NA,NA,NA,NA,NA,NA,NA,NA,NA,NA,NA,NA,NA,NA,NA,NA,NA,NA,NA,NA,NA,NA,NA,NA,NA,NA,NA,NA,NA,NA,NA,NA,NA,NA,NA,NA,NA,NA,NA,NA,NA,NA,NA,NA,NA,NA,NA,NA,NA,NA,NA,NA,NA,NA,NA,NA,NA,NA,NA,NA,NA,NA,NA,NA,NA,NA,NA,NA,NA,NA,NA,NA,NA,NA,NA,NA,NA,NA,NA,NA,NA,NA,NA,NA,NA,NA,NA,NA,NA,NA,NA,NA,NA,NA,NA,NA,NA,NA,NA,iPa0a23adf6b0d88e6,NA,NA,C,FALSE,TRUE,FALSE,FALSE,TRUE,FALSE,FALSE,0,3,1,25.066666666666663,0,0,0,1,0,0,0,0,0,0,0,0,0,0,0,0,0,0,0,0,0,0,51,0,0,80,79,0,0,0,83,0,0,69,0,0,0,88,0,0,0,0,0,0,0,0,0,0,0,NA,NA,NA,NA,NA,NA,NA,NA,NA,NA,NA,NA,NA,NA,NA,NA,NA,NA,NA,NA,NA,NA,NA,NA,NA,NA,NA,NA,NA,NA,NA,NA,NA,NA,NA,NA,NA,NA,NA,NA,NA,NA,NA,NA,50,0,0,0,100,80,83,50,80,0,0,0,0,0,0,0,80,0,70,0,0,0,145,0,145,1,FALSE,FALSE,FALSE,FALSE,FALSE,FALSE,0,0,1,0,0,NA,NA,NA,NA,NA,NA,22.11111111111111,-2.324199706915874,NA,NA,NA,NA,NA,NA,NA,NA,NA,NA,NA,NA,NA,NA,NA,NA,NA,NA,NA,NA,NA,NA,NA,TRUE,TRUE,No controls
100,3308,1,R_7AMhDHvacOnTf0J,0,0,1,0,0,1,1,0,0,0,0,1,1,0,0,0,0,1,0,0,1,1,0,0,1,0,0,0,0,1,0,0,1,Never,Never,Rarely,4,1,1,1,1,1,10,10,10,10,10,5,3,4,3,4,3,3,Purple,NA,NA,NA,NA,NA,NA,NA,NA,NA,NA,NA,NA,NA,NA,NA,NA,NA,NA,NA,NA,NA,NA,NA,NA,NA,NA,NA,NA,NA,NA,NA,NA,NA,NA,NA,NA,NA,NA,NA,NA,NA,NA,NA,NA,NA,NA,NA,NA,NA,NA,NA,NA,NA,NA,NA,NA,NA,NA,NA,NA,NA,NA,NA,NA,NA,NA,NA,NA,NA,NA,NA,NA,NA,NA,NA,NA,NA,NA,NA,NA,NA,NA,NA,NA,NA,NA,NA,NA,NA,NA,NA,NA,NA,NA,NA,NA,NA,NA,NA,NA,NA,NA,NA,NA,NA,NA,NA,NA,NA,NA,NA,NA,NA,NA,NA,NA,NA,NA,NA,NA,NA,NA,NA,NA,NA,NA,NA,NA,iP9e921d7e9086b555,NA,NA,A,TRUE,FALSE,TRUE,FALSE,TRUE,TRUE,FALSE,2,1,2,55.13333333333333,0,0,0,0,1,0,0,80,80,80,70,20,50,60,100,60,80,20,70,40,80,100,100,100,60,50,70,30,100,70,100,0,40,60,20,0,70,90,10,30,40,30,30,20,50,40,30,100,100,20,70,100,10,50,60,40,10,70,80,80,50,60,100,70,20,10,80,30,70,60,100,70,NA,NA,NA,NA,NA,NA,NA,NA,NA,NA,NA,NA,NA,NA,NA,NA,NA,NA,NA,NA,NA,NA,NA,NA,NA,NA,NA,NA,NA,NA,NA,NA,NA,NA,NA,NA,NA,NA,NA,NA,NA,NA,NA,127,0,127,0,FALSE,FALSE,FALSE,FALSE,FALSE,FALSE,0,0,1,0,0,NA,NA,NA,NA,NA,NA,58.888888888888886,-0.4046318109913134,5,3,Rehab (3),2,2,2,3.5,NA,NA,NA,NA,NA,NA,NA,NA,NA,NA,NA,5,5,5,5,5,TRUE,TRUE,No controls
100,950,1,R_5ImSLAsqwhUnRVQ,NA,1,0,NA,1,0,1,1,0,0,0,1,0,0,1,0,0,1,0,0,1,0,0,1,1,0,0,0,1,0,0,0,1,Never,Never,Sometimes,4,1,1,1,4,-99,9,8,10,10,10,4,2,2.5,3,3,2,2,purple,NA,NA,NA,NA,NA,NA,NA,NA,NA,NA,NA,NA,NA,NA,NA,NA,NA,NA,NA,NA,NA,NA,NA,NA,NA,NA,NA,NA,NA,NA,NA,NA,NA,NA,NA,NA,NA,NA,NA,NA,NA,NA,NA,NA,NA,NA,NA,NA,NA,NA,NA,NA,NA,NA,NA,NA,NA,NA,NA,NA,NA,NA,NA,NA,NA,NA,NA,NA,NA,NA,NA,NA,NA,NA,NA,NA,NA,NA,NA,NA,NA,NA,NA,NA,NA,NA,NA,NA,NA,NA,NA,NA,NA,NA,NA,NA,NA,NA,NA,NA,NA,NA,NA,NA,NA,NA,NA,NA,NA,NA,NA,NA,NA,NA,NA,NA,NA,NA,NA,NA,NA,NA,NA,NA,NA,NA,NA,NA,iPad92391d0bc5fab5,NA,NA,C,TRUE,FALSE,TRUE,FALSE,TRUE,TRUE,FALSE,2,1,2,15.833333333333334,0,0,1,1,0,0,0,81,87,74,74,35,64,71,73,65,25,33,50,67,73,78,67,61,35,63,78,37,96,65,100,63,39,61,68,78,42,49,100,100,31,25,49,25,82,26,41,50,79,NA,NA,NA,NA,NA,NA,NA,NA,NA,NA,NA,NA,NA,NA,NA,NA,NA,NA,NA,NA,NA,NA,NA,NA,NA,NA,NA,NA,NA,NA,NA,NA,NA,NA,NA,NA,NA,NA,NA,NA,NA,NA,NA,NA,50,85,89,68,80,67,79,100,83,8,99,1,66,50,77,79,100,66,95,50,50,100,127,0,127,0,FALSE,FALSE,FALSE,FALSE,FALSE,FALSE,1,NA,NA,1,NA,NA,NA,NA,NA,NA,NA,65.33333333333333,-0.06827248179607322,4,4,Neutral (4),3,3,3,2.625,NA,NA,NA,NA,NA,NA,NA,NA,NA,NA,NA,4,3,5,5,5,TRUE,TRUE,No controls
100,4329,1,R_1c7o7x9HXcEJKwB,0,0,1,0,0,1,0,1,0,0,0,1,0,1,0,0,0,1,0,1,0,0,0,1,0,1,0,0,1,0,1,0,0,Sometimes,Never,Frequently,4,2,2,2,2,2,9,8,10,8,8,3,2,1,3,2,1,2,purple,NA,NA,NA,NA,NA,NA,NA,NA,NA,NA,NA,NA,NA,NA,NA,NA,NA,NA,NA,NA,NA,NA,NA,NA,NA,NA,NA,NA,NA,NA,NA,NA,NA,NA,NA,NA,NA,NA,NA,NA,NA,NA,NA,NA,NA,NA,NA,NA,NA,NA,NA,NA,NA,NA,NA,NA,NA,NA,NA,NA,NA,NA,NA,NA,NA,NA,NA,NA,NA,NA,NA,NA,NA,NA,NA,NA,NA,NA,NA,NA,NA,NA,NA,NA,NA,NA,NA,NA,NA,NA,NA,NA,NA,NA,NA,NA,NA,NA,NA,NA,NA,NA,NA,NA,NA,NA,NA,NA,NA,NA,NA,NA,NA,NA,NA,NA,NA,NA,NA,NA,NA,NA,NA,NA,NA,NA,NA,NA,iP2cb2ab93db20eb9f,NA,NA,B,TRUE,FALSE,TRUE,FALSE,TRUE,TRUE,FALSE,2,1,2,72.15,0,0,0,0,1,0,0,50,53,50,50,50,38,6,36,50,50,41,11,65,73,51,68,91,60,64,70,33,67,50,73,30,3,70,38,0,21,71,49,40,6,15,76,26,4,4,36,34,50,NA,NA,NA,NA,NA,NA,NA,NA,NA,NA,NA,NA,NA,NA,NA,NA,NA,NA,NA,NA,NA,NA,NA,65,41,41,38,38,5,41,37,16,30,38,50,70,70,70,66,77,55,28,50,49,NA,NA,NA,NA,NA,NA,NA,NA,NA,NA,NA,NA,NA,NA,NA,NA,NA,NA,NA,NA,NA,NA,127,0,127,0,FALSE,FALSE,FALSE,FALSE,FALSE,FALSE,0,0,1,0,0,NA,NA,NA,NA,NA,NA,59.44444444444444,-0.3756353170951719,3,5,Punish (5),3,4,3.5,2,NA,NA,NA,NA,NA,NA,NA,NA,NA,NA,NA,4,3,5,3,3,TRUE,TRUE,No controls
100,719,1,R_7Fo9NmJmqKkY2qt,NA,1,0,NA,1,0,1,1,0,0,0,1,1,1,0,0,0,1,0,1,0,0,1,0,1,1,0,1,1,0,0,0,1,Rarely,Never,Sometimes,1,NA,NA,NA,NA,NA,NA,NA,NA,NA,NA,NA,NA,NA,NA,NA,NA,NA,NA,NA,NA,NA,NA,NA,NA,NA,NA,NA,NA,NA,NA,NA,NA,NA,NA,NA,NA,NA,NA,NA,NA,NA,NA,NA,NA,NA,NA,NA,NA,NA,NA,NA,NA,NA,NA,NA,NA,NA,NA,NA,NA,NA,NA,NA,NA,NA,NA,NA,NA,NA,NA,NA,NA,NA,NA,NA,NA,NA,NA,NA,NA,NA,NA,NA,NA,NA,NA,NA,NA,NA,NA,NA,NA,NA,NA,NA,NA,NA,NA,NA,NA,NA,NA,NA,NA,NA,NA,NA,NA,NA,NA,NA,NA,NA,NA,NA,NA,NA,NA,NA,NA,NA,NA,NA,NA,NA,NA,NA,NA,NA,NA,NA,NA,NA,NA,NA,NA,NA,NA,NA,NA,NA,NA,NA,NA,NA,NA,iP5e86dc40d76a6eee,NA,NA,B,FALSE,TRUE,FALSE,FALSE,TRUE,FALSE,FALSE,0,3,1,11.983333333333333,0,1,1,1,0,0,0,66,90,90,90,89,90,50,92,84,28,87,85,60,85,86,89,87,72,50,91,72,88,88,100,60,55,91,69,15,50,82,87,87,50,45,68,30,21,18,19,73,87,NA,NA,NA,NA,NA,NA,NA,NA,NA,NA,NA,NA,NA,NA,NA,NA,NA,NA,NA,NA,NA,NA,NA,32,14,94,77,85,64,40,5,58,57,0,55,82,92,88,90,90,85,66,57,38,NA,NA,NA,NA,NA,NA,NA,NA,NA,NA,NA,NA,NA,NA,NA,NA,NA,NA,NA,NA,NA,NA,145,0,145,1,FALSE,FALSE,FALSE,FALSE,FALSE,FALSE,1,NA,NA,1,NA,NA,NA,NA,NA,NA,NA,73.22222222222223,0.34347773152913524,NA,NA,NA,NA,NA,NA,NA,NA,NA,NA,NA,NA,NA,NA,NA,NA,NA,NA,NA,NA,NA,NA,NA,TRUE,TRUE,No controls
100,1061,1,R_71aUbw4FEY8Nf7Z,0,0,1,0,0,1,0,0,1,0,0,1,0,0,1,0,0,1,0,0,1,0,0,1,0,0,1,0,0,1,0,0,1,Rarely,Never,Sometimes,1,NA,NA,NA,NA,NA,NA,NA,NA,NA,NA,NA,NA,NA,NA,NA,NA,NA,NA,NA,NA,NA,NA,NA,NA,NA,NA,NA,NA,NA,NA,NA,NA,NA,NA,NA,NA,NA,NA,NA,NA,NA,NA,NA,NA,NA,NA,NA,NA,NA,NA,NA,NA,NA,NA,NA,NA,NA,NA,NA,NA,NA,NA,NA,NA,NA,NA,NA,NA,NA,NA,NA,NA,NA,NA,NA,NA,NA,NA,NA,NA,NA,NA,NA,NA,NA,NA,NA,NA,NA,NA,NA,NA,NA,NA,NA,NA,NA,NA,NA,NA,NA,NA,NA,NA,NA,NA,NA,NA,NA,NA,NA,NA,NA,NA,NA,NA,NA,NA,NA,NA,NA,NA,NA,NA,NA,NA,NA,NA,NA,NA,NA,NA,NA,NA,NA,NA,NA,NA,NA,NA,NA,NA,NA,NA,NA,NA,iP26d300c9319a590b,NA,NA,A,FALSE,TRUE,FALSE,FALSE,TRUE,FALSE,FALSE,0,3,1,17.683333333333334,0,0,1,1,0,0,0,70,80,70,70,80,50,60,60,10,30,20,20,20,60,30,60,80,60,80,70,50,70,50,80,20,40,50,40,10,90,50,30,20,40,70,80,50,50,30,30,20,60,20,50,50,50,50,70,60,20,50,60,60,50,70,70,50,60,70,70,50,70,80,70,50,NA,NA,NA,NA,NA,NA,NA,NA,NA,NA,NA,NA,NA,NA,NA,NA,NA,NA,NA,NA,NA,NA,NA,NA,NA,NA,NA,NA,NA,NA,NA,NA,NA,NA,NA,NA,NA,NA,NA,NA,NA,NA,NA,145,0,145,1,FALSE,FALSE,FALSE,FALSE,FALSE,FALSE,0,0,1,0,0,NA,NA,NA,NA,NA,NA,50,-0.8685757133295756,NA,NA,NA,NA,NA,NA,NA,NA,NA,NA,NA,NA,NA,NA,NA,NA,NA,NA,NA,NA,NA,NA,NA,TRUE,TRUE,No controls
100,741,1,R_70TjYUkS1jmhb3h,NA,1,0,NA,1,0,1,0,0,1,0,0,1,0,0,0,0,1,0,0,1,0,0,1,1,0,0,1,0,0,0,0,1,Frequently,Rarely,Sometimes,1,NA,NA,NA,NA,NA,NA,NA,NA,NA,NA,NA,NA,NA,NA,NA,NA,NA,NA,NA,NA,NA,NA,NA,NA,NA,NA,NA,NA,NA,NA,NA,NA,NA,NA,NA,NA,NA,NA,NA,NA,NA,NA,NA,NA,NA,NA,NA,NA,NA,NA,NA,NA,NA,NA,NA,NA,NA,NA,NA,NA,NA,NA,NA,NA,NA,NA,NA,NA,NA,NA,NA,NA,NA,NA,NA,NA,NA,NA,NA,NA,NA,NA,NA,NA,NA,NA,NA,NA,NA,NA,NA,NA,NA,NA,NA,NA,NA,NA,NA,NA,NA,NA,NA,NA,NA,NA,NA,NA,NA,NA,NA,NA,NA,NA,NA,NA,NA,NA,NA,NA,NA,NA,NA,NA,NA,NA,NA,NA,NA,NA,NA,NA,NA,NA,NA,NA,NA,NA,NA,NA,NA,NA,NA,NA,NA,NA,iPbc3f49058c5e8a78,NA,NA,C,FALSE,TRUE,FALSE,FALSE,TRUE,FALSE,FALSE,0,3,1,12.35,0,1,1,1,0,0,0,83,65,57,61,87,16,59,90,55,69,59,62,79,83,60,59,88,79,66,76,77,63,65,85,59,83,70,38,59,59,66,19,61,64,77,76,57,100,76,32,66,90,NA,NA,NA,NA,NA,NA,NA,NA,NA,NA,NA,NA,NA,NA,NA,NA,NA,NA,NA,NA,NA,NA,NA,NA,NA,NA,NA,NA,NA,NA,NA,NA,NA,NA,NA,NA,NA,NA,NA,NA,NA,NA,NA,NA,80,100,60,72,31,39,78,66,69,45,65,82,57,60,71,69,63,67,69,36,64,49,145,0,145,1,FALSE,FALSE,FALSE,FALSE,FALSE,FALSE,1,NA,NA,1,NA,NA,NA,NA,NA,NA,NA,70.11111111111111,0.18109736571074325,NA,NA,NA,NA,NA,NA,NA,NA,NA,NA,NA,NA,NA,NA,NA,NA,NA,NA,NA,NA,NA,NA,NA,TRUE,TRUE,No controls
100,1383,1,R_7v8oGtgqrGBDK6J,NA,1,0,NA,0,1,1,0,0,1,0,0,1,0,0,0,0,1,0,0,1,1,1,0,1,0,1,1,1,0,0,0,1,Never,Rarely,Sometimes,4,1,1,1,1,1,10,9,10,10,10,3,2,3,3,4,2,3,purple,NA,NA,NA,NA,NA,NA,NA,NA,NA,NA,NA,NA,NA,NA,NA,NA,NA,NA,NA,NA,NA,NA,NA,NA,NA,NA,NA,NA,NA,NA,NA,NA,NA,NA,NA,NA,NA,NA,NA,NA,NA,NA,NA,NA,NA,NA,NA,NA,NA,NA,NA,NA,NA,NA,NA,NA,NA,NA,NA,NA,NA,NA,NA,NA,NA,NA,NA,NA,NA,NA,NA,NA,NA,NA,NA,NA,NA,NA,NA,NA,NA,NA,NA,NA,NA,NA,NA,NA,NA,NA,NA,NA,NA,NA,NA,NA,NA,NA,NA,NA,NA,NA,NA,NA,NA,NA,NA,NA,NA,NA,NA,NA,NA,NA,NA,NA,NA,NA,NA,NA,NA,NA,NA,NA,NA,NA,NA,NA,iPdcd2307aa76ab730,NA,NA,B,TRUE,FALSE,TRUE,FALSE,TRUE,TRUE,FALSE,2,1,2,23.05,0,0,0,1,0,0,0,77,99,50,94,50,42,50,50,66,50,88,64,50,87,92,100,87,76,94,100,0,73,89,100,15,50,100,64,7,50,82,50,50,49,26,24,12,0,0,0,100,75,NA,NA,NA,NA,NA,NA,NA,NA,NA,NA,NA,NA,NA,NA,NA,NA,NA,NA,NA,NA,NA,NA,NA,65,67,50,64,50,1,78,16,50,50,3,27,100,85,100,100,56,50,50,33,50,NA,NA,NA,NA,NA,NA,NA,NA,NA,NA,NA,NA,NA,NA,NA,NA,NA,NA,NA,NA,NA,NA,127,0,127,0,FALSE,FALSE,FALSE,FALSE,FALSE,FALSE,1,NA,NA,1,NA,NA,NA,NA,NA,NA,NA,74.55555555555556,0.4130693168798744,3,5,Punish (5),3,3,3,3.25,NA,NA,NA,NA,NA,NA,NA,NA,NA,NA,NA,5,4,5,5,5,TRUE,TRUE,No controls
100,3974,1,R_7ikzmCZFKyY1Pmw,0,0,1,0,1,0,1,0,0,0,0,1,0,1,0,0,0,1,0,1,0,0,0,1,0,0,1,0,0,1,0,0,1,Never,Never,Never,4,1,2,2,1,1,9,10,8,10,8,4,3,2,2,3,5,3,Purple,NA,NA,NA,NA,NA,NA,NA,NA,NA,NA,NA,NA,NA,NA,NA,NA,NA,NA,NA,NA,NA,NA,NA,NA,NA,NA,NA,NA,NA,NA,NA,NA,NA,NA,NA,NA,NA,NA,NA,NA,NA,NA,NA,NA,NA,NA,NA,NA,NA,NA,NA,NA,NA,NA,NA,NA,NA,NA,NA,NA,NA,NA,NA,NA,NA,NA,NA,NA,NA,NA,NA,NA,NA,NA,NA,NA,NA,NA,NA,NA,NA,NA,NA,NA,NA,NA,NA,NA,NA,NA,NA,NA,NA,NA,NA,NA,NA,NA,NA,NA,NA,NA,NA,NA,NA,NA,NA,NA,NA,NA,NA,NA,NA,NA,NA,NA,NA,NA,NA,NA,NA,NA,NA,NA,NA,NA,NA,NA,iP3e3891fd1a6dbcf7,NA,NA,B,TRUE,FALSE,TRUE,FALSE,TRUE,TRUE,FALSE,2,1,2,66.23333333333333,0,0,0,0,1,0,0,73,96,77,83,68,75,6,73,41,NA,66,54,70,67,73,74,69,65,80,70,25,92,73,100,5,6,81,64,41,3,78,53,56,64,12,42,42,8,64,43,64,74,NA,NA,NA,NA,NA,NA,NA,NA,NA,NA,NA,NA,NA,NA,NA,NA,NA,NA,NA,NA,NA,NA,NA,54,23,93,73,75,16,72,42,76,12,44,76,77,72,84,100,85,88,80,67,48,NA,NA,NA,NA,NA,NA,NA,NA,NA,NA,NA,NA,NA,NA,NA,NA,NA,NA,NA,NA,NA,NA,128,0,128,0,FALSE,FALSE,FALSE,FALSE,FALSE,FALSE,0,0,1,0,0,NA,NA,NA,NA,NA,NA,66.77777777777777,0.00711840233389434,4,4,Neutral (4),2,2.5,2.25,2.5,NA,NA,NA,NA,NA,NA,NA,NA,NA,NA,NA,4,5,3,5,3,TRUE,TRUE,No controls
100,2124,1,R_3FrcdK97GxieKiR,0,0,1,0,0,1,0,0,1,0,0,1,0,0,1,0,0,1,1,0,0,0,0,1,1,0,0,0,0,1,0,0,1,Never,Never,Never,4,2,2,3,3,2,10,8,10,10,10,3,1,2,3,3,2,3,purple,NA,NA,NA,NA,NA,NA,NA,NA,NA,NA,NA,NA,NA,NA,NA,NA,NA,NA,NA,NA,NA,NA,NA,NA,NA,NA,NA,NA,NA,NA,NA,NA,NA,NA,NA,NA,NA,NA,NA,NA,NA,NA,NA,NA,NA,NA,NA,NA,NA,NA,NA,NA,NA,NA,NA,NA,NA,NA,NA,NA,NA,NA,NA,NA,NA,NA,NA,NA,NA,NA,NA,NA,NA,NA,NA,NA,NA,NA,NA,NA,NA,NA,NA,NA,NA,NA,NA,NA,NA,NA,NA,NA,NA,NA,NA,NA,NA,NA,NA,NA,NA,NA,NA,NA,NA,NA,NA,NA,NA,NA,NA,NA,NA,NA,NA,NA,NA,NA,NA,NA,NA,NA,NA,NA,NA,NA,NA,NA,iP423fff24f69a3e04,NA,NA,A,TRUE,FALSE,TRUE,FALSE,TRUE,TRUE,FALSE,2,1,2,35.4,0,0,0,0,0,0,0,80,80,70,50,70,30,80,80,70,70,70,90,60,70,100,60,40,60,20,80,10,100,100,90,0,40,80,60,10,30,80,50,50,50,20,70,80,0,30,10,100,80,60,20,40,20,50,0,70,10,50,70,50,0,70,70,70,0,70,80,0,50,50,60,50,NA,NA,NA,NA,NA,NA,NA,NA,NA,NA,NA,NA,NA,NA,NA,NA,NA,NA,NA,NA,NA,NA,NA,NA,NA,NA,NA,NA,NA,NA,NA,NA,NA,NA,NA,NA,NA,NA,NA,NA,NA,NA,NA,127,0,127,0,FALSE,FALSE,FALSE,FALSE,FALSE,FALSE,0,0,1,0,0,NA,NA,NA,NA,NA,NA,57.77777777777778,-0.462624798783596,3,5,Punish (5),4,3,3.5,2.75,NA,NA,NA,NA,NA,NA,NA,NA,NA,NA,NA,5,3,5,5,5,TRUE,TRUE,No controls
100,837,1,R_7oLASQ1LYniYmmz,NA,1,0,NA,1,0,1,0,0,0,1,0,1,0,0,0,1,0,1,1,0,0,1,0,0,1,0,0,1,0,0,1,0,Frequently,Frequently,Frequently,4,2,1,2,3,2,7,10,9,9,10,6,4,3,3,4,3,1,purple,1,3,2,6,5,6,4,4,6,5,1,1,1,1,2,1,2,3,5,5,4,1,2,2,1,3,3,3,3,3,3,2,2,2,2,2,2,2,2,2,1,2,2,2,1,1,3,2,1,2,3,4,4,5,4,4,4,4,2,3,2,3,3,3,4,NA,3,3,3,1,3,2,4,3,3,3,4,5,4,4,5,5,5,5,5,NA,NA,NA,NA,NA,NA,NA,NA,NA,NA,NA,NA,NA,NA,NA,NA,NA,NA,NA,NA,NA,NA,NA,NA,NA,NA,NA,NA,NA,NA,NA,NA,NA,NA,NA,NA,NA,NA,NA,NA,NA,NA,NA,iP9cc8a209c9c75bae,NA,NA,A,TRUE,FALSE,TRUE,FALSE,TRUE,TRUE,TRUE,2,1,3,13.95,0,0,1,1,0,0,0,30,100,100,90,80,100,100,40,80,80,90,90,100,100,100,80,90,80,80,80,40,90,90,80,90,90,100,100,90,80,70,100,100,90,100,90,100,90,100,80,100,90,90,90,90,100,90,100,90,100,100,90,80,90,90,90,100,80,100,90,90,80,50,90,40,NA,NA,NA,NA,NA,NA,NA,NA,NA,NA,NA,NA,NA,NA,NA,NA,NA,NA,NA,NA,NA,NA,NA,NA,NA,NA,NA,NA,NA,NA,NA,NA,NA,NA,NA,NA,NA,NA,NA,NA,NA,NA,NA,43,0,43,1,FALSE,FALSE,FALSE,FALSE,FALSE,FALSE,1,NA,NA,1,NA,NA,NA,NA,NA,NA,NA,91.11111111111111,1.2771648349848883,6,2,Rehab (2),1,2,1.5,2.75,3,3,3,3,1,3,1,2,4,1,2.5,2,5,4,4,5,FALSE,TRUE,Some controls missing
100,6821,1,R_7jdYrv5aM3QeEWU,0,0,1,0,0,1,0,0,1,0,0,1,0,0,1,0,0,1,0,0,1,0,0,1,1,0,0,0,0,1,0,0,1,Never,Never,Rarely,4,2,3,2,2,3,7,8,7,9,9,5,2,2,2.5,3,2,3,Purple,NA,NA,NA,NA,NA,NA,NA,NA,NA,NA,NA,NA,NA,NA,NA,NA,NA,NA,NA,NA,NA,NA,NA,NA,NA,NA,NA,NA,NA,NA,NA,NA,NA,NA,NA,NA,NA,NA,NA,NA,NA,NA,NA,NA,NA,NA,NA,NA,NA,NA,NA,NA,NA,NA,NA,NA,NA,NA,NA,NA,NA,NA,NA,NA,NA,NA,NA,NA,NA,NA,NA,NA,NA,NA,NA,NA,NA,NA,NA,NA,NA,NA,NA,NA,NA,NA,NA,NA,NA,NA,NA,NA,NA,NA,NA,NA,NA,NA,NA,NA,NA,NA,NA,NA,NA,NA,NA,NA,NA,NA,NA,NA,NA,NA,NA,NA,NA,NA,NA,NA,NA,NA,NA,NA,NA,NA,NA,NA,iP37b4bd50a370d7cb,NA,NA,C,TRUE,FALSE,TRUE,FALSE,TRUE,TRUE,FALSE,2,1,2,113.68333333333334,0,0,0,0,1,0,0,68,63,83,73,96,49,40,68,95,45,76,73,34,35,69,45,83,33,82,42,85,78,77,66,27,32,65,42,34,76,78,64,41,43,47,88,59,68,40,68,81,66,NA,NA,NA,NA,NA,NA,NA,NA,NA,NA,NA,NA,NA,NA,NA,NA,NA,NA,NA,NA,NA,NA,NA,NA,NA,NA,NA,NA,NA,NA,NA,NA,NA,NA,NA,NA,NA,NA,NA,NA,NA,NA,NA,NA,97,94,77,43,73,94,82,84,78,32,65,37,43,73,49,61,58,46,34,41,69,59,127,0,127,0,FALSE,FALSE,FALSE,FALSE,FALSE,FALSE,0,0,1,0,0,NA,NA,NA,NA,NA,NA,45.888888888888886,-1.0831497681610225,5,3,Rehab (3),3,3,3,2.625,NA,NA,NA,NA,NA,NA,NA,NA,NA,NA,NA,2,3,2,4,4,TRUE,TRUE,No controls
100,841,1,R_6jAuyAUySF4QUMh,NA,1,0,NA,0,1,0,1,0,0,0,1,1,0,0,0,0,1,0,0,1,0,0,1,1,1,0,1,1,0,0,0,1,Rarely,Sometimes,Sometimes,1,NA,NA,NA,NA,NA,NA,NA,NA,NA,NA,NA,NA,NA,NA,NA,NA,NA,NA,NA,NA,NA,NA,NA,NA,NA,NA,NA,NA,NA,NA,NA,NA,NA,NA,NA,NA,NA,NA,NA,NA,NA,NA,NA,NA,NA,NA,NA,NA,NA,NA,NA,NA,NA,NA,NA,NA,NA,NA,NA,NA,NA,NA,NA,NA,NA,NA,NA,NA,NA,NA,NA,NA,NA,NA,NA,NA,NA,NA,NA,NA,NA,NA,NA,NA,NA,NA,NA,NA,NA,NA,NA,NA,NA,NA,NA,NA,NA,NA,NA,NA,NA,NA,NA,NA,NA,NA,NA,NA,NA,NA,NA,NA,NA,NA,NA,NA,NA,NA,NA,NA,NA,NA,NA,NA,NA,NA,NA,NA,NA,NA,NA,NA,NA,NA,NA,NA,NA,NA,NA,NA,NA,NA,NA,NA,NA,NA,iP9dd983a47d8fd44d,NA,NA,C,FALSE,TRUE,FALSE,FALSE,TRUE,FALSE,FALSE,0,3,1,14.016666666666667,0,0,1,1,0,0,0,98,100,96,85,51,96,42,91,93,92,8,91,70,100,78,93,100,67,58,100,43,80,88,100,42,47,100,85,90,27,66,96,100,100,8,36,19,13,39,30,37,82,NA,NA,NA,NA,NA,NA,NA,NA,NA,NA,NA,NA,NA,NA,NA,NA,NA,NA,NA,NA,NA,NA,NA,NA,NA,NA,NA,NA,NA,NA,NA,NA,NA,NA,NA,NA,NA,NA,NA,NA,NA,NA,NA,NA,67,97,73,90,89,83,100,100,85,38,100,36,88,88,100,98,100,88,86,85,82,82,145,0,145,1,FALSE,FALSE,FALSE,FALSE,FALSE,FALSE,1,NA,NA,1,NA,NA,NA,NA,NA,NA,NA,89.44444444444444,1.1901753532964638,NA,NA,NA,NA,NA,NA,NA,NA,NA,NA,NA,NA,NA,NA,NA,NA,NA,NA,NA,NA,NA,NA,NA,TRUE,TRUE,No controls
100,864,1,R_6AvK6jmOcigZztD,NA,1,0,NA,1,0,1,0,0,0,1,0,1,0,0,0,0,1,1,0,0,0,1,0,0,0,1,1,0,0,0,1,0,Rarely,Rarely,Sometimes,1,NA,NA,NA,NA,NA,NA,NA,NA,NA,NA,NA,NA,NA,NA,NA,NA,NA,NA,NA,NA,NA,NA,NA,NA,NA,NA,NA,NA,NA,NA,NA,NA,NA,NA,NA,NA,NA,NA,NA,NA,NA,NA,NA,NA,NA,NA,NA,NA,NA,NA,NA,NA,NA,NA,NA,NA,NA,NA,NA,NA,NA,NA,NA,NA,NA,NA,NA,NA,NA,NA,NA,NA,NA,NA,NA,NA,NA,NA,NA,NA,NA,NA,NA,NA,NA,NA,NA,NA,NA,NA,NA,NA,NA,NA,NA,NA,NA,NA,NA,NA,NA,NA,NA,NA,NA,NA,NA,NA,NA,NA,NA,NA,NA,NA,NA,NA,NA,NA,NA,NA,NA,NA,NA,NA,NA,NA,NA,NA,NA,NA,NA,NA,NA,NA,NA,NA,NA,NA,NA,NA,NA,NA,NA,NA,NA,NA,iP8ee554c7e75e2cf4,NA,NA,B,FALSE,TRUE,FALSE,FALSE,TRUE,FALSE,FALSE,0,3,1,14.4,0,0,1,1,0,0,0,71,71,57,50,65,67,76,100,75,61,73,62,72,80,76,68,80,61,89,69,60,77,87,100,68,76,74,66,57,83,59,67,70,62,73,81,74,61,45,80,100,100,NA,NA,NA,NA,NA,NA,NA,NA,NA,NA,NA,NA,NA,NA,NA,NA,NA,NA,NA,NA,NA,NA,NA,55,64,60,88,58,56,82,56,50,74,67,68,61,65,100,100,100,72,59,71,62,NA,NA,NA,NA,NA,NA,NA,NA,NA,NA,NA,NA,NA,NA,NA,NA,NA,NA,NA,NA,NA,NA,145,0,145,1,FALSE,FALSE,FALSE,FALSE,FALSE,FALSE,1,NA,NA,1,NA,NA,NA,NA,NA,NA,NA,69.66666666666667,0.1579001705938302,NA,NA,NA,NA,NA,NA,NA,NA,NA,NA,NA,NA,NA,NA,NA,NA,NA,NA,NA,NA,NA,NA,NA,TRUE,TRUE,No controls
100,1032,1,R_6R3cIUTjMKpWmaW,NA,NA,1,1,0,0,0,0,1,1,0,0,1,0,0,0,0,1,1,0,0,0,0,1,1,0,0,1,0,0,0,0,1,Never,Never,Sometimes,1,NA,NA,NA,NA,NA,NA,NA,NA,NA,NA,NA,NA,NA,NA,NA,NA,NA,NA,NA,NA,NA,NA,NA,NA,NA,NA,NA,NA,NA,NA,NA,NA,NA,NA,NA,NA,NA,NA,NA,NA,NA,NA,NA,NA,NA,NA,NA,NA,NA,NA,NA,NA,NA,NA,NA,NA,NA,NA,NA,NA,NA,NA,NA,NA,NA,NA,NA,NA,NA,NA,NA,NA,NA,NA,NA,NA,NA,NA,NA,NA,NA,NA,NA,NA,NA,NA,NA,NA,NA,NA,NA,NA,NA,NA,NA,NA,NA,NA,NA,NA,NA,NA,NA,NA,NA,NA,NA,NA,NA,NA,NA,NA,NA,NA,NA,NA,NA,NA,NA,NA,NA,NA,NA,NA,NA,NA,NA,NA,NA,NA,NA,NA,NA,NA,NA,NA,NA,NA,NA,NA,NA,NA,NA,NA,NA,NA,iPc172516628b30207,NA,NA,A,FALSE,TRUE,FALSE,FALSE,TRUE,FALSE,FALSE,0,3,1,17.2,0,0,1,1,0,0,0,90,100,90,90,90,90,30,90,90,60,90,90,70,80,70,90,90,90,10,90,10,80,100,70,10,10,90,90,70,90,90,90,60,50,70,80,0,80,0,0,70,90,70,30,70,90,50,0,90,50,50,90,90,70,80,90,90,30,100,70,40,70,100,50,70,NA,NA,NA,NA,NA,NA,NA,NA,NA,NA,NA,NA,NA,NA,NA,NA,NA,NA,NA,NA,NA,NA,NA,NA,NA,NA,NA,NA,NA,NA,NA,NA,NA,NA,NA,NA,NA,NA,NA,NA,NA,NA,NA,145,0,145,1,FALSE,FALSE,FALSE,FALSE,FALSE,FALSE,1,NA,1,NA,1,NA,NA,NA,NA,NA,NA,84.44444444444444,0.9292069082311912,NA,NA,NA,NA,NA,NA,NA,NA,NA,NA,NA,NA,NA,NA,NA,NA,NA,NA,NA,NA,NA,NA,NA,TRUE,TRUE,No controls
100,761,1,R_7FLIgyZcxK2A6ha,1,1,0,NA,0,1,0,1,0,0,0,1,1,1,0,0,0,1,0,0,1,0,0,1,1,1,0,1,1,0,0,1,0,Frequently,Frequently,Frequently,4,1,1,1,1,1,9,10,10,9,10,6,1,4,4,4,1,4,Purple,NA,NA,NA,NA,NA,NA,NA,NA,NA,NA,NA,NA,NA,NA,NA,NA,NA,NA,NA,NA,NA,NA,NA,NA,NA,NA,NA,NA,NA,NA,NA,NA,NA,NA,NA,NA,NA,NA,NA,NA,NA,NA,NA,NA,NA,NA,NA,NA,NA,NA,NA,NA,NA,NA,NA,NA,NA,NA,NA,NA,NA,NA,NA,NA,NA,NA,NA,NA,NA,NA,NA,NA,NA,NA,NA,NA,NA,NA,NA,NA,NA,NA,NA,NA,NA,NA,NA,NA,NA,NA,NA,NA,NA,NA,NA,NA,NA,NA,NA,NA,NA,NA,NA,NA,NA,NA,NA,NA,NA,NA,NA,NA,NA,NA,NA,NA,NA,NA,NA,NA,NA,NA,NA,NA,NA,NA,NA,NA,iP96b216e0980dfcb0,NA,NA,C,TRUE,FALSE,TRUE,FALSE,TRUE,TRUE,FALSE,2,1,2,12.683333333333334,0,0,1,1,0,0,0,68,82,76,84,75,29,63,79,29,64,9,17,76,80,26,84,77,90,87,78,4,81,83,99,2,67,82,81,38,38,84,73,19,88,1,66,13,1,5,0,78,84,NA,NA,NA,NA,NA,NA,NA,NA,NA,NA,NA,NA,NA,NA,NA,NA,NA,NA,NA,NA,NA,NA,NA,NA,NA,NA,NA,NA,NA,NA,NA,NA,NA,NA,NA,NA,NA,NA,NA,NA,NA,NA,NA,NA,88,94,53,67,79,92,89,99,87,0,88,0,25,78,63,87,65,97,100,62,57,66,127,0,127,0,FALSE,FALSE,FALSE,FALSE,FALSE,FALSE,1,1,0,1,NA,NA,NA,NA,NA,NA,NA,76.22222222222223,0.5000587985682988,6,2,Rehab (2),4,4,4,4,NA,NA,NA,NA,NA,NA,NA,NA,NA,NA,NA,4,5,5,4,5,TRUE,TRUE,No controls
100,1076,1,R_3XoOjlQwKGfj0H8,0,0,1,0,0,1,0,1,0,0,0,1,0,0,1,0,0,1,0,1,0,0,0,1,1,0,0,0,0,1,0,0,1,Sometimes,Rarely,Rarely,1,NA,NA,NA,NA,NA,NA,NA,NA,NA,NA,NA,NA,NA,NA,NA,NA,NA,NA,NA,NA,NA,NA,NA,NA,NA,NA,NA,NA,NA,NA,NA,NA,NA,NA,NA,NA,NA,NA,NA,NA,NA,NA,NA,NA,NA,NA,NA,NA,NA,NA,NA,NA,NA,NA,NA,NA,NA,NA,NA,NA,NA,NA,NA,NA,NA,NA,NA,NA,NA,NA,NA,NA,NA,NA,NA,NA,NA,NA,NA,NA,NA,NA,NA,NA,NA,NA,NA,NA,NA,NA,NA,NA,NA,NA,NA,NA,NA,NA,NA,NA,NA,NA,NA,NA,NA,NA,NA,NA,NA,NA,NA,NA,NA,NA,NA,NA,NA,NA,NA,NA,NA,NA,NA,NA,NA,NA,NA,NA,NA,NA,NA,NA,NA,NA,NA,NA,NA,NA,NA,NA,NA,NA,NA,NA,NA,NA,iP68693b40e3260bd4,NA,NA,B,FALSE,TRUE,FALSE,FALSE,TRUE,FALSE,FALSE,0,3,1,17.933333333333334,0,0,1,1,0,0,0,100,100,100,100,100,100,80,100,100,100,90,90,100,100,90,100,100,100,100,100,90,100,100,100,90,80,100,100,100,100,100,100,100,100,90,100,90,90,90,90,100,100,NA,NA,NA,NA,NA,NA,NA,NA,NA,NA,NA,NA,NA,NA,NA,NA,NA,NA,NA,NA,NA,NA,NA,90,100,100,100,100,90,90,90,50,80,100,90,100,100,100,100,100,100,100,100,90,NA,NA,NA,NA,NA,NA,NA,NA,NA,NA,NA,NA,NA,NA,NA,NA,NA,NA,NA,NA,NA,NA,145,0,145,1,FALSE,FALSE,FALSE,FALSE,FALSE,FALSE,0,0,1,0,0,NA,NA,NA,NA,NA,NA,100,1.7411087373231504,NA,NA,NA,NA,NA,NA,NA,NA,NA,NA,NA,NA,NA,NA,NA,NA,NA,NA,NA,NA,NA,NA,NA,TRUE,TRUE,No controls
100,1155,1,R_67urjYvNfj0E0Nj,0,0,1,0,0,1,0,0,1,0,0,1,0,0,1,0,0,1,0,0,1,0,0,1,0,0,1,0,0,1,0,0,1,Never,Never,Never,4,1,1,1,1,1,10,10,10,10,10,4,1,4,4,4,5,3,purple,NA,NA,NA,NA,NA,NA,NA,NA,NA,NA,NA,NA,NA,NA,NA,NA,NA,NA,NA,NA,NA,NA,NA,NA,NA,NA,NA,NA,NA,NA,NA,NA,NA,NA,NA,NA,NA,NA,NA,NA,NA,NA,NA,NA,NA,NA,NA,NA,NA,NA,NA,NA,NA,NA,NA,NA,NA,NA,NA,NA,NA,NA,NA,NA,NA,NA,NA,NA,NA,NA,NA,NA,NA,NA,NA,NA,NA,NA,NA,NA,NA,NA,NA,NA,NA,NA,NA,NA,NA,NA,NA,NA,NA,NA,NA,NA,NA,NA,NA,NA,NA,NA,NA,NA,NA,NA,NA,NA,NA,NA,NA,NA,NA,NA,NA,NA,NA,NA,NA,NA,NA,NA,NA,NA,NA,NA,NA,NA,iPc8a04034f78c5fc5,NA,NA,C,TRUE,FALSE,TRUE,FALSE,TRUE,TRUE,FALSE,2,1,2,19.25,0,0,1,1,0,0,0,50,50,50,50,50,50,50,50,50,50,50,50,50,100,50,50,50,50,50,50,50,50,50,50,50,50,50,50,50,50,50,50,50,50,50,50,50,50,50,50,50,50,NA,NA,NA,NA,NA,NA,NA,NA,NA,NA,NA,NA,NA,NA,NA,NA,NA,NA,NA,NA,NA,NA,NA,NA,NA,NA,NA,NA,NA,NA,NA,NA,NA,NA,NA,NA,NA,NA,NA,NA,NA,NA,NA,NA,50,50,50,50,50,50,50,50,50,50,50,50,50,50,50,50,50,50,50,50,50,50,127,0,127,0,FALSE,FALSE,FALSE,FALSE,FALSE,FALSE,0,0,1,0,0,NA,NA,NA,NA,NA,NA,55.55555555555556,-0.5786107743681616,4,4,Neutral (4),4,2.5,3.25,3.75,NA,NA,NA,NA,NA,NA,NA,NA,NA,NA,NA,5,5,5,5,5,TRUE,TRUE,No controls
100,883,1,R_701OeXGJQigTz3j,0,0,1,0,1,0,0,1,0,0,0,1,0,1,0,0,1,0,0,1,0,0,0,1,0,1,0,0,0,1,0,0,1,Never,Never,Never,4,4,2,2,2,3,8,10,10,10,10,2,1,3,4,3,4,4,purple,NA,NA,NA,NA,NA,NA,NA,NA,NA,NA,NA,NA,NA,NA,NA,NA,NA,NA,NA,NA,NA,NA,NA,NA,NA,NA,NA,NA,NA,NA,NA,NA,NA,NA,NA,NA,NA,NA,NA,NA,NA,NA,NA,NA,NA,NA,NA,NA,NA,NA,NA,NA,NA,NA,NA,NA,NA,NA,NA,NA,NA,NA,NA,NA,NA,NA,NA,NA,NA,NA,NA,NA,NA,NA,NA,NA,NA,NA,NA,NA,NA,NA,NA,NA,NA,NA,NA,NA,NA,NA,NA,NA,NA,NA,NA,NA,NA,NA,NA,NA,NA,NA,NA,NA,NA,NA,NA,NA,NA,NA,NA,NA,NA,NA,NA,NA,NA,NA,NA,NA,NA,NA,NA,NA,NA,NA,NA,NA,iP1af6d25781e5e9dc,NA,NA,B,TRUE,FALSE,TRUE,FALSE,TRUE,TRUE,FALSE,2,1,2,14.716666666666669,0,0,1,1,0,0,0,67,75,72,90,73,31,26,76,43,23,20,15,24,36,64,38,22,41,83,74,45,93,89,91,29,29,29,81,0,81,76,6,17,35,79,73,34,76,66,41,37,35,NA,NA,NA,NA,NA,NA,NA,NA,NA,NA,NA,NA,NA,NA,NA,NA,NA,NA,NA,NA,NA,NA,NA,7,34,79,43,74,16,2,72,31,35,12,34,90,93,91,70,87,71,17,89,16,NA,NA,NA,NA,NA,NA,NA,NA,NA,NA,NA,NA,NA,NA,NA,NA,NA,NA,NA,NA,NA,NA,127,0,127,0,FALSE,FALSE,FALSE,FALSE,FALSE,FALSE,0,0,1,0,0,NA,NA,NA,NA,NA,NA,38.333333333333336,-1.477502085148545,2,6,Punish (6),4,1,2.5,3.5,NA,NA,NA,NA,NA,NA,NA,NA,NA,NA,NA,3,5,5,5,5,TRUE,TRUE,No controls
100,1564,1,R_6MYUfkZ4XbKfFb5,NA,1,0,NA,0,1,0,1,0,0,0,1,0,0,1,0,1,0,0,0,1,0,0,1,1,0,0,1,0,0,0,0,1,Sometimes,Never,Never,1,NA,NA,NA,NA,NA,NA,NA,NA,NA,NA,NA,NA,NA,NA,NA,NA,NA,NA,NA,NA,NA,NA,NA,NA,NA,NA,NA,NA,NA,NA,NA,NA,NA,NA,NA,NA,NA,NA,NA,NA,NA,NA,NA,NA,NA,NA,NA,NA,NA,NA,NA,NA,NA,NA,NA,NA,NA,NA,NA,NA,NA,NA,NA,NA,NA,NA,NA,NA,NA,NA,NA,NA,NA,NA,NA,NA,NA,NA,NA,NA,NA,NA,NA,NA,NA,NA,NA,NA,NA,NA,NA,NA,NA,NA,NA,NA,NA,NA,NA,NA,NA,NA,NA,NA,NA,NA,NA,NA,NA,NA,NA,NA,NA,NA,NA,NA,NA,NA,NA,NA,NA,NA,NA,NA,NA,NA,NA,NA,NA,NA,NA,NA,NA,NA,NA,NA,NA,NA,NA,NA,NA,NA,NA,NA,NA,NA,iPa0ed7c4f0ccaf73f,NA,NA,A,FALSE,TRUE,FALSE,FALSE,TRUE,FALSE,FALSE,0,3,1,26.066666666666663,0,0,0,1,0,0,0,40,80,40,80,10,40,10,60,80,60,60,80,30,60,70,60,60,10,90,80,10,80,60,80,0,10,70,60,40,40,80,60,40,60,20,20,10,0,20,10,60,60,60,10,50,50,80,20,30,10,40,60,40,30,60,70,10,20,40,60,10,90,70,40,40,NA,NA,NA,NA,NA,NA,NA,NA,NA,NA,NA,NA,NA,NA,NA,NA,NA,NA,NA,NA,NA,NA,NA,NA,NA,NA,NA,NA,NA,NA,NA,NA,NA,NA,NA,NA,NA,NA,NA,NA,NA,NA,NA,145,0,145,1,FALSE,FALSE,FALSE,FALSE,FALSE,FALSE,1,NA,NA,1,NA,NA,NA,NA,NA,NA,NA,52.22222222222222,-0.75258973774501,NA,NA,NA,NA,NA,NA,NA,NA,NA,NA,NA,NA,NA,NA,NA,NA,NA,NA,NA,NA,NA,NA,NA,TRUE,TRUE,No controls
100,781,1,R_5H7P8dAItkGBpUg,0,0,1,0,0,1,0,0,1,0,0,1,0,0,1,1,0,0,0,0,1,0,0,1,0,0,1,0,0,1,0,0,1,Never,Never,Never,4,1,1,1,1,1,8,8,8,8,8,4,3,2,2,2,3,2,purpura,NA,NA,NA,NA,NA,NA,NA,NA,NA,NA,NA,NA,NA,NA,NA,NA,NA,NA,NA,NA,NA,NA,NA,NA,NA,NA,NA,NA,NA,NA,NA,NA,NA,NA,NA,NA,NA,NA,NA,NA,NA,NA,NA,NA,NA,NA,NA,NA,NA,NA,NA,NA,NA,NA,NA,NA,NA,NA,NA,NA,NA,NA,NA,NA,NA,NA,NA,NA,NA,NA,NA,NA,NA,NA,NA,NA,NA,NA,NA,NA,NA,NA,NA,NA,NA,NA,NA,NA,NA,NA,NA,NA,NA,NA,NA,NA,NA,NA,NA,NA,NA,NA,NA,NA,NA,NA,NA,NA,NA,NA,NA,NA,NA,NA,NA,NA,NA,NA,NA,NA,NA,NA,NA,NA,NA,NA,NA,NA,iP11431a9aceab5138,NA,NA,B,TRUE,FALSE,FALSE,FALSE,TRUE,TRUE,FALSE,1,2,2,13.016666666666667,0,0,1,1,0,0,0,70,84,61,88,66,66,82,84,55,58,58,86,82,61,76,79,85,81,88,62,63,61,89,96,54,63,67,66,67,55,72,72,57,51,57,91,74,53,63,81,72,82,NA,NA,NA,NA,NA,NA,NA,NA,NA,NA,NA,NA,NA,NA,NA,NA,NA,NA,NA,NA,NA,NA,NA,56,79,84,65,66,58,67,14,91,57,33,76,83,59,65,59,79,82,92,16,83,NA,NA,NA,NA,NA,NA,NA,NA,NA,NA,NA,NA,NA,NA,NA,NA,NA,NA,NA,NA,NA,NA,127,0,127,1,FALSE,FALSE,FALSE,FALSE,FALSE,FALSE,0,0,1,0,0,NA,NA,NA,NA,NA,NA,72.22222222222223,0.29128404251608075,4,4,Neutral (4),2,2,2,2,NA,NA,NA,NA,NA,NA,NA,NA,NA,NA,NA,3,3,3,3,3,TRUE,TRUE,No controls
100,605,1,R_1iloaFoucYq5ByW,0,0,1,0,0,1,1,0,0,0,0,1,0,0,1,0,0,1,0,1,0,0,0,1,0,0,1,0,0,1,0,0,1,Rarely,Never,Rarely,1,NA,NA,NA,NA,NA,NA,NA,NA,NA,NA,NA,NA,NA,NA,NA,NA,NA,NA,NA,NA,NA,NA,NA,NA,NA,NA,NA,NA,NA,NA,NA,NA,NA,NA,NA,NA,NA,NA,NA,NA,NA,NA,NA,NA,NA,NA,NA,NA,NA,NA,NA,NA,NA,NA,NA,NA,NA,NA,NA,NA,NA,NA,NA,NA,NA,NA,NA,NA,NA,NA,NA,NA,NA,NA,NA,NA,NA,NA,NA,NA,NA,NA,NA,NA,NA,NA,NA,NA,NA,NA,NA,NA,NA,NA,NA,NA,NA,NA,NA,NA,NA,NA,NA,NA,NA,NA,NA,NA,NA,NA,NA,NA,NA,NA,NA,NA,NA,NA,NA,NA,NA,NA,NA,NA,NA,NA,NA,NA,NA,NA,NA,NA,NA,NA,NA,NA,NA,NA,NA,NA,NA,NA,NA,NA,NA,NA,iP460ac7680f1757d1,NA,NA,C,FALSE,TRUE,FALSE,FALSE,TRUE,FALSE,FALSE,0,3,1,10.083333333333334,0,1,1,1,0,0,0,50,50,50,51,50,50,94,50,50,50,50,50,50,50,88,50,50,50,50,1,51,50,50,50,100,50,50,50,100,50,50,92,50,50,50,50,50,50,50,51,50,50,NA,NA,NA,NA,NA,NA,NA,NA,NA,NA,NA,NA,NA,NA,NA,NA,NA,NA,NA,NA,NA,NA,NA,NA,NA,NA,NA,NA,NA,NA,NA,NA,NA,NA,NA,NA,NA,NA,NA,NA,NA,NA,NA,NA,50,50,50,61,50,50,50,50,50,50,50,100,50,50,50,51,50,50,50,50,50,50,145,0,145,1,FALSE,FALSE,FALSE,FALSE,FALSE,FALSE,0,0,1,0,0,NA,NA,NA,NA,NA,NA,50.111111111111114,-0.8627764145503473,NA,NA,NA,NA,NA,NA,NA,NA,NA,NA,NA,NA,NA,NA,NA,NA,NA,NA,NA,NA,NA,NA,NA,TRUE,TRUE,No controls
100,2409,1,R_5psvEuO8EhDS9Cq,0,0,1,0,0,1,0,0,1,0,0,1,0,0,1,0,0,1,0,0,1,0,0,1,0,0,1,0,0,1,0,0,1,Never,Never,Frequently,4,1,1,1,1,2,8,8,9,10,10,1,2,2,2,3,3,1,purple,NA,NA,NA,NA,NA,NA,NA,NA,NA,NA,NA,NA,NA,NA,NA,NA,NA,NA,NA,NA,NA,NA,NA,NA,NA,NA,NA,NA,NA,NA,NA,NA,NA,NA,NA,NA,NA,NA,NA,NA,NA,NA,NA,NA,NA,NA,NA,NA,NA,NA,NA,NA,NA,NA,NA,NA,NA,NA,NA,NA,NA,NA,NA,NA,NA,NA,NA,NA,NA,NA,NA,NA,NA,NA,NA,NA,NA,NA,NA,NA,NA,NA,NA,NA,NA,NA,NA,NA,NA,NA,NA,NA,NA,NA,NA,NA,NA,NA,NA,NA,NA,NA,NA,NA,NA,NA,NA,NA,NA,NA,NA,NA,NA,NA,NA,NA,NA,NA,NA,NA,NA,NA,NA,NA,NA,NA,NA,NA,iP3309b13e4de92a12,NA,NA,A,TRUE,FALSE,TRUE,FALSE,TRUE,TRUE,FALSE,2,1,2,40.15,0,0,0,0,0,0,0,50,30,50,50,50,50,50,50,20,20,80,0,80,90,20,80,80,100,10,100,0,90,50,100,0,50,100,0,0,50,50,0,0,0,20,50,30,10,10,0,80,80,50,0,70,50,50,50,10,50,50,50,50,50,100,100,50,100,50,50,100,50,50,50,60,NA,NA,NA,NA,NA,NA,NA,NA,NA,NA,NA,NA,NA,NA,NA,NA,NA,NA,NA,NA,NA,NA,NA,NA,NA,NA,NA,NA,NA,NA,NA,NA,NA,NA,NA,NA,NA,NA,NA,NA,NA,NA,NA,127,0,127,0,FALSE,FALSE,FALSE,FALSE,FALSE,FALSE,0,0,1,0,0,NA,NA,NA,NA,NA,NA,70,0.1752980669315148,1,7,Punish (7),3,2,2.5,2,NA,NA,NA,NA,NA,NA,NA,NA,NA,NA,NA,3,3,4,5,5,TRUE,TRUE,No controls
100,1127,1,R_5YycEJwcmPmxTR9,1,1,0,NA,1,0,1,1,0,1,1,0,1,1,0,0,0,1,0,0,1,0,0,1,1,0,0,0,1,0,0,0,1,Rarely,Rarely,Sometimes,4,1,1,1,1,1,9,9,9,10,10,4,4,3,1,1,4,3,Purple,2,2,2,2,2,2,2,2,2,2,1,1,1,1,1,1,1,3,4,3,5,5,5,3,2,2,2,2,2,1,1,1,1,1,1,1,2,2,2,2,2,1,1,2,2,2,1,3,3,3,3,3,3,3,3,3,3,2,2,3,3,2,2,2,4,NA,2,2,3,2,3,3,3,2,1,2,4,5,5,5,5,5,5,5,4,NA,NA,NA,NA,NA,NA,NA,NA,NA,NA,NA,NA,NA,NA,NA,NA,NA,NA,NA,NA,NA,NA,NA,NA,NA,NA,NA,NA,NA,NA,NA,NA,NA,NA,NA,NA,NA,NA,NA,NA,NA,NA,NA,iPa1d1fcc8810e8378,NA,NA,B,TRUE,FALSE,TRUE,FALSE,TRUE,TRUE,TRUE,2,1,3,18.783333333333335,0,0,1,1,0,0,0,95,95,95,97,97,72,92,92,89,88,80,93,96,93,88,85,98,100,90,100,91,100,89,97,65,92,94,94,23,94,97,100,90,93,86,94,84,77,90,91,100,90,NA,NA,NA,NA,NA,NA,NA,NA,NA,NA,NA,NA,NA,NA,NA,NA,NA,NA,NA,NA,NA,NA,NA,100,92,94,89,95,61,86,93,89,89,83,70,95,100,94,95,84,98,93,89,86,NA,NA,NA,NA,NA,NA,NA,NA,NA,NA,NA,NA,NA,NA,NA,NA,NA,NA,NA,NA,NA,NA,43,0,43,1,FALSE,FALSE,FALSE,FALSE,FALSE,FALSE,1,1,0,1,NA,NA,NA,NA,NA,NA,NA,87,1.0625907801534418,4,4,Neutral (4),1,1,1,2,3,3,3,3,3,3,3,3,4,4,4,4,4,4,5,5,FALSE,TRUE,Some controls missing
100,685,1,R_57szGOKfoXAOwgs,0,0,1,0,0,1,0,0,1,0,0,1,0,0,1,0,0,1,0,1,0,0,0,1,1,0,0,0,0,1,0,0,1,Sometimes,Sometimes,Sometimes,4,2,2,2,2,2,8,10,7,9,9,2,1,1,1,4,1,2,Purple,NA,NA,NA,NA,NA,NA,NA,NA,NA,NA,NA,NA,NA,NA,NA,NA,NA,NA,NA,NA,NA,NA,NA,NA,NA,NA,NA,NA,NA,NA,NA,NA,NA,NA,NA,NA,NA,NA,NA,NA,NA,NA,NA,NA,NA,NA,NA,NA,NA,NA,NA,NA,NA,NA,NA,NA,NA,NA,NA,NA,NA,NA,NA,NA,NA,NA,NA,NA,NA,NA,NA,NA,NA,NA,NA,NA,NA,NA,NA,NA,NA,NA,NA,NA,NA,NA,NA,NA,NA,NA,NA,NA,NA,NA,NA,NA,NA,NA,NA,NA,NA,NA,NA,NA,NA,NA,NA,NA,NA,NA,NA,NA,NA,NA,NA,NA,NA,NA,NA,NA,NA,NA,NA,NA,NA,NA,NA,NA,iP5dc57d64ffcb1bd0,NA,NA,C,TRUE,FALSE,TRUE,FALSE,TRUE,TRUE,FALSE,2,1,2,11.416666666666666,0,1,1,1,0,0,0,81,75,84,81,81,75,26,74,26,26,22,12,71,80,77,85,77,77,85,87,25,84,78,79,21,26,75,73,19,79,84,24,68,25,81,83,14,81,67,77,84,87,NA,NA,NA,NA,NA,NA,NA,NA,NA,NA,NA,NA,NA,NA,NA,NA,NA,NA,NA,NA,NA,NA,NA,NA,NA,NA,NA,NA,NA,NA,NA,NA,NA,NA,NA,NA,NA,NA,NA,NA,NA,NA,NA,NA,82,86,83,28,82,75,91,75,82,18,76,14,79,83,72,83,84,84,77,82,78,23,127,0,127,0,FALSE,FALSE,FALSE,FALSE,FALSE,FALSE,0,0,1,0,0,NA,NA,NA,NA,NA,NA,71.55555555555556,0.25648824984071084,2,6,Punish (6),4,4,4,2,NA,NA,NA,NA,NA,NA,NA,NA,NA,NA,NA,3,5,2,4,4,TRUE,TRUE,No controls
100,509,1,R_5rONFT2XYKLyIRd,0,0,1,0,0,1,1,0,0,0,0,1,1,0,0,0,0,1,0,0,1,0,0,1,1,0,0,0,0,1,0,0,1,Never,Never,Rarely,4,2,2,2,3,2,8,7,8,7,8,4,3,2,4,4,4,3,Purple,NA,NA,NA,NA,NA,NA,NA,NA,NA,NA,NA,NA,NA,NA,NA,NA,NA,NA,NA,NA,NA,NA,NA,NA,NA,NA,NA,NA,NA,NA,NA,NA,NA,NA,NA,NA,NA,NA,NA,NA,NA,NA,NA,NA,NA,NA,NA,NA,NA,NA,NA,NA,NA,NA,NA,NA,NA,NA,NA,NA,NA,NA,NA,NA,NA,NA,NA,NA,NA,NA,NA,NA,NA,NA,NA,NA,NA,NA,NA,NA,NA,NA,NA,NA,NA,NA,NA,NA,NA,NA,NA,NA,NA,NA,NA,NA,NA,NA,NA,NA,NA,NA,NA,NA,NA,NA,NA,NA,NA,NA,NA,NA,NA,NA,NA,NA,NA,NA,NA,NA,NA,NA,NA,NA,NA,NA,NA,NA,iP8f044e194ef8875a,NA,NA,B,TRUE,FALSE,TRUE,FALSE,TRUE,TRUE,FALSE,2,1,2,8.483333333333333,0,1,1,1,0,0,0,82,85,72,57,57,79,50,82,79,80,83,77,70,73,79,85,50,77,81,84,50,82,78,83,81,74,89,65,74,50,50,58,82,50,72,90,74,50,81,50,86,81,NA,NA,NA,NA,NA,NA,NA,NA,NA,NA,NA,NA,NA,NA,NA,NA,NA,NA,NA,NA,NA,NA,NA,92,74,80,79,73,74,79,69,45,75,87,79,82,84,95,76,82,80,82,16,50,NA,NA,NA,NA,NA,NA,NA,NA,NA,NA,NA,NA,NA,NA,NA,NA,NA,NA,NA,NA,NA,NA,127,0,127,0,FALSE,FALSE,FALSE,FALSE,FALSE,FALSE,0,0,1,0,0,NA,NA,NA,NA,NA,NA,74.11111111111111,0.3898721217629613,4,4,Neutral (4),2,1,1.5,3.25,NA,NA,NA,NA,NA,NA,NA,NA,NA,NA,NA,3,2,3,2,3,TRUE,TRUE,No controls
100,427482,1,R_1mlQnourdgVnCCO,NA,1,0,NA,0,1,1,0,0,0,1,0,1,1,0,0,1,0,0,0,1,0,0,1,0,1,0,0,1,0,0,0,1,Never,Never,Rarely,4,2,2,2,2,3,8,8,9,9,9,4,5,2,1,3,2,3,Purple,NA,NA,NA,NA,NA,NA,NA,NA,NA,NA,NA,NA,NA,NA,NA,NA,NA,NA,NA,NA,NA,NA,NA,NA,NA,NA,NA,NA,NA,NA,NA,NA,NA,NA,NA,NA,NA,NA,NA,NA,NA,NA,NA,NA,NA,NA,NA,NA,NA,NA,NA,NA,NA,NA,NA,NA,NA,NA,NA,NA,NA,NA,NA,NA,NA,NA,NA,NA,NA,NA,NA,NA,NA,NA,NA,NA,NA,NA,NA,NA,NA,NA,NA,NA,NA,NA,NA,NA,NA,NA,NA,NA,NA,NA,NA,NA,NA,NA,NA,NA,NA,NA,NA,NA,NA,NA,NA,NA,NA,NA,NA,NA,NA,NA,NA,NA,NA,NA,NA,NA,NA,NA,NA,NA,NA,NA,NA,NA,iP12eca3515376ee62,NA,NA,C,TRUE,FALSE,TRUE,FALSE,TRUE,TRUE,FALSE,2,1,2,7124.7,0,0,0,0,1,1,0,49,57,45,56,50,10,25,52,44,32,61,12,39,51,37,85,60,52,46,81,9,60,50,81,8,36,69,47,0,8,72,8,0,0,15,54,96,11,20,47,26,51,NA,NA,NA,NA,NA,NA,NA,NA,NA,NA,NA,NA,NA,NA,NA,NA,NA,NA,NA,NA,NA,NA,NA,NA,NA,NA,NA,NA,NA,NA,NA,NA,NA,NA,NA,NA,NA,NA,NA,NA,NA,NA,NA,NA,78,77,61,75,56,68,76,100,50,2,61,5,49,40,53,76,34,55,70,51,2,0,127,0,127,0,FALSE,FALSE,FALSE,FALSE,FALSE,FALSE,1,NA,NA,1,NA,NA,NA,NA,NA,NA,NA,53.77777777777778,-0.671399554835814,4,4,Neutral (4),2.5,3,2.75,2.25,NA,NA,NA,NA,NA,NA,NA,NA,NA,NA,NA,3,3,4,4,4,TRUE,TRUE,No controls
100,374278,1,R_59kT3MjjeBXa1Et,1,1,0,NA,1,0,1,1,0,0,1,0,0,1,0,0,1,0,0,1,0,0,1,0,1,1,0,1,1,0,0,1,0,Never,Never,Rarely,4,1,1,1,1,1,10,10,10,10,10,5,4,3,3,4,2,3,JayMel Chivers,NA,NA,NA,NA,NA,NA,NA,NA,NA,NA,NA,NA,NA,NA,NA,NA,NA,NA,NA,NA,NA,NA,NA,NA,NA,NA,NA,NA,NA,NA,NA,NA,NA,NA,NA,NA,NA,NA,NA,NA,NA,NA,NA,NA,NA,NA,NA,NA,NA,NA,NA,NA,NA,NA,NA,NA,NA,NA,NA,NA,NA,NA,NA,NA,NA,NA,NA,NA,NA,NA,NA,NA,NA,NA,NA,NA,NA,NA,NA,NA,NA,NA,NA,NA,NA,NA,NA,NA,NA,NA,NA,NA,NA,NA,NA,NA,NA,NA,NA,NA,NA,NA,NA,NA,NA,NA,NA,NA,NA,NA,NA,NA,NA,NA,NA,NA,NA,NA,NA,NA,NA,NA,NA,NA,NA,NA,NA,NA,iP7f34df080a05eb18,NA,NA,A,TRUE,FALSE,FALSE,FALSE,TRUE,TRUE,FALSE,1,2,2,6237.966666666666,0,0,0,0,1,1,0,100,80,80,80,40,70,30,100,90,60,100,90,NA,80,80,80,80,70,40,100,50,100,100,100,20,70,70,80,60,50,100,80,50,20,30,80,NA,20,40,30,100,100,40,30,80,NA,40,50,60,80,60,100,100,80,70,100,80,10,100,70,10,70,30,100,70,NA,NA,NA,NA,NA,NA,NA,NA,NA,NA,NA,NA,NA,NA,NA,NA,NA,NA,NA,NA,NA,NA,NA,NA,NA,NA,NA,NA,NA,NA,NA,NA,NA,NA,NA,NA,NA,NA,NA,NA,NA,NA,NA,129,1,130,1,FALSE,FALSE,FALSE,FALSE,FALSE,FALSE,1,1,0,1,NA,NA,NA,NA,NA,NA,NA,77.5,0.5667507345294237,5,3,Rehab (3),1,3,2,3.25,NA,NA,NA,NA,NA,NA,NA,NA,NA,NA,NA,5,5,5,5,5,TRUE,TRUE,No controls
100,37858,1,R_6N3XQNiQrYUsPez,0,0,1,0,0,1,0,0,1,0,0,1,0,0,1,0,0,1,0,0,1,0,0,1,1,0,0,0,0,1,0,0,1,Never,Never,Sometimes,4,1,1,1,1,1,10,10,10,10,10,3,1,4,4,4,1,4,purple,NA,NA,NA,NA,NA,NA,NA,NA,NA,NA,NA,NA,NA,NA,NA,NA,NA,NA,NA,NA,NA,NA,NA,NA,NA,NA,NA,NA,NA,NA,NA,NA,NA,NA,NA,NA,NA,NA,NA,NA,NA,NA,NA,NA,NA,NA,NA,NA,NA,NA,NA,NA,NA,NA,NA,NA,NA,NA,NA,NA,NA,NA,NA,NA,NA,NA,NA,NA,NA,NA,NA,NA,NA,NA,NA,NA,NA,NA,NA,NA,NA,NA,NA,NA,NA,NA,NA,NA,NA,NA,NA,NA,NA,NA,NA,NA,NA,NA,NA,NA,NA,NA,NA,NA,NA,NA,NA,NA,NA,NA,NA,NA,NA,NA,NA,NA,NA,NA,NA,NA,NA,NA,NA,NA,NA,NA,NA,NA,iPd6368ff77d11e8ca,NA,NA,C,TRUE,FALSE,TRUE,FALSE,TRUE,TRUE,FALSE,2,1,2,630.9666666666667,0,0,0,0,1,1,0,100,63,60,54,51,64,65,75,0,0,61,28,44,49,44,72,67,100,27,66,0,41,54,92,0,54,0,0,0,0,53,0,0,0,0,34,0,0,0,0,37,59,NA,NA,NA,NA,NA,NA,NA,NA,NA,NA,NA,NA,NA,NA,NA,NA,NA,NA,NA,NA,NA,NA,NA,NA,NA,NA,NA,NA,NA,NA,NA,NA,NA,NA,NA,NA,NA,NA,NA,NA,NA,NA,NA,NA,49,81,56,0,55,71,79,100,72,0,0,0,29,61,48,77,90,0,57,0,0,0,127,0,127,0,FALSE,FALSE,FALSE,FALSE,FALSE,FALSE,0,0,1,0,0,NA,NA,NA,NA,NA,NA,44.22222222222222,-1.1701392498494465,3,5,Punish (5),4,4,4,4,NA,NA,NA,NA,NA,NA,NA,NA,NA,NA,NA,5,5,5,5,5,TRUE,TRUE,No controls
18,521,0,R_5PAEuzYe1kfBQCa,NA,1,0,NA,0,1,1,0,0,0,0,1,0,1,0,0,0,1,0,0,1,0,1,0,0,1,0,0,1,0,0,0,1,Frequently,Never,Sometimes,4,1,1,1,1,2,NA,NA,NA,NA,NA,NA,NA,NA,NA,NA,NA,NA,NA,NA,NA,NA,NA,NA,NA,NA,NA,NA,NA,NA,NA,NA,NA,NA,NA,NA,NA,NA,NA,NA,NA,NA,NA,NA,NA,NA,NA,NA,NA,NA,NA,NA,NA,NA,NA,NA,NA,NA,NA,NA,NA,NA,NA,NA,NA,NA,NA,NA,NA,NA,NA,NA,NA,NA,NA,NA,NA,NA,NA,NA,NA,NA,NA,NA,NA,NA,NA,NA,NA,NA,NA,NA,NA,NA,NA,NA,NA,NA,NA,NA,NA,NA,NA,NA,NA,NA,NA,NA,NA,NA,NA,NA,NA,NA,NA,NA,NA,NA,NA,NA,NA,NA,NA,NA,NA,NA,NA,NA,NA,NA,NA,NA,NA,NA,NA,NA,NA,NA,NA,NA,NA,NA,NA,NA,NA,NA,NA,iPa3b548bc405a929b,NA,NA,B,TRUE,FALSE,FALSE,FALSE,TRUE,FALSE,FALSE,1,2,1,8.683333333333334,0,1,1,1,0,0,1,81,81,81,95,65,88,68,100,82,64,66,59,98,99,83,99,100,84,84,98,59,99,82,100,0,66,85,84,81,72,82,84,83,95,65,73,63,61,66,58,99,100,NA,NA,NA,NA,NA,NA,NA,NA,NA,NA,NA,NA,NA,NA,NA,NA,NA,NA,NA,NA,NA,NA,NA,66,99,67,69,70,51,53,65,68,72,90,73,100,98,96,97,100,100,83,78,73,NA,NA,NA,NA,NA,NA,NA,NA,NA,NA,NA,NA,NA,NA,NA,NA,NA,NA,NA,NA,NA,NA,140,0,140,0,TRUE,TRUE,TRUE,FALSE,FALSE,FALSE,1,NA,NA,1,NA,NA,NA,NA,NA,NA,NA,92,1.3235592252187145,NA,NA,NA,NA,NA,NA,NA,NA,NA,NA,NA,NA,NA,NA,NA,NA,NA,NA,NA,NA,NA,NA,NA,TRUE,TRUE,No controls
8,594,0,R_19XvEeU0U7jhE4N,NA,NA,NA,NA,NA,NA,NA,NA,NA,NA,NA,NA,NA,NA,NA,NA,NA,NA,NA,NA,NA,NA,NA,NA,NA,NA,NA,NA,NA,NA,NA,NA,NA,NA,NA,NA,NA,NA,NA,NA,NA,NA,NA,NA,NA,NA,NA,NA,NA,NA,NA,NA,NA,NA,NA,NA,NA,NA,NA,NA,NA,NA,NA,NA,NA,NA,NA,NA,NA,NA,NA,NA,NA,NA,NA,NA,NA,NA,NA,NA,NA,NA,NA,NA,NA,NA,NA,NA,NA,NA,NA,NA,NA,NA,NA,NA,NA,NA,NA,NA,NA,NA,NA,NA,NA,NA,NA,NA,NA,NA,NA,NA,NA,NA,NA,NA,NA,NA,NA,NA,NA,NA,NA,NA,NA,NA,NA,NA,NA,NA,NA,NA,NA,NA,NA,NA,NA,NA,NA,NA,NA,NA,NA,NA,NA,NA,NA,NA,NA,NA,NA,NA,NA,NA,NA,NA,NA,NA,NA,NA,NA,NA,NA,NA,NA,NA,NA,NA,NA,NA,NA,NA,NA,NA,NA,NA,NA,NA,NA,NA,NA,NA,NA,iPbedabc502fcd0131,NA,NA,B,FALSE,FALSE,FALSE,FALSE,FALSE,FALSE,FALSE,0,3,0,9.9,0,1,1,1,0,0,1,97,86,100,100,100,NA,100,91,NA,NA,0,100,98,100,84,100,100,97,100,100,NA,100,100,87,85,72,100,100,85,49,99,99,80,99,NA,NA,54,NA,25,32,93,NA,NA,NA,NA,NA,NA,NA,NA,NA,NA,NA,NA,NA,NA,NA,NA,NA,NA,NA,NA,NA,NA,NA,NA,50,51,NA,100,NA,79,100,23,100,10,73,80,NA,100,100,99,100,100,NA,62,61,NA,NA,NA,NA,NA,NA,NA,NA,NA,NA,NA,NA,NA,NA,NA,NA,NA,NA,NA,NA,NA,NA,190,4,194,0,TRUE,TRUE,TRUE,FALSE,FALSE,FALSE,NA,NA,NA,NA,NA,NA,NA,NA,NA,NA,NA,97.77777777777776,1.6251227617385846,NA,NA,NA,NA,NA,NA,NA,NA,NA,NA,NA,NA,NA,NA,NA,NA,NA,NA,NA,NA,NA,NA,NA,TRUE,TRUE,No controls
32,1406,0,R_5amqhVYo5VGibnR,0,0,1,0,0,1,1,0,0,0,0,1,0,0,1,-99,-99,-99,0,0,1,0,0,1,0,0,1,1,0,0,0,0,1,Rarely,Never,Never,4,1,2,2,-99,3,10,10,10,10,10,5,1,2,4,4,2,3,Purple,1,1,2,2,1,2,4,2,1,1,1,2,1,1,1,2,1,1,NA,NA,NA,NA,NA,NA,NA,NA,NA,NA,NA,NA,NA,NA,NA,NA,NA,NA,NA,NA,NA,NA,NA,NA,NA,NA,NA,NA,NA,NA,NA,NA,NA,NA,NA,NA,NA,NA,NA,NA,NA,NA,NA,NA,NA,NA,NA,NA,NA,NA,NA,NA,NA,NA,NA,NA,NA,NA,NA,NA,NA,NA,NA,NA,NA,NA,NA,NA,NA,NA,NA,NA,NA,NA,NA,NA,NA,NA,NA,NA,NA,NA,NA,NA,NA,NA,NA,NA,NA,NA,NA,NA,NA,NA,NA,NA,NA,NA,NA,NA,NA,NA,NA,NA,NA,NA,NA,NA,NA,NA,iP3622ceedcb447618,NA,NA,B,TRUE,FALSE,TRUE,FALSE,TRUE,TRUE,FALSE,2,1,2,23.433333333333337,0,0,0,1,0,0,1,67,82,90,27,48,50,25,79,38,46,0,0,34,82,43,72,74,70,90,80,28,75,64,42,0,8,79,37,0,12,53,0,0,5,15,59,21,24,50,18,0,77,NA,NA,NA,NA,NA,NA,NA,NA,NA,NA,NA,NA,NA,NA,NA,NA,NA,NA,NA,NA,NA,NA,NA,39,65,66,79,74,10,65,76,3,11,16,26,84,88,77,87,76,13,0,91,14,NA,NA,NA,NA,NA,NA,NA,NA,NA,NA,NA,NA,NA,NA,NA,NA,NA,NA,NA,NA,NA,NA,109,0,109,0,TRUE,FALSE,TRUE,FALSE,FALSE,FALSE,0,0,1,0,0,NA,NA,NA,NA,NA,NA,58.666666666666664,-0.4162304085497699,5,3,Rehab (3),4,3,3.5,3.25,3,1,3,3,3,1,3,2,1,4,2.5,5,5,5,5,5,TRUE,TRUE,No controls
37,1294,0,R_5R99Zectd4ErKhr,0,0,1,0,0,1,0,0,1,0,0,1,0,0,1,0,0,1,0,1,0,0,0,1,1,0,0,0,0,1,0,0,1,Never,Never,Never,4,2,2,-99,2,3,7,7,8,8,7,1,2,2,2,2,5,2,Purple,2,6,3,3,4,3,4,2,4,4,2,1,2,1,1,2,2,3,5,5,3,2,3,3,3,1,1,1,3,1,2,3,3,3,2,3,NA,NA,NA,NA,NA,NA,NA,NA,NA,NA,NA,NA,NA,NA,NA,NA,NA,NA,NA,NA,NA,NA,NA,NA,NA,NA,NA,NA,NA,NA,NA,NA,NA,NA,NA,NA,NA,NA,NA,NA,NA,NA,NA,NA,NA,NA,NA,NA,NA,NA,NA,NA,NA,NA,NA,NA,NA,NA,NA,NA,NA,NA,NA,NA,NA,NA,NA,NA,NA,NA,NA,NA,NA,NA,NA,NA,NA,NA,NA,NA,NA,NA,NA,NA,NA,NA,NA,NA,NA,NA,NA,NA,iP2d5b447c6bedcb35,NA,NA,C,TRUE,FALSE,TRUE,FALSE,TRUE,TRUE,FALSE,2,1,2,21.566666666666663,0,0,0,1,0,0,1,100,100,100,100,100,100,45,100,81,41,61,59,64,60,45,60,100,19,100,44,57,100,100,100,60,43,64,82,9,81,81,100,40,0,79,83,44,46,41,42,58,77,NA,NA,NA,NA,NA,NA,NA,NA,NA,NA,NA,NA,NA,NA,NA,NA,NA,NA,NA,NA,NA,NA,NA,NA,NA,NA,NA,NA,NA,NA,NA,NA,NA,NA,NA,NA,NA,NA,NA,NA,NA,NA,NA,NA,100,100,83,82,100,82,100,82,100,0,100,0,77,100,55,42,43,33,43,100,100,100,91,0,91,0,TRUE,FALSE,TRUE,FALSE,FALSE,FALSE,0,0,1,0,0,NA,NA,NA,NA,NA,NA,55.77777777777778,-0.5670121768097051,1,7,Punish (7),3,2.5,2.75,2,1,3,1,3,3,1,1,2,4,1,2.5,2,2,3,3,2,TRUE,TRUE,No controls
7,799,0,R_3v7eLT5ISi5Kg4V,NA,NA,NA,NA,NA,NA,NA,NA,NA,NA,NA,NA,NA,NA,NA,NA,NA,NA,NA,NA,NA,NA,NA,NA,NA,NA,NA,NA,NA,NA,NA,NA,NA,NA,NA,NA,NA,NA,NA,NA,NA,NA,NA,NA,NA,NA,NA,NA,NA,NA,NA,NA,NA,NA,NA,NA,NA,NA,NA,NA,NA,NA,NA,NA,NA,NA,NA,NA,NA,NA,NA,NA,NA,NA,NA,NA,NA,NA,NA,NA,NA,NA,NA,NA,NA,NA,NA,NA,NA,NA,NA,NA,NA,NA,NA,NA,NA,NA,NA,NA,NA,NA,NA,NA,NA,NA,NA,NA,NA,NA,NA,NA,NA,NA,NA,NA,NA,NA,NA,NA,NA,NA,NA,NA,NA,NA,NA,NA,NA,NA,NA,NA,NA,NA,NA,NA,NA,NA,NA,NA,NA,NA,NA,NA,NA,NA,NA,NA,NA,NA,NA,NA,NA,NA,NA,NA,NA,NA,NA,NA,NA,NA,NA,NA,NA,NA,NA,NA,NA,NA,NA,NA,NA,NA,NA,NA,NA,NA,NA,NA,NA,NA,NA,iPe3f6c3592a7a76b5,NA,NA,C,FALSE,FALSE,FALSE,FALSE,FALSE,FALSE,FALSE,0,3,0,13.316666666666666,0,0,1,1,0,0,1,NA,NA,NA,NA,NA,NA,NA,NA,NA,NA,NA,NA,NA,NA,NA,NA,NA,NA,NA,NA,NA,NA,NA,NA,NA,NA,NA,NA,NA,NA,NA,NA,NA,NA,NA,NA,NA,NA,NA,NA,NA,NA,NA,NA,NA,NA,NA,NA,NA,NA,NA,NA,NA,NA,NA,NA,NA,NA,NA,NA,NA,NA,NA,NA,NA,NA,NA,NA,NA,NA,NA,NA,NA,NA,NA,NA,NA,NA,NA,NA,NA,NA,NA,NA,NA,NA,NA,NA,NA,NA,NA,NA,NA,NA,NA,NA,NA,NA,NA,NA,NA,NA,NA,NA,NA,NA,NA,NA,224,22,246,0,TRUE,TRUE,TRUE,FALSE,FALSE,FALSE,NA,NA,NA,NA,NA,NA,NA,NA,NA,NA,NA,NA,NA,NA,NA,NA,NA,NA,NA,NA,NA,NA,NA,NA,NA,NA,NA,NA,NA,NA,NA,NA,NA,NA,NA,NA,TRUE,TRUE,No controls
7,992,0,R_50Umkt38fJ1VoM5,NA,NA,NA,NA,NA,NA,NA,NA,NA,NA,NA,NA,NA,NA,NA,NA,NA,NA,NA,NA,NA,NA,NA,NA,NA,NA,NA,NA,NA,NA,NA,NA,NA,NA,NA,NA,NA,NA,NA,NA,NA,NA,NA,NA,NA,NA,NA,NA,NA,NA,NA,NA,NA,NA,NA,NA,NA,NA,NA,NA,NA,NA,NA,NA,NA,NA,NA,NA,NA,NA,NA,NA,NA,NA,NA,NA,NA,NA,NA,NA,NA,NA,NA,NA,NA,NA,NA,NA,NA,NA,NA,NA,NA,NA,NA,NA,NA,NA,NA,NA,NA,NA,NA,NA,NA,NA,NA,NA,NA,NA,NA,NA,NA,NA,NA,NA,NA,NA,NA,NA,NA,NA,NA,NA,NA,NA,NA,NA,NA,NA,NA,NA,NA,NA,NA,NA,NA,NA,NA,NA,NA,NA,NA,NA,NA,NA,NA,NA,NA,NA,NA,NA,NA,NA,NA,NA,NA,NA,NA,NA,NA,NA,NA,NA,NA,NA,NA,NA,NA,NA,NA,NA,NA,NA,NA,NA,NA,NA,NA,NA,NA,NA,NA,iP154921bc7cac6edf,NA,NA,C,FALSE,FALSE,FALSE,FALSE,FALSE,FALSE,FALSE,0,3,0,16.533333333333335,0,0,1,1,0,0,1,NA,NA,NA,NA,NA,NA,NA,NA,NA,NA,NA,NA,NA,NA,NA,NA,NA,NA,NA,NA,NA,NA,NA,NA,NA,NA,NA,NA,NA,NA,NA,NA,NA,NA,NA,NA,NA,NA,NA,NA,NA,NA,NA,NA,NA,NA,NA,NA,NA,NA,NA,NA,NA,NA,NA,NA,NA,NA,NA,NA,NA,NA,NA,NA,NA,NA,NA,NA,NA,NA,NA,NA,NA,NA,NA,NA,NA,NA,NA,NA,NA,NA,NA,NA,NA,NA,NA,NA,NA,NA,NA,NA,NA,NA,NA,NA,NA,NA,NA,NA,NA,NA,NA,NA,NA,NA,NA,NA,224,22,246,0,TRUE,TRUE,TRUE,FALSE,FALSE,FALSE,NA,NA,NA,NA,NA,NA,NA,NA,NA,NA,NA,NA,NA,NA,NA,NA,NA,NA,NA,NA,NA,NA,NA,NA,NA,NA,NA,NA,NA,NA,NA,NA,NA,NA,NA,NA,TRUE,TRUE,No controls
7,829,0,R_6zwl7Ef2JDev2dr,NA,NA,NA,NA,NA,NA,NA,NA,NA,NA,NA,NA,NA,NA,NA,NA,NA,NA,NA,NA,NA,NA,NA,NA,NA,NA,NA,NA,NA,NA,NA,NA,NA,NA,NA,NA,NA,NA,NA,NA,NA,NA,NA,NA,NA,NA,NA,NA,NA,NA,NA,NA,NA,NA,NA,NA,NA,NA,NA,NA,NA,NA,NA,NA,NA,NA,NA,NA,NA,NA,NA,NA,NA,NA,NA,NA,NA,NA,NA,NA,NA,NA,NA,NA,NA,NA,NA,NA,NA,NA,NA,NA,NA,NA,NA,NA,NA,NA,NA,NA,NA,NA,NA,NA,NA,NA,NA,NA,NA,NA,NA,NA,NA,NA,NA,NA,NA,NA,NA,NA,NA,NA,NA,NA,NA,NA,NA,NA,NA,NA,NA,NA,NA,NA,NA,NA,NA,NA,NA,NA,NA,NA,NA,NA,NA,NA,NA,NA,NA,NA,NA,NA,NA,NA,NA,NA,NA,NA,NA,NA,NA,NA,NA,NA,NA,NA,NA,NA,NA,NA,NA,NA,NA,NA,NA,NA,NA,NA,NA,NA,NA,NA,NA,iPc7ac0baa7e477b64,NA,NA,C,FALSE,FALSE,FALSE,FALSE,FALSE,FALSE,FALSE,0,3,0,13.816666666666666,0,0,1,1,0,0,1,NA,NA,NA,NA,NA,NA,NA,NA,NA,NA,NA,NA,NA,NA,NA,NA,NA,NA,NA,NA,NA,NA,NA,NA,NA,NA,NA,NA,NA,NA,NA,NA,NA,NA,NA,NA,NA,NA,NA,NA,NA,NA,NA,NA,NA,NA,NA,NA,NA,NA,NA,NA,NA,NA,NA,NA,NA,NA,NA,NA,NA,NA,NA,NA,NA,NA,NA,NA,NA,NA,NA,NA,NA,NA,NA,NA,NA,NA,NA,NA,NA,NA,NA,NA,NA,NA,NA,NA,NA,NA,NA,NA,NA,NA,NA,NA,NA,NA,NA,NA,NA,NA,NA,NA,NA,NA,NA,NA,224,22,246,0,TRUE,TRUE,TRUE,FALSE,FALSE,FALSE,NA,NA,NA,NA,NA,NA,NA,NA,NA,NA,NA,NA,NA,NA,NA,NA,NA,NA,NA,NA,NA,NA,NA,NA,NA,NA,NA,NA,NA,NA,NA,NA,NA,NA,NA,NA,TRUE,TRUE,No controls
7,6435,0,R_5rKznU20WPDoxtT,NA,NA,NA,NA,NA,NA,NA,NA,NA,NA,NA,NA,NA,NA,NA,NA,NA,NA,NA,NA,NA,NA,NA,NA,NA,NA,NA,NA,NA,NA,NA,NA,NA,NA,NA,NA,NA,NA,NA,NA,NA,NA,NA,NA,NA,NA,NA,NA,NA,NA,NA,NA,NA,NA,NA,NA,NA,NA,NA,NA,NA,NA,NA,NA,NA,NA,NA,NA,NA,NA,NA,NA,NA,NA,NA,NA,NA,NA,NA,NA,NA,NA,NA,NA,NA,NA,NA,NA,NA,NA,NA,NA,NA,NA,NA,NA,NA,NA,NA,NA,NA,NA,NA,NA,NA,NA,NA,NA,NA,NA,NA,NA,NA,NA,NA,NA,NA,NA,NA,NA,NA,NA,NA,NA,NA,NA,NA,NA,NA,NA,NA,NA,NA,NA,NA,NA,NA,NA,NA,NA,NA,NA,NA,NA,NA,NA,NA,NA,NA,NA,NA,NA,NA,NA,NA,NA,NA,NA,NA,NA,NA,NA,NA,NA,NA,NA,NA,NA,NA,NA,NA,NA,NA,NA,NA,NA,NA,NA,NA,NA,NA,NA,NA,iPb796842841c69ddf,NA,NA,C,FALSE,FALSE,FALSE,FALSE,FALSE,FALSE,FALSE,0,3,0,107.25,0,0,0,0,1,0,1,NA,NA,NA,NA,NA,NA,NA,NA,NA,NA,NA,NA,NA,NA,NA,NA,NA,NA,NA,NA,NA,NA,NA,NA,NA,NA,NA,NA,NA,NA,NA,NA,NA,NA,NA,NA,NA,NA,NA,NA,NA,NA,NA,NA,NA,NA,NA,NA,NA,NA,NA,NA,NA,NA,NA,NA,NA,NA,NA,NA,NA,NA,NA,NA,NA,NA,NA,NA,NA,NA,NA,NA,NA,NA,NA,NA,NA,NA,NA,NA,NA,NA,NA,NA,NA,NA,NA,NA,NA,NA,NA,NA,NA,NA,NA,NA,NA,NA,NA,NA,NA,NA,NA,NA,NA,NA,NA,NA,224,22,246,0,TRUE,TRUE,TRUE,FALSE,FALSE,FALSE,NA,NA,NA,NA,NA,NA,NA,NA,NA,NA,NA,NA,NA,NA,NA,NA,NA,NA,NA,NA,NA,NA,NA,NA,NA,NA,NA,NA,NA,NA,NA,NA,NA,NA,NA,NA,TRUE,TRUE,No controls
11,3106,0,R_5oXzbqWFpSdijQf,0,0,1,0,1,0,0,1,0,0,0,1,0,1,0,1,1,0,0,1,0,0,0,1,0,1,0,0,0,1,0,0,1,NA,NA,NA,NA,NA,NA,NA,NA,NA,NA,NA,NA,NA,NA,NA,NA,NA,NA,NA,NA,NA,NA,NA,NA,NA,NA,NA,NA,NA,NA,NA,NA,NA,NA,NA,NA,NA,NA,NA,NA,NA,NA,NA,NA,NA,NA,NA,NA,NA,NA,NA,NA,NA,NA,NA,NA,NA,NA,NA,NA,NA,NA,NA,NA,NA,NA,NA,NA,NA,NA,NA,NA,NA,NA,NA,NA,NA,NA,NA,NA,NA,NA,NA,NA,NA,NA,NA,NA,NA,NA,NA,NA,NA,NA,NA,NA,NA,NA,NA,NA,NA,NA,NA,NA,NA,NA,NA,NA,NA,NA,NA,NA,NA,NA,NA,NA,NA,NA,NA,NA,NA,NA,NA,NA,NA,NA,NA,NA,NA,NA,NA,NA,NA,NA,NA,NA,NA,NA,NA,NA,NA,NA,NA,NA,NA,NA,NA,NA,NA,NA,iP2b541fe6eb122ad7,NA,NA,B,FALSE,FALSE,FALSE,FALSE,FALSE,FALSE,FALSE,0,3,0,51.766666666666666,0,0,0,0,0,0,1,62,10,68,77,16,9,100,67,65,3,14,75,0,93,70,78,0,0,64,100,0,62,20,99,0,0,86,98,0,8,17,0,0,0,0,67,0,0,0,0,0,81,NA,NA,NA,NA,NA,NA,NA,NA,NA,NA,NA,NA,NA,NA,NA,NA,NA,NA,NA,NA,NA,NA,NA,0,17,23,28,50,0,22,27,66,74,0,18,69,75,77,61,77,77,73,61,15,NA,NA,NA,NA,NA,NA,NA,NA,NA,NA,NA,NA,NA,NA,NA,NA,NA,NA,NA,NA,NA,NA,149,0,149,0,TRUE,TRUE,TRUE,FALSE,FALSE,FALSE,0,0,1,0,0,NA,NA,NA,NA,NA,NA,50.55555555555556,-0.8395792194334342,NA,NA,NA,NA,NA,NA,NA,NA,NA,NA,NA,NA,NA,NA,NA,NA,NA,NA,NA,NA,NA,NA,NA,TRUE,TRUE,No controls
28,634,0,R_5fs2P7PSLn5DPkZ,NA,1,0,NA,0,1,0,1,0,0,1,0,0,1,0,0,0,1,0,1,0,0,1,0,0,1,0,0,1,0,0,0,1,Never,Never,Never,4,2,2,2,2,2,8,8,9,9,9,4,5,3,3,3,2,3,Purple,2,2,2,NA,NA,NA,NA,NA,NA,NA,NA,NA,NA,NA,NA,NA,NA,NA,NA,NA,NA,NA,NA,NA,NA,NA,NA,NA,NA,NA,NA,NA,NA,NA,NA,NA,NA,NA,NA,NA,NA,NA,NA,NA,NA,NA,NA,NA,NA,NA,NA,NA,NA,NA,NA,NA,NA,NA,NA,NA,NA,NA,NA,NA,NA,NA,NA,NA,NA,NA,NA,NA,NA,NA,NA,NA,NA,NA,NA,NA,NA,NA,NA,NA,NA,NA,NA,NA,NA,NA,NA,NA,NA,NA,NA,NA,NA,NA,NA,NA,NA,NA,NA,NA,NA,NA,NA,NA,NA,NA,NA,NA,NA,NA,NA,NA,NA,NA,NA,NA,NA,NA,NA,NA,NA,NA,NA,NA,iP412c0f956c550016,NA,NA,A,TRUE,FALSE,TRUE,FALSE,TRUE,TRUE,FALSE,2,1,2,10.566666666666666,0,1,1,1,0,0,1,NA,NA,NA,NA,NA,40,50,NA,80,50,NA,NA,50,NA,NA,NA,NA,NA,NA,NA,NA,50,NA,80,NA,NA,NA,50,20,NA,NA,NA,NA,NA,20,50,20,10,10,20,NA,NA,20,NA,NA,30,NA,20,NA,50,NA,NA,NA,20,70,50,50,40,NA,NA,50,NA,NA,NA,NA,NA,NA,NA,NA,NA,NA,NA,NA,NA,NA,NA,NA,NA,NA,NA,NA,NA,NA,NA,NA,NA,NA,NA,NA,NA,NA,NA,NA,NA,NA,NA,NA,NA,NA,NA,NA,NA,NA,NA,NA,NA,NA,NA,151,13,164,0,TRUE,FALSE,TRUE,FALSE,FALSE,FALSE,1,NA,NA,1,NA,NA,NA,NA,NA,NA,NA,NA,NA,4,4,Neutral (4),2.5,3,2.75,3,NA,NA,NA,NA,NA,NA,NA,NA,NA,NA,NA,3,3,4,4,4,TRUE,TRUE,No controls
73,2736,0,R_2eQ0JdQNv6V7OXN,0,0,1,0,0,1,0,1,0,0,0,1,0,0,1,0,0,1,1,1,0,0,0,1,0,1,0,0,0,1,0,0,1,Never,Never,Rarely,4,1,2,2,2,2,8,7,9,9,9,3,3,2,3,3,2,3,purple,2,1,2,3,3,2,6,1,2,1,2,1,2,1,1,2,1,3,4,3,2,5,5,4,2,1,1,1,3,1,2,2,2,2,2,2,2,2,1,2,2,2,2,2,2,2,3,1,1,3,2,4,4,3,5,5,2,3,3,3,3,3,2,2,3,NA,2,3,2,2,2,3,2,3,NA,NA,NA,NA,NA,NA,NA,NA,NA,NA,NA,NA,NA,NA,NA,NA,NA,NA,NA,NA,NA,NA,NA,NA,NA,NA,NA,NA,NA,NA,NA,NA,NA,NA,NA,NA,NA,NA,NA,NA,NA,NA,NA,NA,NA,NA,NA,NA,NA,NA,NA,NA,NA,NA,iPdaf613fdc84554e6,NA,NA,C,TRUE,FALSE,TRUE,FALSE,TRUE,TRUE,FALSE,2,1,2,45.6,0,0,0,0,0,0,1,90,95,90,90,90,90,65,90,80,60,25,10,70,70,60,95,100,85,85,95,75,96,95,100,30,40,85,80,20,85,80,95,65,53,75,90,55,90,10,20,88,88,NA,NA,NA,NA,NA,NA,NA,NA,NA,NA,NA,NA,NA,NA,NA,NA,NA,NA,NA,NA,NA,NA,NA,NA,NA,NA,NA,NA,NA,NA,NA,NA,NA,NA,NA,NA,NA,NA,NA,NA,NA,NA,NA,NA,90,90,76,87,90,100,100,90,95,10,90,0,60,95,60,90,94,60,90,90,90,70,54,0,54,0,TRUE,FALSE,TRUE,FALSE,FALSE,FALSE,0,0,1,0,0,NA,NA,NA,NA,NA,NA,77.77777777777777,0.5812489814774942,3,5,Punish (5),2,3,2.5,2.75,1,3,1,3,3,1,3,3,4,4,4,3,2,4,4,4,FALSE,TRUE,Some controls missing
7,17940,0,R_6c0CRybSrQaa69b,NA,NA,NA,NA,NA,NA,NA,NA,NA,NA,NA,NA,NA,NA,NA,NA,NA,NA,NA,NA,NA,NA,NA,NA,NA,NA,NA,NA,NA,NA,NA,NA,NA,NA,NA,NA,NA,NA,NA,NA,NA,NA,NA,NA,NA,NA,NA,NA,NA,NA,NA,NA,NA,NA,NA,NA,NA,NA,NA,NA,NA,NA,NA,NA,NA,NA,NA,NA,NA,NA,NA,NA,NA,NA,NA,NA,NA,NA,NA,NA,NA,NA,NA,NA,NA,NA,NA,NA,NA,NA,NA,NA,NA,NA,NA,NA,NA,NA,NA,NA,NA,NA,NA,NA,NA,NA,NA,NA,NA,NA,NA,NA,NA,NA,NA,NA,NA,NA,NA,NA,NA,NA,NA,NA,NA,NA,NA,NA,NA,NA,NA,NA,NA,NA,NA,NA,NA,NA,NA,NA,NA,NA,NA,NA,NA,NA,NA,NA,NA,NA,NA,NA,NA,NA,NA,NA,NA,NA,NA,NA,NA,NA,NA,NA,NA,NA,NA,NA,NA,NA,NA,NA,NA,NA,NA,NA,NA,NA,NA,NA,NA,NA,NA,iP2ca9f9c66eb0da65,NA,NA,C,FALSE,FALSE,FALSE,FALSE,FALSE,FALSE,FALSE,0,3,0,299,0,0,0,0,1,1,1,NA,NA,NA,NA,NA,NA,NA,NA,NA,NA,NA,NA,NA,NA,NA,NA,NA,NA,NA,NA,NA,NA,NA,NA,NA,NA,NA,NA,NA,NA,NA,NA,NA,NA,NA,NA,NA,NA,NA,NA,NA,NA,NA,NA,NA,NA,NA,NA,NA,NA,NA,NA,NA,NA,NA,NA,NA,NA,NA,NA,NA,NA,NA,NA,NA,NA,NA,NA,NA,NA,NA,NA,NA,NA,NA,NA,NA,NA,NA,NA,NA,NA,NA,NA,NA,NA,NA,NA,NA,NA,NA,NA,NA,NA,NA,NA,NA,NA,NA,NA,NA,NA,NA,NA,NA,NA,NA,NA,224,22,246,0,TRUE,TRUE,TRUE,FALSE,FALSE,FALSE,NA,NA,NA,NA,NA,NA,NA,NA,NA,NA,NA,NA,NA,NA,NA,NA,NA,NA,NA,NA,NA,NA,NA,NA,NA,NA,NA,NA,NA,NA,NA,NA,NA,NA,NA,NA,TRUE,TRUE,No controls
7,630,0,R_6H16t9leS2Z8RcY,NA,NA,NA,NA,NA,NA,NA,NA,NA,NA,NA,NA,NA,NA,NA,NA,NA,NA,NA,NA,NA,NA,NA,NA,NA,NA,NA,NA,NA,NA,NA,NA,NA,NA,NA,NA,NA,NA,NA,NA,NA,NA,NA,NA,NA,NA,NA,NA,NA,NA,NA,NA,NA,NA,NA,NA,NA,NA,NA,NA,NA,NA,NA,NA,NA,NA,NA,NA,NA,NA,NA,NA,NA,NA,NA,NA,NA,NA,NA,NA,NA,NA,NA,NA,NA,NA,NA,NA,NA,NA,NA,NA,NA,NA,NA,NA,NA,NA,NA,NA,NA,NA,NA,NA,NA,NA,NA,NA,NA,NA,NA,NA,NA,NA,NA,NA,NA,NA,NA,NA,NA,NA,NA,NA,NA,NA,NA,NA,NA,NA,NA,NA,NA,NA,NA,NA,NA,NA,NA,NA,NA,NA,NA,NA,NA,NA,NA,NA,NA,NA,NA,NA,NA,NA,NA,NA,NA,NA,NA,NA,NA,NA,NA,NA,NA,NA,NA,NA,NA,NA,NA,NA,NA,NA,NA,NA,NA,NA,NA,NA,NA,NA,NA,iP3763671a7cfabc1a,NA,NA,C,FALSE,FALSE,FALSE,FALSE,FALSE,FALSE,FALSE,0,3,0,10.5,0,1,1,1,0,0,1,NA,NA,NA,NA,NA,NA,NA,NA,NA,NA,NA,NA,NA,NA,NA,NA,NA,NA,NA,NA,NA,NA,NA,NA,NA,NA,NA,NA,NA,NA,NA,NA,NA,NA,NA,NA,NA,NA,NA,NA,NA,NA,NA,NA,NA,NA,NA,NA,NA,NA,NA,NA,NA,NA,NA,NA,NA,NA,NA,NA,NA,NA,NA,NA,NA,NA,NA,NA,NA,NA,NA,NA,NA,NA,NA,NA,NA,NA,NA,NA,NA,NA,NA,NA,NA,NA,NA,NA,NA,NA,NA,NA,NA,NA,NA,NA,NA,NA,NA,NA,NA,NA,NA,NA,NA,NA,NA,NA,224,22,246,0,TRUE,TRUE,TRUE,FALSE,FALSE,FALSE,NA,NA,NA,NA,NA,NA,NA,NA,NA,NA,NA,NA,NA,NA,NA,NA,NA,NA,NA,NA,NA,NA,NA,NA,NA,NA,NA,NA,NA,NA,NA,NA,NA,NA,NA,NA,TRUE,TRUE,No controls
7,911,0,R_5qkwLBY6O5x0zAN,NA,NA,NA,NA,NA,NA,NA,NA,NA,NA,NA,NA,NA,NA,NA,NA,NA,NA,NA,NA,NA,NA,NA,NA,NA,NA,NA,NA,NA,NA,NA,NA,NA,NA,NA,NA,NA,NA,NA,NA,NA,NA,NA,NA,NA,NA,NA,NA,NA,NA,NA,NA,NA,NA,NA,NA,NA,NA,NA,NA,NA,NA,NA,NA,NA,NA,NA,NA,NA,NA,NA,NA,NA,NA,NA,NA,NA,NA,NA,NA,NA,NA,NA,NA,NA,NA,NA,NA,NA,NA,NA,NA,NA,NA,NA,NA,NA,NA,NA,NA,NA,NA,NA,NA,NA,NA,NA,NA,NA,NA,NA,NA,NA,NA,NA,NA,NA,NA,NA,NA,NA,NA,NA,NA,NA,NA,NA,NA,NA,NA,NA,NA,NA,NA,NA,NA,NA,NA,NA,NA,NA,NA,NA,NA,NA,NA,NA,NA,NA,NA,NA,NA,NA,NA,NA,NA,NA,NA,NA,NA,NA,NA,NA,NA,NA,NA,NA,NA,NA,NA,NA,NA,NA,NA,NA,NA,NA,NA,NA,NA,NA,NA,NA,iPb49a69164fd521d0,NA,NA,C,FALSE,FALSE,FALSE,FALSE,FALSE,FALSE,FALSE,0,3,0,15.183333333333334,0,0,1,1,0,0,1,NA,NA,NA,NA,NA,NA,NA,NA,NA,NA,NA,NA,NA,NA,NA,NA,NA,NA,NA,NA,NA,NA,NA,NA,NA,NA,NA,NA,NA,NA,NA,NA,NA,NA,NA,NA,NA,NA,NA,NA,NA,NA,NA,NA,NA,NA,NA,NA,NA,NA,NA,NA,NA,NA,NA,NA,NA,NA,NA,NA,NA,NA,NA,NA,NA,NA,NA,NA,NA,NA,NA,NA,NA,NA,NA,NA,NA,NA,NA,NA,NA,NA,NA,NA,NA,NA,NA,NA,NA,NA,NA,NA,NA,NA,NA,NA,NA,NA,NA,NA,NA,NA,NA,NA,NA,NA,NA,NA,224,22,246,0,TRUE,TRUE,TRUE,FALSE,FALSE,FALSE,NA,NA,NA,NA,NA,NA,NA,NA,NA,NA,NA,NA,NA,NA,NA,NA,NA,NA,NA,NA,NA,NA,NA,NA,NA,NA,NA,NA,NA,NA,NA,NA,NA,NA,NA,NA,TRUE,TRUE,No controls
7,1407,0,R_6uD7DUA1La6Fqcd,NA,NA,NA,NA,NA,NA,NA,NA,NA,NA,NA,NA,NA,NA,NA,NA,NA,NA,NA,NA,NA,NA,NA,NA,NA,NA,NA,NA,NA,NA,NA,NA,NA,NA,NA,NA,NA,NA,NA,NA,NA,NA,NA,NA,NA,NA,NA,NA,NA,NA,NA,NA,NA,NA,NA,NA,NA,NA,NA,NA,NA,NA,NA,NA,NA,NA,NA,NA,NA,NA,NA,NA,NA,NA,NA,NA,NA,NA,NA,NA,NA,NA,NA,NA,NA,NA,NA,NA,NA,NA,NA,NA,NA,NA,NA,NA,NA,NA,NA,NA,NA,NA,NA,NA,NA,NA,NA,NA,NA,NA,NA,NA,NA,NA,NA,NA,NA,NA,NA,NA,NA,NA,NA,NA,NA,NA,NA,NA,NA,NA,NA,NA,NA,NA,NA,NA,NA,NA,NA,NA,NA,NA,NA,NA,NA,NA,NA,NA,NA,NA,NA,NA,NA,NA,NA,NA,NA,NA,NA,NA,NA,NA,NA,NA,NA,NA,NA,NA,NA,NA,NA,NA,NA,NA,NA,NA,NA,NA,NA,NA,NA,NA,NA,iP9803f855061c373a,NA,NA,C,FALSE,FALSE,FALSE,FALSE,FALSE,FALSE,FALSE,0,3,0,23.45,0,0,0,1,0,0,1,NA,NA,NA,NA,NA,NA,NA,NA,NA,NA,NA,NA,NA,NA,NA,NA,NA,NA,NA,NA,NA,NA,NA,NA,NA,NA,NA,NA,NA,NA,NA,NA,NA,NA,NA,NA,NA,NA,NA,NA,NA,NA,NA,NA,NA,NA,NA,NA,NA,NA,NA,NA,NA,NA,NA,NA,NA,NA,NA,NA,NA,NA,NA,NA,NA,NA,NA,NA,NA,NA,NA,NA,NA,NA,NA,NA,NA,NA,NA,NA,NA,NA,NA,NA,NA,NA,NA,NA,NA,NA,NA,NA,NA,NA,NA,NA,NA,NA,NA,NA,NA,NA,NA,NA,NA,NA,NA,NA,224,22,246,0,TRUE,TRUE,TRUE,FALSE,FALSE,FALSE,NA,NA,NA,NA,NA,NA,NA,NA,NA,NA,NA,NA,NA,NA,NA,NA,NA,NA,NA,NA,NA,NA,NA,NA,NA,NA,NA,NA,NA,NA,NA,NA,NA,NA,NA,NA,TRUE,TRUE,No controls
38,1572,0,R_7wn1XZ8nBbKUV8x,0,0,1,0,0,1,0,0,1,0,0,1,0,0,1,0,0,1,0,0,1,0,0,1,0,0,1,0,0,1,0,0,1,Never,Never,Rarely,4,3,3,3,2,2,10,10,10,10,10,3,1,4,2.5,4,1,2.5,Purple,1,1,1,1,1,1,1,1,1,1,1,2,1,1,2,2,2,1,4,4,4,1,1,1,4,2,2,2,2,2,3,3,3,3,3,3,2,2,2,NA,NA,NA,NA,NA,NA,NA,NA,NA,NA,NA,NA,NA,NA,NA,NA,NA,NA,NA,NA,NA,NA,NA,NA,NA,NA,NA,NA,NA,NA,NA,NA,NA,NA,NA,NA,NA,NA,NA,NA,NA,NA,NA,NA,NA,NA,NA,NA,NA,NA,NA,NA,NA,NA,NA,NA,NA,NA,NA,NA,NA,NA,NA,NA,NA,NA,NA,NA,NA,NA,NA,NA,NA,NA,NA,NA,NA,NA,NA,NA,NA,NA,NA,NA,NA,NA,NA,NA,NA,iP137e6f63c515f905,NA,NA,A,TRUE,FALSE,TRUE,FALSE,TRUE,TRUE,FALSE,2,1,2,26.2,0,0,0,1,0,0,1,100,100,100,100,90,100,80,100,100,90,100,100,90,90,100,100,100,80,80,100,10,100,100,100,10,20,80,100,90,0,100,100,100,100,0,100,60,0,0,0,100,100,100,70,100,90,70,0,100,90,90,100,90,40,90,80,0,10,90,90,0,100,100,90,100,NA,NA,NA,NA,NA,NA,NA,NA,NA,NA,NA,NA,NA,NA,NA,NA,NA,NA,NA,NA,NA,NA,NA,NA,NA,NA,NA,NA,NA,NA,NA,NA,NA,NA,NA,NA,NA,NA,NA,NA,NA,NA,NA,88,0,88,0,TRUE,FALSE,TRUE,FALSE,FALSE,FALSE,0,0,1,0,0,NA,NA,NA,NA,NA,NA,92.22222222222224,1.3351578227771712,3,5,Punish (5),4,4,4,3.25,3,1,3,3,1,1,1,1,1,1,1,5,5,5,5,5,TRUE,TRUE,No controls
7,872,0,R_6Xf3BmBK4oAFE89,NA,NA,NA,NA,NA,NA,NA,NA,NA,NA,NA,NA,NA,NA,NA,NA,NA,NA,NA,NA,NA,NA,NA,NA,NA,NA,NA,NA,NA,NA,NA,NA,NA,NA,NA,NA,NA,NA,NA,NA,NA,NA,NA,NA,NA,NA,NA,NA,NA,NA,NA,NA,NA,NA,NA,NA,NA,NA,NA,NA,NA,NA,NA,NA,NA,NA,NA,NA,NA,NA,NA,NA,NA,NA,NA,NA,NA,NA,NA,NA,NA,NA,NA,NA,NA,NA,NA,NA,NA,NA,NA,NA,NA,NA,NA,NA,NA,NA,NA,NA,NA,NA,NA,NA,NA,NA,NA,NA,NA,NA,NA,NA,NA,NA,NA,NA,NA,NA,NA,NA,NA,NA,NA,NA,NA,NA,NA,NA,NA,NA,NA,NA,NA,NA,NA,NA,NA,NA,NA,NA,NA,NA,NA,NA,NA,NA,NA,NA,NA,NA,NA,NA,NA,NA,NA,NA,NA,NA,NA,NA,NA,NA,NA,NA,NA,NA,NA,NA,NA,NA,NA,NA,NA,NA,NA,NA,NA,NA,NA,NA,NA,NA,NA,iPa213d0ee71cb0b4c,NA,NA,C,FALSE,FALSE,FALSE,FALSE,FALSE,FALSE,FALSE,0,3,0,14.533333333333331,0,0,1,1,0,0,1,NA,NA,NA,NA,NA,NA,NA,NA,NA,NA,NA,NA,NA,NA,NA,NA,NA,NA,NA,NA,NA,NA,NA,NA,NA,NA,NA,NA,NA,NA,NA,NA,NA,NA,NA,NA,NA,NA,NA,NA,NA,NA,NA,NA,NA,NA,NA,NA,NA,NA,NA,NA,NA,NA,NA,NA,NA,NA,NA,NA,NA,NA,NA,NA,NA,NA,NA,NA,NA,NA,NA,NA,NA,NA,NA,NA,NA,NA,NA,NA,NA,NA,NA,NA,NA,NA,NA,NA,NA,NA,NA,NA,NA,NA,NA,NA,NA,NA,NA,NA,NA,NA,NA,NA,NA,NA,NA,NA,224,22,246,0,TRUE,TRUE,TRUE,FALSE,FALSE,FALSE,NA,NA,NA,NA,NA,NA,NA,NA,NA,NA,NA,NA,NA,NA,NA,NA,NA,NA,NA,NA,NA,NA,NA,NA,NA,NA,NA,NA,NA,NA,NA,NA,NA,NA,NA,NA,TRUE,TRUE,No controls
7,4599,0,R_68AN9qcVX03DPax,NA,NA,NA,NA,NA,NA,NA,NA,NA,NA,NA,NA,NA,NA,NA,NA,NA,NA,NA,NA,NA,NA,NA,NA,NA,NA,NA,NA,NA,NA,NA,NA,NA,NA,NA,NA,NA,NA,NA,NA,NA,NA,NA,NA,NA,NA,NA,NA,NA,NA,NA,NA,NA,NA,NA,NA,NA,NA,NA,NA,NA,NA,NA,NA,NA,NA,NA,NA,NA,NA,NA,NA,NA,NA,NA,NA,NA,NA,NA,NA,NA,NA,NA,NA,NA,NA,NA,NA,NA,NA,NA,NA,NA,NA,NA,NA,NA,NA,NA,NA,NA,NA,NA,NA,NA,NA,NA,NA,NA,NA,NA,NA,NA,NA,NA,NA,NA,NA,NA,NA,NA,NA,NA,NA,NA,NA,NA,NA,NA,NA,NA,NA,NA,NA,NA,NA,NA,NA,NA,NA,NA,NA,NA,NA,NA,NA,NA,NA,NA,NA,NA,NA,NA,NA,NA,NA,NA,NA,NA,NA,NA,NA,NA,NA,NA,NA,NA,NA,NA,NA,NA,NA,NA,NA,NA,NA,NA,NA,NA,NA,NA,NA,NA,iPded9115cffec3a61,NA,NA,C,FALSE,FALSE,FALSE,FALSE,FALSE,FALSE,FALSE,0,3,0,76.65,0,0,0,0,1,0,1,NA,NA,NA,NA,NA,NA,NA,NA,NA,NA,NA,NA,NA,NA,NA,NA,NA,NA,NA,NA,NA,NA,NA,NA,NA,NA,NA,NA,NA,NA,NA,NA,NA,NA,NA,NA,NA,NA,NA,NA,NA,NA,NA,NA,NA,NA,NA,NA,NA,NA,NA,NA,NA,NA,NA,NA,NA,NA,NA,NA,NA,NA,NA,NA,NA,NA,NA,NA,NA,NA,NA,NA,NA,NA,NA,NA,NA,NA,NA,NA,NA,NA,NA,NA,NA,NA,NA,NA,NA,NA,NA,NA,NA,NA,NA,NA,NA,NA,NA,NA,NA,NA,NA,NA,NA,NA,NA,NA,224,22,246,0,TRUE,TRUE,TRUE,FALSE,FALSE,FALSE,NA,NA,NA,NA,NA,NA,NA,NA,NA,NA,NA,NA,NA,NA,NA,NA,NA,NA,NA,NA,NA,NA,NA,NA,NA,NA,NA,NA,NA,NA,NA,NA,NA,NA,NA,NA,TRUE,TRUE,No controls
32,4446,0,R_5R3DDdl5HuDpZ6E,NA,NA,1,1,0,0,1,1,0,1,0,0,1,1,0,0,0,1,0,0,1,0,0,1,1,1,0,0,0,1,0,0,1,Never,Sometimes,Frequently,4,1,2,2,1,3,10,10,10,10,10,4,3,2.5,3,2.5,3,2.5,purple,3,1,3,2,6,4,6,-99,6,6,3,2,2,3,3,2,3,3,NA,NA,NA,NA,NA,NA,NA,NA,NA,NA,NA,NA,NA,NA,NA,NA,NA,NA,NA,NA,NA,NA,NA,NA,NA,NA,NA,NA,NA,NA,NA,NA,NA,NA,NA,NA,NA,NA,NA,NA,NA,NA,NA,NA,NA,NA,NA,NA,NA,NA,NA,NA,NA,NA,NA,NA,NA,NA,NA,NA,NA,NA,NA,NA,NA,NA,NA,NA,NA,NA,NA,NA,NA,NA,NA,NA,NA,NA,NA,NA,NA,NA,NA,NA,NA,NA,NA,NA,NA,NA,NA,NA,NA,NA,NA,NA,NA,NA,NA,NA,NA,NA,NA,NA,NA,NA,NA,NA,NA,NA,iP47f0b2ffd0283abb,NA,NA,C,TRUE,FALSE,TRUE,FALSE,TRUE,TRUE,FALSE,2,1,2,74.1,0,0,0,0,1,0,1,95,51,50,50,85,50,0,70,78,0,0,0,73,76,50,78,86,94,88,100,0,100,100,100,0,0,71,35,0,89,50,50,50,53,0,88,16,96,88,0,50,89,NA,NA,NA,NA,NA,NA,NA,NA,NA,NA,NA,NA,NA,NA,NA,NA,NA,NA,NA,NA,NA,NA,NA,NA,NA,NA,NA,NA,NA,NA,NA,NA,NA,NA,NA,NA,NA,NA,NA,NA,NA,NA,NA,NA,78,100,90,50,72,81,100,100,81,86,82,0,0,50,0,78,80,58,65,56,50,50,109,0,109,0,TRUE,FALSE,TRUE,FALSE,FALSE,FALSE,1,NA,1,NA,1,NA,NA,NA,NA,NA,NA,68.11111111111111,0.0767099876846342,4,4,Neutral (4),2,2,2,2.625,2,1,1,2,2,1,2,1.5,1,2.5,1.75,5,5,5,5,5,TRUE,TRUE,No controls
28,1097,0,R_1ufQvBvE4MtWBB7,NA,1,0,1,1,0,1,1,0,0,1,0,0,1,0,0,0,1,0,0,1,0,0,1,1,1,0,0,1,0,0,1,0,Rarely,Never,Rarely,4,1,1,1,1,1,7,6,7,6,7,6,2,3,2,3,2,4,Purple,1,1,1,NA,NA,NA,NA,NA,NA,NA,NA,NA,NA,NA,NA,NA,NA,NA,NA,NA,NA,NA,NA,NA,NA,NA,NA,NA,NA,NA,NA,NA,NA,NA,NA,NA,NA,NA,NA,NA,NA,NA,NA,NA,NA,NA,NA,NA,NA,NA,NA,NA,NA,NA,NA,NA,NA,NA,NA,NA,NA,NA,NA,NA,NA,NA,NA,NA,NA,NA,NA,NA,NA,NA,NA,NA,NA,NA,NA,NA,NA,NA,NA,NA,NA,NA,NA,NA,NA,NA,NA,NA,NA,NA,NA,NA,NA,NA,NA,NA,NA,NA,NA,NA,NA,NA,NA,NA,NA,NA,NA,NA,NA,NA,NA,NA,NA,NA,NA,NA,NA,NA,NA,NA,NA,NA,NA,NA,iPe1b05101f1e3b73d,NA,NA,A,TRUE,FALSE,TRUE,FALSE,TRUE,TRUE,FALSE,2,1,2,18.283333333333335,0,0,1,1,0,0,1,70,50,50,60,80,20,80,50,50,50,50,60,80,70,50,80,70,60,70,60,70,90,60,70,50,70,70,20,20,50,90,50,10,10,60,70,60,70,70,80,50,70,70,50,50,0,40,50,30,50,50,80,50,30,80,60,90,50,70,70,60,90,30,50,50,NA,NA,NA,NA,NA,NA,NA,NA,NA,NA,NA,NA,NA,NA,NA,NA,NA,NA,NA,NA,NA,NA,NA,NA,NA,NA,NA,NA,NA,NA,NA,NA,NA,NA,NA,NA,NA,NA,NA,NA,NA,NA,NA,124,0,124,0,TRUE,FALSE,TRUE,FALSE,FALSE,FALSE,1,NA,NA,1,1,NA,NA,NA,NA,NA,NA,58.888888888888886,-0.4046318109913134,6,2,Rehab (2),3,3,3,3,NA,NA,NA,NA,NA,NA,NA,NA,NA,NA,NA,2,1,2,1,2,TRUE,TRUE,No controls
7,675,0,R_6Me4ZGpJN4IIZJn,NA,NA,NA,NA,NA,NA,NA,NA,NA,NA,NA,NA,NA,NA,NA,NA,NA,NA,NA,NA,NA,NA,NA,NA,NA,NA,NA,NA,NA,NA,NA,NA,NA,NA,NA,NA,NA,NA,NA,NA,NA,NA,NA,NA,NA,NA,NA,NA,NA,NA,NA,NA,NA,NA,NA,NA,NA,NA,NA,NA,NA,NA,NA,NA,NA,NA,NA,NA,NA,NA,NA,NA,NA,NA,NA,NA,NA,NA,NA,NA,NA,NA,NA,NA,NA,NA,NA,NA,NA,NA,NA,NA,NA,NA,NA,NA,NA,NA,NA,NA,NA,NA,NA,NA,NA,NA,NA,NA,NA,NA,NA,NA,NA,NA,NA,NA,NA,NA,NA,NA,NA,NA,NA,NA,NA,NA,NA,NA,NA,NA,NA,NA,NA,NA,NA,NA,NA,NA,NA,NA,NA,NA,NA,NA,NA,NA,NA,NA,NA,NA,NA,NA,NA,NA,NA,NA,NA,NA,NA,NA,NA,NA,NA,NA,NA,NA,NA,NA,NA,NA,NA,NA,NA,NA,NA,NA,NA,NA,NA,NA,NA,NA,NA,iPa82b3410e457511c,NA,NA,C,FALSE,FALSE,FALSE,FALSE,FALSE,FALSE,FALSE,0,3,0,11.25,0,1,1,1,0,0,1,NA,NA,NA,NA,NA,NA,NA,NA,NA,NA,NA,NA,NA,NA,NA,NA,NA,NA,NA,NA,NA,NA,NA,NA,NA,NA,NA,NA,NA,NA,NA,NA,NA,NA,NA,NA,NA,NA,NA,NA,NA,NA,NA,NA,NA,NA,NA,NA,NA,NA,NA,NA,NA,NA,NA,NA,NA,NA,NA,NA,NA,NA,NA,NA,NA,NA,NA,NA,NA,NA,NA,NA,NA,NA,NA,NA,NA,NA,NA,NA,NA,NA,NA,NA,NA,NA,NA,NA,NA,NA,NA,NA,NA,NA,NA,NA,NA,NA,NA,NA,NA,NA,NA,NA,NA,NA,NA,NA,224,22,246,0,TRUE,TRUE,TRUE,FALSE,FALSE,FALSE,NA,NA,NA,NA,NA,NA,NA,NA,NA,NA,NA,NA,NA,NA,NA,NA,NA,NA,NA,NA,NA,NA,NA,NA,NA,NA,NA,NA,NA,NA,NA,NA,NA,NA,NA,NA,TRUE,TRUE,No controls
28,6751,0,R_8V1QcUFhcrapcLS,0,0,1,0,0,1,0,0,1,0,0,1,0,0,1,0,0,1,0,0,1,0,0,1,0,0,1,0,0,1,0,0,1,Never,Never,Never,4,2,1,2,1,2,7,9,10,10,8,5,2,2,3,3,3,2,purple,2,3,3,NA,NA,NA,NA,NA,NA,NA,NA,NA,NA,NA,NA,NA,NA,NA,NA,NA,NA,NA,NA,NA,NA,NA,NA,NA,NA,NA,NA,NA,NA,NA,NA,NA,NA,NA,NA,NA,NA,NA,NA,NA,NA,NA,NA,NA,NA,NA,NA,NA,NA,NA,NA,NA,NA,NA,NA,NA,NA,NA,NA,NA,NA,NA,NA,NA,NA,NA,NA,NA,NA,NA,NA,NA,NA,NA,NA,NA,NA,NA,NA,NA,NA,NA,NA,NA,NA,NA,NA,NA,NA,NA,NA,NA,NA,NA,NA,NA,NA,NA,NA,NA,NA,NA,NA,NA,NA,NA,NA,NA,NA,NA,NA,NA,NA,NA,NA,NA,NA,NA,NA,NA,NA,NA,NA,NA,iPd5853777a6aa3836,NA,NA,B,TRUE,FALSE,TRUE,FALSE,TRUE,TRUE,FALSE,2,1,2,112.51666666666668,0,0,0,0,1,0,1,31,58,64,52,77,43,28,75,62,65,100,100,51,74,43,67,44,70,58,61,66,100,64,66,19,14,36,73,43,21,82,93,94,91,0,64,35,0,35,22,61,99,NA,NA,NA,NA,NA,NA,NA,NA,NA,NA,NA,NA,NA,NA,NA,NA,NA,NA,NA,NA,NA,NA,NA,84,15,61,56,82,42,67,0,62,68,0,50,80,100,62,75,83,93,100,19,74,NA,NA,NA,NA,NA,NA,NA,NA,NA,NA,NA,NA,NA,NA,NA,NA,NA,NA,NA,NA,NA,NA,124,0,124,0,TRUE,FALSE,TRUE,FALSE,FALSE,FALSE,0,0,1,0,0,NA,NA,NA,NA,NA,NA,57.666666666666664,-0.4684240975628245,5,3,Rehab (3),3,2,2.5,2.5,NA,NA,NA,NA,NA,NA,NA,NA,NA,NA,NA,2,4,5,5,3,TRUE,TRUE,No controls
8,17942,0,R_763Ge8wRKUtQhS9,NA,NA,NA,NA,NA,NA,NA,NA,NA,NA,NA,NA,NA,NA,NA,NA,NA,NA,NA,NA,NA,NA,NA,NA,NA,NA,NA,NA,NA,NA,NA,NA,NA,NA,NA,NA,NA,NA,NA,NA,NA,NA,NA,NA,NA,NA,NA,NA,NA,NA,NA,NA,NA,NA,NA,NA,NA,NA,NA,NA,NA,NA,NA,NA,NA,NA,NA,NA,NA,NA,NA,NA,NA,NA,NA,NA,NA,NA,NA,NA,NA,NA,NA,NA,NA,NA,NA,NA,NA,NA,NA,NA,NA,NA,NA,NA,NA,NA,NA,NA,NA,NA,NA,NA,NA,NA,NA,NA,NA,NA,NA,NA,NA,NA,NA,NA,NA,NA,NA,NA,NA,NA,NA,NA,NA,NA,NA,NA,NA,NA,NA,NA,NA,NA,NA,NA,NA,NA,NA,NA,NA,NA,NA,NA,NA,NA,NA,NA,NA,NA,NA,NA,NA,NA,NA,NA,NA,NA,NA,NA,NA,NA,NA,NA,NA,NA,NA,NA,NA,NA,NA,NA,NA,NA,NA,NA,NA,NA,NA,NA,NA,NA,NA,iPb566cd47d2eeb022,NA,NA,A,FALSE,FALSE,FALSE,FALSE,FALSE,FALSE,FALSE,0,3,0,299.03333333333336,0,0,0,0,1,1,1,100,40,50,NA,100,30,50,100,NA,50,NA,50,50,100,100,100,80,NA,100,100,NA,100,50,100,50,40,NA,20,NA,0,90,80,90,50,40,50,NA,50,60,50,60,90,100,90,100,50,50,50,50,NA,50,100,80,100,100,50,100,50,50,100,100,50,70,20,50,NA,NA,NA,NA,NA,NA,NA,NA,NA,NA,NA,NA,NA,NA,NA,NA,NA,NA,NA,NA,NA,NA,NA,NA,NA,NA,NA,NA,NA,NA,NA,NA,NA,NA,NA,NA,NA,NA,NA,NA,NA,NA,NA,190,1,191,0,TRUE,TRUE,TRUE,FALSE,FALSE,FALSE,NA,NA,NA,NA,NA,NA,NA,NA,NA,NA,NA,75,0.4362665119967874,NA,NA,NA,NA,NA,NA,NA,NA,NA,NA,NA,NA,NA,NA,NA,NA,NA,NA,NA,NA,NA,NA,NA,TRUE,TRUE,No controls
7,24245,0,R_1dPWpXsIedGymPG,NA,NA,NA,NA,NA,NA,NA,NA,NA,NA,NA,NA,NA,NA,NA,NA,NA,NA,NA,NA,NA,NA,NA,NA,NA,NA,NA,NA,NA,NA,NA,NA,NA,NA,NA,NA,NA,NA,NA,NA,NA,NA,NA,NA,NA,NA,NA,NA,NA,NA,NA,NA,NA,NA,NA,NA,NA,NA,NA,NA,NA,NA,NA,NA,NA,NA,NA,NA,NA,NA,NA,NA,NA,NA,NA,NA,NA,NA,NA,NA,NA,NA,NA,NA,NA,NA,NA,NA,NA,NA,NA,NA,NA,NA,NA,NA,NA,NA,NA,NA,NA,NA,NA,NA,NA,NA,NA,NA,NA,NA,NA,NA,NA,NA,NA,NA,NA,NA,NA,NA,NA,NA,NA,NA,NA,NA,NA,NA,NA,NA,NA,NA,NA,NA,NA,NA,NA,NA,NA,NA,NA,NA,NA,NA,NA,NA,NA,NA,NA,NA,NA,NA,NA,NA,NA,NA,NA,NA,NA,NA,NA,NA,NA,NA,NA,NA,NA,NA,NA,NA,NA,NA,NA,NA,NA,NA,NA,NA,NA,NA,NA,NA,NA,iP7d036f5bc5ca5632,NA,NA,C,FALSE,FALSE,FALSE,FALSE,FALSE,FALSE,FALSE,0,3,0,404.0833333333333,0,0,0,0,1,1,1,NA,NA,NA,NA,NA,NA,NA,NA,NA,NA,NA,NA,NA,NA,NA,NA,NA,NA,NA,NA,NA,NA,NA,NA,NA,NA,NA,NA,NA,NA,NA,NA,NA,NA,NA,NA,NA,NA,NA,NA,NA,NA,NA,NA,NA,NA,NA,NA,NA,NA,NA,NA,NA,NA,NA,NA,NA,NA,NA,NA,NA,NA,NA,NA,NA,NA,NA,NA,NA,NA,NA,NA,NA,NA,NA,NA,NA,NA,NA,NA,NA,NA,NA,NA,NA,NA,NA,NA,NA,NA,NA,NA,NA,NA,NA,NA,NA,NA,NA,NA,NA,NA,NA,NA,NA,NA,NA,NA,224,22,246,0,TRUE,TRUE,TRUE,FALSE,FALSE,FALSE,NA,NA,NA,NA,NA,NA,NA,NA,NA,NA,NA,NA,NA,NA,NA,NA,NA,NA,NA,NA,NA,NA,NA,NA,NA,NA,NA,NA,NA,NA,NA,NA,NA,NA,NA,NA,TRUE,TRUE,No controls
8,1740,0,R_1oLy8lSt5o9PEkA,NA,NA,NA,NA,NA,NA,NA,NA,NA,NA,NA,NA,NA,NA,NA,NA,NA,NA,NA,NA,NA,NA,NA,NA,NA,NA,NA,NA,NA,NA,NA,NA,NA,NA,NA,NA,NA,NA,NA,NA,NA,NA,NA,NA,NA,NA,NA,NA,NA,NA,NA,NA,NA,NA,NA,NA,NA,NA,NA,NA,NA,NA,NA,NA,NA,NA,NA,NA,NA,NA,NA,NA,NA,NA,NA,NA,NA,NA,NA,NA,NA,NA,NA,NA,NA,NA,NA,NA,NA,NA,NA,NA,NA,NA,NA,NA,NA,NA,NA,NA,NA,NA,NA,NA,NA,NA,NA,NA,NA,NA,NA,NA,NA,NA,NA,NA,NA,NA,NA,NA,NA,NA,NA,NA,NA,NA,NA,NA,NA,NA,NA,NA,NA,NA,NA,NA,NA,NA,NA,NA,NA,NA,NA,NA,NA,NA,NA,NA,NA,NA,NA,NA,NA,NA,NA,NA,NA,NA,NA,NA,NA,NA,NA,NA,NA,NA,NA,NA,NA,NA,NA,NA,NA,NA,NA,NA,NA,NA,NA,NA,NA,NA,NA,iPf38c1141bca1a1c4,NA,NA,A,FALSE,FALSE,FALSE,FALSE,FALSE,FALSE,FALSE,0,3,0,29,0,0,0,1,0,0,1,70,70,70,70,70,70,20,70,70,70,70,50,70,70,70,70,70,70,70,70,70,70,70,70,20,20,70,70,70,70,70,70,70,70,70,70,70,70,70,70,70,70,70,30,70,70,70,70,70,70,70,70,70,70,70,70,70,70,70,70,70,70,70,70,70,NA,NA,NA,NA,NA,NA,NA,NA,NA,NA,NA,NA,NA,NA,NA,NA,NA,NA,NA,NA,NA,NA,NA,NA,NA,NA,NA,NA,NA,NA,NA,NA,NA,NA,NA,NA,NA,NA,NA,NA,NA,NA,NA,182,0,182,0,TRUE,TRUE,TRUE,FALSE,FALSE,FALSE,NA,NA,NA,NA,NA,NA,NA,NA,NA,NA,NA,70,0.1752980669315148,NA,NA,NA,NA,NA,NA,NA,NA,NA,NA,NA,NA,NA,NA,NA,NA,NA,NA,NA,NA,NA,NA,NA,TRUE,TRUE,No controls
10,513,0,R_6qwYuk9Kb8JrJog,NA,NA,NA,NA,NA,NA,NA,NA,NA,NA,NA,NA,NA,NA,NA,NA,NA,NA,NA,NA,NA,NA,NA,NA,NA,NA,NA,NA,NA,NA,NA,NA,NA,NA,NA,NA,NA,NA,NA,NA,NA,NA,NA,NA,NA,NA,NA,NA,NA,NA,NA,NA,NA,NA,NA,NA,NA,NA,NA,NA,NA,NA,NA,NA,NA,NA,NA,NA,NA,NA,NA,NA,NA,NA,NA,NA,NA,NA,NA,NA,NA,NA,NA,NA,NA,NA,NA,NA,NA,NA,NA,NA,NA,NA,NA,NA,NA,NA,NA,NA,NA,NA,NA,NA,NA,NA,NA,NA,NA,NA,NA,NA,NA,NA,NA,NA,NA,NA,NA,NA,NA,NA,NA,NA,NA,NA,NA,NA,NA,NA,NA,NA,NA,NA,NA,NA,NA,NA,NA,NA,NA,NA,NA,NA,NA,NA,NA,NA,NA,NA,NA,NA,NA,NA,NA,NA,NA,NA,NA,NA,NA,NA,NA,NA,NA,NA,NA,NA,NA,NA,NA,NA,NA,NA,NA,NA,NA,NA,NA,NA,NA,NA,NA,iP238890d8e26d6a62,NA,NA,C,FALSE,FALSE,FALSE,FALSE,FALSE,FALSE,FALSE,0,3,0,8.55,0,1,1,1,0,0,1,21,75,70,82,57,80,73,82,11,16,68,84,21,35,24,62,61,14,79,82,1,29,24,86,16,28,89,86,75,68,23,69,12,5,9,24,16,7,10,12,16,83,NA,NA,NA,NA,NA,NA,NA,NA,NA,NA,NA,NA,NA,NA,NA,NA,NA,NA,NA,NA,NA,NA,NA,NA,NA,NA,NA,NA,NA,NA,NA,NA,NA,NA,NA,NA,NA,NA,NA,NA,NA,NA,NA,NA,3,87,24,73,70,95,86,28,76,33,37,10,78,12,5,16,14,67,13,26,22,15,182,0,182,0,TRUE,TRUE,TRUE,FALSE,FALSE,FALSE,NA,NA,NA,NA,NA,NA,NA,NA,NA,NA,NA,58.333333333333336,-0.4336283048874545,NA,NA,NA,NA,NA,NA,NA,NA,NA,NA,NA,NA,NA,NA,NA,NA,NA,NA,NA,NA,NA,NA,NA,TRUE,TRUE,No controls
41,1788,0,R_1cCJbYoGXao4nT0,NA,1,0,NA,1,0,0,1,0,0,1,0,0,1,0,0,1,0,0,1,0,0,1,0,0,1,0,0,1,0,0,0,1,Frequently,Sometimes,Sometimes,4,1,1,1,1,1,8,10,9,10,10,3,5,2.5,3,3,2,3,Purple,1,1,2,2,1,1,1,2,2,2,1,1,1,1,3,1,1,1,1,1,1,1,1,1,4,1,1,1,1,1,1,1,1,1,1,1,2,2,2,NA,NA,NA,NA,NA,NA,NA,NA,NA,NA,NA,NA,NA,NA,NA,NA,NA,NA,NA,NA,NA,NA,NA,NA,NA,NA,NA,NA,NA,NA,NA,NA,NA,NA,NA,NA,NA,NA,NA,NA,NA,NA,NA,NA,NA,NA,NA,NA,NA,NA,NA,NA,NA,NA,NA,NA,NA,NA,NA,NA,NA,NA,NA,NA,NA,NA,NA,NA,NA,NA,NA,NA,NA,NA,NA,NA,NA,NA,NA,NA,NA,NA,NA,NA,NA,NA,NA,NA,NA,iP40d39da27a6ebef4,NA,NA,B,TRUE,FALSE,TRUE,FALSE,TRUE,TRUE,FALSE,2,1,2,29.8,0,0,0,1,0,0,1,92,87,83,96,81,88,79,78,66,80,91,97,79,91,92,79,82,93,71,100,2,99,73,100,77,75,100,73,79,76,88,100,69,99,0,66,77,36,1,0,NA,64,NA,NA,NA,NA,NA,NA,NA,NA,NA,NA,NA,NA,NA,NA,NA,NA,NA,NA,NA,NA,NA,NA,NA,NA,NA,100,95,69,0,81,89,72,72,0,NA,90,84,100,96,95,80,81,82,NA,NA,NA,NA,NA,NA,NA,NA,NA,NA,NA,NA,NA,NA,NA,NA,NA,NA,NA,NA,NA,NA,NA,89,4,93,0,TRUE,FALSE,TRUE,FALSE,FALSE,FALSE,1,NA,NA,1,NA,NA,NA,NA,NA,NA,NA,86.22222222222223,1.0219956886988442,3,5,Punish (5),2.5,3,2.75,2.875,3,3,3,3,2,3,3,3,4,4,4,3,5,4,5,5,TRUE,TRUE,No controls
38,1816,0,R_7HiSIULPAATPzBb,0,0,1,0,1,0,0,1,0,0,1,0,0,1,0,0,0,1,0,1,0,0,0,1,1,0,0,0,1,0,0,0,1,Never,Never,Never,4,1,1,2,1,1,10,8,9,10,10,4,5,2,3,3,2,3,Purple,2,3,2,2,2,2,2,2,2,1,2,1,1,1,1,3,3,1,5,2,3,2,5,4,2,3,3,1,1,1,2,2,2,2,2,2,2,2,2,NA,NA,NA,NA,NA,NA,NA,NA,NA,NA,NA,NA,NA,NA,NA,NA,NA,NA,NA,NA,NA,NA,NA,NA,NA,NA,NA,NA,NA,NA,NA,NA,NA,NA,NA,NA,NA,NA,NA,NA,NA,NA,NA,NA,NA,NA,NA,NA,NA,NA,NA,NA,NA,NA,NA,NA,NA,NA,NA,NA,NA,NA,NA,NA,NA,NA,NA,NA,NA,NA,NA,NA,NA,NA,NA,NA,NA,NA,NA,NA,NA,NA,NA,NA,NA,NA,NA,NA,NA,iPe4366a0c3bdd0a99,NA,NA,C,TRUE,FALSE,TRUE,FALSE,TRUE,TRUE,FALSE,2,1,2,30.266666666666666,0,0,0,0,0,0,1,100,100,100,100,100,100,80,100,100,100,33,33,100,100,100,100,100,100,100,100,100,100,100,100,10,80,100,100,5,100,100,100,100,100,100,100,50,100,80,67,100,100,NA,NA,NA,NA,NA,NA,NA,NA,NA,NA,NA,NA,NA,NA,NA,NA,NA,NA,NA,NA,NA,NA,NA,NA,NA,NA,NA,NA,NA,NA,NA,NA,NA,NA,NA,NA,NA,NA,NA,NA,NA,NA,NA,NA,100,100,100,80,100,100,100,100,100,0,100,1,90,100,80,100,100,100,100,100,100,100,88,0,88,0,TRUE,FALSE,TRUE,FALSE,FALSE,FALSE,0,0,1,0,0,NA,NA,NA,NA,NA,NA,89.44444444444444,1.1901753532964638,4,4,Neutral (4),2.5,3,2.75,2.75,1,3,3,3,3,2,2,2.5,4,2.5,3.25,5,3,4,5,5,TRUE,TRUE,No controls
28,1942,0,R_3rZZ9hQoUf6DXXj,0,0,1,0,0,1,0,1,0,0,1,0,0,1,0,0,0,1,0,0,1,0,0,1,0,0,1,0,1,0,0,0,1,Rarely,Never,Rarely,4,3,3,3,3,3,8,10,10,10,10,2,4,2,3,3,1,2.5,Purple,2,2,2,NA,NA,NA,NA,NA,NA,NA,NA,NA,NA,NA,NA,NA,NA,NA,NA,NA,NA,NA,NA,NA,NA,NA,NA,NA,NA,NA,NA,NA,NA,NA,NA,NA,NA,NA,NA,NA,NA,NA,NA,NA,NA,NA,NA,NA,NA,NA,NA,NA,NA,NA,NA,NA,NA,NA,NA,NA,NA,NA,NA,NA,NA,NA,NA,NA,NA,NA,NA,NA,NA,NA,NA,NA,NA,NA,NA,NA,NA,NA,NA,NA,NA,NA,NA,NA,NA,NA,NA,NA,NA,NA,NA,NA,NA,NA,NA,NA,NA,NA,NA,NA,NA,NA,NA,NA,NA,NA,NA,NA,NA,NA,NA,NA,NA,NA,NA,NA,NA,NA,NA,NA,NA,NA,NA,NA,iP7dfd24b961ddbdec,NA,NA,B,TRUE,FALSE,TRUE,FALSE,TRUE,TRUE,FALSE,2,1,2,32.36666666666667,0,0,0,0,0,0,1,70,75,60,70,60,60,60,60,20,20,40,0,70,60,35,60,70,75,60,81,40,60,60,95,0,40,60,60,70,30,80,60,35,60,0,80,20,0,20,20,61,70,NA,NA,NA,NA,NA,NA,NA,NA,NA,NA,NA,NA,NA,NA,NA,NA,NA,NA,NA,NA,NA,NA,NA,5,60,75,80,70,6,0,55,11,36,0,5,90,90,95,60,80,60,10,60,5,NA,NA,NA,NA,NA,NA,NA,NA,NA,NA,NA,NA,NA,NA,NA,NA,NA,NA,NA,NA,NA,NA,124,0,124,0,TRUE,FALSE,TRUE,FALSE,FALSE,FALSE,0,0,1,0,0,NA,NA,NA,NA,NA,NA,67.33333333333333,0.03611489623003583,2,6,Punish (6),1,4,2.5,2.625,NA,NA,NA,NA,NA,NA,NA,NA,NA,NA,NA,3,5,5,5,5,TRUE,TRUE,No controls
34,1094,0,R_6NDflufQ1n1FvFl,0,0,1,0,0,1,0,0,1,0,0,1,0,0,1,0,0,1,0,0,1,0,0,1,1,0,0,1,0,0,0,0,1,Never,Never,Sometimes,4,3,3,4,2,3,10,10,6,6,8,7,1,1,3,4,1,3,Purple,1,4,1,6,5,3,5,1,4,3,2,2,1,2,1,2,2,1,5,3,1,4,5,1,NA,NA,NA,NA,NA,NA,NA,NA,NA,NA,NA,NA,NA,NA,NA,NA,NA,NA,NA,NA,NA,NA,NA,NA,NA,NA,NA,NA,NA,NA,NA,NA,NA,NA,NA,NA,NA,NA,NA,NA,NA,NA,NA,NA,NA,NA,NA,NA,NA,NA,NA,NA,NA,NA,NA,NA,NA,NA,NA,NA,NA,NA,NA,NA,NA,NA,NA,NA,NA,NA,NA,NA,NA,NA,NA,NA,NA,NA,NA,NA,NA,NA,NA,NA,NA,NA,NA,NA,NA,NA,NA,NA,NA,NA,NA,NA,NA,NA,NA,NA,NA,NA,NA,NA,iP2b89908de3ace8d7,NA,NA,A,TRUE,FALSE,TRUE,FALSE,TRUE,TRUE,FALSE,2,1,2,18.233333333333334,0,0,1,1,0,0,1,100,80,100,100,100,100,NA,100,20,NA,50,90,0,50,20,60,100,80,10,90,100,100,100,0,NA,80,30,NA,0,NA,100,NA,NA,20,100,100,0,100,NA,100,NA,100,NA,NA,100,50,100,100,NA,10,NA,NA,100,10,100,70,NA,20,NA,100,20,80,100,NA,10,NA,NA,NA,NA,NA,NA,NA,NA,NA,NA,NA,NA,NA,NA,NA,NA,NA,NA,NA,NA,NA,NA,NA,NA,NA,NA,NA,NA,NA,NA,NA,NA,NA,NA,NA,NA,NA,NA,NA,NA,NA,NA,NA,112,8,120,0,TRUE,FALSE,TRUE,FALSE,FALSE,FALSE,0,0,1,0,0,NA,NA,NA,NA,NA,NA,51.25,-0.8033336020632575,7,1,Rehab (1),4,4,4,2.75,1,1,3,1,3,1,1,1,1,1,1,5,5,1,1,3,TRUE,TRUE,No controls
7,2526,0,R_1XSF6PRRBs9aL1n,NA,NA,NA,NA,NA,NA,NA,NA,NA,NA,NA,NA,NA,NA,NA,NA,NA,NA,NA,NA,NA,NA,NA,NA,NA,NA,NA,NA,NA,NA,NA,NA,NA,NA,NA,NA,NA,NA,NA,NA,NA,NA,NA,NA,NA,NA,NA,NA,NA,NA,NA,NA,NA,NA,NA,NA,NA,NA,NA,NA,NA,NA,NA,NA,NA,NA,NA,NA,NA,NA,NA,NA,NA,NA,NA,NA,NA,NA,NA,NA,NA,NA,NA,NA,NA,NA,NA,NA,NA,NA,NA,NA,NA,NA,NA,NA,NA,NA,NA,NA,NA,NA,NA,NA,NA,NA,NA,NA,NA,NA,NA,NA,NA,NA,NA,NA,NA,NA,NA,NA,NA,NA,NA,NA,NA,NA,NA,NA,NA,NA,NA,NA,NA,NA,NA,NA,NA,NA,NA,NA,NA,NA,NA,NA,NA,NA,NA,NA,NA,NA,NA,NA,NA,NA,NA,NA,NA,NA,NA,NA,NA,NA,NA,NA,NA,NA,NA,NA,NA,NA,NA,NA,NA,NA,NA,NA,NA,NA,NA,NA,NA,NA,NA,iP5727eb74275d2eea,NA,NA,C,FALSE,FALSE,FALSE,FALSE,FALSE,FALSE,FALSE,0,3,0,42.1,0,0,0,0,0,0,1,NA,NA,NA,NA,NA,NA,NA,NA,NA,NA,NA,NA,NA,NA,NA,NA,NA,NA,NA,NA,NA,NA,NA,NA,NA,NA,NA,NA,NA,NA,NA,NA,NA,NA,NA,NA,NA,NA,NA,NA,NA,NA,NA,NA,NA,NA,NA,NA,NA,NA,NA,NA,NA,NA,NA,NA,NA,NA,NA,NA,NA,NA,NA,NA,NA,NA,NA,NA,NA,NA,NA,NA,NA,NA,NA,NA,NA,NA,NA,NA,NA,NA,NA,NA,NA,NA,NA,NA,NA,NA,NA,NA,NA,NA,NA,NA,NA,NA,NA,NA,NA,NA,NA,NA,NA,NA,NA,NA,224,22,246,0,TRUE,TRUE,TRUE,FALSE,FALSE,FALSE,NA,NA,NA,NA,NA,NA,NA,NA,NA,NA,NA,NA,NA,NA,NA,NA,NA,NA,NA,NA,NA,NA,NA,NA,NA,NA,NA,NA,NA,NA,NA,NA,NA,NA,NA,NA,TRUE,TRUE,No controls
31,618,0,R_1I4dcj0GnAwtPDy,1,NA,0,NA,0,1,0,0,1,0,0,1,1,0,0,0,0,1,0,0,1,0,0,1,1,0,0,1,1,0,0,0,1,Never,Never,Rarely,4,1,1,1,1,1,8,7,10,10,10,3,2,4,4,4,1,3,purple,2,2,2,3,3,3,3,3,3,4,1,1,1,1,1,1,1,NA,NA,NA,NA,NA,NA,NA,NA,NA,NA,NA,NA,NA,NA,NA,NA,NA,NA,NA,NA,NA,NA,NA,NA,NA,NA,NA,NA,NA,NA,NA,NA,NA,NA,NA,NA,NA,NA,NA,NA,NA,NA,NA,NA,NA,NA,NA,NA,NA,NA,NA,NA,NA,NA,NA,NA,NA,NA,NA,NA,NA,NA,NA,NA,NA,NA,NA,NA,NA,NA,NA,NA,NA,NA,NA,NA,NA,NA,NA,NA,NA,NA,NA,NA,NA,NA,NA,NA,NA,NA,NA,NA,NA,NA,NA,NA,NA,NA,NA,NA,NA,NA,NA,NA,NA,NA,NA,NA,NA,NA,NA,iP67a4b93541bda86c,NA,NA,B,TRUE,FALSE,TRUE,FALSE,TRUE,TRUE,FALSE,2,1,2,10.3,0,1,1,1,0,0,1,100,100,100,100,100,100,83,100,100,100,100,100,96,74,100,100,100,75,100,84,100,100,100,100,55,59,100,100,100,100,100,100,100,100,100,88,100,100,100,31,100,100,NA,NA,NA,NA,NA,NA,NA,NA,NA,NA,NA,NA,NA,NA,NA,NA,NA,NA,NA,NA,NA,NA,NA,100,100,100,100,100,71,100,100,100,100,100,100,100,100,100,100,100,100,100,100,100,NA,NA,NA,NA,NA,NA,NA,NA,NA,NA,NA,NA,NA,NA,NA,NA,NA,NA,NA,NA,NA,NA,110,0,110,0,TRUE,FALSE,TRUE,FALSE,FALSE,FALSE,1,1,NA,NA,NA,NA,NA,NA,NA,NA,NA,92.11111111111111,1.3293585239979429,3,5,Punish (5),3,4,3.5,3.75,3,3,3,3,3,3,3,3,4,4,4,3,2,5,5,5,TRUE,TRUE,No controls
8,876,0,R_21L7MBN3rOzwLto,NA,NA,NA,NA,NA,NA,NA,NA,NA,NA,NA,NA,NA,NA,NA,NA,NA,NA,NA,NA,NA,NA,NA,NA,NA,NA,NA,NA,NA,NA,NA,NA,NA,NA,NA,NA,NA,NA,NA,NA,NA,NA,NA,NA,NA,NA,NA,NA,NA,NA,NA,NA,NA,NA,NA,NA,NA,NA,NA,NA,NA,NA,NA,NA,NA,NA,NA,NA,NA,NA,NA,NA,NA,NA,NA,NA,NA,NA,NA,NA,NA,NA,NA,NA,NA,NA,NA,NA,NA,NA,NA,NA,NA,NA,NA,NA,NA,NA,NA,NA,NA,NA,NA,NA,NA,NA,NA,NA,NA,NA,NA,NA,NA,NA,NA,NA,NA,NA,NA,NA,NA,NA,NA,NA,NA,NA,NA,NA,NA,NA,NA,NA,NA,NA,NA,NA,NA,NA,NA,NA,NA,NA,NA,NA,NA,NA,NA,NA,NA,NA,NA,NA,NA,NA,NA,NA,NA,NA,NA,NA,NA,NA,NA,NA,NA,NA,NA,NA,NA,NA,NA,NA,NA,NA,NA,NA,NA,NA,NA,NA,NA,NA,NA,iP347c93bf961a7bf7,NA,NA,B,FALSE,FALSE,FALSE,FALSE,FALSE,FALSE,FALSE,0,3,0,14.6,0,0,1,1,0,0,1,79,84,80,92,75,77,71,77,77,72,NA,100,79,76,88,100,1,79,84,80,92,94,80,77,54,86,85,86,70,100,82,78,90,75,24,85,96,0,100,28,85,74,NA,NA,NA,NA,NA,NA,NA,NA,NA,NA,NA,NA,NA,NA,NA,NA,NA,NA,NA,NA,NA,NA,NA,0,8,79,65,70,33,87,0,30,22,0,82,93,100,95,41,97,86,78,28,86,NA,NA,NA,NA,NA,NA,NA,NA,NA,NA,NA,NA,NA,NA,NA,NA,NA,NA,NA,NA,NA,NA,183,0,183,0,TRUE,TRUE,TRUE,FALSE,FALSE,FALSE,NA,NA,NA,NA,NA,NA,NA,NA,NA,NA,NA,72.88888888888889,0.32607983519144995,NA,NA,NA,NA,NA,NA,NA,NA,NA,NA,NA,NA,NA,NA,NA,NA,NA,NA,NA,NA,NA,NA,NA,TRUE,TRUE,No controls
34,94835,0,R_6tzcybpwFxp4KU9,0,0,1,0,0,1,0,0,1,0,0,1,0,0,1,0,0,1,0,0,1,0,0,1,1,0,0,0,0,1,0,0,1,Rarely,Never,Rarely,4,1,1,2,1,1,8,9,10,10,9,4,2,2,3,3,1,2,Purple,1,2,2,2,3,1,2,1,2,1,1,2,2,1,1,2,1,1,4,4,4,1,1,4,NA,NA,NA,NA,NA,NA,NA,NA,NA,NA,NA,NA,NA,NA,NA,NA,NA,NA,NA,NA,NA,NA,NA,NA,NA,NA,NA,NA,NA,NA,NA,NA,NA,NA,NA,NA,NA,NA,NA,NA,NA,NA,NA,NA,NA,NA,NA,NA,NA,NA,NA,NA,NA,NA,NA,NA,NA,NA,NA,NA,NA,NA,NA,NA,NA,NA,NA,NA,NA,NA,NA,NA,NA,NA,NA,NA,NA,NA,NA,NA,NA,NA,NA,NA,NA,NA,NA,NA,NA,NA,NA,NA,NA,NA,NA,NA,NA,NA,NA,NA,NA,NA,NA,NA,iP5907b4b645553d64,NA,NA,B,TRUE,FALSE,TRUE,FALSE,TRUE,TRUE,FALSE,2,1,2,1580.5833333333333,0,0,0,0,1,1,1,50,89,50,50,50,50,50,65,60,40,75,80,50,75,50,65,70,50,100,70,0,100,50,100,20,25,70,50,25,50,50,60,50,60,0,60,20,0,25,0,50,75,NA,NA,NA,NA,NA,NA,NA,NA,NA,NA,NA,NA,NA,NA,NA,NA,NA,NA,NA,NA,NA,NA,NA,100,0,50,50,50,0,40,0,50,0,0,25,100,100,100,82,100,50,50,50,44,NA,NA,NA,NA,NA,NA,NA,NA,NA,NA,NA,NA,NA,NA,NA,NA,NA,NA,NA,NA,NA,NA,103,0,103,0,TRUE,FALSE,TRUE,FALSE,FALSE,FALSE,0,0,1,0,0,NA,NA,NA,NA,NA,NA,58.333333333333336,-0.4336283048874545,4,4,Neutral (4),3,4,3.5,2.5,3,1,1,3,3,1,3,2,1,4,2.5,3,4,5,5,4,TRUE,TRUE,No controls
38,1032,0,R_1qdhGsAKzWmXSoo,0,0,1,0,1,0,1,1,0,0,0,1,1,1,0,0,0,1,0,0,1,1,0,0,1,1,0,0,1,0,0,0,1,Rarely,Sometimes,Sometimes,4,1,1,1,1,1,10,9,10,10,10,1,2,2.5,3,3,2,4,Purple,2,2,5,2,2,2,2,4,2,2,1,1,3,3,3,1,1,1,3,3,4,3,4,4,3,1,1,1,1,1,1,1,1,1,1,1,2,2,2,NA,NA,NA,NA,NA,NA,NA,NA,NA,NA,NA,NA,NA,NA,NA,NA,NA,NA,NA,NA,NA,NA,NA,NA,NA,NA,NA,NA,NA,NA,NA,NA,NA,NA,NA,NA,NA,NA,NA,NA,NA,NA,NA,NA,NA,NA,NA,NA,NA,NA,NA,NA,NA,NA,NA,NA,NA,NA,NA,NA,NA,NA,NA,NA,NA,NA,NA,NA,NA,NA,NA,NA,NA,NA,NA,NA,NA,NA,NA,NA,NA,NA,NA,NA,NA,NA,NA,NA,NA,iPc72bdafe5e46abf9,NA,NA,B,TRUE,FALSE,TRUE,FALSE,TRUE,TRUE,FALSE,2,1,2,17.2,0,0,1,1,0,0,1,85,80,75,70,50,70,50,75,66,50,66,70,66,67,80,80,74,50,50,80,25,70,95,100,50,50,73,50,50,50,50,50,50,70,50,50,50,35,20,15,50,69,NA,NA,NA,NA,NA,NA,NA,NA,NA,NA,NA,NA,NA,NA,NA,NA,NA,NA,NA,NA,NA,NA,NA,70,50,50,50,30,18,80,0,50,27,0,50,80,93,90,75,75,80,50,50,50,NA,NA,NA,NA,NA,NA,NA,NA,NA,NA,NA,NA,NA,NA,NA,NA,NA,NA,NA,NA,NA,NA,88,0,88,0,TRUE,FALSE,TRUE,FALSE,FALSE,FALSE,0,0,1,0,0,NA,NA,NA,NA,NA,NA,65.55555555555556,-0.05667388423761632,1,7,Punish (7),3,3,3,3.125,3,3,2,2,2,3,3,3,4,4,4,5,4,5,5,5,TRUE,TRUE,No controls
48,851,0,R_3CCQNEeG3SqgMap,NA,1,0,NA,1,0,0,1,0,0,0,1,0,1,0,0,0,1,0,0,1,0,1,0,0,1,0,0,0,1,0,1,0,Sometimes,Sometimes,Rarely,4,2,1,1,1,2,8,10,10,10,10,4,2,3,3,4,2,4,purple,2,2,3,6,2,1,4,2,3,2,1,1,1,3,2,2,1,1,4,4,3,2,2,4,4,2,2,3,2,2,2,2,2,2,2,2,2,2,2,2,2,1,2,2,2,2,2,1,1,2,2,NA,NA,NA,NA,NA,NA,NA,NA,NA,NA,NA,NA,NA,NA,NA,NA,NA,NA,NA,NA,NA,NA,NA,NA,NA,NA,NA,NA,NA,NA,NA,NA,NA,NA,NA,NA,NA,NA,NA,NA,NA,NA,NA,NA,NA,NA,NA,NA,NA,NA,NA,NA,NA,NA,NA,NA,NA,NA,NA,NA,NA,NA,NA,NA,NA,NA,NA,NA,NA,NA,NA,NA,NA,NA,NA,NA,NA,iP626237b530017f25,NA,NA,C,TRUE,FALSE,TRUE,FALSE,TRUE,TRUE,FALSE,2,1,2,14.183333333333334,0,0,1,1,0,0,1,75,72,67,74,62,79,54,80,75,42,84,81,62,75,43,72,65,57,79,83,34,79,79,68,28,55,81,75,73,70,45,61,78,76,59,66,67,42,37,26,82,61,NA,NA,NA,NA,NA,NA,NA,NA,NA,NA,NA,NA,NA,NA,NA,NA,NA,NA,NA,NA,NA,NA,NA,NA,NA,NA,NA,NA,NA,NA,NA,NA,NA,NA,NA,NA,NA,NA,NA,NA,NA,NA,NA,NA,64,56,75,81,64,74,84,72,81,33,71,20,57,46,78,91,79,67,75,70,74,86,76,0,76,0,TRUE,FALSE,TRUE,FALSE,FALSE,FALSE,1,NA,NA,1,NA,NA,NA,NA,NA,NA,NA,71.44444444444444,0.25068895106148237,4,4,Neutral (4),3,3,3,3.5,3,3,3,2,1,1,3,3,4,4,4,3,5,5,5,5,TRUE,TRUE,No controls
8,2120,0,R_6KPgmkBl80X0NpW,NA,NA,NA,NA,NA,NA,NA,NA,NA,NA,NA,NA,NA,NA,NA,NA,NA,NA,NA,NA,NA,NA,NA,NA,NA,NA,NA,NA,NA,NA,NA,NA,NA,NA,NA,NA,NA,NA,NA,NA,NA,NA,NA,NA,NA,NA,NA,NA,NA,NA,NA,NA,NA,NA,NA,NA,NA,NA,NA,NA,NA,NA,NA,NA,NA,NA,NA,NA,NA,NA,NA,NA,NA,NA,NA,NA,NA,NA,NA,NA,NA,NA,NA,NA,NA,NA,NA,NA,NA,NA,NA,NA,NA,NA,NA,NA,NA,NA,NA,NA,NA,NA,NA,NA,NA,NA,NA,NA,NA,NA,NA,NA,NA,NA,NA,NA,NA,NA,NA,NA,NA,NA,NA,NA,NA,NA,NA,NA,NA,NA,NA,NA,NA,NA,NA,NA,NA,NA,NA,NA,NA,NA,NA,NA,NA,NA,NA,NA,NA,NA,NA,NA,NA,NA,NA,NA,NA,NA,NA,NA,NA,NA,NA,NA,NA,NA,NA,NA,NA,NA,NA,NA,NA,NA,NA,NA,NA,NA,NA,NA,NA,NA,NA,iPd9e1a6eb9276b6f6,NA,NA,A,FALSE,FALSE,FALSE,FALSE,FALSE,FALSE,FALSE,0,3,0,35.333333333333336,0,0,0,0,0,0,1,100,90,80,70,0,50,0,100,100,100,50,30,80,90,90,20,100,100,80,100,0,100,100,100,0,0,90,60,10,50,100,70,50,20,50,100,50,80,0,0,80,90,60,0,50,70,50,50,NA,50,60,100,10,70,100,100,70,0,100,100,70,50,50,50,50,NA,NA,NA,NA,NA,NA,NA,NA,NA,NA,NA,NA,NA,NA,NA,NA,NA,NA,NA,NA,NA,NA,NA,NA,NA,NA,NA,NA,NA,NA,NA,NA,NA,NA,NA,NA,NA,NA,NA,NA,NA,NA,NA,182,1,183,0,TRUE,TRUE,TRUE,FALSE,FALSE,FALSE,NA,NA,NA,NA,NA,NA,NA,NA,NA,NA,NA,72.22222222222223,0.29128404251608075,NA,NA,NA,NA,NA,NA,NA,NA,NA,NA,NA,NA,NA,NA,NA,NA,NA,NA,NA,NA,NA,NA,NA,TRUE,TRUE,No controls
38,3523,0,R_3f17PfYSTIr9SsJ,1,1,0,1,1,0,1,1,0,1,1,0,1,1,0,0,1,0,0,1,0,0,1,0,1,1,0,1,1,0,1,1,0,Frequently,Sometimes,Sometimes,4,1,1,1,1,1,8,10,10,10,10,7,5,4,4,4,4,4,purple,2,3,5,6,6,3,2,1,1,1,1,1,1,1,3,1,1,3,5,5,2,5,4,5,4,1,1,1,1,1,1,1,1,1,1,1,2,2,3,NA,NA,NA,NA,NA,NA,NA,NA,NA,NA,NA,NA,NA,NA,NA,NA,NA,NA,NA,NA,NA,NA,NA,NA,NA,NA,NA,NA,NA,NA,NA,NA,NA,NA,NA,NA,NA,NA,NA,NA,NA,NA,NA,NA,NA,NA,NA,NA,NA,NA,NA,NA,NA,NA,NA,NA,NA,NA,NA,NA,NA,NA,NA,NA,NA,NA,NA,NA,NA,NA,NA,NA,NA,NA,NA,NA,NA,NA,NA,NA,NA,NA,NA,NA,NA,NA,NA,NA,NA,iP82bec1c641589f39,NA,NA,B,TRUE,FALSE,TRUE,FALSE,TRUE,TRUE,FALSE,2,1,2,58.71666666666667,0,0,0,0,1,0,1,91,73,92,93,84,93,87,90,73,89,77,82,90,87,78,89,96,86,30,92,57,94,81,100,83,88,91,91,92,63,92,87,90,87,58,81,62,41,48,55,72,75,NA,NA,NA,NA,NA,NA,NA,NA,NA,NA,NA,NA,NA,NA,NA,NA,NA,NA,NA,NA,NA,NA,NA,79,86,85,88,63,31,73,15,87,69,91,77,84,83,91,81,85,85,84,13,41,NA,NA,NA,NA,NA,NA,NA,NA,NA,NA,NA,NA,NA,NA,NA,NA,NA,NA,NA,NA,NA,NA,88,0,88,0,TRUE,FALSE,TRUE,FALSE,FALSE,FALSE,1,1,0,1,1,NA,NA,NA,NA,NA,NA,90.44444444444444,1.2423690423095184,7,1,Rehab (1),2.5,1,1.75,4,3,3,3,3,2,3,3,3,4,4,4,3,5,5,5,5,TRUE,TRUE,No controls
7,7488,0,R_7LRqeppYFojahSL,NA,NA,NA,NA,NA,NA,NA,NA,NA,NA,NA,NA,NA,NA,NA,NA,NA,NA,NA,NA,NA,NA,NA,NA,NA,NA,NA,NA,NA,NA,NA,NA,NA,NA,NA,NA,NA,NA,NA,NA,NA,NA,NA,NA,NA,NA,NA,NA,NA,NA,NA,NA,NA,NA,NA,NA,NA,NA,NA,NA,NA,NA,NA,NA,NA,NA,NA,NA,NA,NA,NA,NA,NA,NA,NA,NA,NA,NA,NA,NA,NA,NA,NA,NA,NA,NA,NA,NA,NA,NA,NA,NA,NA,NA,NA,NA,NA,NA,NA,NA,NA,NA,NA,NA,NA,NA,NA,NA,NA,NA,NA,NA,NA,NA,NA,NA,NA,NA,NA,NA,NA,NA,NA,NA,NA,NA,NA,NA,NA,NA,NA,NA,NA,NA,NA,NA,NA,NA,NA,NA,NA,NA,NA,NA,NA,NA,NA,NA,NA,NA,NA,NA,NA,NA,NA,NA,NA,NA,NA,NA,NA,NA,NA,NA,NA,NA,NA,NA,NA,NA,NA,NA,NA,NA,NA,NA,NA,NA,NA,NA,NA,NA,NA,iP448cddf8b55f887a,NA,NA,B,FALSE,FALSE,FALSE,FALSE,FALSE,FALSE,FALSE,0,3,0,124.8,0,0,0,0,1,0,1,NA,NA,NA,NA,NA,NA,NA,NA,NA,NA,NA,NA,NA,NA,NA,NA,NA,NA,NA,NA,NA,NA,NA,NA,NA,NA,NA,NA,NA,NA,NA,NA,NA,NA,NA,NA,NA,NA,NA,NA,NA,NA,NA,NA,NA,NA,NA,NA,NA,NA,NA,NA,NA,NA,NA,NA,NA,NA,NA,NA,NA,NA,NA,NA,NA,NA,NA,NA,NA,NA,NA,NA,NA,NA,NA,NA,NA,NA,NA,NA,NA,NA,NA,NA,NA,NA,NA,NA,NA,NA,NA,NA,NA,NA,NA,NA,NA,NA,NA,NA,NA,NA,NA,NA,NA,NA,NA,NA,224,21,245,0,TRUE,TRUE,TRUE,FALSE,FALSE,FALSE,NA,NA,NA,NA,NA,NA,NA,NA,NA,NA,NA,NA,NA,NA,NA,NA,NA,NA,NA,NA,NA,NA,NA,NA,NA,NA,NA,NA,NA,NA,NA,NA,NA,NA,NA,NA,TRUE,TRUE,No controls
41,12452,0,R_1VhIfcr8HUL3P8Z,NA,1,0,NA,0,1,0,0,1,0,0,1,0,0,1,0,0,1,0,0,1,0,0,1,1,0,0,0,0,1,0,0,1,Never,Never,Rarely,4,2,2,3,3,2,9,8,9,8,10,3,2,2.5,3,3,5,2.5,Purple,1,3,3,3,3,3,3,5,4,4,2,3,2,1,1,2,3,3,3,1,1,5,3,3,2,1,3,1,1,1,2,3,3,3,2,2,2,2,2,NA,NA,NA,NA,NA,NA,NA,NA,NA,NA,NA,NA,NA,NA,NA,NA,NA,NA,NA,NA,NA,NA,NA,NA,NA,NA,NA,NA,NA,NA,NA,NA,NA,NA,NA,NA,NA,NA,NA,NA,NA,NA,NA,NA,NA,NA,NA,NA,NA,NA,NA,NA,NA,NA,NA,NA,NA,NA,NA,NA,NA,NA,NA,NA,NA,NA,NA,NA,NA,NA,NA,NA,NA,NA,NA,NA,NA,NA,NA,NA,NA,NA,NA,NA,NA,NA,NA,NA,NA,iP6c494c859f89a5e6,NA,NA,B,TRUE,FALSE,TRUE,FALSE,TRUE,TRUE,FALSE,2,1,2,207.53333333333333,0,0,0,0,1,1,1,74,75,70,75,80,69,72,82,73,70,75,66,58,68,72,88,95,67,70,85,62,84,64,89,61,69,87,72,39,61,86,70,71,58,64,93,69,76,72,70,66,62,NA,NA,NA,NA,NA,NA,NA,NA,NA,NA,NA,NA,NA,NA,NA,NA,NA,NA,NA,NA,NA,NA,NA,61,74,83,76,74,68,65,79,63,47,70,64,93,89,100,77,74,68,74,73,61,NA,NA,NA,NA,NA,NA,NA,NA,NA,NA,NA,NA,NA,NA,NA,NA,NA,NA,NA,NA,NA,NA,88,0,88,0,TRUE,FALSE,TRUE,FALSE,FALSE,FALSE,1,NA,NA,1,NA,NA,NA,NA,NA,NA,NA,73.22222222222223,0.34347773152913524,3,5,Punish (5),3,2.5,2.75,2.75,1,2,1,3,3,1,2,2,2.5,2.5,2.5,4,3,4,3,5,TRUE,TRUE,No controls
7,3798,0,R_1tfW3vBqPkCARHH,NA,NA,NA,NA,NA,NA,NA,NA,NA,NA,NA,NA,NA,NA,NA,NA,NA,NA,NA,NA,NA,NA,NA,NA,NA,NA,NA,NA,NA,NA,NA,NA,NA,NA,NA,NA,NA,NA,NA,NA,NA,NA,NA,NA,NA,NA,NA,NA,NA,NA,NA,NA,NA,NA,NA,NA,NA,NA,NA,NA,NA,NA,NA,NA,NA,NA,NA,NA,NA,NA,NA,NA,NA,NA,NA,NA,NA,NA,NA,NA,NA,NA,NA,NA,NA,NA,NA,NA,NA,NA,NA,NA,NA,NA,NA,NA,NA,NA,NA,NA,NA,NA,NA,NA,NA,NA,NA,NA,NA,NA,NA,NA,NA,NA,NA,NA,NA,NA,NA,NA,NA,NA,NA,NA,NA,NA,NA,NA,NA,NA,NA,NA,NA,NA,NA,NA,NA,NA,NA,NA,NA,NA,NA,NA,NA,NA,NA,NA,NA,NA,NA,NA,NA,NA,NA,NA,NA,NA,NA,NA,NA,NA,NA,NA,NA,NA,NA,NA,NA,NA,NA,NA,NA,NA,NA,NA,NA,NA,NA,NA,NA,NA,NA,iP5e3634cab39dcf58,NA,NA,C,FALSE,FALSE,FALSE,FALSE,FALSE,FALSE,FALSE,0,3,0,63.3,0,0,0,0,1,0,1,NA,NA,NA,NA,NA,NA,NA,NA,NA,NA,NA,NA,NA,NA,NA,NA,NA,NA,NA,NA,NA,NA,NA,NA,NA,NA,NA,NA,NA,NA,NA,NA,NA,NA,NA,NA,NA,NA,NA,NA,NA,NA,NA,NA,NA,NA,NA,NA,NA,NA,NA,NA,NA,NA,NA,NA,NA,NA,NA,NA,NA,NA,NA,NA,NA,NA,NA,NA,NA,NA,NA,NA,NA,NA,NA,NA,NA,NA,NA,NA,NA,NA,NA,NA,NA,NA,NA,NA,NA,NA,NA,NA,NA,NA,NA,NA,NA,NA,NA,NA,NA,NA,NA,NA,NA,NA,NA,NA,224,22,246,0,TRUE,TRUE,TRUE,FALSE,FALSE,FALSE,NA,NA,NA,NA,NA,NA,NA,NA,NA,NA,NA,NA,NA,NA,NA,NA,NA,NA,NA,NA,NA,NA,NA,NA,NA,NA,NA,NA,NA,NA,NA,NA,NA,NA,NA,NA,TRUE,TRUE,No controls
8,944,0,R_5cVgDQWmVzqE05r,NA,NA,NA,NA,NA,NA,NA,NA,NA,NA,NA,NA,NA,NA,NA,NA,NA,NA,NA,NA,NA,NA,NA,NA,NA,NA,NA,NA,NA,NA,NA,NA,NA,NA,NA,NA,NA,NA,NA,NA,NA,NA,NA,NA,NA,NA,NA,NA,NA,NA,NA,NA,NA,NA,NA,NA,NA,NA,NA,NA,NA,NA,NA,NA,NA,NA,NA,NA,NA,NA,NA,NA,NA,NA,NA,NA,NA,NA,NA,NA,NA,NA,NA,NA,NA,NA,NA,NA,NA,NA,NA,NA,NA,NA,NA,NA,NA,NA,NA,NA,NA,NA,NA,NA,NA,NA,NA,NA,NA,NA,NA,NA,NA,NA,NA,NA,NA,NA,NA,NA,NA,NA,NA,NA,NA,NA,NA,NA,NA,NA,NA,NA,NA,NA,NA,NA,NA,NA,NA,NA,NA,NA,NA,NA,NA,NA,NA,NA,NA,NA,NA,NA,NA,NA,NA,NA,NA,NA,NA,NA,NA,NA,NA,NA,NA,NA,NA,NA,NA,NA,NA,NA,NA,NA,NA,NA,NA,NA,NA,NA,NA,NA,NA,iPeaac95f4dbf40d10,NA,NA,A,FALSE,FALSE,FALSE,FALSE,FALSE,FALSE,FALSE,0,3,0,15.733333333333333,0,0,1,1,0,0,1,50,NA,50,NA,NA,NA,NA,NA,50,50,50,50,NA,50,50,50,50,NA,50,50,50,NA,NA,50,NA,NA,NA,50,NA,50,60,60,NA,NA,50,50,80,NA,50,50,50,NA,50,50,50,NA,NA,60,50,NA,NA,NA,NA,50,NA,NA,50,50,NA,50,NA,50,50,50,80,NA,NA,NA,NA,NA,NA,NA,NA,NA,NA,NA,NA,NA,NA,NA,NA,NA,NA,NA,NA,NA,NA,NA,NA,NA,NA,NA,NA,NA,NA,NA,NA,NA,NA,NA,NA,NA,NA,NA,NA,NA,NA,NA,200,10,210,0,TRUE,TRUE,TRUE,FALSE,FALSE,FALSE,NA,NA,NA,NA,NA,NA,NA,NA,NA,NA,NA,50,-0.8685757133295756,NA,NA,NA,NA,NA,NA,NA,NA,NA,NA,NA,NA,NA,NA,NA,NA,NA,NA,NA,NA,NA,NA,NA,TRUE,TRUE,No controls
7,2581,0,R_3xGwewdP4XJh5Bv,NA,NA,NA,NA,NA,NA,NA,NA,NA,NA,NA,NA,NA,NA,NA,NA,NA,NA,NA,NA,NA,NA,NA,NA,NA,NA,NA,NA,NA,NA,NA,NA,NA,NA,NA,NA,NA,NA,NA,NA,NA,NA,NA,NA,NA,NA,NA,NA,NA,NA,NA,NA,NA,NA,NA,NA,NA,NA,NA,NA,NA,NA,NA,NA,NA,NA,NA,NA,NA,NA,NA,NA,NA,NA,NA,NA,NA,NA,NA,NA,NA,NA,NA,NA,NA,NA,NA,NA,NA,NA,NA,NA,NA,NA,NA,NA,NA,NA,NA,NA,NA,NA,NA,NA,NA,NA,NA,NA,NA,NA,NA,NA,NA,NA,NA,NA,NA,NA,NA,NA,NA,NA,NA,NA,NA,NA,NA,NA,NA,NA,NA,NA,NA,NA,NA,NA,NA,NA,NA,NA,NA,NA,NA,NA,NA,NA,NA,NA,NA,NA,NA,NA,NA,NA,NA,NA,NA,NA,NA,NA,NA,NA,NA,NA,NA,NA,NA,NA,NA,NA,NA,NA,NA,NA,NA,NA,NA,NA,NA,NA,NA,NA,NA,iP4467153a2affd650,NA,NA,C,FALSE,FALSE,FALSE,FALSE,FALSE,FALSE,FALSE,0,3,0,43.016666666666666,0,0,0,0,0,0,1,NA,NA,NA,NA,NA,NA,NA,NA,NA,NA,NA,NA,NA,NA,NA,NA,NA,NA,NA,NA,NA,NA,NA,NA,NA,NA,NA,NA,NA,NA,NA,NA,NA,NA,NA,NA,NA,NA,NA,NA,NA,NA,NA,NA,NA,NA,NA,NA,NA,NA,NA,NA,NA,NA,NA,NA,NA,NA,NA,NA,NA,NA,NA,NA,NA,NA,NA,NA,NA,NA,NA,NA,NA,NA,NA,NA,NA,NA,NA,NA,NA,NA,NA,NA,NA,NA,NA,NA,NA,NA,NA,NA,NA,NA,NA,NA,NA,NA,NA,NA,NA,NA,NA,NA,NA,NA,NA,NA,224,22,246,0,TRUE,TRUE,TRUE,FALSE,FALSE,FALSE,NA,NA,NA,NA,NA,NA,NA,NA,NA,NA,NA,NA,NA,NA,NA,NA,NA,NA,NA,NA,NA,NA,NA,NA,NA,NA,NA,NA,NA,NA,NA,NA,NA,NA,NA,NA,TRUE,TRUE,No controls
8,688,0,R_17kUTNgTSecWnGF,NA,NA,NA,NA,NA,NA,NA,NA,NA,NA,NA,NA,NA,NA,NA,NA,NA,NA,NA,NA,NA,NA,NA,NA,NA,NA,NA,NA,NA,NA,NA,NA,NA,NA,NA,NA,NA,NA,NA,NA,NA,NA,NA,NA,NA,NA,NA,NA,NA,NA,NA,NA,NA,NA,NA,NA,NA,NA,NA,NA,NA,NA,NA,NA,NA,NA,NA,NA,NA,NA,NA,NA,NA,NA,NA,NA,NA,NA,NA,NA,NA,NA,NA,NA,NA,NA,NA,NA,NA,NA,NA,NA,NA,NA,NA,NA,NA,NA,NA,NA,NA,NA,NA,NA,NA,NA,NA,NA,NA,NA,NA,NA,NA,NA,NA,NA,NA,NA,NA,NA,NA,NA,NA,NA,NA,NA,NA,NA,NA,NA,NA,NA,NA,NA,NA,NA,NA,NA,NA,NA,NA,NA,NA,NA,NA,NA,NA,NA,NA,NA,NA,NA,NA,NA,NA,NA,NA,NA,NA,NA,NA,NA,NA,NA,NA,NA,NA,NA,NA,NA,NA,NA,NA,NA,NA,NA,NA,NA,NA,NA,NA,NA,NA,iP2ac6ca4f0b4e15fe,NA,NA,B,FALSE,FALSE,FALSE,FALSE,FALSE,FALSE,FALSE,0,3,0,11.466666666666669,0,1,1,1,0,0,1,100,100,95,95,95,100,81,100,100,51,54,51,49,94,91,52,83,45,86,51,97,97,100,100,2,80,51,80,52,47,100,100,84,40,16,80,27,3,30,12,55,82,NA,NA,NA,NA,NA,NA,NA,NA,NA,NA,NA,NA,NA,NA,NA,NA,NA,NA,NA,NA,NA,NA,NA,53,47,100,100,80,94,95,19,72,51,0,45,100,100,95,100,100,85,81,47,84,NA,NA,NA,NA,NA,NA,NA,NA,NA,NA,NA,NA,NA,NA,NA,NA,NA,NA,NA,NA,NA,NA,182,0,182,0,TRUE,TRUE,TRUE,FALSE,FALSE,FALSE,NA,NA,NA,NA,NA,NA,NA,NA,NA,NA,NA,61.888888888888886,-0.24805074395214985,NA,NA,NA,NA,NA,NA,NA,NA,NA,NA,NA,NA,NA,NA,NA,NA,NA,NA,NA,NA,NA,NA,NA,TRUE,TRUE,No controls
18,5971,0,R_79c3lAkrXQdeVFg,0,0,1,0,0,1,0,0,1,0,0,1,1,0,0,0,0,1,0,0,1,0,0,1,0,0,1,0,0,1,1,0,0,Rarely,Never,Rarely,4,1,1,1,1,1,NA,NA,NA,NA,NA,NA,NA,NA,NA,NA,NA,NA,NA,NA,NA,NA,NA,NA,NA,NA,NA,NA,NA,NA,NA,NA,NA,NA,NA,NA,NA,NA,NA,NA,NA,NA,NA,NA,NA,NA,NA,NA,NA,NA,NA,NA,NA,NA,NA,NA,NA,NA,NA,NA,NA,NA,NA,NA,NA,NA,NA,NA,NA,NA,NA,NA,NA,NA,NA,NA,NA,NA,NA,NA,NA,NA,NA,NA,NA,NA,NA,NA,NA,NA,NA,NA,NA,NA,NA,NA,NA,NA,NA,NA,NA,NA,NA,NA,NA,NA,NA,NA,NA,NA,NA,NA,NA,NA,NA,NA,NA,NA,NA,NA,NA,NA,NA,NA,NA,NA,NA,NA,NA,NA,NA,NA,NA,NA,NA,NA,NA,NA,NA,NA,NA,NA,NA,NA,NA,NA,NA,iP762faf56a8516d73,NA,NA,B,TRUE,FALSE,FALSE,FALSE,TRUE,FALSE,FALSE,1,2,1,99.51666666666668,0,0,0,0,1,0,1,91,94,91,95,91,92,96,91,93,92,89,93,91,87,92,88,91,92,93,92,95,95,91,92,94,92,92,93,94,93,91,87,92,92,91,94,91,89,95,91,89,89,NA,NA,NA,NA,NA,NA,NA,NA,NA,NA,NA,NA,NA,NA,NA,NA,NA,NA,NA,NA,NA,NA,NA,93,92,91,91,95,90,88,88,89,95,90,91,95,89,94,91,93,88,94,93,92,NA,NA,NA,NA,NA,NA,NA,NA,NA,NA,NA,NA,NA,NA,NA,NA,NA,NA,NA,NA,NA,NA,140,0,140,0,TRUE,TRUE,TRUE,FALSE,FALSE,FALSE,0,0,1,0,0,NA,NA,NA,NA,NA,NA,91.11111111111111,1.2771648349848883,NA,NA,NA,NA,NA,NA,NA,NA,NA,NA,NA,NA,NA,NA,NA,NA,NA,NA,NA,NA,NA,NA,NA,TRUE,TRUE,No controls
23,1130,0,R_6cZeS2HYyt7tNGV,0,0,1,0,0,1,0,0,1,0,0,1,0,0,1,0,0,1,0,0,1,0,0,1,0,0,1,0,0,1,0,0,1,Never,Never,Never,4,2,2,2,1,1,7,9,10,10,9,5,2,2.5,2.5,4,1,2.5,NA,NA,NA,NA,NA,NA,NA,NA,NA,NA,NA,NA,NA,NA,NA,NA,NA,NA,NA,NA,NA,NA,NA,NA,NA,NA,NA,NA,NA,NA,NA,NA,NA,NA,NA,NA,NA,NA,NA,NA,NA,NA,NA,NA,NA,NA,NA,NA,NA,NA,NA,NA,NA,NA,NA,NA,NA,NA,NA,NA,NA,NA,NA,NA,NA,NA,NA,NA,NA,NA,NA,NA,NA,NA,NA,NA,NA,NA,NA,NA,NA,NA,NA,NA,NA,NA,NA,NA,NA,NA,NA,NA,NA,NA,NA,NA,NA,NA,NA,NA,NA,NA,NA,NA,NA,NA,NA,NA,NA,NA,NA,NA,NA,NA,NA,NA,NA,NA,NA,NA,NA,NA,NA,NA,NA,NA,NA,NA,NA,iP5acc6b612efa01ca,NA,NA,A,TRUE,FALSE,FALSE,FALSE,TRUE,FALSE,FALSE,1,2,1,18.833333333333332,0,0,1,1,0,0,1,100,100,100,100,100,100,50,100,100,100,50,100,100,100,50,100,100,100,100,100,100,100,100,100,50,50,100,100,100,100,100,100,100,100,50,100,100,50,50,50,100,100,100,50,100,100,100,100,100,100,100,100,100,100,100,100,100,100,100,100,100,100,100,100,100,NA,NA,NA,NA,NA,NA,NA,NA,NA,NA,NA,NA,NA,NA,NA,NA,NA,NA,NA,NA,NA,NA,NA,NA,NA,NA,NA,NA,NA,NA,NA,NA,NA,NA,NA,NA,NA,NA,NA,NA,NA,NA,NA,128,0,128,0,TRUE,TRUE,TRUE,FALSE,FALSE,FALSE,0,0,1,0,0,NA,NA,NA,NA,NA,NA,100,1.7411087373231504,5,3,Rehab (3),3,4,3.5,2.875,NA,NA,NA,NA,NA,NA,NA,NA,NA,NA,NA,2,4,5,5,4,TRUE,TRUE,No controls
42,67916,0,R_3AQVmGjfi1ZKVqx,0,0,1,0,0,1,0,1,0,0,0,1,1,0,0,0,0,1,0,0,1,0,0,1,1,0,0,0,0,1,0,0,1,Sometimes,Sometimes,Sometimes,4,1,2,2,2,3,8,8,10,10,10,2,2,4,4,4,1,4,Purple,2,1,1,2,1,2,1,1,1,1,1,3,1,1,1,3,1,1,4,4,4,1,3,4,2,1,1,1,1,1,1,1,1,1,2,2,1,2,1,2,2,2,2,1,2,2,2,NA,NA,NA,NA,NA,NA,NA,NA,NA,NA,NA,NA,NA,NA,NA,NA,NA,NA,NA,NA,NA,NA,NA,NA,NA,NA,NA,NA,NA,NA,NA,NA,NA,NA,NA,NA,NA,NA,NA,NA,NA,NA,NA,NA,NA,NA,NA,NA,NA,NA,NA,NA,NA,NA,NA,NA,NA,NA,NA,NA,NA,NA,NA,NA,NA,NA,NA,NA,NA,NA,NA,NA,NA,NA,NA,NA,NA,NA,NA,NA,NA,iP217382d847f1191a,NA,NA,C,TRUE,FALSE,TRUE,FALSE,TRUE,TRUE,FALSE,2,1,2,1131.9333333333334,0,0,0,0,1,1,1,71,71,71,71,71,71,25,85,51,31,14,17,62,78,100,79,100,92,77,100,24,100,100,100,24,13,65,23,42,82,100,22,30,0,77,51,73,73,57,24,82,100,NA,NA,NA,NA,NA,NA,NA,NA,NA,NA,NA,NA,NA,NA,NA,NA,NA,NA,NA,NA,NA,NA,NA,NA,NA,NA,NA,NA,NA,NA,NA,NA,NA,NA,NA,NA,NA,NA,NA,NA,NA,NA,NA,NA,78,100,86,23,100,100,100,83,100,9,91,13,62,63,50,100,93,100,100,50,55,24,80,0,80,0,TRUE,FALSE,TRUE,FALSE,FALSE,FALSE,0,0,1,0,0,NA,NA,NA,NA,NA,NA,71.22222222222223,0.2390903535030262,2,6,Punish (6),3,4,3.5,4,3,2,3,3,3,2,3,2.5,2.5,4,3.25,3,3,5,5,5,TRUE,TRUE,No controls
8,2726,0,R_6cUHWLORnPdcT8n,NA,NA,NA,NA,NA,NA,NA,NA,NA,NA,NA,NA,NA,NA,NA,NA,NA,NA,NA,NA,NA,NA,NA,NA,NA,NA,NA,NA,NA,NA,NA,NA,NA,NA,NA,NA,NA,NA,NA,NA,NA,NA,NA,NA,NA,NA,NA,NA,NA,NA,NA,NA,NA,NA,NA,NA,NA,NA,NA,NA,NA,NA,NA,NA,NA,NA,NA,NA,NA,NA,NA,NA,NA,NA,NA,NA,NA,NA,NA,NA,NA,NA,NA,NA,NA,NA,NA,NA,NA,NA,NA,NA,NA,NA,NA,NA,NA,NA,NA,NA,NA,NA,NA,NA,NA,NA,NA,NA,NA,NA,NA,NA,NA,NA,NA,NA,NA,NA,NA,NA,NA,NA,NA,NA,NA,NA,NA,NA,NA,NA,NA,NA,NA,NA,NA,NA,NA,NA,NA,NA,NA,NA,NA,NA,NA,NA,NA,NA,NA,NA,NA,NA,NA,NA,NA,NA,NA,NA,NA,NA,NA,NA,NA,NA,NA,NA,NA,NA,NA,NA,NA,NA,NA,NA,NA,NA,NA,NA,NA,NA,NA,NA,NA,iP8a604f1403a28cc7,NA,NA,B,FALSE,FALSE,FALSE,FALSE,FALSE,FALSE,FALSE,0,3,0,45.43333333333333,0,0,0,0,0,0,1,96,0,4,30,98,56,85,100,100,1,8,0,50,88,3,94,82,38,100,98,1,100,98,96,14,100,80,2,7,94,100,0,0,4,100,0,100,100,3,47,94,100,NA,NA,NA,NA,NA,NA,NA,NA,NA,NA,NA,NA,NA,NA,NA,NA,NA,NA,NA,NA,NA,NA,NA,55,100,100,5,97,3,0,49,0,96,0,99,100,100,100,90,98,100,0,100,7,NA,NA,NA,NA,NA,NA,NA,NA,NA,NA,NA,NA,NA,NA,NA,NA,NA,NA,NA,NA,NA,NA,182,0,182,0,TRUE,TRUE,TRUE,FALSE,FALSE,FALSE,NA,NA,NA,NA,NA,NA,NA,NA,NA,NA,NA,59.888888888888886,-0.35243812197825886,NA,NA,NA,NA,NA,NA,NA,NA,NA,NA,NA,NA,NA,NA,NA,NA,NA,NA,NA,NA,NA,NA,NA,TRUE,TRUE,No controls
7,775,0,R_1qb2WmtyJG885mo,NA,NA,NA,NA,NA,NA,NA,NA,NA,NA,NA,NA,NA,NA,NA,NA,NA,NA,NA,NA,NA,NA,NA,NA,NA,NA,NA,NA,NA,NA,NA,NA,NA,NA,NA,NA,NA,NA,NA,NA,NA,NA,NA,NA,NA,NA,NA,NA,NA,NA,NA,NA,NA,NA,NA,NA,NA,NA,NA,NA,NA,NA,NA,NA,NA,NA,NA,NA,NA,NA,NA,NA,NA,NA,NA,NA,NA,NA,NA,NA,NA,NA,NA,NA,NA,NA,NA,NA,NA,NA,NA,NA,NA,NA,NA,NA,NA,NA,NA,NA,NA,NA,NA,NA,NA,NA,NA,NA,NA,NA,NA,NA,NA,NA,NA,NA,NA,NA,NA,NA,NA,NA,NA,NA,NA,NA,NA,NA,NA,NA,NA,NA,NA,NA,NA,NA,NA,NA,NA,NA,NA,NA,NA,NA,NA,NA,NA,NA,NA,NA,NA,NA,NA,NA,NA,NA,NA,NA,NA,NA,NA,NA,NA,NA,NA,NA,NA,NA,NA,NA,NA,NA,NA,NA,NA,NA,NA,NA,NA,NA,NA,NA,NA,iP22e42ec4028f6801,NA,NA,C,FALSE,FALSE,FALSE,FALSE,FALSE,FALSE,FALSE,0,3,0,12.916666666666666,0,0,1,1,0,0,1,NA,NA,NA,NA,NA,NA,NA,NA,NA,NA,NA,NA,NA,NA,NA,NA,NA,NA,NA,NA,NA,NA,NA,NA,NA,NA,NA,NA,NA,NA,NA,NA,NA,NA,NA,NA,NA,NA,NA,NA,NA,NA,NA,NA,NA,NA,NA,NA,NA,NA,NA,NA,NA,NA,NA,NA,NA,NA,NA,NA,NA,NA,NA,NA,NA,NA,NA,NA,NA,NA,NA,NA,NA,NA,NA,NA,NA,NA,NA,NA,NA,NA,NA,NA,NA,NA,NA,NA,NA,NA,NA,NA,NA,NA,NA,NA,NA,NA,NA,NA,NA,NA,NA,NA,NA,NA,NA,NA,224,22,246,0,TRUE,TRUE,TRUE,FALSE,FALSE,FALSE,NA,NA,NA,NA,NA,NA,NA,NA,NA,NA,NA,NA,NA,NA,NA,NA,NA,NA,NA,NA,NA,NA,NA,NA,NA,NA,NA,NA,NA,NA,NA,NA,NA,NA,NA,NA,TRUE,TRUE,No controls
18,843,0,R_6ewLdJHDimH4sGy,0,0,1,0,0,1,1,0,0,0,0,1,1,0,0,0,0,1,0,0,1,-99,-99,-99,0,0,1,0,0,1,1,0,0,Never,Never,Rarely,4,1,1,2,1,2,NA,NA,NA,NA,NA,NA,NA,NA,NA,NA,NA,NA,NA,NA,NA,NA,NA,NA,NA,NA,NA,NA,NA,NA,NA,NA,NA,NA,NA,NA,NA,NA,NA,NA,NA,NA,NA,NA,NA,NA,NA,NA,NA,NA,NA,NA,NA,NA,NA,NA,NA,NA,NA,NA,NA,NA,NA,NA,NA,NA,NA,NA,NA,NA,NA,NA,NA,NA,NA,NA,NA,NA,NA,NA,NA,NA,NA,NA,NA,NA,NA,NA,NA,NA,NA,NA,NA,NA,NA,NA,NA,NA,NA,NA,NA,NA,NA,NA,NA,NA,NA,NA,NA,NA,NA,NA,NA,NA,NA,NA,NA,NA,NA,NA,NA,NA,NA,NA,NA,NA,NA,NA,NA,NA,NA,NA,NA,NA,NA,NA,NA,NA,NA,NA,NA,NA,NA,NA,NA,NA,NA,iP4e1ec0f67287934d,NA,NA,B,TRUE,FALSE,FALSE,FALSE,TRUE,FALSE,FALSE,1,2,1,14.05,0,0,1,1,0,0,1,NA,NA,NA,NA,NA,NA,NA,NA,NA,NA,100,44,NA,100,100,100,100,NA,NA,100,NA,50,NA,100,NA,NA,100,NA,50,NA,100,100,NA,NA,0,NA,NA,0,0,NA,NA,NA,NA,NA,NA,NA,NA,NA,NA,NA,NA,NA,NA,NA,NA,NA,NA,NA,NA,NA,NA,NA,NA,NA,NA,NA,NA,NA,NA,NA,NA,NA,0,NA,NA,0,NA,100,100,NA,NA,100,100,NA,53,NA,NA,NA,NA,NA,NA,NA,NA,NA,NA,NA,NA,NA,NA,NA,NA,NA,NA,NA,NA,NA,NA,NA,166,14,180,0,TRUE,TRUE,TRUE,FALSE,FALSE,FALSE,0,0,1,0,0,NA,NA,NA,NA,NA,NA,91.66666666666669,1.3061613288810296,NA,NA,NA,NA,NA,NA,NA,NA,NA,NA,NA,NA,NA,NA,NA,NA,NA,NA,NA,NA,NA,NA,NA,TRUE,TRUE,No controls
7,844,0,R_7dR4zzVateJn0iL,NA,NA,NA,NA,NA,NA,NA,NA,NA,NA,NA,NA,NA,NA,NA,NA,NA,NA,NA,NA,NA,NA,NA,NA,NA,NA,NA,NA,NA,NA,NA,NA,NA,NA,NA,NA,NA,NA,NA,NA,NA,NA,NA,NA,NA,NA,NA,NA,NA,NA,NA,NA,NA,NA,NA,NA,NA,NA,NA,NA,NA,NA,NA,NA,NA,NA,NA,NA,NA,NA,NA,NA,NA,NA,NA,NA,NA,NA,NA,NA,NA,NA,NA,NA,NA,NA,NA,NA,NA,NA,NA,NA,NA,NA,NA,NA,NA,NA,NA,NA,NA,NA,NA,NA,NA,NA,NA,NA,NA,NA,NA,NA,NA,NA,NA,NA,NA,NA,NA,NA,NA,NA,NA,NA,NA,NA,NA,NA,NA,NA,NA,NA,NA,NA,NA,NA,NA,NA,NA,NA,NA,NA,NA,NA,NA,NA,NA,NA,NA,NA,NA,NA,NA,NA,NA,NA,NA,NA,NA,NA,NA,NA,NA,NA,NA,NA,NA,NA,NA,NA,NA,NA,NA,NA,NA,NA,NA,NA,NA,NA,NA,NA,NA,iP680af534b7f1cfe6,NA,NA,B,FALSE,FALSE,FALSE,FALSE,FALSE,FALSE,FALSE,0,3,0,14.066666666666666,0,0,1,1,0,0,1,NA,NA,NA,NA,NA,NA,NA,NA,NA,NA,NA,NA,NA,NA,NA,NA,NA,NA,NA,NA,NA,NA,NA,NA,NA,NA,NA,NA,NA,NA,NA,NA,NA,NA,NA,NA,NA,NA,NA,NA,NA,NA,NA,NA,NA,NA,NA,NA,NA,NA,NA,NA,NA,NA,NA,NA,NA,NA,NA,NA,NA,NA,NA,NA,NA,NA,NA,NA,NA,NA,NA,NA,NA,NA,NA,NA,NA,NA,NA,NA,NA,NA,NA,NA,NA,NA,NA,NA,NA,NA,NA,NA,NA,NA,NA,NA,NA,NA,NA,NA,NA,NA,NA,NA,NA,NA,NA,NA,224,21,245,0,TRUE,TRUE,TRUE,FALSE,FALSE,FALSE,NA,NA,NA,NA,NA,NA,NA,NA,NA,NA,NA,NA,NA,NA,NA,NA,NA,NA,NA,NA,NA,NA,NA,NA,NA,NA,NA,NA,NA,NA,NA,NA,NA,NA,NA,NA,TRUE,TRUE,No controls
7,3106,0,R_7qWSg4oJ5pUwULL,NA,NA,NA,NA,NA,NA,NA,NA,NA,NA,NA,NA,NA,NA,NA,NA,NA,NA,NA,NA,NA,NA,NA,NA,NA,NA,NA,NA,NA,NA,NA,NA,NA,NA,NA,NA,NA,NA,NA,NA,NA,NA,NA,NA,NA,NA,NA,NA,NA,NA,NA,NA,NA,NA,NA,NA,NA,NA,NA,NA,NA,NA,NA,NA,NA,NA,NA,NA,NA,NA,NA,NA,NA,NA,NA,NA,NA,NA,NA,NA,NA,NA,NA,NA,NA,NA,NA,NA,NA,NA,NA,NA,NA,NA,NA,NA,NA,NA,NA,NA,NA,NA,NA,NA,NA,NA,NA,NA,NA,NA,NA,NA,NA,NA,NA,NA,NA,NA,NA,NA,NA,NA,NA,NA,NA,NA,NA,NA,NA,NA,NA,NA,NA,NA,NA,NA,NA,NA,NA,NA,NA,NA,NA,NA,NA,NA,NA,NA,NA,NA,NA,NA,NA,NA,NA,NA,NA,NA,NA,NA,NA,NA,NA,NA,NA,NA,NA,NA,NA,NA,NA,NA,NA,NA,NA,NA,NA,NA,NA,NA,NA,NA,NA,iPacab9dd4a623dd78,NA,NA,C,FALSE,FALSE,FALSE,FALSE,FALSE,FALSE,FALSE,0,3,0,51.766666666666666,0,0,0,0,0,0,1,NA,NA,NA,NA,NA,NA,NA,NA,NA,NA,NA,NA,NA,NA,NA,NA,NA,NA,NA,NA,NA,NA,NA,NA,NA,NA,NA,NA,NA,NA,NA,NA,NA,NA,NA,NA,NA,NA,NA,NA,NA,NA,NA,NA,NA,NA,NA,NA,NA,NA,NA,NA,NA,NA,NA,NA,NA,NA,NA,NA,NA,NA,NA,NA,NA,NA,NA,NA,NA,NA,NA,NA,NA,NA,NA,NA,NA,NA,NA,NA,NA,NA,NA,NA,NA,NA,NA,NA,NA,NA,NA,NA,NA,NA,NA,NA,NA,NA,NA,NA,NA,NA,NA,NA,NA,NA,NA,NA,224,22,246,0,TRUE,TRUE,TRUE,FALSE,FALSE,FALSE,NA,NA,NA,NA,NA,NA,NA,NA,NA,NA,NA,NA,NA,NA,NA,NA,NA,NA,NA,NA,NA,NA,NA,NA,NA,NA,NA,NA,NA,NA,NA,NA,NA,NA,NA,NA,TRUE,TRUE,No controls
17,1262,0,R_62bQI7TfpGZwxCQ,NA,1,0,NA,0,1,1,0,0,0,0,1,1,0,0,0,0,1,0,1,0,1,0,0,1,0,0,1,0,0,1,0,0,Frequently,Never,Frequently,4,NA,NA,NA,NA,NA,NA,NA,NA,NA,NA,NA,NA,NA,NA,NA,NA,NA,NA,NA,NA,NA,NA,NA,NA,NA,NA,NA,NA,NA,NA,NA,NA,NA,NA,NA,NA,NA,NA,NA,NA,NA,NA,NA,NA,NA,NA,NA,NA,NA,NA,NA,NA,NA,NA,NA,NA,NA,NA,NA,NA,NA,NA,NA,NA,NA,NA,NA,NA,NA,NA,NA,NA,NA,NA,NA,NA,NA,NA,NA,NA,NA,NA,NA,NA,NA,NA,NA,NA,NA,NA,NA,NA,NA,NA,NA,NA,NA,NA,NA,NA,NA,NA,NA,NA,NA,NA,NA,NA,NA,NA,NA,NA,NA,NA,NA,NA,NA,NA,NA,NA,NA,NA,NA,NA,NA,NA,NA,NA,NA,NA,NA,NA,NA,NA,NA,NA,NA,NA,NA,NA,NA,NA,NA,NA,NA,NA,iP7b133fbd6a845fe2,NA,NA,C,TRUE,FALSE,FALSE,FALSE,TRUE,FALSE,FALSE,1,2,1,21.033333333333335,0,0,0,1,0,0,1,100,100,100,100,100,100,100,100,100,100,72,67,100,100,75,100,100,100,76,100,100,100,100,100,15,15,100,100,0,35,100,100,100,100,30,40,34,70,28,27,100,100,NA,NA,NA,NA,NA,NA,NA,NA,NA,NA,NA,NA,NA,NA,NA,NA,NA,NA,NA,NA,NA,NA,NA,NA,NA,NA,NA,NA,NA,NA,NA,NA,NA,NA,NA,NA,NA,NA,NA,NA,NA,NA,NA,NA,100,100,100,100,100,100,100,100,100,7,100,7,100,100,88,100,100,65,100,100,100,100,145,0,145,0,TRUE,TRUE,TRUE,FALSE,FALSE,FALSE,1,NA,NA,1,NA,NA,NA,NA,NA,NA,NA,88.88888888888889,1.1611788594003225,NA,NA,NA,NA,NA,NA,NA,NA,NA,NA,NA,NA,NA,NA,NA,NA,NA,NA,NA,NA,NA,NA,NA,TRUE,TRUE,No controls
7,2485,0,R_5JeLfkmf5A0S9EG,NA,NA,NA,NA,NA,NA,NA,NA,NA,NA,NA,NA,NA,NA,NA,NA,NA,NA,NA,NA,NA,NA,NA,NA,NA,NA,NA,NA,NA,NA,NA,NA,NA,NA,NA,NA,NA,NA,NA,NA,NA,NA,NA,NA,NA,NA,NA,NA,NA,NA,NA,NA,NA,NA,NA,NA,NA,NA,NA,NA,NA,NA,NA,NA,NA,NA,NA,NA,NA,NA,NA,NA,NA,NA,NA,NA,NA,NA,NA,NA,NA,NA,NA,NA,NA,NA,NA,NA,NA,NA,NA,NA,NA,NA,NA,NA,NA,NA,NA,NA,NA,NA,NA,NA,NA,NA,NA,NA,NA,NA,NA,NA,NA,NA,NA,NA,NA,NA,NA,NA,NA,NA,NA,NA,NA,NA,NA,NA,NA,NA,NA,NA,NA,NA,NA,NA,NA,NA,NA,NA,NA,NA,NA,NA,NA,NA,NA,NA,NA,NA,NA,NA,NA,NA,NA,NA,NA,NA,NA,NA,NA,NA,NA,NA,NA,NA,NA,NA,NA,NA,NA,NA,NA,NA,NA,NA,NA,NA,NA,NA,NA,NA,NA,iP1766634d99bb6d6d,NA,NA,C,FALSE,FALSE,FALSE,FALSE,FALSE,FALSE,FALSE,0,3,0,41.416666666666664,0,0,0,0,0,0,1,NA,NA,NA,NA,NA,NA,NA,NA,NA,NA,NA,NA,NA,NA,NA,NA,NA,NA,NA,NA,NA,NA,NA,NA,NA,NA,NA,NA,NA,NA,NA,NA,NA,NA,NA,NA,NA,NA,NA,NA,NA,NA,NA,NA,NA,NA,NA,NA,NA,NA,NA,NA,NA,NA,NA,NA,NA,NA,NA,NA,NA,NA,NA,NA,NA,NA,NA,NA,NA,NA,NA,NA,NA,NA,NA,NA,NA,NA,NA,NA,NA,NA,NA,NA,NA,NA,NA,NA,NA,NA,NA,NA,NA,NA,NA,NA,NA,NA,NA,NA,NA,NA,NA,NA,NA,NA,NA,NA,224,22,246,0,TRUE,TRUE,TRUE,FALSE,FALSE,FALSE,NA,NA,NA,NA,NA,NA,NA,NA,NA,NA,NA,NA,NA,NA,NA,NA,NA,NA,NA,NA,NA,NA,NA,NA,NA,NA,NA,NA,NA,NA,NA,NA,NA,NA,NA,NA,TRUE,TRUE,No controls
7,5859,0,R_7v1t6XFJyfHLl7P,NA,NA,NA,NA,NA,NA,NA,NA,NA,NA,NA,NA,NA,NA,NA,NA,NA,NA,NA,NA,NA,NA,NA,NA,NA,NA,NA,NA,NA,NA,NA,NA,NA,NA,NA,NA,NA,NA,NA,NA,NA,NA,NA,NA,NA,NA,NA,NA,NA,NA,NA,NA,NA,NA,NA,NA,NA,NA,NA,NA,NA,NA,NA,NA,NA,NA,NA,NA,NA,NA,NA,NA,NA,NA,NA,NA,NA,NA,NA,NA,NA,NA,NA,NA,NA,NA,NA,NA,NA,NA,NA,NA,NA,NA,NA,NA,NA,NA,NA,NA,NA,NA,NA,NA,NA,NA,NA,NA,NA,NA,NA,NA,NA,NA,NA,NA,NA,NA,NA,NA,NA,NA,NA,NA,NA,NA,NA,NA,NA,NA,NA,NA,NA,NA,NA,NA,NA,NA,NA,NA,NA,NA,NA,NA,NA,NA,NA,NA,NA,NA,NA,NA,NA,NA,NA,NA,NA,NA,NA,NA,NA,NA,NA,NA,NA,NA,NA,NA,NA,NA,NA,NA,NA,NA,NA,NA,NA,NA,NA,NA,NA,NA,NA,iP586eac00f06f6f72,NA,NA,C,FALSE,FALSE,FALSE,FALSE,FALSE,FALSE,FALSE,0,3,0,97.65,0,0,0,0,1,0,1,NA,NA,NA,NA,NA,NA,NA,NA,NA,NA,NA,NA,NA,NA,NA,NA,NA,NA,NA,NA,NA,NA,NA,NA,NA,NA,NA,NA,NA,NA,NA,NA,NA,NA,NA,NA,NA,NA,NA,NA,NA,NA,NA,NA,NA,NA,NA,NA,NA,NA,NA,NA,NA,NA,NA,NA,NA,NA,NA,NA,NA,NA,NA,NA,NA,NA,NA,NA,NA,NA,NA,NA,NA,NA,NA,NA,NA,NA,NA,NA,NA,NA,NA,NA,NA,NA,NA,NA,NA,NA,NA,NA,NA,NA,NA,NA,NA,NA,NA,NA,NA,NA,NA,NA,NA,NA,NA,NA,224,22,246,0,TRUE,TRUE,TRUE,FALSE,FALSE,FALSE,NA,NA,NA,NA,NA,NA,NA,NA,NA,NA,NA,NA,NA,NA,NA,NA,NA,NA,NA,NA,NA,NA,NA,NA,NA,NA,NA,NA,NA,NA,NA,NA,NA,NA,NA,NA,TRUE,TRUE,No controls
37,5916,0,R_3IFQe9qxgwtRzNW,NA,1,0,NA,0,1,1,0,1,0,0,1,1,0,1,0,1,0,0,0,1,0,1,0,1,1,1,0,1,0,1,0,1,Rarely,Never,Never,4,2,2,2,2,2,8,7,7,9,9,2,2,2,4,3,4,1,purple,2,2,2,3,3,2,3,6,2,3,1,1,1,2,1,2,2,2,4,1,3,1,1,4,2,2,2,1,2,1,1,2,2,2,2,1,NA,NA,NA,NA,NA,NA,NA,NA,NA,NA,NA,NA,NA,NA,NA,NA,NA,NA,NA,NA,NA,NA,NA,NA,NA,NA,NA,NA,NA,NA,NA,NA,NA,NA,NA,NA,NA,NA,NA,NA,NA,NA,NA,NA,NA,NA,NA,NA,NA,NA,NA,NA,NA,NA,NA,NA,NA,NA,NA,NA,NA,NA,NA,NA,NA,NA,NA,NA,NA,NA,NA,NA,NA,NA,NA,NA,NA,NA,NA,NA,NA,NA,NA,NA,NA,NA,NA,NA,NA,NA,NA,NA,iP3b6bd4f01cdb4940,NA,NA,A,TRUE,FALSE,TRUE,FALSE,TRUE,TRUE,FALSE,2,1,2,98.6,0,0,0,0,1,0,1,40,10,50,20,40,40,40,20,30,30,20,80,10,10,10,60,10,20,90,0,100,50,60,10,30,20,10,30,40,60,20,50,20,50,50,20,40,50,10,100,20,20,20,20,40,40,20,20,50,10,30,10,40,60,10,90,20,30,10,40,50,70,40,40,50,NA,NA,NA,NA,NA,NA,NA,NA,NA,NA,NA,NA,NA,NA,NA,NA,NA,NA,NA,NA,NA,NA,NA,NA,NA,NA,NA,NA,NA,NA,NA,NA,NA,NA,NA,NA,NA,NA,NA,NA,NA,NA,NA,91,0,91,0,TRUE,FALSE,TRUE,FALSE,FALSE,FALSE,1,NA,NA,1,NA,NA,NA,NA,NA,NA,NA,21.11111111111111,-2.3763933959289285,2,6,Punish (6),3,1,2,2.5,3,3,3,1,3,1,1,2,4,1,2.5,3,2,2,4,4,TRUE,TRUE,No controls
8,648,0,R_5Ey9hrjMJvPDBgl,NA,NA,NA,NA,NA,NA,NA,NA,NA,NA,NA,NA,NA,NA,NA,NA,NA,NA,NA,NA,NA,NA,NA,NA,NA,NA,NA,NA,NA,NA,NA,NA,NA,NA,NA,NA,NA,NA,NA,NA,NA,NA,NA,NA,NA,NA,NA,NA,NA,NA,NA,NA,NA,NA,NA,NA,NA,NA,NA,NA,NA,NA,NA,NA,NA,NA,NA,NA,NA,NA,NA,NA,NA,NA,NA,NA,NA,NA,NA,NA,NA,NA,NA,NA,NA,NA,NA,NA,NA,NA,NA,NA,NA,NA,NA,NA,NA,NA,NA,NA,NA,NA,NA,NA,NA,NA,NA,NA,NA,NA,NA,NA,NA,NA,NA,NA,NA,NA,NA,NA,NA,NA,NA,NA,NA,NA,NA,NA,NA,NA,NA,NA,NA,NA,NA,NA,NA,NA,NA,NA,NA,NA,NA,NA,NA,NA,NA,NA,NA,NA,NA,NA,NA,NA,NA,NA,NA,NA,NA,NA,NA,NA,NA,NA,NA,NA,NA,NA,NA,NA,NA,NA,NA,NA,NA,NA,NA,NA,NA,NA,NA,NA,NA,iPa1163c251fe9a6af,NA,NA,A,FALSE,FALSE,FALSE,FALSE,FALSE,FALSE,FALSE,0,3,0,10.8,0,1,1,1,0,0,1,50,70,70,70,100,90,30,40,70,40,50,80,80,70,80,80,100,60,90,50,60,70,90,30,70,80,20,70,60,80,100,90,80,80,80,70,30,60,80,90,70,60,30,60,90,30,70,70,50,60,60,60,30,90,100,70,100,70,80,40,100,60,70,80,60,NA,NA,NA,NA,NA,NA,NA,NA,NA,NA,NA,NA,NA,NA,NA,NA,NA,NA,NA,NA,NA,NA,NA,NA,NA,NA,NA,NA,NA,NA,NA,NA,NA,NA,NA,NA,NA,NA,NA,NA,NA,NA,NA,182,0,182,0,TRUE,TRUE,TRUE,FALSE,FALSE,FALSE,NA,NA,NA,NA,NA,NA,NA,NA,NA,NA,NA,65.55555555555556,-0.05667388423761632,NA,NA,NA,NA,NA,NA,NA,NA,NA,NA,NA,NA,NA,NA,NA,NA,NA,NA,NA,NA,NA,NA,NA,TRUE,TRUE,No controls
8,7963,0,R_60DczqtFRb7FJtP,NA,NA,NA,NA,NA,NA,NA,NA,NA,NA,NA,NA,NA,NA,NA,NA,NA,NA,NA,NA,NA,NA,NA,NA,NA,NA,NA,NA,NA,NA,NA,NA,NA,NA,NA,NA,NA,NA,NA,NA,NA,NA,NA,NA,NA,NA,NA,NA,NA,NA,NA,NA,NA,NA,NA,NA,NA,NA,NA,NA,NA,NA,NA,NA,NA,NA,NA,NA,NA,NA,NA,NA,NA,NA,NA,NA,NA,NA,NA,NA,NA,NA,NA,NA,NA,NA,NA,NA,NA,NA,NA,NA,NA,NA,NA,NA,NA,NA,NA,NA,NA,NA,NA,NA,NA,NA,NA,NA,NA,NA,NA,NA,NA,NA,NA,NA,NA,NA,NA,NA,NA,NA,NA,NA,NA,NA,NA,NA,NA,NA,NA,NA,NA,NA,NA,NA,NA,NA,NA,NA,NA,NA,NA,NA,NA,NA,NA,NA,NA,NA,NA,NA,NA,NA,NA,NA,NA,NA,NA,NA,NA,NA,NA,NA,NA,NA,NA,NA,NA,NA,NA,NA,NA,NA,NA,NA,NA,NA,NA,NA,NA,NA,NA,iP05b6cce98b610750,NA,NA,B,FALSE,FALSE,FALSE,FALSE,FALSE,FALSE,FALSE,0,3,0,132.71666666666667,0,0,0,0,1,0,1,43,57,53,32,73,28,47,43,62,42,32,40,54,65,53,55,63,49,56,55,47,65,52,49,31,37,46,38,0,65,60,16,21,35,56,42,57,45,47,38,16,60,NA,NA,NA,NA,NA,NA,NA,NA,NA,NA,NA,NA,NA,NA,NA,NA,NA,NA,NA,NA,NA,NA,NA,23,69,89,11,27,29,5,71,17,1,50,42,57,73,58,61,62,55,5,76,44,NA,NA,NA,NA,NA,NA,NA,NA,NA,NA,NA,NA,NA,NA,NA,NA,NA,NA,NA,NA,NA,NA,182,0,182,0,TRUE,TRUE,TRUE,FALSE,FALSE,FALSE,NA,NA,NA,NA,NA,NA,NA,NA,NA,NA,NA,47.22222222222222,-1.0135581828102826,NA,NA,NA,NA,NA,NA,NA,NA,NA,NA,NA,NA,NA,NA,NA,NA,NA,NA,NA,NA,NA,NA,NA,TRUE,TRUE,No controls
7,1767,0,R_5EDTRKLvr2QFUYN,NA,NA,NA,NA,NA,NA,NA,NA,NA,NA,NA,NA,NA,NA,NA,NA,NA,NA,NA,NA,NA,NA,NA,NA,NA,NA,NA,NA,NA,NA,NA,NA,NA,NA,NA,NA,NA,NA,NA,NA,NA,NA,NA,NA,NA,NA,NA,NA,NA,NA,NA,NA,NA,NA,NA,NA,NA,NA,NA,NA,NA,NA,NA,NA,NA,NA,NA,NA,NA,NA,NA,NA,NA,NA,NA,NA,NA,NA,NA,NA,NA,NA,NA,NA,NA,NA,NA,NA,NA,NA,NA,NA,NA,NA,NA,NA,NA,NA,NA,NA,NA,NA,NA,NA,NA,NA,NA,NA,NA,NA,NA,NA,NA,NA,NA,NA,NA,NA,NA,NA,NA,NA,NA,NA,NA,NA,NA,NA,NA,NA,NA,NA,NA,NA,NA,NA,NA,NA,NA,NA,NA,NA,NA,NA,NA,NA,NA,NA,NA,NA,NA,NA,NA,NA,NA,NA,NA,NA,NA,NA,NA,NA,NA,NA,NA,NA,NA,NA,NA,NA,NA,NA,NA,NA,NA,NA,NA,NA,NA,NA,NA,NA,NA,iP6a92ebe42fdbc6fe,NA,NA,C,FALSE,FALSE,FALSE,FALSE,FALSE,FALSE,FALSE,0,3,0,29.45,0,0,0,1,0,0,1,NA,NA,NA,NA,NA,NA,NA,NA,NA,NA,NA,NA,NA,NA,NA,NA,NA,NA,NA,NA,NA,NA,NA,NA,NA,NA,NA,NA,NA,NA,NA,NA,NA,NA,NA,NA,NA,NA,NA,NA,NA,NA,NA,NA,NA,NA,NA,NA,NA,NA,NA,NA,NA,NA,NA,NA,NA,NA,NA,NA,NA,NA,NA,NA,NA,NA,NA,NA,NA,NA,NA,NA,NA,NA,NA,NA,NA,NA,NA,NA,NA,NA,NA,NA,NA,NA,NA,NA,NA,NA,NA,NA,NA,NA,NA,NA,NA,NA,NA,NA,NA,NA,NA,NA,NA,NA,NA,NA,224,22,246,0,TRUE,TRUE,TRUE,FALSE,FALSE,FALSE,NA,NA,NA,NA,NA,NA,NA,NA,NA,NA,NA,NA,NA,NA,NA,NA,NA,NA,NA,NA,NA,NA,NA,NA,NA,NA,NA,NA,NA,NA,NA,NA,NA,NA,NA,NA,TRUE,TRUE,No controls
7,862,0,R_5CpcQWyuqjxRXi0,NA,NA,NA,NA,NA,NA,NA,NA,NA,NA,NA,NA,NA,NA,NA,NA,NA,NA,NA,NA,NA,NA,NA,NA,NA,NA,NA,NA,NA,NA,NA,NA,NA,NA,NA,NA,NA,NA,NA,NA,NA,NA,NA,NA,NA,NA,NA,NA,NA,NA,NA,NA,NA,NA,NA,NA,NA,NA,NA,NA,NA,NA,NA,NA,NA,NA,NA,NA,NA,NA,NA,NA,NA,NA,NA,NA,NA,NA,NA,NA,NA,NA,NA,NA,NA,NA,NA,NA,NA,NA,NA,NA,NA,NA,NA,NA,NA,NA,NA,NA,NA,NA,NA,NA,NA,NA,NA,NA,NA,NA,NA,NA,NA,NA,NA,NA,NA,NA,NA,NA,NA,NA,NA,NA,NA,NA,NA,NA,NA,NA,NA,NA,NA,NA,NA,NA,NA,NA,NA,NA,NA,NA,NA,NA,NA,NA,NA,NA,NA,NA,NA,NA,NA,NA,NA,NA,NA,NA,NA,NA,NA,NA,NA,NA,NA,NA,NA,NA,NA,NA,NA,NA,NA,NA,NA,NA,NA,NA,NA,NA,NA,NA,NA,iPdaccff743e7da51b,NA,NA,C,FALSE,FALSE,FALSE,FALSE,FALSE,FALSE,FALSE,0,3,0,14.366666666666667,0,0,1,1,0,0,1,NA,NA,NA,NA,NA,NA,NA,NA,NA,NA,NA,NA,NA,NA,NA,NA,NA,NA,NA,NA,NA,NA,NA,NA,NA,NA,NA,NA,NA,NA,NA,NA,NA,NA,NA,NA,NA,NA,NA,NA,NA,NA,NA,NA,NA,NA,NA,NA,NA,NA,NA,NA,NA,NA,NA,NA,NA,NA,NA,NA,NA,NA,NA,NA,NA,NA,NA,NA,NA,NA,NA,NA,NA,NA,NA,NA,NA,NA,NA,NA,NA,NA,NA,NA,NA,NA,NA,NA,NA,NA,NA,NA,NA,NA,NA,NA,NA,NA,NA,NA,NA,NA,NA,NA,NA,NA,NA,NA,224,22,246,0,TRUE,TRUE,TRUE,FALSE,FALSE,FALSE,NA,NA,NA,NA,NA,NA,NA,NA,NA,NA,NA,NA,NA,NA,NA,NA,NA,NA,NA,NA,NA,NA,NA,NA,NA,NA,NA,NA,NA,NA,NA,NA,NA,NA,NA,NA,TRUE,TRUE,No controls
18,1017,0,R_6FhR2GL06U3DzSj,0,0,1,0,0,1,0,0,1,0,1,0,1,0,0,0,0,1,1,0,0,0,1,0,1,0,0,0,0,1,0,0,1,Never,Never,Never,4,1,1,1,1,1,NA,NA,NA,NA,NA,NA,NA,NA,NA,NA,NA,NA,NA,NA,NA,NA,NA,NA,NA,NA,NA,NA,NA,NA,NA,NA,NA,NA,NA,NA,NA,NA,NA,NA,NA,NA,NA,NA,NA,NA,NA,NA,NA,NA,NA,NA,NA,NA,NA,NA,NA,NA,NA,NA,NA,NA,NA,NA,NA,NA,NA,NA,NA,NA,NA,NA,NA,NA,NA,NA,NA,NA,NA,NA,NA,NA,NA,NA,NA,NA,NA,NA,NA,NA,NA,NA,NA,NA,NA,NA,NA,NA,NA,NA,NA,NA,NA,NA,NA,NA,NA,NA,NA,NA,NA,NA,NA,NA,NA,NA,NA,NA,NA,NA,NA,NA,NA,NA,NA,NA,NA,NA,NA,NA,NA,NA,NA,NA,NA,NA,NA,NA,NA,NA,NA,NA,NA,NA,NA,NA,NA,iP743ef9b6d084ecb7,NA,NA,C,TRUE,FALSE,FALSE,FALSE,TRUE,FALSE,FALSE,1,2,1,16.95,0,0,1,1,0,0,1,99,100,100,100,93,100,76,100,100,100,100,100,100,100,100,87,100,100,97,100,25,100,100,100,62,31,86,98,100,79,100,91,82,80,72,100,100,78,76,66,100,100,NA,NA,NA,NA,NA,NA,NA,NA,NA,NA,NA,NA,NA,NA,NA,NA,NA,NA,NA,NA,NA,NA,NA,NA,NA,NA,NA,NA,NA,NA,NA,NA,NA,NA,NA,NA,NA,NA,NA,NA,NA,NA,NA,NA,100,100,100,100,100,99,97,100,100,21,100,7,66,100,100,100,84,70,80,88,100,100,140,0,140,0,TRUE,TRUE,TRUE,FALSE,FALSE,FALSE,0,0,1,0,0,NA,NA,NA,NA,NA,NA,96.77777777777776,1.57292907272553,NA,NA,NA,NA,NA,NA,NA,NA,NA,NA,NA,NA,NA,NA,NA,NA,NA,NA,NA,NA,NA,NA,NA,TRUE,TRUE,No controls
8,17214,0,R_12LI4HssVtSqty1,NA,NA,NA,NA,NA,NA,NA,NA,NA,NA,NA,NA,NA,NA,NA,NA,NA,NA,NA,NA,NA,NA,NA,NA,NA,NA,NA,NA,NA,NA,NA,NA,NA,NA,NA,NA,NA,NA,NA,NA,NA,NA,NA,NA,NA,NA,NA,NA,NA,NA,NA,NA,NA,NA,NA,NA,NA,NA,NA,NA,NA,NA,NA,NA,NA,NA,NA,NA,NA,NA,NA,NA,NA,NA,NA,NA,NA,NA,NA,NA,NA,NA,NA,NA,NA,NA,NA,NA,NA,NA,NA,NA,NA,NA,NA,NA,NA,NA,NA,NA,NA,NA,NA,NA,NA,NA,NA,NA,NA,NA,NA,NA,NA,NA,NA,NA,NA,NA,NA,NA,NA,NA,NA,NA,NA,NA,NA,NA,NA,NA,NA,NA,NA,NA,NA,NA,NA,NA,NA,NA,NA,NA,NA,NA,NA,NA,NA,NA,NA,NA,NA,NA,NA,NA,NA,NA,NA,NA,NA,NA,NA,NA,NA,NA,NA,NA,NA,NA,NA,NA,NA,NA,NA,NA,NA,NA,NA,NA,NA,NA,NA,NA,NA,iP76b535ebf2b28548,NA,NA,A,FALSE,FALSE,FALSE,FALSE,FALSE,FALSE,FALSE,0,3,0,286.9,0,0,0,0,1,1,1,80,100,80,80,70,70,80,80,80,50,60,70,80,90,70,60,90,70,60,80,20,50,80,70,50,70,70,80,70,10,90,70,50,60,10,50,10,30,0,20,50,70,80,80,70,50,50,20,80,50,20,60,70,50,70,90,20,70,70,50,50,70,70,70,70,NA,NA,NA,NA,NA,NA,NA,NA,NA,NA,NA,NA,NA,NA,NA,NA,NA,NA,NA,NA,NA,NA,NA,NA,NA,NA,NA,NA,NA,NA,NA,NA,NA,NA,NA,NA,NA,NA,NA,NA,NA,NA,NA,182,0,182,0,TRUE,TRUE,TRUE,FALSE,FALSE,FALSE,NA,NA,NA,NA,NA,NA,NA,NA,NA,NA,NA,76.66666666666667,0.5232559936852119,NA,NA,NA,NA,NA,NA,NA,NA,NA,NA,NA,NA,NA,NA,NA,NA,NA,NA,NA,NA,NA,NA,NA,TRUE,TRUE,No controls
7,2214,0,R_3nu6uR6h7iWSaNs,NA,NA,NA,NA,NA,NA,NA,NA,NA,NA,NA,NA,NA,NA,NA,NA,NA,NA,NA,NA,NA,NA,NA,NA,NA,NA,NA,NA,NA,NA,NA,NA,NA,NA,NA,NA,NA,NA,NA,NA,NA,NA,NA,NA,NA,NA,NA,NA,NA,NA,NA,NA,NA,NA,NA,NA,NA,NA,NA,NA,NA,NA,NA,NA,NA,NA,NA,NA,NA,NA,NA,NA,NA,NA,NA,NA,NA,NA,NA,NA,NA,NA,NA,NA,NA,NA,NA,NA,NA,NA,NA,NA,NA,NA,NA,NA,NA,NA,NA,NA,NA,NA,NA,NA,NA,NA,NA,NA,NA,NA,NA,NA,NA,NA,NA,NA,NA,NA,NA,NA,NA,NA,NA,NA,NA,NA,NA,NA,NA,NA,NA,NA,NA,NA,NA,NA,NA,NA,NA,NA,NA,NA,NA,NA,NA,NA,NA,NA,NA,NA,NA,NA,NA,NA,NA,NA,NA,NA,NA,NA,NA,NA,NA,NA,NA,NA,NA,NA,NA,NA,NA,NA,NA,NA,NA,NA,NA,NA,NA,NA,NA,NA,NA,iP664f1c702ca972b3,NA,NA,B,FALSE,FALSE,FALSE,FALSE,FALSE,FALSE,FALSE,0,3,0,36.9,0,0,0,0,0,0,1,NA,NA,NA,NA,NA,NA,NA,NA,NA,NA,NA,NA,NA,NA,NA,NA,NA,NA,NA,NA,NA,NA,NA,NA,NA,NA,NA,NA,NA,NA,NA,NA,NA,NA,NA,NA,NA,NA,NA,NA,NA,NA,NA,NA,NA,NA,NA,NA,NA,NA,NA,NA,NA,NA,NA,NA,NA,NA,NA,NA,NA,NA,NA,NA,NA,NA,NA,NA,NA,NA,NA,NA,NA,NA,NA,NA,NA,NA,NA,NA,NA,NA,NA,NA,NA,NA,NA,NA,NA,NA,NA,NA,NA,NA,NA,NA,NA,NA,NA,NA,NA,NA,NA,NA,NA,NA,NA,NA,224,21,245,0,TRUE,TRUE,TRUE,FALSE,FALSE,FALSE,NA,NA,NA,NA,NA,NA,NA,NA,NA,NA,NA,NA,NA,NA,NA,NA,NA,NA,NA,NA,NA,NA,NA,NA,NA,NA,NA,NA,NA,NA,NA,NA,NA,NA,NA,NA,TRUE,TRUE,No controls
30,23649,0,R_5BVorZnJrMwq9eX,0,0,1,0,0,1,1,1,0,0,0,1,1,1,0,0,0,1,0,0,1,0,0,1,1,0,0,0,1,0,0,0,1,Rarely,Sometimes,Sometimes,4,1,1,1,1,2,9,6,9,8,9,4,1,3,3,3,1,3,purple,2,3,2,3,3,4,3,3,3,3,NA,NA,NA,NA,NA,NA,NA,NA,NA,NA,NA,NA,NA,NA,NA,NA,NA,NA,NA,NA,NA,NA,NA,NA,NA,NA,NA,NA,NA,NA,NA,NA,NA,NA,NA,NA,NA,NA,NA,NA,NA,NA,NA,NA,NA,NA,NA,NA,NA,NA,NA,NA,NA,NA,NA,NA,NA,NA,NA,NA,NA,NA,NA,NA,NA,NA,NA,NA,NA,NA,NA,NA,NA,NA,NA,NA,NA,NA,NA,NA,NA,NA,NA,NA,NA,NA,NA,NA,NA,NA,NA,NA,NA,NA,NA,NA,NA,NA,NA,NA,NA,NA,NA,NA,NA,NA,NA,NA,NA,NA,NA,NA,NA,NA,NA,NA,NA,NA,iPcb72ecac4b55c7ec,NA,NA,B,TRUE,FALSE,TRUE,FALSE,TRUE,TRUE,FALSE,2,1,2,394.15,0,0,0,0,1,1,1,80,80,80,80,80,80,70,80,80,80,80,80,80,80,80,80,80,80,85,80,80,80,80,90,70,70,80,75,0,80,80,80,80,80,80,80,75,80,80,80,80,80,NA,NA,NA,NA,NA,NA,NA,NA,NA,NA,NA,NA,NA,NA,NA,NA,NA,NA,NA,NA,NA,NA,NA,80,80,80,80,80,80,80,80,80,80,80,80,90,90,90,80,80,85,80,80,80,NA,NA,NA,NA,NA,NA,NA,NA,NA,NA,NA,NA,NA,NA,NA,NA,NA,NA,NA,NA,NA,NA,117,0,117,0,TRUE,FALSE,TRUE,FALSE,FALSE,FALSE,0,0,1,0,0,NA,NA,NA,NA,NA,NA,70.55555555555556,0.2042945608276563,4,4,Neutral (4),4,4,4,3,NA,NA,NA,NA,NA,NA,NA,NA,NA,NA,NA,4,1,4,3,4,TRUE,TRUE,No controls
8,654,0,R_3SxLb7JTULSE7et,NA,NA,NA,NA,NA,NA,NA,NA,NA,NA,NA,NA,NA,NA,NA,NA,NA,NA,NA,NA,NA,NA,NA,NA,NA,NA,NA,NA,NA,NA,NA,NA,NA,NA,NA,NA,NA,NA,NA,NA,NA,NA,NA,NA,NA,NA,NA,NA,NA,NA,NA,NA,NA,NA,NA,NA,NA,NA,NA,NA,NA,NA,NA,NA,NA,NA,NA,NA,NA,NA,NA,NA,NA,NA,NA,NA,NA,NA,NA,NA,NA,NA,NA,NA,NA,NA,NA,NA,NA,NA,NA,NA,NA,NA,NA,NA,NA,NA,NA,NA,NA,NA,NA,NA,NA,NA,NA,NA,NA,NA,NA,NA,NA,NA,NA,NA,NA,NA,NA,NA,NA,NA,NA,NA,NA,NA,NA,NA,NA,NA,NA,NA,NA,NA,NA,NA,NA,NA,NA,NA,NA,NA,NA,NA,NA,NA,NA,NA,NA,NA,NA,NA,NA,NA,NA,NA,NA,NA,NA,NA,NA,NA,NA,NA,NA,NA,NA,NA,NA,NA,NA,NA,NA,NA,NA,NA,NA,NA,NA,NA,NA,NA,NA,iP9dbb702a5fe4c09e,NA,NA,B,FALSE,FALSE,FALSE,FALSE,FALSE,FALSE,FALSE,0,3,0,10.9,0,1,1,1,0,0,1,88,91,NA,75,96,NA,NA,89,34,25,10,23,47,65,24,32,85,96,100,NA,50,49,NA,100,0,NA,NA,79,0,98,79,20,9,12,85,85,5,100,NA,75,NA,86,NA,NA,NA,NA,NA,NA,NA,NA,NA,NA,NA,NA,NA,NA,NA,NA,NA,NA,NA,NA,NA,NA,NA,33,NA,94,85,80,50,NA,91,5,0,NA,NA,95,NA,NA,85,NA,89,16,96,NA,NA,NA,NA,NA,NA,NA,NA,NA,NA,NA,NA,NA,NA,NA,NA,NA,NA,NA,NA,NA,NA,NA,191,8,199,0,TRUE,TRUE,TRUE,FALSE,FALSE,FALSE,NA,NA,NA,NA,NA,NA,NA,NA,NA,NA,NA,57.714285714285715,-0.46593868380029785,NA,NA,NA,NA,NA,NA,NA,NA,NA,NA,NA,NA,NA,NA,NA,NA,NA,NA,NA,NA,NA,NA,NA,TRUE,TRUE,No controls
7,1660,0,R_61EGdOiivBDkapT,NA,NA,NA,NA,NA,NA,NA,NA,NA,NA,NA,NA,NA,NA,NA,NA,NA,NA,NA,NA,NA,NA,NA,NA,NA,NA,NA,NA,NA,NA,NA,NA,NA,NA,NA,NA,NA,NA,NA,NA,NA,NA,NA,NA,NA,NA,NA,NA,NA,NA,NA,NA,NA,NA,NA,NA,NA,NA,NA,NA,NA,NA,NA,NA,NA,NA,NA,NA,NA,NA,NA,NA,NA,NA,NA,NA,NA,NA,NA,NA,NA,NA,NA,NA,NA,NA,NA,NA,NA,NA,NA,NA,NA,NA,NA,NA,NA,NA,NA,NA,NA,NA,NA,NA,NA,NA,NA,NA,NA,NA,NA,NA,NA,NA,NA,NA,NA,NA,NA,NA,NA,NA,NA,NA,NA,NA,NA,NA,NA,NA,NA,NA,NA,NA,NA,NA,NA,NA,NA,NA,NA,NA,NA,NA,NA,NA,NA,NA,NA,NA,NA,NA,NA,NA,NA,NA,NA,NA,NA,NA,NA,NA,NA,NA,NA,NA,NA,NA,NA,NA,NA,NA,NA,NA,NA,NA,NA,NA,NA,NA,NA,NA,NA,iPcee8cad8e491e4a2,NA,NA,C,FALSE,FALSE,FALSE,FALSE,FALSE,FALSE,FALSE,0,3,0,27.666666666666668,0,0,0,1,0,0,1,NA,NA,NA,NA,NA,NA,NA,NA,NA,NA,NA,NA,NA,NA,NA,NA,NA,NA,NA,NA,NA,NA,NA,NA,NA,NA,NA,NA,NA,NA,NA,NA,NA,NA,NA,NA,NA,NA,NA,NA,NA,NA,NA,NA,NA,NA,NA,NA,NA,NA,NA,NA,NA,NA,NA,NA,NA,NA,NA,NA,NA,NA,NA,NA,NA,NA,NA,NA,NA,NA,NA,NA,NA,NA,NA,NA,NA,NA,NA,NA,NA,NA,NA,NA,NA,NA,NA,NA,NA,NA,NA,NA,NA,NA,NA,NA,NA,NA,NA,NA,NA,NA,NA,NA,NA,NA,NA,NA,224,22,246,0,TRUE,TRUE,TRUE,FALSE,FALSE,FALSE,NA,NA,NA,NA,NA,NA,NA,NA,NA,NA,NA,NA,NA,NA,NA,NA,NA,NA,NA,NA,NA,NA,NA,NA,NA,NA,NA,NA,NA,NA,NA,NA,NA,NA,NA,NA,TRUE,TRUE,No controls
7,1471,0,R_30bGBBKB7KTut4B,NA,NA,NA,NA,NA,NA,NA,NA,NA,NA,NA,NA,NA,NA,NA,NA,NA,NA,NA,NA,NA,NA,NA,NA,NA,NA,NA,NA,NA,NA,NA,NA,NA,NA,NA,NA,NA,NA,NA,NA,NA,NA,NA,NA,NA,NA,NA,NA,NA,NA,NA,NA,NA,NA,NA,NA,NA,NA,NA,NA,NA,NA,NA,NA,NA,NA,NA,NA,NA,NA,NA,NA,NA,NA,NA,NA,NA,NA,NA,NA,NA,NA,NA,NA,NA,NA,NA,NA,NA,NA,NA,NA,NA,NA,NA,NA,NA,NA,NA,NA,NA,NA,NA,NA,NA,NA,NA,NA,NA,NA,NA,NA,NA,NA,NA,NA,NA,NA,NA,NA,NA,NA,NA,NA,NA,NA,NA,NA,NA,NA,NA,NA,NA,NA,NA,NA,NA,NA,NA,NA,NA,NA,NA,NA,NA,NA,NA,NA,NA,NA,NA,NA,NA,NA,NA,NA,NA,NA,NA,NA,NA,NA,NA,NA,NA,NA,NA,NA,NA,NA,NA,NA,NA,NA,NA,NA,NA,NA,NA,NA,NA,NA,NA,iP9dbb702a5fe4c09e,NA,NA,C,FALSE,FALSE,FALSE,FALSE,FALSE,FALSE,FALSE,0,3,0,24.516666666666666,0,0,0,1,0,0,1,NA,NA,NA,NA,NA,NA,NA,NA,NA,NA,NA,NA,NA,NA,NA,NA,NA,NA,NA,NA,NA,NA,NA,NA,NA,NA,NA,NA,NA,NA,NA,NA,NA,NA,NA,NA,NA,NA,NA,NA,NA,NA,NA,NA,NA,NA,NA,NA,NA,NA,NA,NA,NA,NA,NA,NA,NA,NA,NA,NA,NA,NA,NA,NA,NA,NA,NA,NA,NA,NA,NA,NA,NA,NA,NA,NA,NA,NA,NA,NA,NA,NA,NA,NA,NA,NA,NA,NA,NA,NA,NA,NA,NA,NA,NA,NA,NA,NA,NA,NA,NA,NA,NA,NA,NA,NA,NA,NA,224,22,246,0,TRUE,TRUE,TRUE,FALSE,FALSE,FALSE,NA,NA,NA,NA,NA,NA,NA,NA,NA,NA,NA,NA,NA,NA,NA,NA,NA,NA,NA,NA,NA,NA,NA,NA,NA,NA,NA,NA,NA,NA,NA,NA,NA,NA,NA,NA,TRUE,TRUE,No controls
38,854,0,R_3NwZpO1iE8ESK9q,0,0,1,0,0,1,1,0,0,0,0,1,1,0,0,0,0,1,0,0,1,0,0,1,0,0,1,0,0,1,0,0,1,Never,Never,Sometimes,4,1,1,2,1,1,10,6,10,9,9,1,2,2,3,3,2,2,Purple,1,1,2,1,1,3,3,3,4,4,2,3,3,2,1,3,3,2,4,5,4,3,4,4,2,1,3,1,3,1,2,2,2,2,2,2,2,2,2,NA,NA,NA,NA,NA,NA,NA,NA,NA,NA,NA,NA,NA,NA,NA,NA,NA,NA,NA,NA,NA,NA,NA,NA,NA,NA,NA,NA,NA,NA,NA,NA,NA,NA,NA,NA,NA,NA,NA,NA,NA,NA,NA,NA,NA,NA,NA,NA,NA,NA,NA,NA,NA,NA,NA,NA,NA,NA,NA,NA,NA,NA,NA,NA,NA,NA,NA,NA,NA,NA,NA,NA,NA,NA,NA,NA,NA,NA,NA,NA,NA,NA,NA,NA,NA,NA,NA,NA,NA,iPc01abbb583c88f8c,NA,NA,B,TRUE,FALSE,TRUE,FALSE,TRUE,TRUE,FALSE,2,1,2,14.233333333333333,0,0,1,1,0,0,1,62,69,44,11,92,34,28,95,50,58,49,0,73,70,71,81,94,45,92,87,74,69,90,100,0,0,68,8,0,61,79,73,26,0,77,50,34,99,48,61,76,62,NA,NA,NA,NA,NA,NA,NA,NA,NA,NA,NA,NA,NA,NA,NA,NA,NA,NA,NA,NA,NA,NA,NA,84,79,80,78,85,48,70,47,49,61,57,62,100,98,100,57,85,99,66,79,51,NA,NA,NA,NA,NA,NA,NA,NA,NA,NA,NA,NA,NA,NA,NA,NA,NA,NA,NA,NA,NA,NA,88,0,88,0,TRUE,FALSE,TRUE,FALSE,FALSE,FALSE,0,0,1,0,0,NA,NA,NA,NA,NA,NA,58.44444444444444,-0.4278290061082264,1,7,Punish (7),3,3,3,2.5,1,2,2,1,3,2,2,2,2.5,2.5,2.5,5,1,5,4,4,TRUE,TRUE,No controls
7,2876,0,R_5l3jpe2tHvywNbJ,NA,NA,NA,NA,NA,NA,NA,NA,NA,NA,NA,NA,NA,NA,NA,NA,NA,NA,NA,NA,NA,NA,NA,NA,NA,NA,NA,NA,NA,NA,NA,NA,NA,NA,NA,NA,NA,NA,NA,NA,NA,NA,NA,NA,NA,NA,NA,NA,NA,NA,NA,NA,NA,NA,NA,NA,NA,NA,NA,NA,NA,NA,NA,NA,NA,NA,NA,NA,NA,NA,NA,NA,NA,NA,NA,NA,NA,NA,NA,NA,NA,NA,NA,NA,NA,NA,NA,NA,NA,NA,NA,NA,NA,NA,NA,NA,NA,NA,NA,NA,NA,NA,NA,NA,NA,NA,NA,NA,NA,NA,NA,NA,NA,NA,NA,NA,NA,NA,NA,NA,NA,NA,NA,NA,NA,NA,NA,NA,NA,NA,NA,NA,NA,NA,NA,NA,NA,NA,NA,NA,NA,NA,NA,NA,NA,NA,NA,NA,NA,NA,NA,NA,NA,NA,NA,NA,NA,NA,NA,NA,NA,NA,NA,NA,NA,NA,NA,NA,NA,NA,NA,NA,NA,NA,NA,NA,NA,NA,NA,NA,NA,NA,NA,iPfc6129857c658159,NA,NA,C,FALSE,FALSE,FALSE,FALSE,FALSE,FALSE,FALSE,0,3,0,47.93333333333333,0,0,0,0,0,0,1,NA,NA,NA,NA,NA,NA,NA,NA,NA,NA,NA,NA,NA,NA,NA,NA,NA,NA,NA,NA,NA,NA,NA,NA,NA,NA,NA,NA,NA,NA,NA,NA,NA,NA,NA,NA,NA,NA,NA,NA,NA,NA,NA,NA,NA,NA,NA,NA,NA,NA,NA,NA,NA,NA,NA,NA,NA,NA,NA,NA,NA,NA,NA,NA,NA,NA,NA,NA,NA,NA,NA,NA,NA,NA,NA,NA,NA,NA,NA,NA,NA,NA,NA,NA,NA,NA,NA,NA,NA,NA,NA,NA,NA,NA,NA,NA,NA,NA,NA,NA,NA,NA,NA,NA,NA,NA,NA,NA,224,22,246,0,TRUE,TRUE,TRUE,FALSE,FALSE,FALSE,NA,NA,NA,NA,NA,NA,NA,NA,NA,NA,NA,NA,NA,NA,NA,NA,NA,NA,NA,NA,NA,NA,NA,NA,NA,NA,NA,NA,NA,NA,NA,NA,NA,NA,NA,NA,TRUE,TRUE,No controls
11,27734,0,R_5QniY59HghHmD8m,NA,1,0,NA,0,1,1,0,0,-99,-99,-99,1,0,0,0,0,1,0,0,1,0,0,1,1,0,0,0,0,1,0,0,1,NA,NA,NA,NA,NA,NA,NA,NA,NA,NA,NA,NA,NA,NA,NA,NA,NA,NA,NA,NA,NA,NA,NA,NA,NA,NA,NA,NA,NA,NA,NA,NA,NA,NA,NA,NA,NA,NA,NA,NA,NA,NA,NA,NA,NA,NA,NA,NA,NA,NA,NA,NA,NA,NA,NA,NA,NA,NA,NA,NA,NA,NA,NA,NA,NA,NA,NA,NA,NA,NA,NA,NA,NA,NA,NA,NA,NA,NA,NA,NA,NA,NA,NA,NA,NA,NA,NA,NA,NA,NA,NA,NA,NA,NA,NA,NA,NA,NA,NA,NA,NA,NA,NA,NA,NA,NA,NA,NA,NA,NA,NA,NA,NA,NA,NA,NA,NA,NA,NA,NA,NA,NA,NA,NA,NA,NA,NA,NA,NA,NA,NA,NA,NA,NA,NA,NA,NA,NA,NA,NA,NA,NA,NA,NA,NA,NA,NA,NA,NA,NA,iP963aa35b8d2cefd4,NA,NA,B,FALSE,FALSE,FALSE,FALSE,FALSE,FALSE,FALSE,0,3,0,462.23333333333335,0,0,0,0,1,1,1,65,66,35,27,66,NA,26,63,25,NA,25,31,42,67,NA,78,61,67,38,68,58,45,NA,NA,NA,32,65,5,NA,14,59,14,31,39,30,0,57,NA,NA,NA,NA,29,NA,NA,NA,NA,NA,NA,NA,NA,NA,NA,NA,NA,NA,NA,NA,NA,NA,NA,NA,NA,NA,NA,NA,36,71,NA,39,NA,0,75,10,39,71,NA,44,96,88,78,NA,33,38,33,32,16,NA,NA,NA,NA,NA,NA,NA,NA,NA,NA,NA,NA,NA,NA,NA,NA,NA,NA,NA,NA,NA,NA,160,4,164,0,TRUE,TRUE,TRUE,FALSE,FALSE,FALSE,1,NA,NA,1,NA,NA,NA,NA,NA,NA,NA,56.625,-0.5227925236180895,NA,NA,NA,NA,NA,NA,NA,NA,NA,NA,NA,NA,NA,NA,NA,NA,NA,NA,NA,NA,NA,NA,NA,TRUE,TRUE,No controls
32,1806,0,R_10qJq5u3FFU8KeT,0,0,1,0,1,0,1,1,0,0,1,0,1,1,0,0,0,1,0,0,1,0,0,1,1,0,0,1,0,0,0,0,1,Frequently,Rarely,Sometimes,4,1,1,1,1,1,10,9,10,10,8,5,2,3,2,3,2,3,Purple,2,2,3,3,4,2,2,1,2,2,1,1,1,1,1,2,1,1,NA,NA,NA,NA,NA,NA,NA,NA,NA,NA,NA,NA,NA,NA,NA,NA,NA,NA,NA,NA,NA,NA,NA,NA,NA,NA,NA,NA,NA,NA,NA,NA,NA,NA,NA,NA,NA,NA,NA,NA,NA,NA,NA,NA,NA,NA,NA,NA,NA,NA,NA,NA,NA,NA,NA,NA,NA,NA,NA,NA,NA,NA,NA,NA,NA,NA,NA,NA,NA,NA,NA,NA,NA,NA,NA,NA,NA,NA,NA,NA,NA,NA,NA,NA,NA,NA,NA,NA,NA,NA,NA,NA,NA,NA,NA,NA,NA,NA,NA,NA,NA,NA,NA,NA,NA,NA,NA,NA,NA,NA,iP4962f2416453cc85,NA,NA,B,TRUE,FALSE,TRUE,FALSE,TRUE,TRUE,FALSE,2,1,2,30.1,0,0,0,0,0,0,1,100,100,100,100,100,100,50,100,100,100,100,100,100,100,100,100,100,100,100,100,50,100,100,100,50,50,100,50,15,100,100,100,100,100,100,100,100,100,50,50,100,100,NA,NA,NA,NA,NA,NA,NA,NA,NA,NA,NA,NA,NA,NA,NA,NA,NA,NA,NA,NA,NA,NA,NA,100,100,100,100,100,50,100,100,100,93,40,100,100,100,100,100,100,100,100,100,99,NA,NA,NA,NA,NA,NA,NA,NA,NA,NA,NA,NA,NA,NA,NA,NA,NA,NA,NA,NA,NA,NA,109,0,109,0,TRUE,FALSE,TRUE,FALSE,FALSE,FALSE,0,0,1,0,0,NA,NA,NA,NA,NA,NA,85,0.9582034021273328,5,3,Rehab (3),3,3,3,2.75,3,3,3,3,3,1,3,3,4,4,4,5,4,5,5,3,TRUE,TRUE,No controls
7,155182,0,R_7ow1fdvTNmxYZ4M,NA,NA,NA,NA,NA,NA,NA,NA,NA,NA,NA,NA,NA,NA,NA,NA,NA,NA,NA,NA,NA,NA,NA,NA,NA,NA,NA,NA,NA,NA,NA,NA,NA,NA,NA,NA,NA,NA,NA,NA,NA,NA,NA,NA,NA,NA,NA,NA,NA,NA,NA,NA,NA,NA,NA,NA,NA,NA,NA,NA,NA,NA,NA,NA,NA,NA,NA,NA,NA,NA,NA,NA,NA,NA,NA,NA,NA,NA,NA,NA,NA,NA,NA,NA,NA,NA,NA,NA,NA,NA,NA,NA,NA,NA,NA,NA,NA,NA,NA,NA,NA,NA,NA,NA,NA,NA,NA,NA,NA,NA,NA,NA,NA,NA,NA,NA,NA,NA,NA,NA,NA,NA,NA,NA,NA,NA,NA,NA,NA,NA,NA,NA,NA,NA,NA,NA,NA,NA,NA,NA,NA,NA,NA,NA,NA,NA,NA,NA,NA,NA,NA,NA,NA,NA,NA,NA,NA,NA,NA,NA,NA,NA,NA,NA,NA,NA,NA,NA,NA,NA,NA,NA,NA,NA,NA,NA,NA,NA,NA,NA,NA,NA,NA,iP347cb1b8eb5f48da,NA,NA,C,FALSE,FALSE,FALSE,FALSE,FALSE,FALSE,FALSE,0,3,0,2586.366666666667,0,0,0,0,1,1,1,NA,NA,NA,NA,NA,NA,NA,NA,NA,NA,NA,NA,NA,NA,NA,NA,NA,NA,NA,NA,NA,NA,NA,NA,NA,NA,NA,NA,NA,NA,NA,NA,NA,NA,NA,NA,NA,NA,NA,NA,NA,NA,NA,NA,NA,NA,NA,NA,NA,NA,NA,NA,NA,NA,NA,NA,NA,NA,NA,NA,NA,NA,NA,NA,NA,NA,NA,NA,NA,NA,NA,NA,NA,NA,NA,NA,NA,NA,NA,NA,NA,NA,NA,NA,NA,NA,NA,NA,NA,NA,NA,NA,NA,NA,NA,NA,NA,NA,NA,NA,NA,NA,NA,NA,NA,NA,NA,NA,224,22,246,0,TRUE,TRUE,TRUE,FALSE,FALSE,FALSE,NA,NA,NA,NA,NA,NA,NA,NA,NA,NA,NA,NA,NA,NA,NA,NA,NA,NA,NA,NA,NA,NA,NA,NA,NA,NA,NA,NA,NA,NA,NA,NA,NA,NA,NA,NA,TRUE,TRUE,No controls
7,641,0,R_69aIfn5pUXgv78w,NA,NA,NA,NA,NA,NA,NA,NA,NA,NA,NA,NA,NA,NA,NA,NA,NA,NA,NA,NA,NA,NA,NA,NA,NA,NA,NA,NA,NA,NA,NA,NA,NA,NA,NA,NA,NA,NA,NA,NA,NA,NA,NA,NA,NA,NA,NA,NA,NA,NA,NA,NA,NA,NA,NA,NA,NA,NA,NA,NA,NA,NA,NA,NA,NA,NA,NA,NA,NA,NA,NA,NA,NA,NA,NA,NA,NA,NA,NA,NA,NA,NA,NA,NA,NA,NA,NA,NA,NA,NA,NA,NA,NA,NA,NA,NA,NA,NA,NA,NA,NA,NA,NA,NA,NA,NA,NA,NA,NA,NA,NA,NA,NA,NA,NA,NA,NA,NA,NA,NA,NA,NA,NA,NA,NA,NA,NA,NA,NA,NA,NA,NA,NA,NA,NA,NA,NA,NA,NA,NA,NA,NA,NA,NA,NA,NA,NA,NA,NA,NA,NA,NA,NA,NA,NA,NA,NA,NA,NA,NA,NA,NA,NA,NA,NA,NA,NA,NA,NA,NA,NA,NA,NA,NA,NA,NA,NA,NA,NA,NA,NA,NA,NA,iP72ab414724fa740a,NA,NA,C,FALSE,FALSE,FALSE,FALSE,FALSE,FALSE,FALSE,0,3,0,10.683333333333334,0,1,1,1,0,0,1,NA,NA,NA,NA,NA,NA,NA,NA,NA,NA,NA,NA,NA,NA,NA,NA,NA,NA,NA,NA,NA,NA,NA,NA,NA,NA,NA,NA,NA,NA,NA,NA,NA,NA,NA,NA,NA,NA,NA,NA,NA,NA,NA,NA,NA,NA,NA,NA,NA,NA,NA,NA,NA,NA,NA,NA,NA,NA,NA,NA,NA,NA,NA,NA,NA,NA,NA,NA,NA,NA,NA,NA,NA,NA,NA,NA,NA,NA,NA,NA,NA,NA,NA,NA,NA,NA,NA,NA,NA,NA,NA,NA,NA,NA,NA,NA,NA,NA,NA,NA,NA,NA,NA,NA,NA,NA,NA,NA,224,22,246,0,TRUE,TRUE,TRUE,FALSE,FALSE,FALSE,NA,NA,NA,NA,NA,NA,NA,NA,NA,NA,NA,NA,NA,NA,NA,NA,NA,NA,NA,NA,NA,NA,NA,NA,NA,NA,NA,NA,NA,NA,NA,NA,NA,NA,NA,NA,TRUE,TRUE,No controls
8,541,0,R_62YdVvcOskWxg5x,NA,NA,NA,NA,NA,NA,NA,NA,NA,NA,NA,NA,NA,NA,NA,NA,NA,NA,NA,NA,NA,NA,NA,NA,NA,NA,NA,NA,NA,NA,NA,NA,NA,NA,NA,NA,NA,NA,NA,NA,NA,NA,NA,NA,NA,NA,NA,NA,NA,NA,NA,NA,NA,NA,NA,NA,NA,NA,NA,NA,NA,NA,NA,NA,NA,NA,NA,NA,NA,NA,NA,NA,NA,NA,NA,NA,NA,NA,NA,NA,NA,NA,NA,NA,NA,NA,NA,NA,NA,NA,NA,NA,NA,NA,NA,NA,NA,NA,NA,NA,NA,NA,NA,NA,NA,NA,NA,NA,NA,NA,NA,NA,NA,NA,NA,NA,NA,NA,NA,NA,NA,NA,NA,NA,NA,NA,NA,NA,NA,NA,NA,NA,NA,NA,NA,NA,NA,NA,NA,NA,NA,NA,NA,NA,NA,NA,NA,NA,NA,NA,NA,NA,NA,NA,NA,NA,NA,NA,NA,NA,NA,NA,NA,NA,NA,NA,NA,NA,NA,NA,NA,NA,NA,NA,NA,NA,NA,NA,NA,NA,NA,NA,NA,iP7a9baf7c35a16d64,NA,NA,A,FALSE,FALSE,FALSE,FALSE,FALSE,FALSE,FALSE,0,3,0,9.016666666666667,0,1,1,1,0,0,1,50,50,50,50,50,50,50,50,50,50,50,70,60,50,50,50,50,50,70,80,50,70,50,100,30,10,40,80,50,50,50,60,80,80,50,50,0,40,50,0,50,30,60,50,70,50,20,20,50,50,50,50,50,50,70,100,30,20,50,20,50,80,50,50,50,NA,NA,NA,NA,NA,NA,NA,NA,NA,NA,NA,NA,NA,NA,NA,NA,NA,NA,NA,NA,NA,NA,NA,NA,NA,NA,NA,NA,NA,NA,NA,NA,NA,NA,NA,NA,NA,NA,NA,NA,NA,NA,NA,182,0,182,0,TRUE,TRUE,TRUE,FALSE,FALSE,FALSE,NA,NA,NA,NA,NA,NA,NA,NA,NA,NA,NA,56.666666666666664,-0.520617786575879,NA,NA,NA,NA,NA,NA,NA,NA,NA,NA,NA,NA,NA,NA,NA,NA,NA,NA,NA,NA,NA,NA,NA,TRUE,TRUE,No controls
7,1343,0,R_31VNmnnEFpGADKN,NA,NA,NA,NA,NA,NA,NA,NA,NA,NA,NA,NA,NA,NA,NA,NA,NA,NA,NA,NA,NA,NA,NA,NA,NA,NA,NA,NA,NA,NA,NA,NA,NA,NA,NA,NA,NA,NA,NA,NA,NA,NA,NA,NA,NA,NA,NA,NA,NA,NA,NA,NA,NA,NA,NA,NA,NA,NA,NA,NA,NA,NA,NA,NA,NA,NA,NA,NA,NA,NA,NA,NA,NA,NA,NA,NA,NA,NA,NA,NA,NA,NA,NA,NA,NA,NA,NA,NA,NA,NA,NA,NA,NA,NA,NA,NA,NA,NA,NA,NA,NA,NA,NA,NA,NA,NA,NA,NA,NA,NA,NA,NA,NA,NA,NA,NA,NA,NA,NA,NA,NA,NA,NA,NA,NA,NA,NA,NA,NA,NA,NA,NA,NA,NA,NA,NA,NA,NA,NA,NA,NA,NA,NA,NA,NA,NA,NA,NA,NA,NA,NA,NA,NA,NA,NA,NA,NA,NA,NA,NA,NA,NA,NA,NA,NA,NA,NA,NA,NA,NA,NA,NA,NA,NA,NA,NA,NA,NA,NA,NA,NA,NA,NA,iPfa7156ba90a32812,NA,NA,C,FALSE,FALSE,FALSE,FALSE,FALSE,FALSE,FALSE,0,3,0,22.383333333333333,0,0,0,1,0,0,1,NA,NA,NA,NA,NA,NA,NA,NA,NA,NA,NA,NA,NA,NA,NA,NA,NA,NA,NA,NA,NA,NA,NA,NA,NA,NA,NA,NA,NA,NA,NA,NA,NA,NA,NA,NA,NA,NA,NA,NA,NA,NA,NA,NA,NA,NA,NA,NA,NA,NA,NA,NA,NA,NA,NA,NA,NA,NA,NA,NA,NA,NA,NA,NA,NA,NA,NA,NA,NA,NA,NA,NA,NA,NA,NA,NA,NA,NA,NA,NA,NA,NA,NA,NA,NA,NA,NA,NA,NA,NA,NA,NA,NA,NA,NA,NA,NA,NA,NA,NA,NA,NA,NA,NA,NA,NA,NA,NA,224,22,246,0,TRUE,TRUE,TRUE,FALSE,FALSE,FALSE,NA,NA,NA,NA,NA,NA,NA,NA,NA,NA,NA,NA,NA,NA,NA,NA,NA,NA,NA,NA,NA,NA,NA,NA,NA,NA,NA,NA,NA,NA,NA,NA,NA,NA,NA,NA,TRUE,TRUE,No controls
18,1325,0,R_5Dv94mfH6tWqcHU,0,0,1,0,0,1,0,1,0,0,1,0,0,1,0,0,0,1,0,1,0,0,0,1,0,0,1,0,1,0,0,0,1,Rarely,Never,Rarely,4,2,2,2,2,2,NA,NA,NA,NA,NA,NA,NA,NA,NA,NA,NA,NA,NA,NA,NA,NA,NA,NA,NA,NA,NA,NA,NA,NA,NA,NA,NA,NA,NA,NA,NA,NA,NA,NA,NA,NA,NA,NA,NA,NA,NA,NA,NA,NA,NA,NA,NA,NA,NA,NA,NA,NA,NA,NA,NA,NA,NA,NA,NA,NA,NA,NA,NA,NA,NA,NA,NA,NA,NA,NA,NA,NA,NA,NA,NA,NA,NA,NA,NA,NA,NA,NA,NA,NA,NA,NA,NA,NA,NA,NA,NA,NA,NA,NA,NA,NA,NA,NA,NA,NA,NA,NA,NA,NA,NA,NA,NA,NA,NA,NA,NA,NA,NA,NA,NA,NA,NA,NA,NA,NA,NA,NA,NA,NA,NA,NA,NA,NA,NA,NA,NA,NA,NA,NA,NA,NA,NA,NA,NA,NA,NA,iP4267fef333222118,NA,NA,B,TRUE,FALSE,FALSE,FALSE,TRUE,FALSE,FALSE,1,2,1,22.083333333333332,0,0,0,1,0,0,1,66,50,61,67,66,61,50,68,50,50,89,79,39,50,71,50,78,50,100,62,50,78,59,63,43,50,50,68,24,62,92,50,50,50,50,56,35,35,28,39,61,79,NA,NA,NA,NA,NA,NA,NA,NA,NA,NA,NA,NA,NA,NA,NA,NA,NA,NA,NA,NA,NA,NA,NA,60,32,50,64,50,26,14,3,78,3,0,50,81,93,100,67,100,97,100,26,50,NA,NA,NA,NA,NA,NA,NA,NA,NA,NA,NA,NA,NA,NA,NA,NA,NA,NA,NA,NA,NA,NA,140,0,140,0,TRUE,TRUE,TRUE,FALSE,FALSE,FALSE,0,0,1,0,0,NA,NA,NA,NA,NA,NA,52.333333333333336,-0.7467904389657817,NA,NA,NA,NA,NA,NA,NA,NA,NA,NA,NA,NA,NA,NA,NA,NA,NA,NA,NA,NA,NA,NA,NA,TRUE,TRUE,No controls
7,986,0,R_6ZPItrV97ueqMKt,NA,NA,NA,NA,NA,NA,NA,NA,NA,NA,NA,NA,NA,NA,NA,NA,NA,NA,NA,NA,NA,NA,NA,NA,NA,NA,NA,NA,NA,NA,NA,NA,NA,NA,NA,NA,NA,NA,NA,NA,NA,NA,NA,NA,NA,NA,NA,NA,NA,NA,NA,NA,NA,NA,NA,NA,NA,NA,NA,NA,NA,NA,NA,NA,NA,NA,NA,NA,NA,NA,NA,NA,NA,NA,NA,NA,NA,NA,NA,NA,NA,NA,NA,NA,NA,NA,NA,NA,NA,NA,NA,NA,NA,NA,NA,NA,NA,NA,NA,NA,NA,NA,NA,NA,NA,NA,NA,NA,NA,NA,NA,NA,NA,NA,NA,NA,NA,NA,NA,NA,NA,NA,NA,NA,NA,NA,NA,NA,NA,NA,NA,NA,NA,NA,NA,NA,NA,NA,NA,NA,NA,NA,NA,NA,NA,NA,NA,NA,NA,NA,NA,NA,NA,NA,NA,NA,NA,NA,NA,NA,NA,NA,NA,NA,NA,NA,NA,NA,NA,NA,NA,NA,NA,NA,NA,NA,NA,NA,NA,NA,NA,NA,NA,iP09bb80910795218f,NA,NA,C,FALSE,FALSE,FALSE,FALSE,FALSE,FALSE,FALSE,0,3,0,16.433333333333334,0,0,1,1,0,0,1,NA,NA,NA,NA,NA,NA,NA,NA,NA,NA,NA,NA,NA,NA,NA,NA,NA,NA,NA,NA,NA,NA,NA,NA,NA,NA,NA,NA,NA,NA,NA,NA,NA,NA,NA,NA,NA,NA,NA,NA,NA,NA,NA,NA,NA,NA,NA,NA,NA,NA,NA,NA,NA,NA,NA,NA,NA,NA,NA,NA,NA,NA,NA,NA,NA,NA,NA,NA,NA,NA,NA,NA,NA,NA,NA,NA,NA,NA,NA,NA,NA,NA,NA,NA,NA,NA,NA,NA,NA,NA,NA,NA,NA,NA,NA,NA,NA,NA,NA,NA,NA,NA,NA,NA,NA,NA,NA,NA,224,22,246,0,TRUE,TRUE,TRUE,FALSE,FALSE,FALSE,NA,NA,NA,NA,NA,NA,NA,NA,NA,NA,NA,NA,NA,NA,NA,NA,NA,NA,NA,NA,NA,NA,NA,NA,NA,NA,NA,NA,NA,NA,NA,NA,NA,NA,NA,NA,TRUE,TRUE,No controls
7,2142,0,R_3qpyY9PvwMJI98n,NA,NA,NA,NA,NA,NA,NA,NA,NA,NA,NA,NA,NA,NA,NA,NA,NA,NA,NA,NA,NA,NA,NA,NA,NA,NA,NA,NA,NA,NA,NA,NA,NA,NA,NA,NA,NA,NA,NA,NA,NA,NA,NA,NA,NA,NA,NA,NA,NA,NA,NA,NA,NA,NA,NA,NA,NA,NA,NA,NA,NA,NA,NA,NA,NA,NA,NA,NA,NA,NA,NA,NA,NA,NA,NA,NA,NA,NA,NA,NA,NA,NA,NA,NA,NA,NA,NA,NA,NA,NA,NA,NA,NA,NA,NA,NA,NA,NA,NA,NA,NA,NA,NA,NA,NA,NA,NA,NA,NA,NA,NA,NA,NA,NA,NA,NA,NA,NA,NA,NA,NA,NA,NA,NA,NA,NA,NA,NA,NA,NA,NA,NA,NA,NA,NA,NA,NA,NA,NA,NA,NA,NA,NA,NA,NA,NA,NA,NA,NA,NA,NA,NA,NA,NA,NA,NA,NA,NA,NA,NA,NA,NA,NA,NA,NA,NA,NA,NA,NA,NA,NA,NA,NA,NA,NA,NA,NA,NA,NA,NA,NA,NA,NA,iPb2970e4a2856da2f,NA,NA,C,FALSE,FALSE,FALSE,FALSE,FALSE,FALSE,FALSE,0,3,0,35.7,0,0,0,0,0,0,1,NA,NA,NA,NA,NA,NA,NA,NA,NA,NA,NA,NA,NA,NA,NA,NA,NA,NA,NA,NA,NA,NA,NA,NA,NA,NA,NA,NA,NA,NA,NA,NA,NA,NA,NA,NA,NA,NA,NA,NA,NA,NA,NA,NA,NA,NA,NA,NA,NA,NA,NA,NA,NA,NA,NA,NA,NA,NA,NA,NA,NA,NA,NA,NA,NA,NA,NA,NA,NA,NA,NA,NA,NA,NA,NA,NA,NA,NA,NA,NA,NA,NA,NA,NA,NA,NA,NA,NA,NA,NA,NA,NA,NA,NA,NA,NA,NA,NA,NA,NA,NA,NA,NA,NA,NA,NA,NA,NA,224,22,246,0,TRUE,TRUE,TRUE,FALSE,FALSE,FALSE,NA,NA,NA,NA,NA,NA,NA,NA,NA,NA,NA,NA,NA,NA,NA,NA,NA,NA,NA,NA,NA,NA,NA,NA,NA,NA,NA,NA,NA,NA,NA,NA,NA,NA,NA,NA,TRUE,TRUE,No controls
32,962,0,R_3O86xNweIyvrUIC,1,1,0,1,1,0,1,1,0,0,1,0,1,1,0,0,0,1,0,1,0,0,1,0,1,1,0,1,1,0,1,1,0,Sometimes,Never,Sometimes,4,2,1,1,1,1,8,10,10,10,10,7,1,3,3,3,2,3,Purple,2,2,2,1,1,4,1,4,1,1,1,1,2,1,1,1,1,2,NA,NA,NA,NA,NA,NA,NA,NA,NA,NA,NA,NA,NA,NA,NA,NA,NA,NA,NA,NA,NA,NA,NA,NA,NA,NA,NA,NA,NA,NA,NA,NA,NA,NA,NA,NA,NA,NA,NA,NA,NA,NA,NA,NA,NA,NA,NA,NA,NA,NA,NA,NA,NA,NA,NA,NA,NA,NA,NA,NA,NA,NA,NA,NA,NA,NA,NA,NA,NA,NA,NA,NA,NA,NA,NA,NA,NA,NA,NA,NA,NA,NA,NA,NA,NA,NA,NA,NA,NA,NA,NA,NA,NA,NA,NA,NA,NA,NA,NA,NA,NA,NA,NA,NA,NA,NA,NA,NA,NA,NA,iP520e76bfc197c53d,NA,NA,B,TRUE,FALSE,TRUE,FALSE,TRUE,TRUE,FALSE,2,1,2,16.033333333333335,0,0,1,1,0,0,1,50,50,50,50,50,50,50,50,50,50,50,50,50,50,50,50,50,50,50,50,50,50,50,50,50,50,50,50,50,50,50,50,50,50,50,50,50,50,50,50,50,50,NA,NA,NA,NA,NA,NA,NA,NA,NA,NA,NA,NA,NA,NA,NA,NA,NA,NA,NA,NA,NA,NA,NA,50,50,50,50,50,50,50,50,50,50,50,50,50,50,50,50,50,50,50,50,50,NA,NA,NA,NA,NA,NA,NA,NA,NA,NA,NA,NA,NA,NA,NA,NA,NA,NA,NA,NA,NA,NA,109,0,109,0,TRUE,FALSE,TRUE,FALSE,FALSE,FALSE,1,1,0,1,1,NA,NA,NA,NA,NA,NA,50,-0.8685757133295756,7,1,Rehab (1),4,3,3.5,3,3,3,1,3,3,3,3,3,4,4,4,3,5,5,5,5,TRUE,TRUE,No controls
11,764,0,R_1JwtyLm2p9P51CN,NA,NA,1,1,0,0,0,1,0,1,0,0,1,1,0,0,0,1,0,1,0,0,1,0,1,1,0,1,0,0,0,0,1,NA,NA,NA,NA,NA,NA,NA,NA,NA,NA,NA,NA,NA,NA,NA,NA,NA,NA,NA,NA,NA,NA,NA,NA,NA,NA,NA,NA,NA,NA,NA,NA,NA,NA,NA,NA,NA,NA,NA,NA,NA,NA,NA,NA,NA,NA,NA,NA,NA,NA,NA,NA,NA,NA,NA,NA,NA,NA,NA,NA,NA,NA,NA,NA,NA,NA,NA,NA,NA,NA,NA,NA,NA,NA,NA,NA,NA,NA,NA,NA,NA,NA,NA,NA,NA,NA,NA,NA,NA,NA,NA,NA,NA,NA,NA,NA,NA,NA,NA,NA,NA,NA,NA,NA,NA,NA,NA,NA,NA,NA,NA,NA,NA,NA,NA,NA,NA,NA,NA,NA,NA,NA,NA,NA,NA,NA,NA,NA,NA,NA,NA,NA,NA,NA,NA,NA,NA,NA,NA,NA,NA,NA,NA,NA,NA,NA,NA,NA,NA,NA,iPa7735af5d2a5969b,NA,NA,C,FALSE,FALSE,FALSE,FALSE,FALSE,FALSE,FALSE,0,3,0,12.733333333333333,0,0,1,1,0,0,1,79,100,82,85,74,74,70,73,87,80,90,89,79,74,80,82,81,62,27,75,43,87,73,100,51,57,85,71,67,34,75,77,78,92,37,28,72,32,19,13,74,70,NA,NA,NA,NA,NA,NA,NA,NA,NA,NA,NA,NA,NA,NA,NA,NA,NA,NA,NA,NA,NA,NA,NA,NA,NA,NA,NA,NA,NA,NA,NA,NA,NA,NA,NA,NA,NA,NA,NA,NA,NA,NA,NA,NA,76,68,72,71,76,84,84,94,74,28,98,5,63,67,71,91,89,73,76,68,85,100,149,0,149,0,TRUE,TRUE,TRUE,FALSE,FALSE,FALSE,1,NA,1,NA,1,NA,NA,NA,NA,NA,NA,75.11111111111111,0.44206581077601587,NA,NA,NA,NA,NA,NA,NA,NA,NA,NA,NA,NA,NA,NA,NA,NA,NA,NA,NA,NA,NA,NA,NA,TRUE,TRUE,No controls
18,551,0,R_35Tx7VuDvoYjKa5,1,NA,0,NA,0,1,0,0,1,0,0,1,1,0,0,0,0,1,0,0,1,0,0,1,0,0,1,1,0,0,0,0,1,Sometimes,Never,Sometimes,4,2,2,2,2,2,NA,NA,NA,NA,NA,NA,NA,NA,NA,NA,NA,NA,NA,NA,NA,NA,NA,NA,NA,NA,NA,NA,NA,NA,NA,NA,NA,NA,NA,NA,NA,NA,NA,NA,NA,NA,NA,NA,NA,NA,NA,NA,NA,NA,NA,NA,NA,NA,NA,NA,NA,NA,NA,NA,NA,NA,NA,NA,NA,NA,NA,NA,NA,NA,NA,NA,NA,NA,NA,NA,NA,NA,NA,NA,NA,NA,NA,NA,NA,NA,NA,NA,NA,NA,NA,NA,NA,NA,NA,NA,NA,NA,NA,NA,NA,NA,NA,NA,NA,NA,NA,NA,NA,NA,NA,NA,NA,NA,NA,NA,NA,NA,NA,NA,NA,NA,NA,NA,NA,NA,NA,NA,NA,NA,NA,NA,NA,NA,NA,NA,NA,NA,NA,NA,NA,NA,NA,NA,NA,NA,NA,iPef6676597c567428,NA,NA,A,TRUE,FALSE,FALSE,FALSE,TRUE,FALSE,FALSE,1,2,1,9.183333333333334,0,1,1,1,0,0,1,NA,60,NA,NA,70,30,NA,60,NA,80,70,70,60,NA,NA,90,90,80,40,80,20,80,70,100,NA,70,80,30,NA,NA,NA,10,20,30,NA,30,20,80,10,10,30,NA,NA,20,NA,90,20,30,60,NA,30,NA,20,20,70,NA,NA,30,NA,70,NA,90,90,90,0,NA,NA,NA,NA,NA,NA,NA,NA,NA,NA,NA,NA,NA,NA,NA,NA,NA,NA,NA,NA,NA,NA,NA,NA,NA,NA,NA,NA,NA,NA,NA,NA,NA,NA,NA,NA,NA,NA,NA,NA,NA,NA,NA,153,8,161,0,TRUE,TRUE,TRUE,FALSE,FALSE,FALSE,1,1,NA,NA,NA,NA,NA,NA,NA,NA,NA,72.85714285714286,0.3244228926830994,NA,NA,NA,NA,NA,NA,NA,NA,NA,NA,NA,NA,NA,NA,NA,NA,NA,NA,NA,NA,NA,NA,NA,TRUE,TRUE,No controls
18,4169,0,R_3jE9IamU4HYOM9i,NA,1,0,NA,0,1,0,1,0,0,0,1,0,1,0,0,0,1,0,1,0,0,0,1,0,0,1,0,0,1,0,0,1,Sometimes,Never,Never,4,2,2,2,2,2,NA,NA,NA,NA,NA,NA,NA,NA,NA,NA,NA,NA,NA,NA,NA,NA,NA,NA,NA,NA,NA,NA,NA,NA,NA,NA,NA,NA,NA,NA,NA,NA,NA,NA,NA,NA,NA,NA,NA,NA,NA,NA,NA,NA,NA,NA,NA,NA,NA,NA,NA,NA,NA,NA,NA,NA,NA,NA,NA,NA,NA,NA,NA,NA,NA,NA,NA,NA,NA,NA,NA,NA,NA,NA,NA,NA,NA,NA,NA,NA,NA,NA,NA,NA,NA,NA,NA,NA,NA,NA,NA,NA,NA,NA,NA,NA,NA,NA,NA,NA,NA,NA,NA,NA,NA,NA,NA,NA,NA,NA,NA,NA,NA,NA,NA,NA,NA,NA,NA,NA,NA,NA,NA,NA,NA,NA,NA,NA,NA,NA,NA,NA,NA,NA,NA,NA,NA,NA,NA,NA,NA,iP673d90c1859fc5cb,NA,NA,A,TRUE,FALSE,FALSE,FALSE,TRUE,FALSE,FALSE,1,2,1,69.48333333333333,0,0,0,0,1,0,1,70,70,70,70,70,70,70,70,70,70,70,10,70,70,70,70,70,70,70,70,70,70,70,70,50,70,90,60,70,70,70,70,70,70,70,70,70,70,40,50,70,70,70,70,70,70,70,70,70,70,70,70,70,70,70,70,70,70,70,70,70,70,50,70,70,NA,NA,NA,NA,NA,NA,NA,NA,NA,NA,NA,NA,NA,NA,NA,NA,NA,NA,NA,NA,NA,NA,NA,NA,NA,NA,NA,NA,NA,NA,NA,NA,NA,NA,NA,NA,NA,NA,NA,NA,NA,NA,NA,140,0,140,0,TRUE,TRUE,TRUE,FALSE,FALSE,FALSE,1,NA,NA,1,NA,NA,NA,NA,NA,NA,NA,71.11111111111111,0.23329105472379777,NA,NA,NA,NA,NA,NA,NA,NA,NA,NA,NA,NA,NA,NA,NA,NA,NA,NA,NA,NA,NA,NA,NA,TRUE,TRUE,No controls
8,533,0,R_5oLMvj3mGWup3vR,NA,NA,NA,NA,NA,NA,NA,NA,NA,NA,NA,NA,NA,NA,NA,NA,NA,NA,NA,NA,NA,NA,NA,NA,NA,NA,NA,NA,NA,NA,NA,NA,NA,NA,NA,NA,NA,NA,NA,NA,NA,NA,NA,NA,NA,NA,NA,NA,NA,NA,NA,NA,NA,NA,NA,NA,NA,NA,NA,NA,NA,NA,NA,NA,NA,NA,NA,NA,NA,NA,NA,NA,NA,NA,NA,NA,NA,NA,NA,NA,NA,NA,NA,NA,NA,NA,NA,NA,NA,NA,NA,NA,NA,NA,NA,NA,NA,NA,NA,NA,NA,NA,NA,NA,NA,NA,NA,NA,NA,NA,NA,NA,NA,NA,NA,NA,NA,NA,NA,NA,NA,NA,NA,NA,NA,NA,NA,NA,NA,NA,NA,NA,NA,NA,NA,NA,NA,NA,NA,NA,NA,NA,NA,NA,NA,NA,NA,NA,NA,NA,NA,NA,NA,NA,NA,NA,NA,NA,NA,NA,NA,NA,NA,NA,NA,NA,NA,NA,NA,NA,NA,NA,NA,NA,NA,NA,NA,NA,NA,NA,NA,NA,NA,iP85fba02461ee547f,NA,NA,A,FALSE,FALSE,FALSE,FALSE,FALSE,FALSE,FALSE,0,3,0,8.883333333333333,0,1,1,1,0,0,1,0,70,80,60,100,0,0,0,0,0,0,0,0,0,0,100,100,10,100,60,40,0,40,60,0,0,60,0,0,100,100,0,0,0,70,80,0,100,0,30,0,70,0,0,0,0,100,100,60,0,0,0,0,30,0,50,60,0,100,20,0,0,100,10,0,NA,NA,NA,NA,NA,NA,NA,NA,NA,NA,NA,NA,NA,NA,NA,NA,NA,NA,NA,NA,NA,NA,NA,NA,NA,NA,NA,NA,NA,NA,NA,NA,NA,NA,NA,NA,NA,NA,NA,NA,NA,NA,NA,182,0,182,0,TRUE,TRUE,TRUE,FALSE,FALSE,FALSE,NA,NA,NA,NA,NA,NA,NA,NA,NA,NA,NA,36.666666666666664,-1.5644915668369694,NA,NA,NA,NA,NA,NA,NA,NA,NA,NA,NA,NA,NA,NA,NA,NA,NA,NA,NA,NA,NA,NA,NA,TRUE,TRUE,No controls
7,681,0,R_6obtQItCjthavU5,NA,NA,NA,NA,NA,NA,NA,NA,NA,NA,NA,NA,NA,NA,NA,NA,NA,NA,NA,NA,NA,NA,NA,NA,NA,NA,NA,NA,NA,NA,NA,NA,NA,NA,NA,NA,NA,NA,NA,NA,NA,NA,NA,NA,NA,NA,NA,NA,NA,NA,NA,NA,NA,NA,NA,NA,NA,NA,NA,NA,NA,NA,NA,NA,NA,NA,NA,NA,NA,NA,NA,NA,NA,NA,NA,NA,NA,NA,NA,NA,NA,NA,NA,NA,NA,NA,NA,NA,NA,NA,NA,NA,NA,NA,NA,NA,NA,NA,NA,NA,NA,NA,NA,NA,NA,NA,NA,NA,NA,NA,NA,NA,NA,NA,NA,NA,NA,NA,NA,NA,NA,NA,NA,NA,NA,NA,NA,NA,NA,NA,NA,NA,NA,NA,NA,NA,NA,NA,NA,NA,NA,NA,NA,NA,NA,NA,NA,NA,NA,NA,NA,NA,NA,NA,NA,NA,NA,NA,NA,NA,NA,NA,NA,NA,NA,NA,NA,NA,NA,NA,NA,NA,NA,NA,NA,NA,NA,NA,NA,NA,NA,NA,NA,iPf8aeda888e6309a1,NA,NA,C,FALSE,FALSE,FALSE,FALSE,FALSE,FALSE,FALSE,0,3,0,11.35,0,1,1,1,0,0,1,NA,NA,NA,NA,NA,NA,NA,NA,NA,NA,NA,NA,NA,NA,NA,NA,NA,NA,NA,NA,NA,NA,NA,NA,NA,NA,NA,NA,NA,NA,NA,NA,NA,NA,NA,NA,NA,NA,NA,NA,NA,NA,NA,NA,NA,NA,NA,NA,NA,NA,NA,NA,NA,NA,NA,NA,NA,NA,NA,NA,NA,NA,NA,NA,NA,NA,NA,NA,NA,NA,NA,NA,NA,NA,NA,NA,NA,NA,NA,NA,NA,NA,NA,NA,NA,NA,NA,NA,NA,NA,NA,NA,NA,NA,NA,NA,NA,NA,NA,NA,NA,NA,NA,NA,NA,NA,NA,NA,224,22,246,0,TRUE,TRUE,TRUE,FALSE,FALSE,FALSE,NA,NA,NA,NA,NA,NA,NA,NA,NA,NA,NA,NA,NA,NA,NA,NA,NA,NA,NA,NA,NA,NA,NA,NA,NA,NA,NA,NA,NA,NA,NA,NA,NA,NA,NA,NA,TRUE,TRUE,No controls
7,3603,0,R_7od403VUthw0lYL,NA,NA,NA,NA,NA,NA,NA,NA,NA,NA,NA,NA,NA,NA,NA,NA,NA,NA,NA,NA,NA,NA,NA,NA,NA,NA,NA,NA,NA,NA,NA,NA,NA,NA,NA,NA,NA,NA,NA,NA,NA,NA,NA,NA,NA,NA,NA,NA,NA,NA,NA,NA,NA,NA,NA,NA,NA,NA,NA,NA,NA,NA,NA,NA,NA,NA,NA,NA,NA,NA,NA,NA,NA,NA,NA,NA,NA,NA,NA,NA,NA,NA,NA,NA,NA,NA,NA,NA,NA,NA,NA,NA,NA,NA,NA,NA,NA,NA,NA,NA,NA,NA,NA,NA,NA,NA,NA,NA,NA,NA,NA,NA,NA,NA,NA,NA,NA,NA,NA,NA,NA,NA,NA,NA,NA,NA,NA,NA,NA,NA,NA,NA,NA,NA,NA,NA,NA,NA,NA,NA,NA,NA,NA,NA,NA,NA,NA,NA,NA,NA,NA,NA,NA,NA,NA,NA,NA,NA,NA,NA,NA,NA,NA,NA,NA,NA,NA,NA,NA,NA,NA,NA,NA,NA,NA,NA,NA,NA,NA,NA,NA,NA,NA,iPb349b952767772fa,NA,NA,C,FALSE,FALSE,FALSE,FALSE,FALSE,FALSE,FALSE,0,3,0,60.05,0,0,0,0,1,0,1,NA,NA,NA,NA,NA,NA,NA,NA,NA,NA,NA,NA,NA,NA,NA,NA,NA,NA,NA,NA,NA,NA,NA,NA,NA,NA,NA,NA,NA,NA,NA,NA,NA,NA,NA,NA,NA,NA,NA,NA,NA,NA,NA,NA,NA,NA,NA,NA,NA,NA,NA,NA,NA,NA,NA,NA,NA,NA,NA,NA,NA,NA,NA,NA,NA,NA,NA,NA,NA,NA,NA,NA,NA,NA,NA,NA,NA,NA,NA,NA,NA,NA,NA,NA,NA,NA,NA,NA,NA,NA,NA,NA,NA,NA,NA,NA,NA,NA,NA,NA,NA,NA,NA,NA,NA,NA,NA,NA,224,22,246,0,TRUE,TRUE,TRUE,FALSE,FALSE,FALSE,NA,NA,NA,NA,NA,NA,NA,NA,NA,NA,NA,NA,NA,NA,NA,NA,NA,NA,NA,NA,NA,NA,NA,NA,NA,NA,NA,NA,NA,NA,NA,NA,NA,NA,NA,NA,TRUE,TRUE,No controls
24,543,0,R_1hub7s7iyuj0IK4,0,0,1,0,0,1,1,1,0,0,0,1,1,1,0,0,0,1,0,0,1,0,1,0,1,1,0,1,1,0,0,0,1,Sometimes,Rarely,Sometimes,4,1,1,1,1,1,8,8,9,9,10,1,1,4,4,4,1,3,purple,NA,NA,NA,NA,NA,NA,NA,NA,NA,NA,NA,NA,NA,NA,NA,NA,NA,NA,NA,NA,NA,NA,NA,NA,NA,NA,NA,NA,NA,NA,NA,NA,NA,NA,NA,NA,NA,NA,NA,NA,NA,NA,NA,NA,NA,NA,NA,NA,NA,NA,NA,NA,NA,NA,NA,NA,NA,NA,NA,NA,NA,NA,NA,NA,NA,NA,NA,NA,NA,NA,NA,NA,NA,NA,NA,NA,NA,NA,NA,NA,NA,NA,NA,NA,NA,NA,NA,NA,NA,NA,NA,NA,NA,NA,NA,NA,NA,NA,NA,NA,NA,NA,NA,NA,NA,NA,NA,NA,NA,NA,NA,NA,NA,NA,NA,NA,NA,NA,NA,NA,NA,NA,NA,NA,NA,NA,NA,NA,iP62db1c0240c252ba,NA,NA,C,TRUE,FALSE,TRUE,FALSE,TRUE,TRUE,FALSE,2,1,2,9.05,0,1,1,1,0,0,1,50,50,50,50,50,57,57,50,50,50,50,50,50,50,50,51,50,39,51,72,50,66,48,76,50,36,80,58,59,50,50,57,50,50,4,50,15,6,14,7,40,41,NA,NA,NA,NA,NA,NA,NA,NA,NA,NA,NA,NA,NA,NA,NA,NA,NA,NA,NA,NA,NA,NA,NA,NA,NA,NA,NA,NA,NA,NA,NA,NA,NA,NA,NA,NA,NA,NA,NA,NA,NA,NA,NA,NA,66,68,50,51,50,50,80,65,50,2,63,26,40,50,50,63,64,50,72,80,65,66,127,0,127,0,TRUE,TRUE,TRUE,FALSE,FALSE,FALSE,0,0,1,0,0,NA,NA,NA,NA,NA,NA,56.55555555555556,-0.526417085355107,1,7,Punish (7),4,4,4,3.75,NA,NA,NA,NA,NA,NA,NA,NA,NA,NA,NA,3,3,4,4,5,TRUE,TRUE,No controls
8,912,0,R_6n1ln5qqfEFZJD3,NA,NA,NA,NA,NA,NA,NA,NA,NA,NA,NA,NA,NA,NA,NA,NA,NA,NA,NA,NA,NA,NA,NA,NA,NA,NA,NA,NA,NA,NA,NA,NA,NA,NA,NA,NA,NA,NA,NA,NA,NA,NA,NA,NA,NA,NA,NA,NA,NA,NA,NA,NA,NA,NA,NA,NA,NA,NA,NA,NA,NA,NA,NA,NA,NA,NA,NA,NA,NA,NA,NA,NA,NA,NA,NA,NA,NA,NA,NA,NA,NA,NA,NA,NA,NA,NA,NA,NA,NA,NA,NA,NA,NA,NA,NA,NA,NA,NA,NA,NA,NA,NA,NA,NA,NA,NA,NA,NA,NA,NA,NA,NA,NA,NA,NA,NA,NA,NA,NA,NA,NA,NA,NA,NA,NA,NA,NA,NA,NA,NA,NA,NA,NA,NA,NA,NA,NA,NA,NA,NA,NA,NA,NA,NA,NA,NA,NA,NA,NA,NA,NA,NA,NA,NA,NA,NA,NA,NA,NA,NA,NA,NA,NA,NA,NA,NA,NA,NA,NA,NA,NA,NA,NA,NA,NA,NA,NA,NA,NA,NA,NA,NA,NA,iP0948a06df41f3393,NA,NA,B,FALSE,FALSE,FALSE,FALSE,FALSE,FALSE,FALSE,0,3,0,15.2,0,0,1,1,0,0,1,60,77,50,55,40,50,16,40,60,30,55,60,35,50,50,50,39,35,39,85,30,70,55,80,5,30,60,63,50,20,50,55,40,58,10,51,8,25,0,5,15,50,NA,NA,NA,NA,NA,NA,NA,NA,NA,NA,NA,NA,NA,NA,NA,NA,NA,NA,NA,NA,NA,NA,NA,80,25,50,65,37,5,20,20,40,50,0,50,34,77,77,89,70,75,44,34,45,NA,NA,NA,NA,NA,NA,NA,NA,NA,NA,NA,NA,NA,NA,NA,NA,NA,NA,NA,NA,NA,NA,182,0,182,0,TRUE,TRUE,TRUE,FALSE,FALSE,FALSE,NA,NA,NA,NA,NA,NA,NA,NA,NA,NA,NA,51.888888888888886,-0.769987634082695,NA,NA,NA,NA,NA,NA,NA,NA,NA,NA,NA,NA,NA,NA,NA,NA,NA,NA,NA,NA,NA,NA,NA,TRUE,TRUE,No controls
10,1245,0,R_5EouxiLZaUSLYOT,NA,NA,NA,NA,NA,NA,NA,NA,NA,NA,NA,NA,NA,NA,NA,NA,NA,NA,NA,NA,NA,NA,NA,NA,NA,NA,NA,NA,NA,NA,NA,NA,NA,NA,NA,NA,NA,NA,NA,NA,NA,NA,NA,NA,NA,NA,NA,NA,NA,NA,NA,NA,NA,NA,NA,NA,NA,NA,NA,NA,NA,NA,NA,NA,NA,NA,NA,NA,NA,NA,NA,NA,NA,NA,NA,NA,NA,NA,NA,NA,NA,NA,NA,NA,NA,NA,NA,NA,NA,NA,NA,NA,NA,NA,NA,NA,NA,NA,NA,NA,NA,NA,NA,NA,NA,NA,NA,NA,NA,NA,NA,NA,NA,NA,NA,NA,NA,NA,NA,NA,NA,NA,NA,NA,NA,NA,NA,NA,NA,NA,NA,NA,NA,NA,NA,NA,NA,NA,NA,NA,NA,NA,NA,NA,NA,NA,NA,NA,NA,NA,NA,NA,NA,NA,NA,NA,NA,NA,NA,NA,NA,NA,NA,NA,NA,NA,NA,NA,NA,NA,NA,NA,NA,NA,NA,NA,NA,NA,NA,NA,NA,NA,NA,iPb5253622b56e2329,NA,NA,C,FALSE,FALSE,FALSE,FALSE,FALSE,FALSE,FALSE,0,3,0,20.75,0,0,0,1,0,0,1,54,46,45,54,17,39,44,60,40,40,42,42,42,64,45,59,61,60,76,70,43,62,67,64,0,45,64,41,40,44,61,10,17,0,45,50,54,26,44,41,39,46,NA,NA,NA,NA,NA,NA,NA,NA,NA,NA,NA,NA,NA,NA,NA,NA,NA,NA,NA,NA,NA,NA,NA,NA,NA,NA,NA,NA,NA,NA,NA,NA,NA,NA,NA,NA,NA,NA,NA,NA,NA,NA,NA,NA,60,59,62,38,58,57,76,77,63,0,81,0,43,55,36,84,60,50,59,55,41,10,182,0,182,0,TRUE,TRUE,TRUE,FALSE,FALSE,FALSE,NA,NA,NA,NA,NA,NA,NA,NA,NA,NA,NA,55.666666666666664,-0.5728114755889335,NA,NA,NA,NA,NA,NA,NA,NA,NA,NA,NA,NA,NA,NA,NA,NA,NA,NA,NA,NA,NA,NA,NA,TRUE,TRUE,No controls
8,1732,0,R_1njucCtCCj04WRi,NA,NA,NA,NA,NA,NA,NA,NA,NA,NA,NA,NA,NA,NA,NA,NA,NA,NA,NA,NA,NA,NA,NA,NA,NA,NA,NA,NA,NA,NA,NA,NA,NA,NA,NA,NA,NA,NA,NA,NA,NA,NA,NA,NA,NA,NA,NA,NA,NA,NA,NA,NA,NA,NA,NA,NA,NA,NA,NA,NA,NA,NA,NA,NA,NA,NA,NA,NA,NA,NA,NA,NA,NA,NA,NA,NA,NA,NA,NA,NA,NA,NA,NA,NA,NA,NA,NA,NA,NA,NA,NA,NA,NA,NA,NA,NA,NA,NA,NA,NA,NA,NA,NA,NA,NA,NA,NA,NA,NA,NA,NA,NA,NA,NA,NA,NA,NA,NA,NA,NA,NA,NA,NA,NA,NA,NA,NA,NA,NA,NA,NA,NA,NA,NA,NA,NA,NA,NA,NA,NA,NA,NA,NA,NA,NA,NA,NA,NA,NA,NA,NA,NA,NA,NA,NA,NA,NA,NA,NA,NA,NA,NA,NA,NA,NA,NA,NA,NA,NA,NA,NA,NA,NA,NA,NA,NA,NA,NA,NA,NA,NA,NA,NA,iP0f7972e65ddfdee7,NA,NA,B,FALSE,FALSE,FALSE,FALSE,FALSE,FALSE,FALSE,0,3,0,28.866666666666667,0,0,0,1,0,0,1,50,50,50,50,50,50,50,50,50,50,50,50,50,50,50,50,50,0,50,50,30,50,50,45,50,50,0,30,30,50,50,50,50,0,50,0,50,50,50,50,50,47,NA,NA,NA,NA,NA,NA,NA,NA,NA,NA,NA,NA,NA,NA,NA,NA,NA,NA,NA,NA,NA,NA,NA,50,20,50,50,50,50,50,50,50,50,50,50,50,50,50,50,50,50,50,50,50,NA,NA,NA,NA,NA,NA,NA,NA,NA,NA,NA,NA,NA,NA,NA,NA,NA,NA,NA,NA,NA,NA,182,0,182,0,TRUE,TRUE,TRUE,FALSE,FALSE,FALSE,NA,NA,NA,NA,NA,NA,NA,NA,NA,NA,NA,34.44444444444444,-1.680477542421535,NA,NA,NA,NA,NA,NA,NA,NA,NA,NA,NA,NA,NA,NA,NA,NA,NA,NA,NA,NA,NA,NA,NA,TRUE,TRUE,No controls
8,2912,0,R_3wbgaRCiUmEcNFG,NA,NA,NA,NA,NA,NA,NA,NA,NA,NA,NA,NA,NA,NA,NA,NA,NA,NA,NA,NA,NA,NA,NA,NA,NA,NA,NA,NA,NA,NA,NA,NA,NA,NA,NA,NA,NA,NA,NA,NA,NA,NA,NA,NA,NA,NA,NA,NA,NA,NA,NA,NA,NA,NA,NA,NA,NA,NA,NA,NA,NA,NA,NA,NA,NA,NA,NA,NA,NA,NA,NA,NA,NA,NA,NA,NA,NA,NA,NA,NA,NA,NA,NA,NA,NA,NA,NA,NA,NA,NA,NA,NA,NA,NA,NA,NA,NA,NA,NA,NA,NA,NA,NA,NA,NA,NA,NA,NA,NA,NA,NA,NA,NA,NA,NA,NA,NA,NA,NA,NA,NA,NA,NA,NA,NA,NA,NA,NA,NA,NA,NA,NA,NA,NA,NA,NA,NA,NA,NA,NA,NA,NA,NA,NA,NA,NA,NA,NA,NA,NA,NA,NA,NA,NA,NA,NA,NA,NA,NA,NA,NA,NA,NA,NA,NA,NA,NA,NA,NA,NA,NA,NA,NA,NA,NA,NA,NA,NA,NA,NA,NA,NA,NA,iP0d38dda51a3ff3b3,NA,NA,A,FALSE,FALSE,FALSE,FALSE,FALSE,FALSE,FALSE,0,3,0,48.53333333333333,0,0,0,0,0,0,1,90,80,100,80,70,90,80,90,60,100,70,90,80,80,70,80,80,90,70,90,100,70,80,90,70,60,80,90,80,80,80,90,90,90,NA,70,70,80,50,NA,80,80,80,60,100,70,80,NA,90,80,90,90,90,80,80,80,80,70,60,70,80,90,60,80,80,NA,NA,NA,NA,NA,NA,NA,NA,NA,NA,NA,NA,NA,NA,NA,NA,NA,NA,NA,NA,NA,NA,NA,NA,NA,NA,NA,NA,NA,NA,NA,NA,NA,NA,NA,NA,NA,NA,NA,NA,NA,NA,NA,184,1,185,0,TRUE,TRUE,TRUE,FALSE,FALSE,FALSE,NA,NA,NA,NA,NA,NA,NA,NA,NA,NA,NA,83.33333333333333,0.8712139204389082,NA,NA,NA,NA,NA,NA,NA,NA,NA,NA,NA,NA,NA,NA,NA,NA,NA,NA,NA,NA,NA,NA,NA,TRUE,TRUE,No controls
8,626,0,R_7EXZYq5jnl0mD1f,NA,NA,NA,NA,NA,NA,NA,NA,NA,NA,NA,NA,NA,NA,NA,NA,NA,NA,NA,NA,NA,NA,NA,NA,NA,NA,NA,NA,NA,NA,NA,NA,NA,NA,NA,NA,NA,NA,NA,NA,NA,NA,NA,NA,NA,NA,NA,NA,NA,NA,NA,NA,NA,NA,NA,NA,NA,NA,NA,NA,NA,NA,NA,NA,NA,NA,NA,NA,NA,NA,NA,NA,NA,NA,NA,NA,NA,NA,NA,NA,NA,NA,NA,NA,NA,NA,NA,NA,NA,NA,NA,NA,NA,NA,NA,NA,NA,NA,NA,NA,NA,NA,NA,NA,NA,NA,NA,NA,NA,NA,NA,NA,NA,NA,NA,NA,NA,NA,NA,NA,NA,NA,NA,NA,NA,NA,NA,NA,NA,NA,NA,NA,NA,NA,NA,NA,NA,NA,NA,NA,NA,NA,NA,NA,NA,NA,NA,NA,NA,NA,NA,NA,NA,NA,NA,NA,NA,NA,NA,NA,NA,NA,NA,NA,NA,NA,NA,NA,NA,NA,NA,NA,NA,NA,NA,NA,NA,NA,NA,NA,NA,NA,NA,iPa2084b411978f0b1,NA,NA,B,FALSE,FALSE,FALSE,FALSE,FALSE,FALSE,FALSE,0,3,0,10.433333333333334,0,1,1,1,0,0,1,100,100,100,100,100,100,100,100,100,100,100,100,100,100,100,100,100,100,34,100,50,100,100,100,0,100,100,100,100,50,100,100,100,100,0,0,50,0,0,50,100,100,NA,NA,NA,NA,NA,NA,NA,NA,NA,NA,NA,NA,NA,NA,NA,NA,NA,NA,NA,NA,NA,NA,NA,100,0,100,100,100,20,100,0,100,100,0,100,100,100,100,100,100,100,100,50,100,NA,NA,NA,NA,NA,NA,NA,NA,NA,NA,NA,NA,NA,NA,NA,NA,NA,NA,NA,NA,NA,NA,182,0,182,0,TRUE,TRUE,TRUE,FALSE,FALSE,FALSE,NA,NA,NA,NA,NA,NA,NA,NA,NA,NA,NA,100,1.7411087373231504,NA,NA,NA,NA,NA,NA,NA,NA,NA,NA,NA,NA,NA,NA,NA,NA,NA,NA,NA,NA,NA,NA,NA,TRUE,TRUE,No controls
8,7121,0,R_65FJeEAZ7pv7Gk5,NA,NA,NA,NA,NA,NA,NA,NA,NA,NA,NA,NA,NA,NA,NA,NA,NA,NA,NA,NA,NA,NA,NA,NA,NA,NA,NA,NA,NA,NA,NA,NA,NA,NA,NA,NA,NA,NA,NA,NA,NA,NA,NA,NA,NA,NA,NA,NA,NA,NA,NA,NA,NA,NA,NA,NA,NA,NA,NA,NA,NA,NA,NA,NA,NA,NA,NA,NA,NA,NA,NA,NA,NA,NA,NA,NA,NA,NA,NA,NA,NA,NA,NA,NA,NA,NA,NA,NA,NA,NA,NA,NA,NA,NA,NA,NA,NA,NA,NA,NA,NA,NA,NA,NA,NA,NA,NA,NA,NA,NA,NA,NA,NA,NA,NA,NA,NA,NA,NA,NA,NA,NA,NA,NA,NA,NA,NA,NA,NA,NA,NA,NA,NA,NA,NA,NA,NA,NA,NA,NA,NA,NA,NA,NA,NA,NA,NA,NA,NA,NA,NA,NA,NA,NA,NA,NA,NA,NA,NA,NA,NA,NA,NA,NA,NA,NA,NA,NA,NA,NA,NA,NA,NA,NA,NA,NA,NA,NA,NA,NA,NA,NA,NA,iPd57d9f9ec659ef92,NA,NA,A,FALSE,FALSE,FALSE,FALSE,FALSE,FALSE,FALSE,0,3,0,118.68333333333334,0,0,0,0,1,0,1,100,100,100,100,100,100,70,100,100,80,100,80,100,100,50,100,100,70,20,100,10,100,100,100,70,70,100,100,20,100,100,100,50,20,90,100,50,90,100,50,100,100,100,100,100,20,70,100,90,100,100,100,100,50,100,100,100,100,100,100,100,100,100,100,100,NA,NA,NA,NA,NA,NA,NA,NA,NA,NA,NA,NA,NA,NA,NA,NA,NA,NA,NA,NA,NA,NA,NA,NA,NA,NA,NA,NA,NA,NA,NA,NA,NA,NA,NA,NA,NA,NA,NA,NA,NA,NA,NA,182,0,182,0,TRUE,TRUE,TRUE,FALSE,FALSE,FALSE,NA,NA,NA,NA,NA,NA,NA,NA,NA,NA,NA,87.77777777777777,1.1031858716080394,NA,NA,NA,NA,NA,NA,NA,NA,NA,NA,NA,NA,NA,NA,NA,NA,NA,NA,NA,NA,NA,NA,NA,TRUE,TRUE,No controls
28,1444,0,R_59BviKe9TP4e7YZ,NA,1,0,NA,0,1,0,1,0,0,1,0,0,1,0,0,0,1,0,0,1,0,0,1,0,1,0,0,1,0,0,0,1,Rarely,Rarely,Sometimes,4,1,2,3,2,2,10,7,9,9,8,4,2,2,3,3,1,2,purple,2,2,2,NA,NA,NA,NA,NA,NA,NA,NA,NA,NA,NA,NA,NA,NA,NA,NA,NA,NA,NA,NA,NA,NA,NA,NA,NA,NA,NA,NA,NA,NA,NA,NA,NA,NA,NA,NA,NA,NA,NA,NA,NA,NA,NA,NA,NA,NA,NA,NA,NA,NA,NA,NA,NA,NA,NA,NA,NA,NA,NA,NA,NA,NA,NA,NA,NA,NA,NA,NA,NA,NA,NA,NA,NA,NA,NA,NA,NA,NA,NA,NA,NA,NA,NA,NA,NA,NA,NA,NA,NA,NA,NA,NA,NA,NA,NA,NA,NA,NA,NA,NA,NA,NA,NA,NA,NA,NA,NA,NA,NA,NA,NA,NA,NA,NA,NA,NA,NA,NA,NA,NA,NA,NA,NA,NA,NA,iPfa53db1f1e68348e,NA,NA,B,TRUE,FALSE,TRUE,FALSE,TRUE,TRUE,FALSE,2,1,2,24.066666666666663,0,0,0,1,0,0,1,12,96,3,5,100,0,56,80,7,14,0,1,60,60,50,68,73,64,96,71,50,61,50,99,24,50,68,3,0,91,100,0,0,0,71,96,8,78,53,37,50,60,NA,NA,NA,NA,NA,NA,NA,NA,NA,NA,NA,NA,NA,NA,NA,NA,NA,NA,NA,NA,NA,NA,NA,0,67,95,62,91,50,0,95,6,34,54,43,100,100,100,68,53,56,6,89,9,NA,NA,NA,NA,NA,NA,NA,NA,NA,NA,NA,NA,NA,NA,NA,NA,NA,NA,NA,NA,NA,NA,124,0,124,0,TRUE,FALSE,TRUE,FALSE,FALSE,FALSE,1,NA,NA,1,NA,NA,NA,NA,NA,NA,NA,51.888888888888886,-0.769987634082695,4,4,Neutral (4),3,4,3.5,2.5,NA,NA,NA,NA,NA,NA,NA,NA,NA,NA,NA,5,2,4,4,3,TRUE,TRUE,No controls
18,1293,0,R_5ergt34CBzvJ3Se,0,0,1,0,1,0,0,1,0,0,0,1,0,0,1,0,0,1,0,0,1,0,0,1,1,0,0,0,0,1,0,0,1,Never,Never,Sometimes,4,1,2,3,1,1,NA,NA,NA,NA,NA,NA,NA,NA,NA,NA,NA,NA,NA,NA,NA,NA,NA,NA,NA,NA,NA,NA,NA,NA,NA,NA,NA,NA,NA,NA,NA,NA,NA,NA,NA,NA,NA,NA,NA,NA,NA,NA,NA,NA,NA,NA,NA,NA,NA,NA,NA,NA,NA,NA,NA,NA,NA,NA,NA,NA,NA,NA,NA,NA,NA,NA,NA,NA,NA,NA,NA,NA,NA,NA,NA,NA,NA,NA,NA,NA,NA,NA,NA,NA,NA,NA,NA,NA,NA,NA,NA,NA,NA,NA,NA,NA,NA,NA,NA,NA,NA,NA,NA,NA,NA,NA,NA,NA,NA,NA,NA,NA,NA,NA,NA,NA,NA,NA,NA,NA,NA,NA,NA,NA,NA,NA,NA,NA,NA,NA,NA,NA,NA,NA,NA,NA,NA,NA,NA,NA,NA,iP735bdcc13ad9aeb6,NA,NA,A,TRUE,FALSE,FALSE,FALSE,TRUE,FALSE,FALSE,1,2,1,21.55,0,0,0,1,0,0,1,70,90,70,70,70,70,70,70,60,60,80,80,60,60,70,60,70,30,80,70,60,90,100,100,50,60,70,70,60,70,80,60,70,100,40,70,40,40,40,30,80,80,80,60,60,50,50,80,70,80,70,70,70,50,80,100,50,80,70,70,30,70,70,60,60,NA,NA,NA,NA,NA,NA,NA,NA,NA,NA,NA,NA,NA,NA,NA,NA,NA,NA,NA,NA,NA,NA,NA,NA,NA,NA,NA,NA,NA,NA,NA,NA,NA,NA,NA,NA,NA,NA,NA,NA,NA,NA,NA,140,0,140,0,TRUE,TRUE,TRUE,FALSE,FALSE,FALSE,0,0,1,0,0,NA,NA,NA,NA,NA,NA,61.111111111111114,-0.28864583540674743,NA,NA,NA,NA,NA,NA,NA,NA,NA,NA,NA,NA,NA,NA,NA,NA,NA,NA,NA,NA,NA,NA,NA,TRUE,TRUE,No controls
7,3727,0,R_546IP8068Rl4yd6,NA,NA,NA,NA,NA,NA,NA,NA,NA,NA,NA,NA,NA,NA,NA,NA,NA,NA,NA,NA,NA,NA,NA,NA,NA,NA,NA,NA,NA,NA,NA,NA,NA,NA,NA,NA,NA,NA,NA,NA,NA,NA,NA,NA,NA,NA,NA,NA,NA,NA,NA,NA,NA,NA,NA,NA,NA,NA,NA,NA,NA,NA,NA,NA,NA,NA,NA,NA,NA,NA,NA,NA,NA,NA,NA,NA,NA,NA,NA,NA,NA,NA,NA,NA,NA,NA,NA,NA,NA,NA,NA,NA,NA,NA,NA,NA,NA,NA,NA,NA,NA,NA,NA,NA,NA,NA,NA,NA,NA,NA,NA,NA,NA,NA,NA,NA,NA,NA,NA,NA,NA,NA,NA,NA,NA,NA,NA,NA,NA,NA,NA,NA,NA,NA,NA,NA,NA,NA,NA,NA,NA,NA,NA,NA,NA,NA,NA,NA,NA,NA,NA,NA,NA,NA,NA,NA,NA,NA,NA,NA,NA,NA,NA,NA,NA,NA,NA,NA,NA,NA,NA,NA,NA,NA,NA,NA,NA,NA,NA,NA,NA,NA,NA,iPf38f4771a17876d9,NA,NA,C,FALSE,FALSE,FALSE,FALSE,FALSE,FALSE,FALSE,0,3,0,62.11666666666667,0,0,0,0,1,0,1,NA,NA,NA,NA,NA,NA,NA,NA,NA,NA,NA,NA,NA,NA,NA,NA,NA,NA,NA,NA,NA,NA,NA,NA,NA,NA,NA,NA,NA,NA,NA,NA,NA,NA,NA,NA,NA,NA,NA,NA,NA,NA,NA,NA,NA,NA,NA,NA,NA,NA,NA,NA,NA,NA,NA,NA,NA,NA,NA,NA,NA,NA,NA,NA,NA,NA,NA,NA,NA,NA,NA,NA,NA,NA,NA,NA,NA,NA,NA,NA,NA,NA,NA,NA,NA,NA,NA,NA,NA,NA,NA,NA,NA,NA,NA,NA,NA,NA,NA,NA,NA,NA,NA,NA,NA,NA,NA,NA,224,22,246,0,TRUE,TRUE,TRUE,FALSE,FALSE,FALSE,NA,NA,NA,NA,NA,NA,NA,NA,NA,NA,NA,NA,NA,NA,NA,NA,NA,NA,NA,NA,NA,NA,NA,NA,NA,NA,NA,NA,NA,NA,NA,NA,NA,NA,NA,NA,TRUE,TRUE,No controls
49,198376,0,R_57WkVWMJJH4tXE0,0,0,1,0,0,1,0,1,0,0,0,1,0,0,1,0,0,1,0,0,1,0,0,1,0,1,0,0,1,0,1,0,0,Rarely,Never,Frequently,4,1,2,2,2,-99,9,10,10,10,10,4,3,2.5,3,2.5,5,3,Purple,1,1,1,4,4,3,5,3,5,5,1,1,1,1,3,1,1,1,3,3,3,1,2,3,4,1,1,1,1,1,1,1,1,1,1,1,2,2,2,2,3,3,2,2,1,2,3,3,3,4,3,1,3,4,4,4,4,NA,NA,NA,NA,NA,NA,NA,NA,NA,NA,NA,NA,NA,NA,NA,NA,NA,NA,NA,NA,NA,NA,NA,NA,NA,NA,NA,NA,NA,NA,NA,NA,NA,NA,NA,NA,NA,NA,NA,NA,NA,NA,NA,NA,NA,NA,NA,NA,NA,NA,NA,NA,NA,NA,NA,NA,NA,NA,NA,NA,NA,NA,NA,NA,NA,NA,NA,NA,NA,NA,NA,iP2e8406e2e319ae5e,NA,NA,B,TRUE,FALSE,TRUE,FALSE,TRUE,TRUE,FALSE,2,1,2,3306.266666666667,0,0,0,0,1,1,1,90,90,90,90,90,90,90,90,90,90,90,90,90,90,90,90,90,90,90,90,90,90,90,90,90,90,90,90,90,90,90,90,90,90,90,90,90,90,90,90,90,90,NA,NA,NA,NA,NA,NA,NA,NA,NA,NA,NA,NA,NA,NA,NA,NA,NA,NA,NA,NA,NA,NA,NA,90,90,90,90,90,90,90,90,90,90,90,90,90,90,90,90,90,90,90,90,90,NA,NA,NA,NA,NA,NA,NA,NA,NA,NA,NA,NA,NA,NA,NA,NA,NA,NA,NA,NA,NA,NA,70,0,70,0,TRUE,FALSE,TRUE,FALSE,FALSE,FALSE,0,0,1,0,0,NA,NA,NA,NA,NA,NA,90,1.2191718471926052,4,4,Neutral (4),2,2.5,2.25,2.75,3,3,3,3,2,3,3,3,4,4,4,4,5,5,5,5,TRUE,TRUE,No controls
7,176537,0,R_5DchXAOYfuBLQ47,NA,NA,NA,NA,NA,NA,NA,NA,NA,NA,NA,NA,NA,NA,NA,NA,NA,NA,NA,NA,NA,NA,NA,NA,NA,NA,NA,NA,NA,NA,NA,NA,NA,NA,NA,NA,NA,NA,NA,NA,NA,NA,NA,NA,NA,NA,NA,NA,NA,NA,NA,NA,NA,NA,NA,NA,NA,NA,NA,NA,NA,NA,NA,NA,NA,NA,NA,NA,NA,NA,NA,NA,NA,NA,NA,NA,NA,NA,NA,NA,NA,NA,NA,NA,NA,NA,NA,NA,NA,NA,NA,NA,NA,NA,NA,NA,NA,NA,NA,NA,NA,NA,NA,NA,NA,NA,NA,NA,NA,NA,NA,NA,NA,NA,NA,NA,NA,NA,NA,NA,NA,NA,NA,NA,NA,NA,NA,NA,NA,NA,NA,NA,NA,NA,NA,NA,NA,NA,NA,NA,NA,NA,NA,NA,NA,NA,NA,NA,NA,NA,NA,NA,NA,NA,NA,NA,NA,NA,NA,NA,NA,NA,NA,NA,NA,NA,NA,NA,NA,NA,NA,NA,NA,NA,NA,NA,NA,NA,NA,NA,NA,NA,NA,iP191b361d2dfb909c,NA,NA,A,FALSE,FALSE,FALSE,FALSE,FALSE,FALSE,FALSE,0,3,0,2942.2833333333333,0,0,0,0,1,1,1,NA,NA,NA,NA,NA,NA,NA,NA,NA,NA,NA,NA,NA,NA,NA,NA,NA,NA,NA,NA,NA,NA,NA,NA,NA,NA,NA,NA,NA,NA,NA,NA,NA,NA,NA,NA,NA,NA,NA,NA,NA,NA,NA,NA,NA,NA,NA,NA,NA,NA,NA,NA,NA,NA,NA,NA,NA,NA,NA,NA,NA,NA,NA,NA,NA,NA,NA,NA,NA,NA,NA,NA,NA,NA,NA,NA,NA,NA,NA,NA,NA,NA,NA,NA,NA,NA,NA,NA,NA,NA,NA,NA,NA,NA,NA,NA,NA,NA,NA,NA,NA,NA,NA,NA,NA,NA,NA,NA,224,23,247,0,TRUE,TRUE,TRUE,FALSE,FALSE,FALSE,NA,NA,NA,NA,NA,NA,NA,NA,NA,NA,NA,NA,NA,NA,NA,NA,NA,NA,NA,NA,NA,NA,NA,NA,NA,NA,NA,NA,NA,NA,NA,NA,NA,NA,NA,NA,TRUE,TRUE,No controls
7,3097,0,R_1HYogJXDaNVF9qU,NA,NA,NA,NA,NA,NA,NA,NA,NA,NA,NA,NA,NA,NA,NA,NA,NA,NA,NA,NA,NA,NA,NA,NA,NA,NA,NA,NA,NA,NA,NA,NA,NA,NA,NA,NA,NA,NA,NA,NA,NA,NA,NA,NA,NA,NA,NA,NA,NA,NA,NA,NA,NA,NA,NA,NA,NA,NA,NA,NA,NA,NA,NA,NA,NA,NA,NA,NA,NA,NA,NA,NA,NA,NA,NA,NA,NA,NA,NA,NA,NA,NA,NA,NA,NA,NA,NA,NA,NA,NA,NA,NA,NA,NA,NA,NA,NA,NA,NA,NA,NA,NA,NA,NA,NA,NA,NA,NA,NA,NA,NA,NA,NA,NA,NA,NA,NA,NA,NA,NA,NA,NA,NA,NA,NA,NA,NA,NA,NA,NA,NA,NA,NA,NA,NA,NA,NA,NA,NA,NA,NA,NA,NA,NA,NA,NA,NA,NA,NA,NA,NA,NA,NA,NA,NA,NA,NA,NA,NA,NA,NA,NA,NA,NA,NA,NA,NA,NA,NA,NA,NA,NA,NA,NA,NA,NA,NA,NA,NA,NA,NA,NA,NA,iP87d99af578e24af8,NA,NA,C,FALSE,FALSE,FALSE,FALSE,FALSE,FALSE,FALSE,0,3,0,51.61666666666667,0,0,0,0,0,0,1,NA,NA,NA,NA,NA,NA,NA,NA,NA,NA,NA,NA,NA,NA,NA,NA,NA,NA,NA,NA,NA,NA,NA,NA,NA,NA,NA,NA,NA,NA,NA,NA,NA,NA,NA,NA,NA,NA,NA,NA,NA,NA,NA,NA,NA,NA,NA,NA,NA,NA,NA,NA,NA,NA,NA,NA,NA,NA,NA,NA,NA,NA,NA,NA,NA,NA,NA,NA,NA,NA,NA,NA,NA,NA,NA,NA,NA,NA,NA,NA,NA,NA,NA,NA,NA,NA,NA,NA,NA,NA,NA,NA,NA,NA,NA,NA,NA,NA,NA,NA,NA,NA,NA,NA,NA,NA,NA,NA,224,22,246,0,TRUE,TRUE,TRUE,FALSE,FALSE,FALSE,NA,NA,NA,NA,NA,NA,NA,NA,NA,NA,NA,NA,NA,NA,NA,NA,NA,NA,NA,NA,NA,NA,NA,NA,NA,NA,NA,NA,NA,NA,NA,NA,NA,NA,NA,NA,TRUE,TRUE,No controls
86,6459,0,R_3Owai9gUfL6LZbo,0,0,1,0,0,1,0,0,1,0,0,1,0,0,1,0,0,1,0,0,1,0,0,1,1,0,0,1,0,0,0,0,1,Never,Never,Never,4,-99,-99,-99,-99,-99,8,8,8,8,8,2,5,2.5,2.5,2.5,5,2.5,purple,5,5,5,6,6,6,6,6,6,6,3,3,3,3,3,3,3,2,5,5,5,5,5,5,4,3,3,3,3,3,3,3,3,3,3,3,3,3,3,4,2,3,1,2,2,2,1,3,2,1,1,5,5,5,5,5,5,5,1,2,2,3,1,1,4,NA,4,2,4,2,3,4,4,2,2,2,6,4,4,6,6,6,6,6,6,-99,0,1,0,0,1,0,3,NA,NA,NA,NA,NA,NA,NA,NA,NA,NA,NA,NA,NA,NA,NA,NA,NA,NA,NA,NA,NA,NA,NA,NA,NA,NA,NA,NA,NA,NA,NA,NA,NA,NA,NA,iP2a43fdf80a21df6a,NA,NA,A,TRUE,FALSE,TRUE,TRUE,TRUE,TRUE,TRUE,3,0,3,107.65,0,0,0,0,1,0,1,20,20,20,20,40,20,20,20,80,30,20,10,20,20,20,80,10,20,100,20,90,80,80,70,30,20,20,20,0,70,80,20,20,0,80,90,70,90,100,70,90,90,100,20,20,50,90,80,100,100,20,20,20,90,40,10,0,30,20,70,20,100,90,80,80,NA,NA,NA,NA,NA,NA,NA,NA,NA,NA,NA,NA,NA,NA,NA,NA,NA,NA,NA,NA,NA,NA,NA,NA,NA,NA,NA,NA,NA,NA,NA,NA,NA,NA,NA,NA,NA,NA,NA,NA,NA,NA,NA,35,0,35,0,TRUE,FALSE,FALSE,FALSE,FALSE,FALSE,0,0,1,0,0,NA,NA,0,0,NA,NA,23.333333333333332,-2.260407420344363,2,6,Punish (6),2.5,2.5,2.5,2.5,2,2,2,2,2,2,2,2,2.5,2.5,2.5,3,3,3,3,3,FALSE,TRUE,Some controls missing
7,9854,0,R_6b3pwE19P8PfTGH,NA,NA,NA,NA,NA,NA,NA,NA,NA,NA,NA,NA,NA,NA,NA,NA,NA,NA,NA,NA,NA,NA,NA,NA,NA,NA,NA,NA,NA,NA,NA,NA,NA,NA,NA,NA,NA,NA,NA,NA,NA,NA,NA,NA,NA,NA,NA,NA,NA,NA,NA,NA,NA,NA,NA,NA,NA,NA,NA,NA,NA,NA,NA,NA,NA,NA,NA,NA,NA,NA,NA,NA,NA,NA,NA,NA,NA,NA,NA,NA,NA,NA,NA,NA,NA,NA,NA,NA,NA,NA,NA,NA,NA,NA,NA,NA,NA,NA,NA,NA,NA,NA,NA,NA,NA,NA,NA,NA,NA,NA,NA,NA,NA,NA,NA,NA,NA,NA,NA,NA,NA,NA,NA,NA,NA,NA,NA,NA,NA,NA,NA,NA,NA,NA,NA,NA,NA,NA,NA,NA,NA,NA,NA,NA,NA,NA,NA,NA,NA,NA,NA,NA,NA,NA,NA,NA,NA,NA,NA,NA,NA,NA,NA,NA,NA,NA,NA,NA,NA,NA,NA,NA,NA,NA,NA,NA,NA,NA,NA,NA,NA,NA,NA,iP8c308975a3fba8de,NA,NA,C,FALSE,FALSE,FALSE,FALSE,FALSE,FALSE,FALSE,0,3,0,164.23333333333332,0,0,0,0,1,0,1,NA,NA,NA,NA,NA,NA,NA,NA,NA,NA,NA,NA,NA,NA,NA,NA,NA,NA,NA,NA,NA,NA,NA,NA,NA,NA,NA,NA,NA,NA,NA,NA,NA,NA,NA,NA,NA,NA,NA,NA,NA,NA,NA,NA,NA,NA,NA,NA,NA,NA,NA,NA,NA,NA,NA,NA,NA,NA,NA,NA,NA,NA,NA,NA,NA,NA,NA,NA,NA,NA,NA,NA,NA,NA,NA,NA,NA,NA,NA,NA,NA,NA,NA,NA,NA,NA,NA,NA,NA,NA,NA,NA,NA,NA,NA,NA,NA,NA,NA,NA,NA,NA,NA,NA,NA,NA,NA,NA,224,22,246,0,TRUE,TRUE,TRUE,FALSE,FALSE,FALSE,NA,NA,NA,NA,NA,NA,NA,NA,NA,NA,NA,NA,NA,NA,NA,NA,NA,NA,NA,NA,NA,NA,NA,NA,NA,NA,NA,NA,NA,NA,NA,NA,NA,NA,NA,NA,TRUE,TRUE,No controls
7,1018,0,R_13FrSnzAHajCELf,NA,NA,NA,NA,NA,NA,NA,NA,NA,NA,NA,NA,NA,NA,NA,NA,NA,NA,NA,NA,NA,NA,NA,NA,NA,NA,NA,NA,NA,NA,NA,NA,NA,NA,NA,NA,NA,NA,NA,NA,NA,NA,NA,NA,NA,NA,NA,NA,NA,NA,NA,NA,NA,NA,NA,NA,NA,NA,NA,NA,NA,NA,NA,NA,NA,NA,NA,NA,NA,NA,NA,NA,NA,NA,NA,NA,NA,NA,NA,NA,NA,NA,NA,NA,NA,NA,NA,NA,NA,NA,NA,NA,NA,NA,NA,NA,NA,NA,NA,NA,NA,NA,NA,NA,NA,NA,NA,NA,NA,NA,NA,NA,NA,NA,NA,NA,NA,NA,NA,NA,NA,NA,NA,NA,NA,NA,NA,NA,NA,NA,NA,NA,NA,NA,NA,NA,NA,NA,NA,NA,NA,NA,NA,NA,NA,NA,NA,NA,NA,NA,NA,NA,NA,NA,NA,NA,NA,NA,NA,NA,NA,NA,NA,NA,NA,NA,NA,NA,NA,NA,NA,NA,NA,NA,NA,NA,NA,NA,NA,NA,NA,NA,NA,iP351f3dcb24b743a4,NA,NA,C,FALSE,FALSE,FALSE,FALSE,FALSE,FALSE,FALSE,0,3,0,16.966666666666665,0,0,1,1,0,0,1,NA,NA,NA,NA,NA,NA,NA,NA,NA,NA,NA,NA,NA,NA,NA,NA,NA,NA,NA,NA,NA,NA,NA,NA,NA,NA,NA,NA,NA,NA,NA,NA,NA,NA,NA,NA,NA,NA,NA,NA,NA,NA,NA,NA,NA,NA,NA,NA,NA,NA,NA,NA,NA,NA,NA,NA,NA,NA,NA,NA,NA,NA,NA,NA,NA,NA,NA,NA,NA,NA,NA,NA,NA,NA,NA,NA,NA,NA,NA,NA,NA,NA,NA,NA,NA,NA,NA,NA,NA,NA,NA,NA,NA,NA,NA,NA,NA,NA,NA,NA,NA,NA,NA,NA,NA,NA,NA,NA,224,22,246,0,TRUE,TRUE,TRUE,FALSE,FALSE,FALSE,NA,NA,NA,NA,NA,NA,NA,NA,NA,NA,NA,NA,NA,NA,NA,NA,NA,NA,NA,NA,NA,NA,NA,NA,NA,NA,NA,NA,NA,NA,NA,NA,NA,NA,NA,NA,TRUE,TRUE,No controls
18,1671,0,R_1HSRfsE5SLYooIZ,1,1,0,NA,1,0,1,1,0,0,1,0,0,1,0,0,1,0,0,1,0,0,1,0,1,1,0,0,1,0,1,0,0,Rarely,Never,Never,4,1,1,1,1,1,NA,NA,NA,NA,NA,NA,NA,NA,NA,NA,NA,NA,NA,NA,NA,NA,NA,NA,NA,NA,NA,NA,NA,NA,NA,NA,NA,NA,NA,NA,NA,NA,NA,NA,NA,NA,NA,NA,NA,NA,NA,NA,NA,NA,NA,NA,NA,NA,NA,NA,NA,NA,NA,NA,NA,NA,NA,NA,NA,NA,NA,NA,NA,NA,NA,NA,NA,NA,NA,NA,NA,NA,NA,NA,NA,NA,NA,NA,NA,NA,NA,NA,NA,NA,NA,NA,NA,NA,NA,NA,NA,NA,NA,NA,NA,NA,NA,NA,NA,NA,NA,NA,NA,NA,NA,NA,NA,NA,NA,NA,NA,NA,NA,NA,NA,NA,NA,NA,NA,NA,NA,NA,NA,NA,NA,NA,NA,NA,NA,NA,NA,NA,NA,NA,NA,NA,NA,NA,NA,NA,NA,iP7078f5d344271a58,NA,NA,B,TRUE,FALSE,FALSE,FALSE,TRUE,FALSE,FALSE,1,2,1,27.85,0,0,0,1,0,0,1,50,50,50,50,50,50,50,50,50,50,51,50,50,50,50,50,50,50,50,50,50,50,50,50,50,50,50,50,50,50,50,50,50,50,50,50,50,50,4,2,50,50,NA,NA,NA,NA,NA,NA,NA,NA,NA,NA,NA,NA,NA,NA,NA,NA,NA,NA,NA,NA,NA,NA,NA,50,50,50,50,50,50,50,50,50,50,51,50,50,50,50,50,50,50,50,50,50,NA,NA,NA,NA,NA,NA,NA,NA,NA,NA,NA,NA,NA,NA,NA,NA,NA,NA,NA,NA,NA,NA,140,0,140,0,TRUE,TRUE,TRUE,FALSE,FALSE,FALSE,1,1,0,1,NA,NA,NA,NA,NA,NA,NA,50,-0.8685757133295756,NA,NA,NA,NA,NA,NA,NA,NA,NA,NA,NA,NA,NA,NA,NA,NA,NA,NA,NA,NA,NA,NA,NA,TRUE,TRUE,No controls
8,958,0,R_6jDkmP7Jq2piX9M,NA,NA,NA,NA,NA,NA,NA,NA,NA,NA,NA,NA,NA,NA,NA,NA,NA,NA,NA,NA,NA,NA,NA,NA,NA,NA,NA,NA,NA,NA,NA,NA,NA,NA,NA,NA,NA,NA,NA,NA,NA,NA,NA,NA,NA,NA,NA,NA,NA,NA,NA,NA,NA,NA,NA,NA,NA,NA,NA,NA,NA,NA,NA,NA,NA,NA,NA,NA,NA,NA,NA,NA,NA,NA,NA,NA,NA,NA,NA,NA,NA,NA,NA,NA,NA,NA,NA,NA,NA,NA,NA,NA,NA,NA,NA,NA,NA,NA,NA,NA,NA,NA,NA,NA,NA,NA,NA,NA,NA,NA,NA,NA,NA,NA,NA,NA,NA,NA,NA,NA,NA,NA,NA,NA,NA,NA,NA,NA,NA,NA,NA,NA,NA,NA,NA,NA,NA,NA,NA,NA,NA,NA,NA,NA,NA,NA,NA,NA,NA,NA,NA,NA,NA,NA,NA,NA,NA,NA,NA,NA,NA,NA,NA,NA,NA,NA,NA,NA,NA,NA,NA,NA,NA,NA,NA,NA,NA,NA,NA,NA,NA,NA,NA,iP4c1714d641e2d4f8,NA,NA,A,FALSE,FALSE,FALSE,FALSE,FALSE,FALSE,FALSE,0,3,0,15.966666666666669,0,0,1,1,0,0,1,NA,NA,NA,NA,NA,NA,NA,NA,NA,NA,NA,NA,NA,NA,NA,NA,NA,NA,NA,NA,NA,NA,NA,NA,NA,NA,NA,NA,NA,NA,NA,NA,NA,NA,NA,NA,NA,NA,NA,NA,NA,NA,NA,NA,NA,NA,NA,NA,NA,NA,NA,NA,NA,NA,NA,NA,NA,NA,NA,NA,NA,NA,NA,NA,NA,NA,NA,NA,NA,NA,NA,NA,NA,NA,NA,NA,NA,NA,NA,NA,NA,NA,NA,NA,NA,NA,NA,NA,NA,NA,NA,NA,NA,NA,NA,NA,NA,NA,NA,NA,NA,NA,NA,NA,NA,NA,NA,NA,224,23,247,0,TRUE,TRUE,TRUE,FALSE,FALSE,FALSE,NA,NA,NA,NA,NA,NA,NA,NA,NA,NA,NA,NA,NA,NA,NA,NA,NA,NA,NA,NA,NA,NA,NA,NA,NA,NA,NA,NA,NA,NA,NA,NA,NA,NA,NA,NA,TRUE,TRUE,No controls
49,52552,0,R_6LiIPHVuFmpcXFB,NA,1,0,NA,0,1,0,1,0,0,0,1,0,1,0,0,1,0,0,1,0,0,0,1,0,1,0,0,1,0,0,0,1,Never,Never,Never,4,1,1,1,1,1,7,9,9,9,10,4,1,4,4,4,1,4,Purple,1,1,1,2,2,2,2,2,2,2,1,3,1,1,1,1,1,1,4,4,4,1,1,4,3,1,1,1,1,1,1,1,1,1,1,3,2,2,2,2,3,2,2,1,2,2,2,1,1,2,1,3,3,3,3,5,2,NA,NA,NA,NA,NA,NA,NA,NA,NA,NA,NA,NA,NA,NA,NA,NA,NA,NA,NA,NA,NA,NA,NA,NA,NA,NA,NA,NA,NA,NA,NA,NA,NA,NA,NA,NA,NA,NA,NA,NA,NA,NA,NA,NA,NA,NA,NA,NA,NA,NA,NA,NA,NA,NA,NA,NA,NA,NA,NA,NA,NA,NA,NA,NA,NA,NA,NA,NA,NA,NA,NA,iP6f4d9baea0ef597b,NA,NA,A,TRUE,FALSE,TRUE,FALSE,TRUE,TRUE,FALSE,2,1,2,875.8666666666667,0,0,0,0,1,1,1,100,100,100,100,100,100,100,100,100,100,50,100,100,100,100,100,100,100,100,100,50,100,100,100,50,100,100,100,80,100,100,100,100,100,0,100,50,0,20,20,100,100,100,100,100,100,100,100,100,100,100,100,100,100,100,100,100,100,100,100,100,100,100,100,100,NA,NA,NA,NA,NA,NA,NA,NA,NA,NA,NA,NA,NA,NA,NA,NA,NA,NA,NA,NA,NA,NA,NA,NA,NA,NA,NA,NA,NA,NA,NA,NA,NA,NA,NA,NA,NA,NA,NA,NA,NA,NA,NA,70,0,70,0,TRUE,FALSE,TRUE,FALSE,FALSE,FALSE,1,NA,NA,1,NA,NA,NA,NA,NA,NA,NA,97.77777777777776,1.6251227617385846,4,4,Neutral (4),4,4,4,4,3,2,3,3,3,3,3,2.5,2.5,4,3.25,2,4,4,4,5,TRUE,TRUE,No controls
10,655,0,R_6LiGblykOdoSo5D,NA,NA,NA,NA,NA,NA,NA,NA,NA,NA,NA,NA,NA,NA,NA,NA,NA,NA,NA,NA,NA,NA,NA,NA,NA,NA,NA,NA,NA,NA,NA,NA,NA,NA,NA,NA,NA,NA,NA,NA,NA,NA,NA,NA,NA,NA,NA,NA,NA,NA,NA,NA,NA,NA,NA,NA,NA,NA,NA,NA,NA,NA,NA,NA,NA,NA,NA,NA,NA,NA,NA,NA,NA,NA,NA,NA,NA,NA,NA,NA,NA,NA,NA,NA,NA,NA,NA,NA,NA,NA,NA,NA,NA,NA,NA,NA,NA,NA,NA,NA,NA,NA,NA,NA,NA,NA,NA,NA,NA,NA,NA,NA,NA,NA,NA,NA,NA,NA,NA,NA,NA,NA,NA,NA,NA,NA,NA,NA,NA,NA,NA,NA,NA,NA,NA,NA,NA,NA,NA,NA,NA,NA,NA,NA,NA,NA,NA,NA,NA,NA,NA,NA,NA,NA,NA,NA,NA,NA,NA,NA,NA,NA,NA,NA,NA,NA,NA,NA,NA,NA,NA,NA,NA,NA,NA,NA,NA,NA,NA,NA,NA,NA,NA,iP8e907ecc898333e4,NA,NA,B,FALSE,FALSE,FALSE,FALSE,FALSE,FALSE,FALSE,0,3,0,10.916666666666666,0,1,1,1,0,0,1,NA,NA,NA,NA,NA,NA,NA,NA,NA,100,NA,NA,NA,NA,NA,NA,NA,48,NA,NA,33,64,65,50,NA,NA,NA,NA,NA,NA,NA,NA,NA,NA,NA,NA,100,NA,20,20,NA,49,NA,NA,NA,NA,NA,NA,NA,NA,NA,NA,NA,NA,NA,NA,NA,NA,NA,NA,NA,NA,NA,NA,NA,NA,NA,NA,NA,NA,22,NA,NA,NA,NA,NA,41,NA,NA,NA,NA,NA,45,NA,50,NA,NA,NA,NA,NA,NA,NA,NA,NA,NA,NA,NA,NA,NA,NA,NA,NA,NA,NA,NA,NA,NA,NA,214,17,231,0,TRUE,TRUE,TRUE,FALSE,FALSE,FALSE,NA,NA,NA,NA,NA,NA,NA,NA,NA,NA,NA,NA,NA,NA,NA,NA,NA,NA,NA,NA,NA,NA,NA,NA,NA,NA,NA,NA,NA,NA,NA,NA,NA,NA,NA,NA,TRUE,TRUE,No controls
11,725,0,R_5FRmswZoBtitFBv,0,0,1,0,0,1,0,0,1,0,0,1,1,1,0,0,0,1,0,0,1,0,0,1,1,0,0,0,0,1,0,0,1,NA,NA,NA,NA,NA,NA,NA,NA,NA,NA,NA,NA,NA,NA,NA,NA,NA,NA,NA,NA,NA,NA,NA,NA,NA,NA,NA,NA,NA,NA,NA,NA,NA,NA,NA,NA,NA,NA,NA,NA,NA,NA,NA,NA,NA,NA,NA,NA,NA,NA,NA,NA,NA,NA,NA,NA,NA,NA,NA,NA,NA,NA,NA,NA,NA,NA,NA,NA,NA,NA,NA,NA,NA,NA,NA,NA,NA,NA,NA,NA,NA,NA,NA,NA,NA,NA,NA,NA,NA,NA,NA,NA,NA,NA,NA,NA,NA,NA,NA,NA,NA,NA,NA,NA,NA,NA,NA,NA,NA,NA,NA,NA,NA,NA,NA,NA,NA,NA,NA,NA,NA,NA,NA,NA,NA,NA,NA,NA,NA,NA,NA,NA,NA,NA,NA,NA,NA,NA,NA,NA,NA,NA,NA,NA,NA,NA,NA,NA,NA,NA,iPfaa4be42f3f1126e,NA,NA,C,FALSE,FALSE,FALSE,FALSE,FALSE,FALSE,FALSE,0,3,0,12.083333333333334,0,1,1,1,0,0,1,50,51,50,50,49,50,46,86,91,50,50,50,49,73,50,79,50,54,62,77,6,95,50,88,8,36,73,50,50,50,87,50,50,50,50,49,50,50,21,15,50,88,NA,NA,NA,NA,NA,NA,NA,NA,NA,NA,NA,NA,NA,NA,NA,NA,NA,NA,NA,NA,NA,NA,NA,NA,NA,NA,NA,NA,NA,NA,NA,NA,NA,NA,NA,NA,NA,NA,NA,NA,NA,NA,NA,NA,82,100,50,74,80,50,96,90,84,1,80,10,50,50,50,62,82,51,82,50,50,50,149,0,149,0,TRUE,TRUE,TRUE,FALSE,FALSE,FALSE,0,0,1,0,0,NA,NA,NA,NA,NA,NA,61.666666666666664,-0.2596493415106063,NA,NA,NA,NA,NA,NA,NA,NA,NA,NA,NA,NA,NA,NA,NA,NA,NA,NA,NA,NA,NA,NA,NA,TRUE,TRUE,No controls
8,769,0,R_71uODTXVVfKnXet,NA,NA,NA,NA,NA,NA,NA,NA,NA,NA,NA,NA,NA,NA,NA,NA,NA,NA,NA,NA,NA,NA,NA,NA,NA,NA,NA,NA,NA,NA,NA,NA,NA,NA,NA,NA,NA,NA,NA,NA,NA,NA,NA,NA,NA,NA,NA,NA,NA,NA,NA,NA,NA,NA,NA,NA,NA,NA,NA,NA,NA,NA,NA,NA,NA,NA,NA,NA,NA,NA,NA,NA,NA,NA,NA,NA,NA,NA,NA,NA,NA,NA,NA,NA,NA,NA,NA,NA,NA,NA,NA,NA,NA,NA,NA,NA,NA,NA,NA,NA,NA,NA,NA,NA,NA,NA,NA,NA,NA,NA,NA,NA,NA,NA,NA,NA,NA,NA,NA,NA,NA,NA,NA,NA,NA,NA,NA,NA,NA,NA,NA,NA,NA,NA,NA,NA,NA,NA,NA,NA,NA,NA,NA,NA,NA,NA,NA,NA,NA,NA,NA,NA,NA,NA,NA,NA,NA,NA,NA,NA,NA,NA,NA,NA,NA,NA,NA,NA,NA,NA,NA,NA,NA,NA,NA,NA,NA,NA,NA,NA,NA,NA,NA,iP224ebc7850ed5957,NA,NA,A,FALSE,FALSE,FALSE,FALSE,FALSE,FALSE,FALSE,0,3,0,12.816666666666666,0,0,1,1,0,0,1,60,60,60,60,60,50,50,60,50,60,40,40,30,40,30,50,70,50,60,60,50,40,60,70,40,30,60,50,10,50,60,30,20,40,60,60,40,40,20,40,20,60,30,100,70,40,60,60,60,10,50,60,60,50,70,70,40,30,70,60,40,60,60,60,60,NA,NA,NA,NA,NA,NA,NA,NA,NA,NA,NA,NA,NA,NA,NA,NA,NA,NA,NA,NA,NA,NA,NA,NA,NA,NA,NA,NA,NA,NA,NA,NA,NA,NA,NA,NA,NA,NA,NA,NA,NA,NA,NA,182,0,182,0,TRUE,TRUE,TRUE,FALSE,FALSE,FALSE,NA,NA,NA,NA,NA,NA,NA,NA,NA,NA,NA,46.666666666666664,-1.0425546767064242,NA,NA,NA,NA,NA,NA,NA,NA,NA,NA,NA,NA,NA,NA,NA,NA,NA,NA,NA,NA,NA,NA,NA,TRUE,TRUE,No controls
24,800,0,R_5dLrTsyskzMKyM5,0,0,1,0,0,1,0,0,1,0,0,1,0,0,1,0,0,1,0,0,1,0,0,1,1,0,0,1,0,0,0,0,1,Rarely,Never,Sometimes,4,2,2,2,2,2,10,9,10,10,9,5,5,3,3,3,2,3,purple,NA,NA,NA,NA,NA,NA,NA,NA,NA,NA,NA,NA,NA,NA,NA,NA,NA,NA,NA,NA,NA,NA,NA,NA,NA,NA,NA,NA,NA,NA,NA,NA,NA,NA,NA,NA,NA,NA,NA,NA,NA,NA,NA,NA,NA,NA,NA,NA,NA,NA,NA,NA,NA,NA,NA,NA,NA,NA,NA,NA,NA,NA,NA,NA,NA,NA,NA,NA,NA,NA,NA,NA,NA,NA,NA,NA,NA,NA,NA,NA,NA,NA,NA,NA,NA,NA,NA,NA,NA,NA,NA,NA,NA,NA,NA,NA,NA,NA,NA,NA,NA,NA,NA,NA,NA,NA,NA,NA,NA,NA,NA,NA,NA,NA,NA,NA,NA,NA,NA,NA,NA,NA,NA,NA,NA,NA,NA,NA,iPba6c0754ceea0032,NA,NA,B,TRUE,FALSE,TRUE,FALSE,TRUE,TRUE,FALSE,2,1,2,13.333333333333334,0,0,1,1,0,0,1,91,84,86,81,93,87,19,55,80,15,0,0,21,27,83,20,87,21,81,52,58,83,85,100,0,9,54,89,83,84,59,82,29,28,16,58,53,20,20,21,56,45,NA,NA,NA,NA,NA,NA,NA,NA,NA,NA,NA,NA,NA,NA,NA,NA,NA,NA,NA,NA,NA,NA,NA,54,32,69,84,92,54,42,44,23,59,36,20,61,79,78,79,30,53,27,58,59,NA,NA,NA,NA,NA,NA,NA,NA,NA,NA,NA,NA,NA,NA,NA,NA,NA,NA,NA,NA,NA,NA,127,0,127,0,TRUE,TRUE,TRUE,FALSE,FALSE,FALSE,0,0,1,0,0,NA,NA,NA,NA,NA,NA,50.44444444444444,-0.8453785182126626,5,3,Rehab (3),2.5,3,2.75,3,NA,NA,NA,NA,NA,NA,NA,NA,NA,NA,NA,5,4,5,5,4,TRUE,TRUE,No controls
37,902,0,R_6s0Hc89rLA5A6XI,0,0,1,0,0,1,1,1,0,0,0,1,1,1,0,0,0,1,0,1,0,0,0,1,1,1,0,0,0,1,0,0,1,Never,Sometimes,Sometimes,4,1,1,1,1,1,10,8,10,8,9,3,2,2,1,4,1,3,purple,1,1,1,1,1,1,3,6,1,1,2,2,1,1,1,1,1,3,5,3,3,3,4,5,2,1,2,1,2,1,2,2,2,2,2,2,NA,NA,NA,NA,NA,NA,NA,NA,NA,NA,NA,NA,NA,NA,NA,NA,NA,NA,NA,NA,NA,NA,NA,NA,NA,NA,NA,NA,NA,NA,NA,NA,NA,NA,NA,NA,NA,NA,NA,NA,NA,NA,NA,NA,NA,NA,NA,NA,NA,NA,NA,NA,NA,NA,NA,NA,NA,NA,NA,NA,NA,NA,NA,NA,NA,NA,NA,NA,NA,NA,NA,NA,NA,NA,NA,NA,NA,NA,NA,NA,NA,NA,NA,NA,NA,NA,NA,NA,NA,NA,NA,NA,iP880a688629f0cad7,NA,NA,B,TRUE,FALSE,TRUE,FALSE,TRUE,TRUE,FALSE,2,1,2,15.033333333333331,0,0,1,1,0,0,1,100,100,100,100,100,0,100,100,100,100,100,NA,100,100,100,100,100,100,100,100,100,100,100,100,0,0,100,100,0,100,100,100,100,100,100,100,100,100,50,NA,100,100,NA,NA,NA,NA,NA,NA,NA,NA,NA,NA,NA,NA,NA,NA,NA,NA,NA,NA,NA,NA,NA,NA,NA,NA,100,100,100,100,NA,100,100,100,NA,NA,100,100,100,100,100,100,100,100,100,100,NA,NA,NA,NA,NA,NA,NA,NA,NA,NA,NA,NA,NA,NA,NA,NA,NA,NA,NA,NA,NA,NA,93,4,97,0,TRUE,FALSE,TRUE,FALSE,FALSE,FALSE,0,0,1,0,0,NA,NA,NA,NA,NA,NA,88.88888888888889,1.1611788594003225,3,5,Punish (5),3,4,3.5,2.5,1,1,3,3,3,3,3,2,1,4,2.5,5,3,5,3,4,TRUE,TRUE,No controls
48,401673,0,R_1u8gf5xptZ5kNkB,0,0,1,0,0,1,1,0,0,0,0,1,0,0,1,0,0,1,0,0,1,0,0,1,0,0,1,0,0,1,0,0,1,Never,Never,Never,4,1,1,1,1,1,10,6,10,10,10,2,2,3,1,4,2,3,Purple,1,1,1,3,3,3,3,5,3,3,1,1,1,1,2,1,3,1,4,4,4,1,1,4,4,2,2,2,2,2,2,2,2,2,2,2,2,2,2,2,4,2,2,2,3,2,3,1,1,1,1,NA,NA,NA,NA,NA,NA,NA,NA,NA,NA,NA,NA,NA,NA,NA,NA,NA,NA,NA,NA,NA,NA,NA,NA,NA,NA,NA,NA,NA,NA,NA,NA,NA,NA,NA,NA,NA,NA,NA,NA,NA,NA,NA,NA,NA,NA,NA,NA,NA,NA,NA,NA,NA,NA,NA,NA,NA,NA,NA,NA,NA,NA,NA,NA,NA,NA,NA,NA,NA,NA,NA,NA,NA,NA,NA,NA,NA,iP32d0f316b8fc7d4c,NA,NA,B,TRUE,FALSE,TRUE,FALSE,TRUE,TRUE,FALSE,2,1,2,6694.55,0,0,0,0,1,1,1,41,85,82,69,26,39,64,71,60,63,74,70,76,36,64,70,87,63,26,65,31,66,39,46,16,34,72,71,74,10,78,38,69,39,5,65,73,17,25,75,37,82,NA,NA,NA,NA,NA,NA,NA,NA,NA,NA,NA,NA,NA,NA,NA,NA,NA,NA,NA,NA,NA,NA,NA,69,4,13,71,77,10,76,6,75,27,10,35,62,76,68,73,68,80,77,21,63,NA,NA,NA,NA,NA,NA,NA,NA,NA,NA,NA,NA,NA,NA,NA,NA,NA,NA,NA,NA,NA,NA,76,0,76,0,TRUE,FALSE,TRUE,FALSE,FALSE,FALSE,0,0,1,0,0,NA,NA,NA,NA,NA,NA,68.22222222222223,0.08250928646386266,2,6,Punish (6),3,3,3,2.75,3,3,3,3,1,3,2,2.5,4,2.5,3.25,5,1,5,5,5,TRUE,TRUE,No controls
7,679,0,R_7OdhIFlQNUuAh1f,NA,NA,NA,NA,NA,NA,NA,NA,NA,NA,NA,NA,NA,NA,NA,NA,NA,NA,NA,NA,NA,NA,NA,NA,NA,NA,NA,NA,NA,NA,NA,NA,NA,NA,NA,NA,NA,NA,NA,NA,NA,NA,NA,NA,NA,NA,NA,NA,NA,NA,NA,NA,NA,NA,NA,NA,NA,NA,NA,NA,NA,NA,NA,NA,NA,NA,NA,NA,NA,NA,NA,NA,NA,NA,NA,NA,NA,NA,NA,NA,NA,NA,NA,NA,NA,NA,NA,NA,NA,NA,NA,NA,NA,NA,NA,NA,NA,NA,NA,NA,NA,NA,NA,NA,NA,NA,NA,NA,NA,NA,NA,NA,NA,NA,NA,NA,NA,NA,NA,NA,NA,NA,NA,NA,NA,NA,NA,NA,NA,NA,NA,NA,NA,NA,NA,NA,NA,NA,NA,NA,NA,NA,NA,NA,NA,NA,NA,NA,NA,NA,NA,NA,NA,NA,NA,NA,NA,NA,NA,NA,NA,NA,NA,NA,NA,NA,NA,NA,NA,NA,NA,NA,NA,NA,NA,NA,NA,NA,NA,NA,NA,NA,NA,iP71ff5f3cb4170c95,NA,NA,C,FALSE,FALSE,FALSE,FALSE,FALSE,FALSE,FALSE,0,3,0,11.316666666666666,0,1,1,1,0,0,1,NA,NA,NA,NA,NA,NA,NA,NA,NA,NA,NA,NA,NA,NA,NA,NA,NA,NA,NA,NA,NA,NA,NA,NA,NA,NA,NA,NA,NA,NA,NA,NA,NA,NA,NA,NA,NA,NA,NA,NA,NA,NA,NA,NA,NA,NA,NA,NA,NA,NA,NA,NA,NA,NA,NA,NA,NA,NA,NA,NA,NA,NA,NA,NA,NA,NA,NA,NA,NA,NA,NA,NA,NA,NA,NA,NA,NA,NA,NA,NA,NA,NA,NA,NA,NA,NA,NA,NA,NA,NA,NA,NA,NA,NA,NA,NA,NA,NA,NA,NA,NA,NA,NA,NA,NA,NA,NA,NA,224,22,246,0,TRUE,TRUE,TRUE,FALSE,FALSE,FALSE,NA,NA,NA,NA,NA,NA,NA,NA,NA,NA,NA,NA,NA,NA,NA,NA,NA,NA,NA,NA,NA,NA,NA,NA,NA,NA,NA,NA,NA,NA,NA,NA,NA,NA,NA,NA,TRUE,TRUE,No controls
18,1658,0,R_3nJGXdlLWPFPfLD,1,1,0,NA,0,1,0,0,1,0,0,1,1,0,0,0,0,1,0,0,1,0,0,1,1,0,0,0,0,1,0,0,1,Rarely,Never,Rarely,4,1,1,1,1,3,NA,NA,NA,NA,NA,NA,NA,NA,NA,NA,NA,NA,NA,NA,NA,NA,NA,NA,NA,NA,NA,NA,NA,NA,NA,NA,NA,NA,NA,NA,NA,NA,NA,NA,NA,NA,NA,NA,NA,NA,NA,NA,NA,NA,NA,NA,NA,NA,NA,NA,NA,NA,NA,NA,NA,NA,NA,NA,NA,NA,NA,NA,NA,NA,NA,NA,NA,NA,NA,NA,NA,NA,NA,NA,NA,NA,NA,NA,NA,NA,NA,NA,NA,NA,NA,NA,NA,NA,NA,NA,NA,NA,NA,NA,NA,NA,NA,NA,NA,NA,NA,NA,NA,NA,NA,NA,NA,NA,NA,NA,NA,NA,NA,NA,NA,NA,NA,NA,NA,NA,NA,NA,NA,NA,NA,NA,NA,NA,NA,NA,NA,NA,NA,NA,NA,NA,NA,NA,NA,NA,NA,iP9cc8e6747bcdab41,NA,NA,C,TRUE,FALSE,FALSE,FALSE,TRUE,FALSE,FALSE,1,2,1,27.633333333333333,0,0,0,1,0,0,1,93,40,66,70,63,83,84,69,87,90,41,70,83,65,81,89,68,75,75,83,86,69,81,98,82,75,88,74,85,71,91,35,39,64,71,88,100,96,76,66,48,73,NA,NA,NA,NA,NA,NA,NA,NA,NA,NA,NA,NA,NA,NA,NA,NA,NA,NA,NA,NA,NA,NA,NA,NA,NA,NA,NA,NA,NA,NA,NA,NA,NA,NA,NA,NA,NA,NA,NA,NA,NA,NA,NA,NA,74,62,39,76,82,35,90,87,79,56,54,71,61,73,66,81,88,56,57,90,74,83,140,0,140,0,TRUE,TRUE,TRUE,FALSE,FALSE,FALSE,1,1,0,1,NA,NA,NA,NA,NA,NA,NA,78.88888888888889,0.639241969269777,NA,NA,NA,NA,NA,NA,NA,NA,NA,NA,NA,NA,NA,NA,NA,NA,NA,NA,NA,NA,NA,NA,NA,TRUE,TRUE,No controls
34,1746,0,R_6mI2ENCPbqjEJt5,0,0,1,0,0,1,1,0,0,0,0,1,1,0,0,0,0,1,0,0,1,0,0,1,1,0,0,1,0,0,0,0,1,Frequently,Frequently,Rarely,4,1,1,1,1,1,10,6,6,6,6,5,1,4,1,4,1,4,Purple,1,1,1,1,1,1,1,1,1,1,1,3,1,1,1,1,2,3,1,5,1,1,1,1,2,3,3,2,3,3,3,3,3,3,3,3,NA,NA,NA,NA,NA,NA,NA,NA,NA,NA,NA,NA,NA,NA,NA,NA,NA,NA,NA,NA,NA,NA,NA,NA,NA,NA,NA,NA,NA,NA,NA,NA,NA,NA,NA,NA,NA,NA,NA,NA,NA,NA,NA,NA,NA,NA,NA,NA,NA,NA,NA,NA,NA,NA,NA,NA,NA,NA,NA,NA,NA,NA,NA,NA,NA,NA,NA,NA,NA,NA,NA,NA,NA,NA,NA,NA,NA,NA,NA,NA,NA,NA,NA,NA,NA,NA,NA,NA,NA,NA,NA,NA,iP0c0f6bbd112c9278,NA,NA,C,TRUE,FALSE,TRUE,FALSE,TRUE,TRUE,FALSE,2,1,2,29.1,0,0,0,1,0,0,1,0,100,100,100,29,89,21,0,18,0,0,0,100,100,2,100,100,100,80,100,10,19,97,0,1,0,15,78,8,93,99,1,0,2,100,89,19,100,100,0,4,0,NA,NA,NA,NA,NA,NA,NA,NA,NA,NA,NA,NA,NA,NA,NA,NA,NA,NA,NA,NA,NA,NA,NA,NA,NA,NA,NA,NA,NA,NA,NA,NA,NA,NA,NA,NA,NA,NA,NA,NA,NA,NA,NA,NA,15,100,71,100,100,100,98,100,96,4,97,5,0,100,100,100,100,100,22,16,11,6,91,0,91,0,TRUE,FALSE,TRUE,FALSE,FALSE,FALSE,0,0,1,0,0,NA,NA,NA,NA,NA,NA,77.88888888888889,0.5870482802567225,5,3,Rehab (3),4,4,4,3.25,3,2,3,3,3,3,1,1.5,2.5,1,1.75,5,1,1,1,1,TRUE,TRUE,No controls
7,1975,0,R_57mcp8DR2TPJbb2,NA,NA,NA,NA,NA,NA,NA,NA,NA,NA,NA,NA,NA,NA,NA,NA,NA,NA,NA,NA,NA,NA,NA,NA,NA,NA,NA,NA,NA,NA,NA,NA,NA,NA,NA,NA,NA,NA,NA,NA,NA,NA,NA,NA,NA,NA,NA,NA,NA,NA,NA,NA,NA,NA,NA,NA,NA,NA,NA,NA,NA,NA,NA,NA,NA,NA,NA,NA,NA,NA,NA,NA,NA,NA,NA,NA,NA,NA,NA,NA,NA,NA,NA,NA,NA,NA,NA,NA,NA,NA,NA,NA,NA,NA,NA,NA,NA,NA,NA,NA,NA,NA,NA,NA,NA,NA,NA,NA,NA,NA,NA,NA,NA,NA,NA,NA,NA,NA,NA,NA,NA,NA,NA,NA,NA,NA,NA,NA,NA,NA,NA,NA,NA,NA,NA,NA,NA,NA,NA,NA,NA,NA,NA,NA,NA,NA,NA,NA,NA,NA,NA,NA,NA,NA,NA,NA,NA,NA,NA,NA,NA,NA,NA,NA,NA,NA,NA,NA,NA,NA,NA,NA,NA,NA,NA,NA,NA,NA,NA,NA,NA,NA,NA,iP4db8fb39fea228a1,NA,NA,C,FALSE,FALSE,FALSE,FALSE,FALSE,FALSE,FALSE,0,3,0,32.916666666666664,0,0,0,0,0,0,1,NA,NA,NA,NA,NA,NA,NA,NA,NA,NA,NA,NA,NA,NA,NA,NA,NA,NA,NA,NA,NA,NA,NA,NA,NA,NA,NA,NA,NA,NA,NA,NA,NA,NA,NA,NA,NA,NA,NA,NA,NA,NA,NA,NA,NA,NA,NA,NA,NA,NA,NA,NA,NA,NA,NA,NA,NA,NA,NA,NA,NA,NA,NA,NA,NA,NA,NA,NA,NA,NA,NA,NA,NA,NA,NA,NA,NA,NA,NA,NA,NA,NA,NA,NA,NA,NA,NA,NA,NA,NA,NA,NA,NA,NA,NA,NA,NA,NA,NA,NA,NA,NA,NA,NA,NA,NA,NA,NA,224,22,246,0,TRUE,TRUE,TRUE,FALSE,FALSE,FALSE,NA,NA,NA,NA,NA,NA,NA,NA,NA,NA,NA,NA,NA,NA,NA,NA,NA,NA,NA,NA,NA,NA,NA,NA,NA,NA,NA,NA,NA,NA,NA,NA,NA,NA,NA,NA,TRUE,TRUE,No controls
10,767,0,R_7eCYsTlWigkRIGD,NA,NA,NA,NA,NA,NA,NA,NA,NA,NA,NA,NA,NA,NA,NA,NA,NA,NA,NA,NA,NA,NA,NA,NA,NA,NA,NA,NA,NA,NA,NA,NA,NA,NA,NA,NA,NA,NA,NA,NA,NA,NA,NA,NA,NA,NA,NA,NA,NA,NA,NA,NA,NA,NA,NA,NA,NA,NA,NA,NA,NA,NA,NA,NA,NA,NA,NA,NA,NA,NA,NA,NA,NA,NA,NA,NA,NA,NA,NA,NA,NA,NA,NA,NA,NA,NA,NA,NA,NA,NA,NA,NA,NA,NA,NA,NA,NA,NA,NA,NA,NA,NA,NA,NA,NA,NA,NA,NA,NA,NA,NA,NA,NA,NA,NA,NA,NA,NA,NA,NA,NA,NA,NA,NA,NA,NA,NA,NA,NA,NA,NA,NA,NA,NA,NA,NA,NA,NA,NA,NA,NA,NA,NA,NA,NA,NA,NA,NA,NA,NA,NA,NA,NA,NA,NA,NA,NA,NA,NA,NA,NA,NA,NA,NA,NA,NA,NA,NA,NA,NA,NA,NA,NA,NA,NA,NA,NA,NA,NA,NA,NA,NA,NA,iP45c28c4b4fea1cf8,NA,NA,A,FALSE,FALSE,FALSE,FALSE,FALSE,FALSE,FALSE,0,3,0,12.783333333333331,0,0,1,1,0,0,1,NA,100,50,NA,NA,NA,0,NA,NA,NA,0,10,100,NA,NA,NA,60,NA,40,NA,10,NA,NA,NA,0,30,100,0,NA,50,NA,NA,NA,NA,NA,NA,0,NA,NA,0,NA,NA,50,0,0,20,NA,NA,NA,50,NA,NA,NA,NA,NA,NA,NA,100,NA,NA,NA,100,100,NA,NA,NA,NA,NA,NA,NA,NA,NA,NA,NA,NA,NA,NA,NA,NA,NA,NA,NA,NA,NA,NA,NA,NA,NA,NA,NA,NA,NA,NA,NA,NA,NA,NA,NA,NA,NA,NA,NA,NA,NA,NA,NA,NA,NA,208,15,223,0,TRUE,TRUE,TRUE,FALSE,FALSE,FALSE,NA,NA,NA,NA,NA,NA,NA,NA,NA,NA,NA,NA,NA,NA,NA,NA,NA,NA,NA,NA,NA,NA,NA,NA,NA,NA,NA,NA,NA,NA,NA,NA,NA,NA,NA,NA,TRUE,TRUE,No controls
7,660,0,R_7qNIDmSKn5yq9Fc,NA,NA,NA,NA,NA,NA,NA,NA,NA,NA,NA,NA,NA,NA,NA,NA,NA,NA,NA,NA,NA,NA,NA,NA,NA,NA,NA,NA,NA,NA,NA,NA,NA,NA,NA,NA,NA,NA,NA,NA,NA,NA,NA,NA,NA,NA,NA,NA,NA,NA,NA,NA,NA,NA,NA,NA,NA,NA,NA,NA,NA,NA,NA,NA,NA,NA,NA,NA,NA,NA,NA,NA,NA,NA,NA,NA,NA,NA,NA,NA,NA,NA,NA,NA,NA,NA,NA,NA,NA,NA,NA,NA,NA,NA,NA,NA,NA,NA,NA,NA,NA,NA,NA,NA,NA,NA,NA,NA,NA,NA,NA,NA,NA,NA,NA,NA,NA,NA,NA,NA,NA,NA,NA,NA,NA,NA,NA,NA,NA,NA,NA,NA,NA,NA,NA,NA,NA,NA,NA,NA,NA,NA,NA,NA,NA,NA,NA,NA,NA,NA,NA,NA,NA,NA,NA,NA,NA,NA,NA,NA,NA,NA,NA,NA,NA,NA,NA,NA,NA,NA,NA,NA,NA,NA,NA,NA,NA,NA,NA,NA,NA,NA,NA,iP6d6157fec453bf46,NA,NA,C,FALSE,FALSE,FALSE,FALSE,FALSE,FALSE,FALSE,0,3,0,11,0,1,1,1,0,0,1,NA,NA,NA,NA,NA,NA,NA,NA,NA,NA,NA,NA,NA,NA,NA,NA,NA,NA,NA,NA,NA,NA,NA,NA,NA,NA,NA,NA,NA,NA,NA,NA,NA,NA,NA,NA,NA,NA,NA,NA,NA,NA,NA,NA,NA,NA,NA,NA,NA,NA,NA,NA,NA,NA,NA,NA,NA,NA,NA,NA,NA,NA,NA,NA,NA,NA,NA,NA,NA,NA,NA,NA,NA,NA,NA,NA,NA,NA,NA,NA,NA,NA,NA,NA,NA,NA,NA,NA,NA,NA,NA,NA,NA,NA,NA,NA,NA,NA,NA,NA,NA,NA,NA,NA,NA,NA,NA,NA,224,22,246,0,TRUE,TRUE,TRUE,FALSE,FALSE,FALSE,NA,NA,NA,NA,NA,NA,NA,NA,NA,NA,NA,NA,NA,NA,NA,NA,NA,NA,NA,NA,NA,NA,NA,NA,NA,NA,NA,NA,NA,NA,NA,NA,NA,NA,NA,NA,TRUE,TRUE,No controls
7,162047,0,R_525ZDZNIbw15Spp,NA,NA,NA,NA,NA,NA,NA,NA,NA,NA,NA,NA,NA,NA,NA,NA,NA,NA,NA,NA,NA,NA,NA,NA,NA,NA,NA,NA,NA,NA,NA,NA,NA,NA,NA,NA,NA,NA,NA,NA,NA,NA,NA,NA,NA,NA,NA,NA,NA,NA,NA,NA,NA,NA,NA,NA,NA,NA,NA,NA,NA,NA,NA,NA,NA,NA,NA,NA,NA,NA,NA,NA,NA,NA,NA,NA,NA,NA,NA,NA,NA,NA,NA,NA,NA,NA,NA,NA,NA,NA,NA,NA,NA,NA,NA,NA,NA,NA,NA,NA,NA,NA,NA,NA,NA,NA,NA,NA,NA,NA,NA,NA,NA,NA,NA,NA,NA,NA,NA,NA,NA,NA,NA,NA,NA,NA,NA,NA,NA,NA,NA,NA,NA,NA,NA,NA,NA,NA,NA,NA,NA,NA,NA,NA,NA,NA,NA,NA,NA,NA,NA,NA,NA,NA,NA,NA,NA,NA,NA,NA,NA,NA,NA,NA,NA,NA,NA,NA,NA,NA,NA,NA,NA,NA,NA,NA,NA,NA,NA,NA,NA,NA,NA,iPb6355abaa85c89a4,NA,NA,C,FALSE,FALSE,FALSE,FALSE,FALSE,FALSE,FALSE,0,3,0,2700.7833333333333,0,0,0,0,1,1,1,NA,NA,NA,NA,NA,NA,NA,NA,NA,NA,NA,NA,NA,NA,NA,NA,NA,NA,NA,NA,NA,NA,NA,NA,NA,NA,NA,NA,NA,NA,NA,NA,NA,NA,NA,NA,NA,NA,NA,NA,NA,NA,NA,NA,NA,NA,NA,NA,NA,NA,NA,NA,NA,NA,NA,NA,NA,NA,NA,NA,NA,NA,NA,NA,NA,NA,NA,NA,NA,NA,NA,NA,NA,NA,NA,NA,NA,NA,NA,NA,NA,NA,NA,NA,NA,NA,NA,NA,NA,NA,NA,NA,NA,NA,NA,NA,NA,NA,NA,NA,NA,NA,NA,NA,NA,NA,NA,NA,224,22,246,0,TRUE,TRUE,TRUE,FALSE,FALSE,FALSE,NA,NA,NA,NA,NA,NA,NA,NA,NA,NA,NA,NA,NA,NA,NA,NA,NA,NA,NA,NA,NA,NA,NA,NA,NA,NA,NA,NA,NA,NA,NA,NA,NA,NA,NA,NA,TRUE,TRUE,No controls
37,17077,0,R_63g4tp6pBQ7oPeA,0,0,1,0,0,1,0,0,1,0,0,1,0,0,1,0,0,1,0,1,0,0,1,0,1,0,0,1,0,0,1,0,1,Never,Never,Never,4,1,2,1,2,2,10,7,9,10,9,2,3,4,4,4,2,4,purple,2,6,3,2,2,5,4,4,2,3,1,1,1,1,1,2,1,1,4,4,4,3,3,4,4,1,1,1,1,1,1,1,1,1,1,1,NA,NA,NA,NA,NA,NA,NA,NA,NA,NA,NA,NA,NA,NA,NA,NA,NA,NA,NA,NA,NA,NA,NA,NA,NA,NA,NA,NA,NA,NA,NA,NA,NA,NA,NA,NA,NA,NA,NA,NA,NA,NA,NA,NA,NA,NA,NA,NA,NA,NA,NA,NA,NA,NA,NA,NA,NA,NA,NA,NA,NA,NA,NA,NA,NA,NA,NA,NA,NA,NA,NA,NA,NA,NA,NA,NA,NA,NA,NA,NA,NA,NA,NA,NA,NA,NA,NA,NA,NA,NA,NA,NA,iP3a114026d985a493,NA,NA,C,TRUE,FALSE,TRUE,FALSE,TRUE,TRUE,FALSE,2,1,2,284.6166666666667,0,0,0,0,1,1,1,68,90,68,68,68,68,74,75,58,75,75,75,52,68,78,62,86,57,52,77,17,87,82,100,61,65,60,75,23,52,86,63,54,54,46,63,25,30,14,11,0,73,NA,NA,NA,NA,NA,NA,NA,NA,NA,NA,NA,NA,NA,NA,NA,NA,NA,NA,NA,NA,NA,NA,NA,NA,NA,NA,NA,NA,NA,NA,NA,NA,NA,NA,NA,NA,NA,NA,NA,NA,NA,NA,NA,NA,94,100,68,68,84,81,100,100,100,55,60,46,64,62,75,60,54,58,64,81,75,56,91,0,91,0,TRUE,FALSE,TRUE,FALSE,FALSE,FALSE,0,0,1,0,0,NA,NA,NA,NA,NA,NA,62.22222222222222,-0.2306528476144649,2,6,Punish (6),2,3,2.5,4,3,3,3,3,3,1,3,3,4,4,4,5,2,4,5,4,TRUE,TRUE,No controls
30,188939,0,R_1xYne5gGsh2VSwG,0,0,1,0,0,1,0,0,1,0,0,1,1,0,0,1,0,0,0,0,1,0,0,1,1,0,0,0,0,1,0,0,1,Sometimes,Rarely,Rarely,4,2,2,2,2,2,7,9,9,9,7,6,2,2,2,2,2,3,Purple,2,6,2,2,2,2,-99,4,3,2,NA,NA,NA,NA,NA,NA,NA,NA,NA,NA,NA,NA,NA,NA,NA,NA,NA,NA,NA,NA,NA,NA,NA,NA,NA,NA,NA,NA,NA,NA,NA,NA,NA,NA,NA,NA,NA,NA,NA,NA,NA,NA,NA,NA,NA,NA,NA,NA,NA,NA,NA,NA,NA,NA,NA,NA,NA,NA,NA,NA,NA,NA,NA,NA,NA,NA,NA,NA,NA,NA,NA,NA,NA,NA,NA,NA,NA,NA,NA,NA,NA,NA,NA,NA,NA,NA,NA,NA,NA,NA,NA,NA,NA,NA,NA,NA,NA,NA,NA,NA,NA,NA,NA,NA,NA,NA,NA,NA,NA,NA,NA,NA,NA,NA,NA,NA,NA,NA,iP9f583dea9b8fbe94,NA,NA,C,TRUE,FALSE,TRUE,FALSE,TRUE,TRUE,FALSE,2,1,2,3148.983333333333,0,0,0,0,1,1,1,64,65,66,66,68,66,63,67,63,50,62,39,65,54,40,66,65,63,64,37,46,64,53,66,75,55,71,66,63,41,46,65,63,67,34,64,67,66,46,50,71,63,NA,NA,NA,NA,NA,NA,NA,NA,NA,NA,NA,NA,NA,NA,NA,NA,NA,NA,NA,NA,NA,NA,NA,NA,NA,NA,NA,NA,NA,NA,NA,NA,NA,NA,NA,NA,NA,NA,NA,NA,NA,NA,NA,NA,65,37,41,39,34,66,64,66,65,10,66,19,40,41,65,68,66,68,57,70,34,70,117,0,117,0,TRUE,FALSE,TRUE,FALSE,FALSE,FALSE,0,0,1,0,0,NA,NA,NA,NA,NA,NA,61.111111111111114,-0.28864583540674743,6,2,Rehab (2),3,3,3,2.25,NA,NA,NA,NA,NA,NA,NA,NA,NA,NA,NA,2,4,4,4,2,TRUE,TRUE,No controls
30,9999,0,R_7LLmeQvxj0sqoVM,0,0,-99,0,-99,-99,-99,-99,-99,-99,-99,-99,-99,-99,-99,-99,-99,-99,-99,-99,-99,-99,-99,-99,-99,-99,-99,-99,-99,-99,-99,-99,-99,NA,NA,NA,4,3,4,4,4,4,7,7,6,7,6,4,1,3,4,2,3,2,PURPLE,1,3,1,3,3,3,3,3,3,3,NA,NA,NA,NA,NA,NA,NA,NA,NA,NA,NA,NA,NA,NA,NA,NA,NA,NA,NA,NA,NA,NA,NA,NA,NA,NA,NA,NA,NA,NA,NA,NA,NA,NA,NA,NA,NA,NA,NA,NA,NA,NA,NA,NA,NA,NA,NA,NA,NA,NA,NA,NA,NA,NA,NA,NA,NA,NA,NA,NA,NA,NA,NA,NA,NA,NA,NA,NA,NA,NA,NA,NA,NA,NA,NA,NA,NA,NA,NA,NA,NA,NA,NA,NA,NA,NA,NA,NA,NA,NA,NA,NA,NA,NA,NA,NA,NA,NA,NA,NA,NA,NA,NA,NA,NA,NA,NA,NA,NA,NA,NA,NA,NA,NA,NA,NA,NA,NA,iP13e924f8322876c7,NA,NA,A,TRUE,FALSE,TRUE,FALSE,TRUE,TRUE,FALSE,2,1,2,166.65,0,0,0,0,1,0,1,50,40,40,70,50,50,70,70,60,50,50,40,50,50,50,20,50,NA,50,NA,50,50,50,50,60,50,60,40,50,50,50,40,40,20,50,30,100,40,60,60,50,60,50,40,50,50,60,40,70,50,70,100,NA,50,50,50,60,60,50,50,60,60,60,50,50,NA,NA,NA,NA,NA,NA,NA,NA,NA,NA,NA,NA,NA,NA,NA,NA,NA,NA,NA,NA,NA,NA,NA,NA,NA,NA,NA,NA,NA,NA,NA,NA,NA,NA,NA,NA,NA,NA,NA,NA,NA,NA,NA,119,1,120,0,TRUE,FALSE,TRUE,FALSE,FALSE,FALSE,0,0,1,0,0,NA,NA,NA,NA,NA,NA,45.714285714285715,-1.0922629519569522,4,4,Neutral (4),4,2,3,2.75,NA,NA,NA,NA,NA,NA,NA,NA,NA,NA,NA,2,2,1,2,1,TRUE,TRUE,No controls
8,534,0,R_3R1u3dtgBbVdMLG,NA,NA,NA,NA,NA,NA,NA,NA,NA,NA,NA,NA,NA,NA,NA,NA,NA,NA,NA,NA,NA,NA,NA,NA,NA,NA,NA,NA,NA,NA,NA,NA,NA,NA,NA,NA,NA,NA,NA,NA,NA,NA,NA,NA,NA,NA,NA,NA,NA,NA,NA,NA,NA,NA,NA,NA,NA,NA,NA,NA,NA,NA,NA,NA,NA,NA,NA,NA,NA,NA,NA,NA,NA,NA,NA,NA,NA,NA,NA,NA,NA,NA,NA,NA,NA,NA,NA,NA,NA,NA,NA,NA,NA,NA,NA,NA,NA,NA,NA,NA,NA,NA,NA,NA,NA,NA,NA,NA,NA,NA,NA,NA,NA,NA,NA,NA,NA,NA,NA,NA,NA,NA,NA,NA,NA,NA,NA,NA,NA,NA,NA,NA,NA,NA,NA,NA,NA,NA,NA,NA,NA,NA,NA,NA,NA,NA,NA,NA,NA,NA,NA,NA,NA,NA,NA,NA,NA,NA,NA,NA,NA,NA,NA,NA,NA,NA,NA,NA,NA,NA,NA,NA,NA,NA,NA,NA,NA,NA,NA,NA,NA,NA,NA,iP0dbe32be8fdaff22,NA,NA,B,FALSE,FALSE,FALSE,FALSE,FALSE,FALSE,FALSE,0,3,0,8.9,0,1,1,1,0,0,1,100,94,84,90,2,70,90,94,100,20,50,59,81,84,0,70,100,100,20,80,5,90,59,100,2,10,90,90,80,50,100,80,80,5,20,10,30,43,27,60,80,93,NA,NA,NA,NA,NA,NA,NA,NA,NA,NA,NA,NA,NA,NA,NA,NA,NA,NA,NA,NA,NA,NA,NA,10,5,90,30,71,0,80,1,50,42,2,36,100,100,100,100,100,90,80,0,80,NA,NA,NA,NA,NA,NA,NA,NA,NA,NA,NA,NA,NA,NA,NA,NA,NA,NA,NA,NA,NA,NA,182,0,182,0,TRUE,TRUE,TRUE,FALSE,FALSE,FALSE,NA,NA,NA,NA,NA,NA,NA,NA,NA,NA,NA,86.11111111111111,1.0161963899196156,NA,NA,NA,NA,NA,NA,NA,NA,NA,NA,NA,NA,NA,NA,NA,NA,NA,NA,NA,NA,NA,NA,NA,TRUE,TRUE,No controls
8,1014,0,R_6IShRJBxRCJTxwh,NA,NA,NA,NA,NA,NA,NA,NA,NA,NA,NA,NA,NA,NA,NA,NA,NA,NA,NA,NA,NA,NA,NA,NA,NA,NA,NA,NA,NA,NA,NA,NA,NA,NA,NA,NA,NA,NA,NA,NA,NA,NA,NA,NA,NA,NA,NA,NA,NA,NA,NA,NA,NA,NA,NA,NA,NA,NA,NA,NA,NA,NA,NA,NA,NA,NA,NA,NA,NA,NA,NA,NA,NA,NA,NA,NA,NA,NA,NA,NA,NA,NA,NA,NA,NA,NA,NA,NA,NA,NA,NA,NA,NA,NA,NA,NA,NA,NA,NA,NA,NA,NA,NA,NA,NA,NA,NA,NA,NA,NA,NA,NA,NA,NA,NA,NA,NA,NA,NA,NA,NA,NA,NA,NA,NA,NA,NA,NA,NA,NA,NA,NA,NA,NA,NA,NA,NA,NA,NA,NA,NA,NA,NA,NA,NA,NA,NA,NA,NA,NA,NA,NA,NA,NA,NA,NA,NA,NA,NA,NA,NA,NA,NA,NA,NA,NA,NA,NA,NA,NA,NA,NA,NA,NA,NA,NA,NA,NA,NA,NA,NA,NA,NA,iP9994070ad6c9b63e,NA,NA,A,FALSE,FALSE,FALSE,FALSE,FALSE,FALSE,FALSE,0,3,0,16.9,0,0,1,1,0,0,1,60,70,40,50,50,50,70,100,80,50,50,50,50,50,70,60,70,50,90,90,20,90,80,100,40,50,70,50,60,30,70,70,70,70,10,70,30,50,30,50,90,80,70,30,50,0,50,50,50,50,50,70,80,30,90,100,50,20,30,60,60,50,50,50,30,NA,NA,NA,NA,NA,NA,NA,NA,NA,NA,NA,NA,NA,NA,NA,NA,NA,NA,NA,NA,NA,NA,NA,NA,NA,NA,NA,NA,NA,NA,NA,NA,NA,NA,NA,NA,NA,NA,NA,NA,NA,NA,NA,182,0,182,0,TRUE,TRUE,TRUE,FALSE,FALSE,FALSE,NA,NA,NA,NA,NA,NA,NA,NA,NA,NA,NA,61.111111111111114,-0.28864583540674743,NA,NA,NA,NA,NA,NA,NA,NA,NA,NA,NA,NA,NA,NA,NA,NA,NA,NA,NA,NA,NA,NA,NA,TRUE,TRUE,No controls
7,935,0,R_6w5jk79LL3sqFDZ,NA,NA,NA,NA,NA,NA,NA,NA,NA,NA,NA,NA,NA,NA,NA,NA,NA,NA,NA,NA,NA,NA,NA,NA,NA,NA,NA,NA,NA,NA,NA,NA,NA,NA,NA,NA,NA,NA,NA,NA,NA,NA,NA,NA,NA,NA,NA,NA,NA,NA,NA,NA,NA,NA,NA,NA,NA,NA,NA,NA,NA,NA,NA,NA,NA,NA,NA,NA,NA,NA,NA,NA,NA,NA,NA,NA,NA,NA,NA,NA,NA,NA,NA,NA,NA,NA,NA,NA,NA,NA,NA,NA,NA,NA,NA,NA,NA,NA,NA,NA,NA,NA,NA,NA,NA,NA,NA,NA,NA,NA,NA,NA,NA,NA,NA,NA,NA,NA,NA,NA,NA,NA,NA,NA,NA,NA,NA,NA,NA,NA,NA,NA,NA,NA,NA,NA,NA,NA,NA,NA,NA,NA,NA,NA,NA,NA,NA,NA,NA,NA,NA,NA,NA,NA,NA,NA,NA,NA,NA,NA,NA,NA,NA,NA,NA,NA,NA,NA,NA,NA,NA,NA,NA,NA,NA,NA,NA,NA,NA,NA,NA,NA,NA,iPe0b1452640c44304,NA,NA,C,FALSE,FALSE,FALSE,FALSE,FALSE,FALSE,FALSE,0,3,0,15.583333333333334,0,0,1,1,0,0,1,NA,NA,NA,NA,NA,NA,NA,NA,NA,NA,NA,NA,NA,NA,NA,NA,NA,NA,NA,NA,NA,NA,NA,NA,NA,NA,NA,NA,NA,NA,NA,NA,NA,NA,NA,NA,NA,NA,NA,NA,NA,NA,NA,NA,NA,NA,NA,NA,NA,NA,NA,NA,NA,NA,NA,NA,NA,NA,NA,NA,NA,NA,NA,NA,NA,NA,NA,NA,NA,NA,NA,NA,NA,NA,NA,NA,NA,NA,NA,NA,NA,NA,NA,NA,NA,NA,NA,NA,NA,NA,NA,NA,NA,NA,NA,NA,NA,NA,NA,NA,NA,NA,NA,NA,NA,NA,NA,NA,224,22,246,0,TRUE,TRUE,TRUE,FALSE,FALSE,FALSE,NA,NA,NA,NA,NA,NA,NA,NA,NA,NA,NA,NA,NA,NA,NA,NA,NA,NA,NA,NA,NA,NA,NA,NA,NA,NA,NA,NA,NA,NA,NA,NA,NA,NA,NA,NA,TRUE,TRUE,No controls
8,12766,0,R_7kOhAKwVQqcDMby,NA,NA,NA,NA,NA,NA,NA,NA,NA,NA,NA,NA,NA,NA,NA,NA,NA,NA,NA,NA,NA,NA,NA,NA,NA,NA,NA,NA,NA,NA,NA,NA,NA,NA,NA,NA,NA,NA,NA,NA,NA,NA,NA,NA,NA,NA,NA,NA,NA,NA,NA,NA,NA,NA,NA,NA,NA,NA,NA,NA,NA,NA,NA,NA,NA,NA,NA,NA,NA,NA,NA,NA,NA,NA,NA,NA,NA,NA,NA,NA,NA,NA,NA,NA,NA,NA,NA,NA,NA,NA,NA,NA,NA,NA,NA,NA,NA,NA,NA,NA,NA,NA,NA,NA,NA,NA,NA,NA,NA,NA,NA,NA,NA,NA,NA,NA,NA,NA,NA,NA,NA,NA,NA,NA,NA,NA,NA,NA,NA,NA,NA,NA,NA,NA,NA,NA,NA,NA,NA,NA,NA,NA,NA,NA,NA,NA,NA,NA,NA,NA,NA,NA,NA,NA,NA,NA,NA,NA,NA,NA,NA,NA,NA,NA,NA,NA,NA,NA,NA,NA,NA,NA,NA,NA,NA,NA,NA,NA,NA,NA,NA,NA,NA,iP5b8f3b04d7bbda1a,NA,NA,B,FALSE,FALSE,FALSE,FALSE,FALSE,FALSE,FALSE,0,3,0,212.76666666666668,0,0,0,0,1,1,1,100,100,100,100,87,100,38,100,100,100,100,36,85,100,80,100,100,24,100,100,45,100,100,100,14,19,100,81,35,63,100,100,100,100,29,NA,39,4,27,25,88,100,NA,NA,NA,NA,NA,NA,NA,NA,NA,NA,NA,NA,NA,NA,NA,NA,NA,NA,NA,NA,NA,NA,NA,100,15,100,100,100,37,100,0,100,41,0,40,100,100,100,100,100,100,100,21,55,NA,NA,NA,NA,NA,NA,NA,NA,NA,NA,NA,NA,NA,NA,NA,NA,NA,NA,NA,NA,NA,NA,183,0,183,0,TRUE,TRUE,TRUE,FALSE,FALSE,FALSE,NA,NA,NA,NA,NA,NA,NA,NA,NA,NA,NA,80.55555555555556,0.7262314509582015,NA,NA,NA,NA,NA,NA,NA,NA,NA,NA,NA,NA,NA,NA,NA,NA,NA,NA,NA,NA,NA,NA,NA,TRUE,TRUE,No controls
8,7948,0,R_5BPgMBIUuQj5zUV,NA,NA,NA,NA,NA,NA,NA,NA,NA,NA,NA,NA,NA,NA,NA,NA,NA,NA,NA,NA,NA,NA,NA,NA,NA,NA,NA,NA,NA,NA,NA,NA,NA,NA,NA,NA,NA,NA,NA,NA,NA,NA,NA,NA,NA,NA,NA,NA,NA,NA,NA,NA,NA,NA,NA,NA,NA,NA,NA,NA,NA,NA,NA,NA,NA,NA,NA,NA,NA,NA,NA,NA,NA,NA,NA,NA,NA,NA,NA,NA,NA,NA,NA,NA,NA,NA,NA,NA,NA,NA,NA,NA,NA,NA,NA,NA,NA,NA,NA,NA,NA,NA,NA,NA,NA,NA,NA,NA,NA,NA,NA,NA,NA,NA,NA,NA,NA,NA,NA,NA,NA,NA,NA,NA,NA,NA,NA,NA,NA,NA,NA,NA,NA,NA,NA,NA,NA,NA,NA,NA,NA,NA,NA,NA,NA,NA,NA,NA,NA,NA,NA,NA,NA,NA,NA,NA,NA,NA,NA,NA,NA,NA,NA,NA,NA,NA,NA,NA,NA,NA,NA,NA,NA,NA,NA,NA,NA,NA,NA,NA,NA,NA,NA,iP78d80f523791469a,NA,NA,A,FALSE,FALSE,FALSE,FALSE,FALSE,FALSE,FALSE,0,3,0,132.46666666666667,0,0,0,0,1,0,1,50,50,50,50,50,50,50,50,50,50,50,50,50,50,50,50,50,50,50,50,50,50,50,50,50,50,50,50,50,50,50,50,50,50,50,50,50,50,50,50,50,50,50,50,50,50,50,50,50,50,50,50,50,50,50,50,50,50,50,50,50,50,50,50,50,NA,NA,NA,NA,NA,NA,NA,NA,NA,NA,NA,NA,NA,NA,NA,NA,NA,NA,NA,NA,NA,NA,NA,NA,NA,NA,NA,NA,NA,NA,NA,NA,NA,NA,NA,NA,NA,NA,NA,NA,NA,NA,NA,182,0,182,0,TRUE,TRUE,TRUE,FALSE,FALSE,FALSE,NA,NA,NA,NA,NA,NA,NA,NA,NA,NA,NA,50,-0.8685757133295756,NA,NA,NA,NA,NA,NA,NA,NA,NA,NA,NA,NA,NA,NA,NA,NA,NA,NA,NA,NA,NA,NA,NA,TRUE,TRUE,No controls
24,19576,0,R_6yP6A3creE5DHEt,NA,1,1,1,1,0,1,1,0,0,1,1,1,1,0,0,0,1,0,1,0,0,1,1,1,0,0,1,1,0,0,1,0,Sometimes,Never,Rarely,4,1,2,4,2,1,9,8,10,8,10,2,2,3,3,4,2,4,purple,NA,NA,NA,NA,NA,NA,NA,NA,NA,NA,NA,NA,NA,NA,NA,NA,NA,NA,NA,NA,NA,NA,NA,NA,NA,NA,NA,NA,NA,NA,NA,NA,NA,NA,NA,NA,NA,NA,NA,NA,NA,NA,NA,NA,NA,NA,NA,NA,NA,NA,NA,NA,NA,NA,NA,NA,NA,NA,NA,NA,NA,NA,NA,NA,NA,NA,NA,NA,NA,NA,NA,NA,NA,NA,NA,NA,NA,NA,NA,NA,NA,NA,NA,NA,NA,NA,NA,NA,NA,NA,NA,NA,NA,NA,NA,NA,NA,NA,NA,NA,NA,NA,NA,NA,NA,NA,NA,NA,NA,NA,NA,NA,NA,NA,NA,NA,NA,NA,NA,NA,NA,NA,NA,NA,NA,NA,NA,NA,iPa185a58dd5ecd17f,NA,NA,B,TRUE,FALSE,TRUE,FALSE,TRUE,TRUE,FALSE,2,1,2,326.26666666666665,0,0,0,0,1,1,1,0,0,100,100,100,100,100,30,100,100,100,100,0,100,100,100,100,100,100,0,100,56,79,100,100,100,100,100,100,100,100,0,0,0,100,100,60,100,100,100,100,100,NA,NA,NA,NA,NA,NA,NA,NA,NA,NA,NA,NA,NA,NA,NA,NA,NA,NA,NA,NA,NA,NA,NA,100,100,100,100,100,100,0,100,100,100,100,100,100,100,100,100,100,100,100,100,100,NA,NA,NA,NA,NA,NA,NA,NA,NA,NA,NA,NA,NA,NA,NA,NA,NA,NA,NA,NA,NA,NA,127,0,127,0,TRUE,TRUE,TRUE,FALSE,FALSE,FALSE,1,NA,1,1,1,NA,NA,NA,NA,NA,NA,77.77777777777777,0.5812489814774942,2,6,Punish (6),3,3,3,3.5,NA,NA,NA,NA,NA,NA,NA,NA,NA,NA,NA,4,3,5,3,5,TRUE,TRUE,No controls
7,584,0,R_7scndSbxMSftmVk,NA,NA,NA,NA,NA,NA,NA,NA,NA,NA,NA,NA,NA,NA,NA,NA,NA,NA,NA,NA,NA,NA,NA,NA,NA,NA,NA,NA,NA,NA,NA,NA,NA,NA,NA,NA,NA,NA,NA,NA,NA,NA,NA,NA,NA,NA,NA,NA,NA,NA,NA,NA,NA,NA,NA,NA,NA,NA,NA,NA,NA,NA,NA,NA,NA,NA,NA,NA,NA,NA,NA,NA,NA,NA,NA,NA,NA,NA,NA,NA,NA,NA,NA,NA,NA,NA,NA,NA,NA,NA,NA,NA,NA,NA,NA,NA,NA,NA,NA,NA,NA,NA,NA,NA,NA,NA,NA,NA,NA,NA,NA,NA,NA,NA,NA,NA,NA,NA,NA,NA,NA,NA,NA,NA,NA,NA,NA,NA,NA,NA,NA,NA,NA,NA,NA,NA,NA,NA,NA,NA,NA,NA,NA,NA,NA,NA,NA,NA,NA,NA,NA,NA,NA,NA,NA,NA,NA,NA,NA,NA,NA,NA,NA,NA,NA,NA,NA,NA,NA,NA,NA,NA,NA,NA,NA,NA,NA,NA,NA,NA,NA,NA,NA,iPbedabc502fcd0131,NA,NA,C,FALSE,FALSE,FALSE,FALSE,FALSE,FALSE,FALSE,0,3,0,9.733333333333333,0,1,1,1,0,0,1,NA,NA,NA,NA,NA,NA,NA,NA,NA,NA,NA,NA,NA,NA,NA,NA,NA,NA,NA,NA,NA,NA,NA,NA,NA,NA,NA,NA,NA,NA,NA,NA,NA,NA,NA,NA,NA,NA,NA,NA,NA,NA,NA,NA,NA,NA,NA,NA,NA,NA,NA,NA,NA,NA,NA,NA,NA,NA,NA,NA,NA,NA,NA,NA,NA,NA,NA,NA,NA,NA,NA,NA,NA,NA,NA,NA,NA,NA,NA,NA,NA,NA,NA,NA,NA,NA,NA,NA,NA,NA,NA,NA,NA,NA,NA,NA,NA,NA,NA,NA,NA,NA,NA,NA,NA,NA,NA,NA,224,22,246,0,TRUE,TRUE,TRUE,FALSE,FALSE,FALSE,NA,NA,NA,NA,NA,NA,NA,NA,NA,NA,NA,NA,NA,NA,NA,NA,NA,NA,NA,NA,NA,NA,NA,NA,NA,NA,NA,NA,NA,NA,NA,NA,NA,NA,NA,NA,TRUE,TRUE,No controls
8,422307,0,R_3FUKBpjt9eS9ysF,NA,NA,NA,NA,NA,NA,NA,NA,NA,NA,NA,NA,NA,NA,NA,NA,NA,NA,NA,NA,NA,NA,NA,NA,NA,NA,NA,NA,NA,NA,NA,NA,NA,NA,NA,NA,NA,NA,NA,NA,NA,NA,NA,NA,NA,NA,NA,NA,NA,NA,NA,NA,NA,NA,NA,NA,NA,NA,NA,NA,NA,NA,NA,NA,NA,NA,NA,NA,NA,NA,NA,NA,NA,NA,NA,NA,NA,NA,NA,NA,NA,NA,NA,NA,NA,NA,NA,NA,NA,NA,NA,NA,NA,NA,NA,NA,NA,NA,NA,NA,NA,NA,NA,NA,NA,NA,NA,NA,NA,NA,NA,NA,NA,NA,NA,NA,NA,NA,NA,NA,NA,NA,NA,NA,NA,NA,NA,NA,NA,NA,NA,NA,NA,NA,NA,NA,NA,NA,NA,NA,NA,NA,NA,NA,NA,NA,NA,NA,NA,NA,NA,NA,NA,NA,NA,NA,NA,NA,NA,NA,NA,NA,NA,NA,NA,NA,NA,NA,NA,NA,NA,NA,NA,NA,NA,NA,NA,NA,NA,NA,NA,NA,NA,iP461bf195e853dcd8,NA,NA,A,FALSE,FALSE,FALSE,FALSE,FALSE,FALSE,FALSE,0,3,0,7038.45,0,0,0,0,1,1,1,50,50,60,50,50,40,30,50,50,20,60,30,40,NA,50,50,60,20,80,50,30,60,70,60,20,20,50,50,10,50,50,40,30,30,30,50,50,50,50,NA,50,90,60,30,50,20,50,70,50,10,50,60,50,40,50,50,30,30,50,60,50,50,70,50,50,NA,NA,NA,NA,NA,NA,NA,NA,NA,NA,NA,NA,NA,NA,NA,NA,NA,NA,NA,NA,NA,NA,NA,NA,NA,NA,NA,NA,NA,NA,NA,NA,NA,NA,NA,NA,NA,NA,NA,NA,NA,NA,NA,184,0,184,0,TRUE,TRUE,TRUE,FALSE,FALSE,FALSE,NA,NA,NA,NA,NA,NA,NA,NA,NA,NA,NA,41.25,-1.3252704921938028,NA,NA,NA,NA,NA,NA,NA,NA,NA,NA,NA,NA,NA,NA,NA,NA,NA,NA,NA,NA,NA,NA,NA,TRUE,TRUE,No controls
10,188691,0,R_1VpDAZPHH3lg6PO,NA,NA,NA,NA,NA,NA,NA,NA,NA,NA,NA,NA,NA,NA,NA,NA,NA,NA,NA,NA,NA,NA,NA,NA,NA,NA,NA,NA,NA,NA,NA,NA,NA,NA,NA,NA,NA,NA,NA,NA,NA,NA,NA,NA,NA,NA,NA,NA,NA,NA,NA,NA,NA,NA,NA,NA,NA,NA,NA,NA,NA,NA,NA,NA,NA,NA,NA,NA,NA,NA,NA,NA,NA,NA,NA,NA,NA,NA,NA,NA,NA,NA,NA,NA,NA,NA,NA,NA,NA,NA,NA,NA,NA,NA,NA,NA,NA,NA,NA,NA,NA,NA,NA,NA,NA,NA,NA,NA,NA,NA,NA,NA,NA,NA,NA,NA,NA,NA,NA,NA,NA,NA,NA,NA,NA,NA,NA,NA,NA,NA,NA,NA,NA,NA,NA,NA,NA,NA,NA,NA,NA,NA,NA,NA,NA,NA,NA,NA,NA,NA,NA,NA,NA,NA,NA,NA,NA,NA,NA,NA,NA,NA,NA,NA,NA,NA,NA,NA,NA,NA,NA,NA,NA,NA,NA,NA,NA,NA,NA,NA,NA,NA,NA,iPe9c540f7a0937fb6,NA,NA,B,FALSE,FALSE,FALSE,FALSE,FALSE,FALSE,FALSE,0,3,0,3144.85,0,0,0,0,1,1,1,71,51,50,50,71,50,57,84,78,50,50,50,78,84,72,75,78,65,62,80,31,50,50,76,45,62,65,15,4,49,72,49,51,50,62,19,50,50,31,29,79,71,NA,NA,NA,NA,NA,NA,NA,NA,NA,NA,NA,NA,NA,NA,NA,NA,NA,NA,NA,NA,NA,NA,NA,51,71,71,72,71,19,50,67,49,49,50,34,74,81,77,84,50,31,49,50,33,NA,NA,NA,NA,NA,NA,NA,NA,NA,NA,NA,NA,NA,NA,NA,NA,NA,NA,NA,NA,NA,NA,182,0,182,0,TRUE,TRUE,TRUE,FALSE,FALSE,FALSE,NA,NA,NA,NA,NA,NA,NA,NA,NA,NA,NA,60.44444444444444,-0.3234416280821174,NA,NA,NA,NA,NA,NA,NA,NA,NA,NA,NA,NA,NA,NA,NA,NA,NA,NA,NA,NA,NA,NA,NA,TRUE,TRUE,No controls
8,639,0,R_3QKphwSLqiuZs1H,NA,NA,NA,NA,NA,NA,NA,NA,NA,NA,NA,NA,NA,NA,NA,NA,NA,NA,NA,NA,NA,NA,NA,NA,NA,NA,NA,NA,NA,NA,NA,NA,NA,NA,NA,NA,NA,NA,NA,NA,NA,NA,NA,NA,NA,NA,NA,NA,NA,NA,NA,NA,NA,NA,NA,NA,NA,NA,NA,NA,NA,NA,NA,NA,NA,NA,NA,NA,NA,NA,NA,NA,NA,NA,NA,NA,NA,NA,NA,NA,NA,NA,NA,NA,NA,NA,NA,NA,NA,NA,NA,NA,NA,NA,NA,NA,NA,NA,NA,NA,NA,NA,NA,NA,NA,NA,NA,NA,NA,NA,NA,NA,NA,NA,NA,NA,NA,NA,NA,NA,NA,NA,NA,NA,NA,NA,NA,NA,NA,NA,NA,NA,NA,NA,NA,NA,NA,NA,NA,NA,NA,NA,NA,NA,NA,NA,NA,NA,NA,NA,NA,NA,NA,NA,NA,NA,NA,NA,NA,NA,NA,NA,NA,NA,NA,NA,NA,NA,NA,NA,NA,NA,NA,NA,NA,NA,NA,NA,NA,NA,NA,NA,NA,iPa64587e0bc83937f,NA,NA,B,FALSE,FALSE,FALSE,FALSE,FALSE,FALSE,FALSE,0,3,0,10.65,0,1,1,1,0,0,1,100,100,100,100,100,100,100,100,100,100,100,100,100,100,100,100,100,100,100,100,100,100,100,100,99,100,100,100,100,100,100,100,100,100,100,100,99,100,100,100,100,100,NA,NA,NA,NA,NA,NA,NA,NA,NA,NA,NA,NA,NA,NA,NA,NA,NA,NA,NA,NA,NA,NA,NA,100,100,100,100,100,100,100,100,100,100,100,100,97,100,100,100,100,100,100,100,100,NA,NA,NA,NA,NA,NA,NA,NA,NA,NA,NA,NA,NA,NA,NA,NA,NA,NA,NA,NA,NA,NA,182,0,182,0,TRUE,TRUE,TRUE,FALSE,FALSE,FALSE,NA,NA,NA,NA,NA,NA,NA,NA,NA,NA,NA,100,1.7411087373231504,NA,NA,NA,NA,NA,NA,NA,NA,NA,NA,NA,NA,NA,NA,NA,NA,NA,NA,NA,NA,NA,NA,NA,TRUE,TRUE,No controls
7,1164,0,R_7Ma1ym4LFfk9j7Q,NA,NA,NA,NA,NA,NA,NA,NA,NA,NA,NA,NA,NA,NA,NA,NA,NA,NA,NA,NA,NA,NA,NA,NA,NA,NA,NA,NA,NA,NA,NA,NA,NA,NA,NA,NA,NA,NA,NA,NA,NA,NA,NA,NA,NA,NA,NA,NA,NA,NA,NA,NA,NA,NA,NA,NA,NA,NA,NA,NA,NA,NA,NA,NA,NA,NA,NA,NA,NA,NA,NA,NA,NA,NA,NA,NA,NA,NA,NA,NA,NA,NA,NA,NA,NA,NA,NA,NA,NA,NA,NA,NA,NA,NA,NA,NA,NA,NA,NA,NA,NA,NA,NA,NA,NA,NA,NA,NA,NA,NA,NA,NA,NA,NA,NA,NA,NA,NA,NA,NA,NA,NA,NA,NA,NA,NA,NA,NA,NA,NA,NA,NA,NA,NA,NA,NA,NA,NA,NA,NA,NA,NA,NA,NA,NA,NA,NA,NA,NA,NA,NA,NA,NA,NA,NA,NA,NA,NA,NA,NA,NA,NA,NA,NA,NA,NA,NA,NA,NA,NA,NA,NA,NA,NA,NA,NA,NA,NA,NA,NA,NA,NA,NA,iP9c6e987f22b324af,NA,NA,C,FALSE,FALSE,FALSE,FALSE,FALSE,FALSE,FALSE,0,3,0,19.4,0,0,1,1,0,0,1,NA,NA,NA,NA,NA,NA,NA,NA,NA,NA,NA,NA,NA,NA,NA,NA,NA,NA,NA,NA,NA,NA,NA,NA,NA,NA,NA,NA,NA,NA,NA,NA,NA,NA,NA,NA,NA,NA,NA,NA,NA,NA,NA,NA,NA,NA,NA,NA,NA,NA,NA,NA,NA,NA,NA,NA,NA,NA,NA,NA,NA,NA,NA,NA,NA,NA,NA,NA,NA,NA,NA,NA,NA,NA,NA,NA,NA,NA,NA,NA,NA,NA,NA,NA,NA,NA,NA,NA,NA,NA,NA,NA,NA,NA,NA,NA,NA,NA,NA,NA,NA,NA,NA,NA,NA,NA,NA,NA,224,22,246,0,TRUE,TRUE,TRUE,FALSE,FALSE,FALSE,NA,NA,NA,NA,NA,NA,NA,NA,NA,NA,NA,NA,NA,NA,NA,NA,NA,NA,NA,NA,NA,NA,NA,NA,NA,NA,NA,NA,NA,NA,NA,NA,NA,NA,NA,NA,TRUE,TRUE,No controls
28,3885,0,R_1CB0XIbL1kwT0zx,1,1,0,NA,1,0,0,1,0,0,1,0,1,1,0,0,0,1,0,0,1,0,1,0,1,1,0,1,1,0,0,0,1,Frequently,Sometimes,Frequently,4,1,1,1,1,1,8,10,10,10,10,1,3,3,4,3,5,4,Purple,5,5,5,NA,NA,NA,NA,NA,NA,NA,NA,NA,NA,NA,NA,NA,NA,NA,NA,NA,NA,NA,NA,NA,NA,NA,NA,NA,NA,NA,NA,NA,NA,NA,NA,NA,NA,NA,NA,NA,NA,NA,NA,NA,NA,NA,NA,NA,NA,NA,NA,NA,NA,NA,NA,NA,NA,NA,NA,NA,NA,NA,NA,NA,NA,NA,NA,NA,NA,NA,NA,NA,NA,NA,NA,NA,NA,NA,NA,NA,NA,NA,NA,NA,NA,NA,NA,NA,NA,NA,NA,NA,NA,NA,NA,NA,NA,NA,NA,NA,NA,NA,NA,NA,NA,NA,NA,NA,NA,NA,NA,NA,NA,NA,NA,NA,NA,NA,NA,NA,NA,NA,NA,NA,NA,NA,NA,NA,iPd223e280471c4882,NA,NA,A,TRUE,FALSE,TRUE,FALSE,TRUE,TRUE,FALSE,2,1,2,64.75,0,0,0,0,1,0,1,80,80,80,80,80,80,80,80,80,80,80,80,80,80,60,80,80,80,80,80,80,80,80,100,70,80,80,80,80,80,80,80,80,80,60,60,60,60,80,10,60,60,80,80,80,80,80,80,80,80,80,80,80,80,80,80,80,80,80,80,80,80,80,80,80,NA,NA,NA,NA,NA,NA,NA,NA,NA,NA,NA,NA,NA,NA,NA,NA,NA,NA,NA,NA,NA,NA,NA,NA,NA,NA,NA,NA,NA,NA,NA,NA,NA,NA,NA,NA,NA,NA,NA,NA,NA,NA,NA,124,0,124,0,TRUE,FALSE,TRUE,FALSE,FALSE,FALSE,1,1,0,1,NA,NA,NA,NA,NA,NA,NA,80,0.6972349570620601,1,7,Punish (7),2,2.5,2.25,3.5,NA,NA,NA,NA,NA,NA,NA,NA,NA,NA,NA,3,5,5,5,5,TRUE,TRUE,No controls
8,23901,0,R_31FTjWmAemYKugu,NA,NA,NA,NA,NA,NA,NA,NA,NA,NA,NA,NA,NA,NA,NA,NA,NA,NA,NA,NA,NA,NA,NA,NA,NA,NA,NA,NA,NA,NA,NA,NA,NA,NA,NA,NA,NA,NA,NA,NA,NA,NA,NA,NA,NA,NA,NA,NA,NA,NA,NA,NA,NA,NA,NA,NA,NA,NA,NA,NA,NA,NA,NA,NA,NA,NA,NA,NA,NA,NA,NA,NA,NA,NA,NA,NA,NA,NA,NA,NA,NA,NA,NA,NA,NA,NA,NA,NA,NA,NA,NA,NA,NA,NA,NA,NA,NA,NA,NA,NA,NA,NA,NA,NA,NA,NA,NA,NA,NA,NA,NA,NA,NA,NA,NA,NA,NA,NA,NA,NA,NA,NA,NA,NA,NA,NA,NA,NA,NA,NA,NA,NA,NA,NA,NA,NA,NA,NA,NA,NA,NA,NA,NA,NA,NA,NA,NA,NA,NA,NA,NA,NA,NA,NA,NA,NA,NA,NA,NA,NA,NA,NA,NA,NA,NA,NA,NA,NA,NA,NA,NA,NA,NA,NA,NA,NA,NA,NA,NA,NA,NA,NA,NA,iP9b9c78b1702e7c07,NA,NA,A,FALSE,FALSE,FALSE,FALSE,FALSE,FALSE,FALSE,0,3,0,398.35,0,0,0,0,1,1,1,0,0,0,0,0,0,0,10,0,0,0,0,10,20,0,20,90,40,50,50,0,60,0,50,0,0,50,0,0,0,10,0,0,0,0,0,0,0,0,0,0,0,0,0,50,0,0,60,0,0,0,0,0,0,50,0,0,0,0,0,0,0,60,0,0,NA,NA,NA,NA,NA,NA,NA,NA,NA,NA,NA,NA,NA,NA,NA,NA,NA,NA,NA,NA,NA,NA,NA,NA,NA,NA,NA,NA,NA,NA,NA,NA,NA,NA,NA,NA,NA,NA,NA,NA,NA,NA,NA,182,0,182,0,TRUE,TRUE,TRUE,FALSE,FALSE,FALSE,NA,NA,NA,NA,NA,NA,NA,NA,NA,NA,NA,31.11111111111111,-1.854456505798383,NA,NA,NA,NA,NA,NA,NA,NA,NA,NA,NA,NA,NA,NA,NA,NA,NA,NA,NA,NA,NA,NA,NA,TRUE,TRUE,No controls
7,544,0,R_7OOsBFcbfwxyq1k,NA,NA,NA,NA,NA,NA,NA,NA,NA,NA,NA,NA,NA,NA,NA,NA,NA,NA,NA,NA,NA,NA,NA,NA,NA,NA,NA,NA,NA,NA,NA,NA,NA,NA,NA,NA,NA,NA,NA,NA,NA,NA,NA,NA,NA,NA,NA,NA,NA,NA,NA,NA,NA,NA,NA,NA,NA,NA,NA,NA,NA,NA,NA,NA,NA,NA,NA,NA,NA,NA,NA,NA,NA,NA,NA,NA,NA,NA,NA,NA,NA,NA,NA,NA,NA,NA,NA,NA,NA,NA,NA,NA,NA,NA,NA,NA,NA,NA,NA,NA,NA,NA,NA,NA,NA,NA,NA,NA,NA,NA,NA,NA,NA,NA,NA,NA,NA,NA,NA,NA,NA,NA,NA,NA,NA,NA,NA,NA,NA,NA,NA,NA,NA,NA,NA,NA,NA,NA,NA,NA,NA,NA,NA,NA,NA,NA,NA,NA,NA,NA,NA,NA,NA,NA,NA,NA,NA,NA,NA,NA,NA,NA,NA,NA,NA,NA,NA,NA,NA,NA,NA,NA,NA,NA,NA,NA,NA,NA,NA,NA,NA,NA,NA,iP466dad464f08922e,NA,NA,C,FALSE,FALSE,FALSE,FALSE,FALSE,FALSE,FALSE,0,3,0,9.066666666666666,0,1,1,1,0,0,1,NA,NA,NA,NA,NA,NA,NA,NA,NA,NA,NA,NA,NA,NA,NA,NA,NA,NA,NA,NA,NA,NA,NA,NA,NA,NA,NA,NA,NA,NA,NA,NA,NA,NA,NA,NA,NA,NA,NA,NA,NA,NA,NA,NA,NA,NA,NA,NA,NA,NA,NA,NA,NA,NA,NA,NA,NA,NA,NA,NA,NA,NA,NA,NA,NA,NA,NA,NA,NA,NA,NA,NA,NA,NA,NA,NA,NA,NA,NA,NA,NA,NA,NA,NA,NA,NA,NA,NA,NA,NA,NA,NA,NA,NA,NA,NA,NA,NA,NA,NA,NA,NA,NA,NA,NA,NA,NA,NA,224,22,246,0,TRUE,TRUE,TRUE,FALSE,FALSE,FALSE,NA,NA,NA,NA,NA,NA,NA,NA,NA,NA,NA,NA,NA,NA,NA,NA,NA,NA,NA,NA,NA,NA,NA,NA,NA,NA,NA,NA,NA,NA,NA,NA,NA,NA,NA,NA,TRUE,TRUE,No controls
8,1587,0,R_1jrnup1jEW2XeKd,NA,NA,NA,NA,NA,NA,NA,NA,NA,NA,NA,NA,NA,NA,NA,NA,NA,NA,NA,NA,NA,NA,NA,NA,NA,NA,NA,NA,NA,NA,NA,NA,NA,NA,NA,NA,NA,NA,NA,NA,NA,NA,NA,NA,NA,NA,NA,NA,NA,NA,NA,NA,NA,NA,NA,NA,NA,NA,NA,NA,NA,NA,NA,NA,NA,NA,NA,NA,NA,NA,NA,NA,NA,NA,NA,NA,NA,NA,NA,NA,NA,NA,NA,NA,NA,NA,NA,NA,NA,NA,NA,NA,NA,NA,NA,NA,NA,NA,NA,NA,NA,NA,NA,NA,NA,NA,NA,NA,NA,NA,NA,NA,NA,NA,NA,NA,NA,NA,NA,NA,NA,NA,NA,NA,NA,NA,NA,NA,NA,NA,NA,NA,NA,NA,NA,NA,NA,NA,NA,NA,NA,NA,NA,NA,NA,NA,NA,NA,NA,NA,NA,NA,NA,NA,NA,NA,NA,NA,NA,NA,NA,NA,NA,NA,NA,NA,NA,NA,NA,NA,NA,NA,NA,NA,NA,NA,NA,NA,NA,NA,NA,NA,NA,iPf4fe02878ef0c424,NA,NA,B,FALSE,FALSE,FALSE,FALSE,FALSE,FALSE,FALSE,0,3,0,26.45,0,0,0,1,0,0,1,NA,NA,NA,NA,NA,NA,NA,NA,NA,NA,NA,NA,NA,NA,NA,NA,NA,NA,64,NA,42,NA,NA,NA,NA,NA,NA,NA,17,NA,87,NA,NA,NA,NA,NA,NA,NA,NA,NA,NA,NA,NA,NA,NA,NA,NA,NA,NA,NA,NA,NA,NA,NA,NA,NA,NA,NA,NA,NA,NA,NA,NA,NA,NA,20,NA,NA,NA,NA,NA,NA,NA,NA,NA,NA,NA,72,NA,NA,NA,NA,NA,NA,NA,0,NA,NA,NA,NA,NA,NA,NA,NA,NA,NA,NA,NA,NA,NA,NA,NA,NA,NA,NA,NA,NA,NA,220,18,238,0,TRUE,TRUE,TRUE,FALSE,FALSE,FALSE,NA,NA,NA,NA,NA,NA,NA,NA,NA,NA,NA,NA,NA,NA,NA,NA,NA,NA,NA,NA,NA,NA,NA,NA,NA,NA,NA,NA,NA,NA,NA,NA,NA,NA,NA,NA,TRUE,TRUE,No controls
7,438824,0,R_5y9pN1la3Ubckpz,NA,NA,NA,NA,NA,NA,NA,NA,NA,NA,NA,NA,NA,NA,NA,NA,NA,NA,NA,NA,NA,NA,NA,NA,NA,NA,NA,NA,NA,NA,NA,NA,NA,NA,NA,NA,NA,NA,NA,NA,NA,NA,NA,NA,NA,NA,NA,NA,NA,NA,NA,NA,NA,NA,NA,NA,NA,NA,NA,NA,NA,NA,NA,NA,NA,NA,NA,NA,NA,NA,NA,NA,NA,NA,NA,NA,NA,NA,NA,NA,NA,NA,NA,NA,NA,NA,NA,NA,NA,NA,NA,NA,NA,NA,NA,NA,NA,NA,NA,NA,NA,NA,NA,NA,NA,NA,NA,NA,NA,NA,NA,NA,NA,NA,NA,NA,NA,NA,NA,NA,NA,NA,NA,NA,NA,NA,NA,NA,NA,NA,NA,NA,NA,NA,NA,NA,NA,NA,NA,NA,NA,NA,NA,NA,NA,NA,NA,NA,NA,NA,NA,NA,NA,NA,NA,NA,NA,NA,NA,NA,NA,NA,NA,NA,NA,NA,NA,NA,NA,NA,NA,NA,NA,NA,NA,NA,NA,NA,NA,NA,NA,NA,NA,iP66f6ba8789c8096a,NA,NA,A,FALSE,FALSE,FALSE,FALSE,FALSE,FALSE,FALSE,0,3,0,7313.733333333334,0,0,0,0,1,1,1,NA,NA,NA,NA,NA,NA,NA,NA,NA,NA,NA,NA,NA,NA,NA,NA,NA,NA,NA,NA,NA,NA,NA,NA,NA,NA,NA,NA,NA,NA,NA,NA,NA,NA,NA,NA,NA,NA,NA,NA,NA,NA,NA,NA,NA,NA,NA,NA,NA,NA,NA,NA,NA,NA,NA,NA,NA,NA,NA,NA,NA,NA,NA,NA,NA,NA,NA,NA,NA,NA,NA,NA,NA,NA,NA,NA,NA,NA,NA,NA,NA,NA,NA,NA,NA,NA,NA,NA,NA,NA,NA,NA,NA,NA,NA,NA,NA,NA,NA,NA,NA,NA,NA,NA,NA,NA,NA,NA,224,23,247,0,TRUE,TRUE,TRUE,FALSE,FALSE,FALSE,NA,NA,NA,NA,NA,NA,NA,NA,NA,NA,NA,NA,NA,NA,NA,NA,NA,NA,NA,NA,NA,NA,NA,NA,NA,NA,NA,NA,NA,NA,NA,NA,NA,NA,NA,NA,TRUE,TRUE,No controls
7,651,0,R_771lwgdegJhBqxa,NA,NA,NA,NA,NA,NA,NA,NA,NA,NA,NA,NA,NA,NA,NA,NA,NA,NA,NA,NA,NA,NA,NA,NA,NA,NA,NA,NA,NA,NA,NA,NA,NA,NA,NA,NA,NA,NA,NA,NA,NA,NA,NA,NA,NA,NA,NA,NA,NA,NA,NA,NA,NA,NA,NA,NA,NA,NA,NA,NA,NA,NA,NA,NA,NA,NA,NA,NA,NA,NA,NA,NA,NA,NA,NA,NA,NA,NA,NA,NA,NA,NA,NA,NA,NA,NA,NA,NA,NA,NA,NA,NA,NA,NA,NA,NA,NA,NA,NA,NA,NA,NA,NA,NA,NA,NA,NA,NA,NA,NA,NA,NA,NA,NA,NA,NA,NA,NA,NA,NA,NA,NA,NA,NA,NA,NA,NA,NA,NA,NA,NA,NA,NA,NA,NA,NA,NA,NA,NA,NA,NA,NA,NA,NA,NA,NA,NA,NA,NA,NA,NA,NA,NA,NA,NA,NA,NA,NA,NA,NA,NA,NA,NA,NA,NA,NA,NA,NA,NA,NA,NA,NA,NA,NA,NA,NA,NA,NA,NA,NA,NA,NA,NA,iPf31112b46d7fa37d,NA,NA,A,FALSE,FALSE,FALSE,FALSE,FALSE,FALSE,FALSE,0,3,0,10.85,0,1,1,1,0,0,1,NA,NA,NA,NA,NA,NA,NA,NA,NA,NA,NA,NA,NA,NA,NA,NA,NA,NA,NA,NA,NA,NA,NA,NA,NA,NA,NA,NA,NA,NA,NA,NA,NA,NA,NA,NA,NA,NA,NA,NA,NA,NA,NA,NA,NA,NA,NA,NA,NA,NA,NA,NA,NA,NA,NA,NA,NA,NA,NA,NA,NA,NA,NA,NA,NA,NA,NA,NA,NA,NA,NA,NA,NA,NA,NA,NA,NA,NA,NA,NA,NA,NA,NA,NA,NA,NA,NA,NA,NA,NA,NA,NA,NA,NA,NA,NA,NA,NA,NA,NA,NA,NA,NA,NA,NA,NA,NA,NA,224,23,247,0,TRUE,TRUE,TRUE,FALSE,FALSE,FALSE,NA,NA,NA,NA,NA,NA,NA,NA,NA,NA,NA,NA,NA,NA,NA,NA,NA,NA,NA,NA,NA,NA,NA,NA,NA,NA,NA,NA,NA,NA,NA,NA,NA,NA,NA,NA,TRUE,TRUE,No controls
7,1185,0,R_5nUVcdyFDAUwwQS,NA,NA,NA,NA,NA,NA,NA,NA,NA,NA,NA,NA,NA,NA,NA,NA,NA,NA,NA,NA,NA,NA,NA,NA,NA,NA,NA,NA,NA,NA,NA,NA,NA,NA,NA,NA,NA,NA,NA,NA,NA,NA,NA,NA,NA,NA,NA,NA,NA,NA,NA,NA,NA,NA,NA,NA,NA,NA,NA,NA,NA,NA,NA,NA,NA,NA,NA,NA,NA,NA,NA,NA,NA,NA,NA,NA,NA,NA,NA,NA,NA,NA,NA,NA,NA,NA,NA,NA,NA,NA,NA,NA,NA,NA,NA,NA,NA,NA,NA,NA,NA,NA,NA,NA,NA,NA,NA,NA,NA,NA,NA,NA,NA,NA,NA,NA,NA,NA,NA,NA,NA,NA,NA,NA,NA,NA,NA,NA,NA,NA,NA,NA,NA,NA,NA,NA,NA,NA,NA,NA,NA,NA,NA,NA,NA,NA,NA,NA,NA,NA,NA,NA,NA,NA,NA,NA,NA,NA,NA,NA,NA,NA,NA,NA,NA,NA,NA,NA,NA,NA,NA,NA,NA,NA,NA,NA,NA,NA,NA,NA,NA,NA,NA,iP44ca5a143a705043,NA,NA,C,FALSE,FALSE,FALSE,FALSE,FALSE,FALSE,FALSE,0,3,0,19.75,0,0,1,1,0,0,1,NA,NA,NA,NA,NA,NA,NA,NA,NA,NA,NA,NA,NA,NA,NA,NA,NA,NA,NA,NA,NA,NA,NA,NA,NA,NA,NA,NA,NA,NA,NA,NA,NA,NA,NA,NA,NA,NA,NA,NA,NA,NA,NA,NA,NA,NA,NA,NA,NA,NA,NA,NA,NA,NA,NA,NA,NA,NA,NA,NA,NA,NA,NA,NA,NA,NA,NA,NA,NA,NA,NA,NA,NA,NA,NA,NA,NA,NA,NA,NA,NA,NA,NA,NA,NA,NA,NA,NA,NA,NA,NA,NA,NA,NA,NA,NA,NA,NA,NA,NA,NA,NA,NA,NA,NA,NA,NA,NA,224,22,246,0,TRUE,TRUE,TRUE,FALSE,FALSE,FALSE,NA,NA,NA,NA,NA,NA,NA,NA,NA,NA,NA,NA,NA,NA,NA,NA,NA,NA,NA,NA,NA,NA,NA,NA,NA,NA,NA,NA,NA,NA,NA,NA,NA,NA,NA,NA,TRUE,TRUE,No controls
7,2199,0,R_3lYJCvqmUWQNXxL,NA,NA,NA,NA,NA,NA,NA,NA,NA,NA,NA,NA,NA,NA,NA,NA,NA,NA,NA,NA,NA,NA,NA,NA,NA,NA,NA,NA,NA,NA,NA,NA,NA,NA,NA,NA,NA,NA,NA,NA,NA,NA,NA,NA,NA,NA,NA,NA,NA,NA,NA,NA,NA,NA,NA,NA,NA,NA,NA,NA,NA,NA,NA,NA,NA,NA,NA,NA,NA,NA,NA,NA,NA,NA,NA,NA,NA,NA,NA,NA,NA,NA,NA,NA,NA,NA,NA,NA,NA,NA,NA,NA,NA,NA,NA,NA,NA,NA,NA,NA,NA,NA,NA,NA,NA,NA,NA,NA,NA,NA,NA,NA,NA,NA,NA,NA,NA,NA,NA,NA,NA,NA,NA,NA,NA,NA,NA,NA,NA,NA,NA,NA,NA,NA,NA,NA,NA,NA,NA,NA,NA,NA,NA,NA,NA,NA,NA,NA,NA,NA,NA,NA,NA,NA,NA,NA,NA,NA,NA,NA,NA,NA,NA,NA,NA,NA,NA,NA,NA,NA,NA,NA,NA,NA,NA,NA,NA,NA,NA,NA,NA,NA,NA,iP6484812ac9a080a1,NA,NA,C,FALSE,FALSE,FALSE,FALSE,FALSE,FALSE,FALSE,0,3,0,36.65,0,0,0,0,0,0,1,NA,NA,NA,NA,NA,NA,NA,NA,NA,NA,NA,NA,NA,NA,NA,NA,NA,NA,NA,NA,NA,NA,NA,NA,NA,NA,NA,NA,NA,NA,NA,NA,NA,NA,NA,NA,NA,NA,NA,NA,NA,NA,NA,NA,NA,NA,NA,NA,NA,NA,NA,NA,NA,NA,NA,NA,NA,NA,NA,NA,NA,NA,NA,NA,NA,NA,NA,NA,NA,NA,NA,NA,NA,NA,NA,NA,NA,NA,NA,NA,NA,NA,NA,NA,NA,NA,NA,NA,NA,NA,NA,NA,NA,NA,NA,NA,NA,NA,NA,NA,NA,NA,NA,NA,NA,NA,NA,NA,224,22,246,0,TRUE,TRUE,TRUE,FALSE,FALSE,FALSE,NA,NA,NA,NA,NA,NA,NA,NA,NA,NA,NA,NA,NA,NA,NA,NA,NA,NA,NA,NA,NA,NA,NA,NA,NA,NA,NA,NA,NA,NA,NA,NA,NA,NA,NA,NA,TRUE,TRUE,No controls
7,436310,0,R_1HccFJxXE3SPMmL,NA,NA,NA,NA,NA,NA,NA,NA,NA,NA,NA,NA,NA,NA,NA,NA,NA,NA,NA,NA,NA,NA,NA,NA,NA,NA,NA,NA,NA,NA,NA,NA,NA,NA,NA,NA,NA,NA,NA,NA,NA,NA,NA,NA,NA,NA,NA,NA,NA,NA,NA,NA,NA,NA,NA,NA,NA,NA,NA,NA,NA,NA,NA,NA,NA,NA,NA,NA,NA,NA,NA,NA,NA,NA,NA,NA,NA,NA,NA,NA,NA,NA,NA,NA,NA,NA,NA,NA,NA,NA,NA,NA,NA,NA,NA,NA,NA,NA,NA,NA,NA,NA,NA,NA,NA,NA,NA,NA,NA,NA,NA,NA,NA,NA,NA,NA,NA,NA,NA,NA,NA,NA,NA,NA,NA,NA,NA,NA,NA,NA,NA,NA,NA,NA,NA,NA,NA,NA,NA,NA,NA,NA,NA,NA,NA,NA,NA,NA,NA,NA,NA,NA,NA,NA,NA,NA,NA,NA,NA,NA,NA,NA,NA,NA,NA,NA,NA,NA,NA,NA,NA,NA,NA,NA,NA,NA,NA,NA,NA,NA,NA,NA,NA,iPa7da1b7021f7630f,NA,NA,C,FALSE,FALSE,FALSE,FALSE,FALSE,FALSE,FALSE,0,3,0,7271.833333333333,0,0,0,0,1,1,1,NA,NA,NA,NA,NA,NA,NA,NA,NA,NA,NA,NA,NA,NA,NA,NA,NA,NA,NA,NA,NA,NA,NA,NA,NA,NA,NA,NA,NA,NA,NA,NA,NA,NA,NA,NA,NA,NA,NA,NA,NA,NA,NA,NA,NA,NA,NA,NA,NA,NA,NA,NA,NA,NA,NA,NA,NA,NA,NA,NA,NA,NA,NA,NA,NA,NA,NA,NA,NA,NA,NA,NA,NA,NA,NA,NA,NA,NA,NA,NA,NA,NA,NA,NA,NA,NA,NA,NA,NA,NA,NA,NA,NA,NA,NA,NA,NA,NA,NA,NA,NA,NA,NA,NA,NA,NA,NA,NA,224,22,246,0,TRUE,TRUE,TRUE,FALSE,FALSE,FALSE,NA,NA,NA,NA,NA,NA,NA,NA,NA,NA,NA,NA,NA,NA,NA,NA,NA,NA,NA,NA,NA,NA,NA,NA,NA,NA,NA,NA,NA,NA,NA,NA,NA,NA,NA,NA,TRUE,TRUE,No controls
8,522,0,R_6F3Fktp0CmljEeH,NA,NA,NA,NA,NA,NA,NA,NA,NA,NA,NA,NA,NA,NA,NA,NA,NA,NA,NA,NA,NA,NA,NA,NA,NA,NA,NA,NA,NA,NA,NA,NA,NA,NA,NA,NA,NA,NA,NA,NA,NA,NA,NA,NA,NA,NA,NA,NA,NA,NA,NA,NA,NA,NA,NA,NA,NA,NA,NA,NA,NA,NA,NA,NA,NA,NA,NA,NA,NA,NA,NA,NA,NA,NA,NA,NA,NA,NA,NA,NA,NA,NA,NA,NA,NA,NA,NA,NA,NA,NA,NA,NA,NA,NA,NA,NA,NA,NA,NA,NA,NA,NA,NA,NA,NA,NA,NA,NA,NA,NA,NA,NA,NA,NA,NA,NA,NA,NA,NA,NA,NA,NA,NA,NA,NA,NA,NA,NA,NA,NA,NA,NA,NA,NA,NA,NA,NA,NA,NA,NA,NA,NA,NA,NA,NA,NA,NA,NA,NA,NA,NA,NA,NA,NA,NA,NA,NA,NA,NA,NA,NA,NA,NA,NA,NA,NA,NA,NA,NA,NA,NA,NA,NA,NA,NA,NA,NA,NA,NA,NA,NA,NA,NA,iP64c20d5095a1f918,NA,NA,A,FALSE,FALSE,FALSE,FALSE,FALSE,FALSE,FALSE,0,3,0,8.7,0,1,1,1,0,0,1,90,90,90,90,90,90,80,90,90,90,90,80,90,90,90,90,90,90,90,90,70,60,90,90,70,90,90,80,80,90,80,90,80,90,70,90,90,0,90,60,90,90,80,80,80,90,90,70,90,90,90,90,90,90,90,90,90,70,90,90,90,90,90,90,90,NA,NA,NA,NA,NA,NA,NA,NA,NA,NA,NA,NA,NA,NA,NA,NA,NA,NA,NA,NA,NA,NA,NA,NA,NA,NA,NA,NA,NA,NA,NA,NA,NA,NA,NA,NA,NA,NA,NA,NA,NA,NA,NA,182,0,182,0,TRUE,TRUE,TRUE,FALSE,FALSE,FALSE,NA,NA,NA,NA,NA,NA,NA,NA,NA,NA,NA,87.77777777777777,1.1031858716080394,NA,NA,NA,NA,NA,NA,NA,NA,NA,NA,NA,NA,NA,NA,NA,NA,NA,NA,NA,NA,NA,NA,NA,TRUE,TRUE,No controls
30,1056,0,R_6QlsWK7ieJcKIrA,NA,1,0,1,1,0,1,1,0,0,1,0,1,1,0,0,1,0,0,1,0,0,1,0,1,1,0,1,1,0,0,1,0,Rarely,Never,Sometimes,4,1,2,3,1,2,6,6,6,6,10,4,1,1,4,4,1,2,Purple,1,1,3,1,2,1,1,1,1,1,NA,NA,NA,NA,NA,NA,NA,NA,NA,NA,NA,NA,NA,NA,NA,NA,NA,NA,NA,NA,NA,NA,NA,NA,NA,NA,NA,NA,NA,NA,NA,NA,NA,NA,NA,NA,NA,NA,NA,NA,NA,NA,NA,NA,NA,NA,NA,NA,NA,NA,NA,NA,NA,NA,NA,NA,NA,NA,NA,NA,NA,NA,NA,NA,NA,NA,NA,NA,NA,NA,NA,NA,NA,NA,NA,NA,NA,NA,NA,NA,NA,NA,NA,NA,NA,NA,NA,NA,NA,NA,NA,NA,NA,NA,NA,NA,NA,NA,NA,NA,NA,NA,NA,NA,NA,NA,NA,NA,NA,NA,NA,NA,NA,NA,NA,NA,NA,NA,iPc128a4218abb20dd,NA,NA,C,TRUE,FALSE,TRUE,FALSE,TRUE,TRUE,FALSE,2,1,2,17.6,0,0,1,1,0,0,1,89,95,50,50,37,71,50,50,97,9,59,41,60,83,33,82,83,62,0,100,10,100,71,100,39,25,92,28,15,73,100,44,5,14,14,77,71,55,39,25,61,50,NA,NA,NA,NA,NA,NA,NA,NA,NA,NA,NA,NA,NA,NA,NA,NA,NA,NA,NA,NA,NA,NA,NA,NA,NA,NA,NA,NA,NA,NA,NA,NA,NA,NA,NA,NA,NA,NA,NA,NA,NA,NA,NA,NA,82,98,62,50,100,100,100,61,99,25,64,17,50,89,7,50,96,50,81,59,50,44,117,0,117,0,TRUE,FALSE,TRUE,FALSE,FALSE,FALSE,1,NA,NA,1,1,NA,NA,NA,NA,NA,NA,67.22222222222223,0.03031559745080812,4,4,Neutral (4),4,4,4,2.75,NA,NA,NA,NA,NA,NA,NA,NA,NA,NA,NA,1,1,1,1,5,TRUE,TRUE,No controls
7,9108,0,R_1KDA1mjTk4XPoNf,NA,NA,NA,NA,NA,NA,NA,NA,NA,NA,NA,NA,NA,NA,NA,NA,NA,NA,NA,NA,NA,NA,NA,NA,NA,NA,NA,NA,NA,NA,NA,NA,NA,NA,NA,NA,NA,NA,NA,NA,NA,NA,NA,NA,NA,NA,NA,NA,NA,NA,NA,NA,NA,NA,NA,NA,NA,NA,NA,NA,NA,NA,NA,NA,NA,NA,NA,NA,NA,NA,NA,NA,NA,NA,NA,NA,NA,NA,NA,NA,NA,NA,NA,NA,NA,NA,NA,NA,NA,NA,NA,NA,NA,NA,NA,NA,NA,NA,NA,NA,NA,NA,NA,NA,NA,NA,NA,NA,NA,NA,NA,NA,NA,NA,NA,NA,NA,NA,NA,NA,NA,NA,NA,NA,NA,NA,NA,NA,NA,NA,NA,NA,NA,NA,NA,NA,NA,NA,NA,NA,NA,NA,NA,NA,NA,NA,NA,NA,NA,NA,NA,NA,NA,NA,NA,NA,NA,NA,NA,NA,NA,NA,NA,NA,NA,NA,NA,NA,NA,NA,NA,NA,NA,NA,NA,NA,NA,NA,NA,NA,NA,NA,NA,iPecea3e7f01a8f81e,NA,NA,B,FALSE,FALSE,FALSE,FALSE,FALSE,FALSE,FALSE,0,3,0,151.8,0,0,0,0,1,0,1,NA,NA,NA,NA,NA,NA,NA,NA,NA,NA,NA,NA,NA,NA,NA,NA,NA,NA,NA,NA,NA,NA,NA,NA,NA,NA,NA,NA,NA,NA,NA,NA,NA,NA,NA,NA,NA,NA,NA,NA,NA,NA,NA,NA,NA,NA,NA,NA,NA,NA,NA,NA,NA,NA,NA,NA,NA,NA,NA,NA,NA,NA,NA,NA,NA,NA,NA,NA,NA,NA,NA,NA,NA,NA,NA,NA,NA,NA,NA,NA,NA,NA,NA,NA,NA,NA,NA,NA,NA,NA,NA,NA,NA,NA,NA,NA,NA,NA,NA,NA,NA,NA,NA,NA,NA,NA,NA,NA,224,21,245,0,TRUE,TRUE,TRUE,FALSE,FALSE,FALSE,NA,NA,NA,NA,NA,NA,NA,NA,NA,NA,NA,NA,NA,NA,NA,NA,NA,NA,NA,NA,NA,NA,NA,NA,NA,NA,NA,NA,NA,NA,NA,NA,NA,NA,NA,NA,TRUE,TRUE,No controls
8,853,0,R_7jTeR4omNcGDMVq,NA,NA,NA,NA,NA,NA,NA,NA,NA,NA,NA,NA,NA,NA,NA,NA,NA,NA,NA,NA,NA,NA,NA,NA,NA,NA,NA,NA,NA,NA,NA,NA,NA,NA,NA,NA,NA,NA,NA,NA,NA,NA,NA,NA,NA,NA,NA,NA,NA,NA,NA,NA,NA,NA,NA,NA,NA,NA,NA,NA,NA,NA,NA,NA,NA,NA,NA,NA,NA,NA,NA,NA,NA,NA,NA,NA,NA,NA,NA,NA,NA,NA,NA,NA,NA,NA,NA,NA,NA,NA,NA,NA,NA,NA,NA,NA,NA,NA,NA,NA,NA,NA,NA,NA,NA,NA,NA,NA,NA,NA,NA,NA,NA,NA,NA,NA,NA,NA,NA,NA,NA,NA,NA,NA,NA,NA,NA,NA,NA,NA,NA,NA,NA,NA,NA,NA,NA,NA,NA,NA,NA,NA,NA,NA,NA,NA,NA,NA,NA,NA,NA,NA,NA,NA,NA,NA,NA,NA,NA,NA,NA,NA,NA,NA,NA,NA,NA,NA,NA,NA,NA,NA,NA,NA,NA,NA,NA,NA,NA,NA,NA,NA,NA,iPa528b34dace039f8,NA,NA,A,FALSE,FALSE,FALSE,FALSE,FALSE,FALSE,FALSE,0,3,0,14.216666666666669,0,0,1,1,0,0,1,NA,30,70,80,20,30,NA,NA,30,NA,60,NA,70,40,20,70,80,NA,NA,70,30,100,NA,NA,50,60,80,30,70,20,70,80,70,30,NA,30,10,NA,70,70,70,60,NA,70,90,NA,60,NA,60,NA,70,60,100,NA,80,NA,NA,30,10,NA,70,60,NA,50,100,NA,NA,NA,NA,NA,NA,NA,NA,NA,NA,NA,NA,NA,NA,NA,NA,NA,NA,NA,NA,NA,NA,NA,NA,NA,NA,NA,NA,NA,NA,NA,NA,NA,NA,NA,NA,NA,NA,NA,NA,NA,NA,NA,193,9,202,0,TRUE,TRUE,TRUE,FALSE,FALSE,FALSE,NA,NA,NA,NA,NA,NA,NA,NA,NA,NA,NA,63.75,-0.15091248940007596,NA,NA,NA,NA,NA,NA,NA,NA,NA,NA,NA,NA,NA,NA,NA,NA,NA,NA,NA,NA,NA,NA,NA,TRUE,TRUE,No controls
24,1076,0,R_1plgutJ1p1bdW0h,0,0,1,0,0,1,1,0,0,0,0,1,0,0,1,0,0,1,0,0,1,0,0,1,1,1,0,1,0,0,1,1,0,Sometimes,Rarely,Rarely,4,1,1,1,1,1,8,7,9,10,9,2,3,3,3,3,3,3,Purple,NA,NA,NA,NA,NA,NA,NA,NA,NA,NA,NA,NA,NA,NA,NA,NA,NA,NA,NA,NA,NA,NA,NA,NA,NA,NA,NA,NA,NA,NA,NA,NA,NA,NA,NA,NA,NA,NA,NA,NA,NA,NA,NA,NA,NA,NA,NA,NA,NA,NA,NA,NA,NA,NA,NA,NA,NA,NA,NA,NA,NA,NA,NA,NA,NA,NA,NA,NA,NA,NA,NA,NA,NA,NA,NA,NA,NA,NA,NA,NA,NA,NA,NA,NA,NA,NA,NA,NA,NA,NA,NA,NA,NA,NA,NA,NA,NA,NA,NA,NA,NA,NA,NA,NA,NA,NA,NA,NA,NA,NA,NA,NA,NA,NA,NA,NA,NA,NA,NA,NA,NA,NA,NA,NA,NA,NA,NA,NA,iP27ac0ae851e1ca66,NA,NA,B,TRUE,FALSE,TRUE,FALSE,TRUE,TRUE,FALSE,2,1,2,17.933333333333334,0,0,1,1,0,0,1,50,50,50,50,75,51,17,94,96,32,50,0,32,30,100,21,50,7,100,22,90,100,100,93,0,4,11,17,16,50,91,49,37,49,50,94,50,50,100,100,100,93,NA,NA,NA,NA,NA,NA,NA,NA,NA,NA,NA,NA,NA,NA,NA,NA,NA,NA,NA,NA,NA,NA,NA,50,50,83,50,77,100,50,50,51,50,83,99,100,100,100,98,91,100,51,50,77,NA,NA,NA,NA,NA,NA,NA,NA,NA,NA,NA,NA,NA,NA,NA,NA,NA,NA,NA,NA,NA,NA,127,0,127,0,TRUE,TRUE,TRUE,FALSE,FALSE,FALSE,0,0,1,0,0,NA,NA,NA,NA,NA,NA,22.88888888888889,-2.283604615461276,2,6,Punish (6),2,2,2,3,NA,NA,NA,NA,NA,NA,NA,NA,NA,NA,NA,3,2,4,5,4,TRUE,TRUE,No controls
7,1304,0,R_1M5QO3ipWibObvG,NA,NA,NA,NA,NA,NA,NA,NA,NA,NA,NA,NA,NA,NA,NA,NA,NA,NA,NA,NA,NA,NA,NA,NA,NA,NA,NA,NA,NA,NA,NA,NA,NA,NA,NA,NA,NA,NA,NA,NA,NA,NA,NA,NA,NA,NA,NA,NA,NA,NA,NA,NA,NA,NA,NA,NA,NA,NA,NA,NA,NA,NA,NA,NA,NA,NA,NA,NA,NA,NA,NA,NA,NA,NA,NA,NA,NA,NA,NA,NA,NA,NA,NA,NA,NA,NA,NA,NA,NA,NA,NA,NA,NA,NA,NA,NA,NA,NA,NA,NA,NA,NA,NA,NA,NA,NA,NA,NA,NA,NA,NA,NA,NA,NA,NA,NA,NA,NA,NA,NA,NA,NA,NA,NA,NA,NA,NA,NA,NA,NA,NA,NA,NA,NA,NA,NA,NA,NA,NA,NA,NA,NA,NA,NA,NA,NA,NA,NA,NA,NA,NA,NA,NA,NA,NA,NA,NA,NA,NA,NA,NA,NA,NA,NA,NA,NA,NA,NA,NA,NA,NA,NA,NA,NA,NA,NA,NA,NA,NA,NA,NA,NA,NA,iP6a64489a21b19c3d,NA,NA,C,FALSE,FALSE,FALSE,FALSE,FALSE,FALSE,FALSE,0,3,0,21.733333333333334,0,0,0,1,0,0,1,NA,NA,NA,NA,NA,NA,NA,NA,NA,NA,NA,NA,NA,NA,NA,NA,NA,NA,NA,NA,NA,NA,NA,NA,NA,NA,NA,NA,NA,NA,NA,NA,NA,NA,NA,NA,NA,NA,NA,NA,NA,NA,NA,NA,NA,NA,NA,NA,NA,NA,NA,NA,NA,NA,NA,NA,NA,NA,NA,NA,NA,NA,NA,NA,NA,NA,NA,NA,NA,NA,NA,NA,NA,NA,NA,NA,NA,NA,NA,NA,NA,NA,NA,NA,NA,NA,NA,NA,NA,NA,NA,NA,NA,NA,NA,NA,NA,NA,NA,NA,NA,NA,NA,NA,NA,NA,NA,NA,224,22,246,0,TRUE,TRUE,TRUE,FALSE,FALSE,FALSE,NA,NA,NA,NA,NA,NA,NA,NA,NA,NA,NA,NA,NA,NA,NA,NA,NA,NA,NA,NA,NA,NA,NA,NA,NA,NA,NA,NA,NA,NA,NA,NA,NA,NA,NA,NA,TRUE,TRUE,No controls
7,905,0,R_5CvEkACDynR2PSc,NA,NA,NA,NA,NA,NA,NA,NA,NA,NA,NA,NA,NA,NA,NA,NA,NA,NA,NA,NA,NA,NA,NA,NA,NA,NA,NA,NA,NA,NA,NA,NA,NA,NA,NA,NA,NA,NA,NA,NA,NA,NA,NA,NA,NA,NA,NA,NA,NA,NA,NA,NA,NA,NA,NA,NA,NA,NA,NA,NA,NA,NA,NA,NA,NA,NA,NA,NA,NA,NA,NA,NA,NA,NA,NA,NA,NA,NA,NA,NA,NA,NA,NA,NA,NA,NA,NA,NA,NA,NA,NA,NA,NA,NA,NA,NA,NA,NA,NA,NA,NA,NA,NA,NA,NA,NA,NA,NA,NA,NA,NA,NA,NA,NA,NA,NA,NA,NA,NA,NA,NA,NA,NA,NA,NA,NA,NA,NA,NA,NA,NA,NA,NA,NA,NA,NA,NA,NA,NA,NA,NA,NA,NA,NA,NA,NA,NA,NA,NA,NA,NA,NA,NA,NA,NA,NA,NA,NA,NA,NA,NA,NA,NA,NA,NA,NA,NA,NA,NA,NA,NA,NA,NA,NA,NA,NA,NA,NA,NA,NA,NA,NA,NA,iP667e41511625a104,NA,NA,C,FALSE,FALSE,FALSE,FALSE,FALSE,FALSE,FALSE,0,3,0,15.083333333333334,0,0,1,1,0,0,1,NA,NA,NA,NA,NA,NA,NA,NA,NA,NA,NA,NA,NA,NA,NA,NA,NA,NA,NA,NA,NA,NA,NA,NA,NA,NA,NA,NA,NA,NA,NA,NA,NA,NA,NA,NA,NA,NA,NA,NA,NA,NA,NA,NA,NA,NA,NA,NA,NA,NA,NA,NA,NA,NA,NA,NA,NA,NA,NA,NA,NA,NA,NA,NA,NA,NA,NA,NA,NA,NA,NA,NA,NA,NA,NA,NA,NA,NA,NA,NA,NA,NA,NA,NA,NA,NA,NA,NA,NA,NA,NA,NA,NA,NA,NA,NA,NA,NA,NA,NA,NA,NA,NA,NA,NA,NA,NA,NA,224,22,246,0,TRUE,TRUE,TRUE,FALSE,FALSE,FALSE,NA,NA,NA,NA,NA,NA,NA,NA,NA,NA,NA,NA,NA,NA,NA,NA,NA,NA,NA,NA,NA,NA,NA,NA,NA,NA,NA,NA,NA,NA,NA,NA,NA,NA,NA,NA,TRUE,TRUE,No controls
8,884,0,R_35toQfXzYrAFeg3,NA,NA,NA,NA,NA,NA,NA,NA,NA,NA,NA,NA,NA,NA,NA,NA,NA,NA,NA,NA,NA,NA,NA,NA,NA,NA,NA,NA,NA,NA,NA,NA,NA,NA,NA,NA,NA,NA,NA,NA,NA,NA,NA,NA,NA,NA,NA,NA,NA,NA,NA,NA,NA,NA,NA,NA,NA,NA,NA,NA,NA,NA,NA,NA,NA,NA,NA,NA,NA,NA,NA,NA,NA,NA,NA,NA,NA,NA,NA,NA,NA,NA,NA,NA,NA,NA,NA,NA,NA,NA,NA,NA,NA,NA,NA,NA,NA,NA,NA,NA,NA,NA,NA,NA,NA,NA,NA,NA,NA,NA,NA,NA,NA,NA,NA,NA,NA,NA,NA,NA,NA,NA,NA,NA,NA,NA,NA,NA,NA,NA,NA,NA,NA,NA,NA,NA,NA,NA,NA,NA,NA,NA,NA,NA,NA,NA,NA,NA,NA,NA,NA,NA,NA,NA,NA,NA,NA,NA,NA,NA,NA,NA,NA,NA,NA,NA,NA,NA,NA,NA,NA,NA,NA,NA,NA,NA,NA,NA,NA,NA,NA,NA,NA,iPdc94d05ef532c4e1,NA,NA,B,FALSE,FALSE,FALSE,FALSE,FALSE,FALSE,FALSE,0,3,0,14.733333333333333,0,0,1,1,0,0,1,50,100,100,100,50,100,NA,100,100,19,47,50,60,50,50,77,100,60,100,100,50,100,100,100,0,49,62,100,23,50,100,100,100,100,50,100,59,50,68,50,100,100,NA,NA,NA,NA,NA,NA,NA,NA,NA,NA,NA,NA,NA,NA,NA,NA,NA,NA,NA,NA,NA,NA,NA,50,100,100,100,100,50,50,48,100,100,50,50,100,100,100,100,100,100,100,50,50,NA,NA,NA,NA,NA,NA,NA,NA,NA,NA,NA,NA,NA,NA,NA,NA,NA,NA,NA,NA,NA,NA,183,0,183,0,TRUE,TRUE,TRUE,FALSE,FALSE,FALSE,NA,NA,NA,NA,NA,NA,NA,NA,NA,NA,NA,70.22222222222223,0.1868966644899717,NA,NA,NA,NA,NA,NA,NA,NA,NA,NA,NA,NA,NA,NA,NA,NA,NA,NA,NA,NA,NA,NA,NA,TRUE,TRUE,No controls
10,1384,0,R_3E10fqWk18XLStU,NA,NA,NA,NA,NA,NA,NA,NA,NA,NA,NA,NA,NA,NA,NA,NA,NA,NA,NA,NA,NA,NA,NA,NA,NA,NA,NA,NA,NA,NA,NA,NA,NA,NA,NA,NA,NA,NA,NA,NA,NA,NA,NA,NA,NA,NA,NA,NA,NA,NA,NA,NA,NA,NA,NA,NA,NA,NA,NA,NA,NA,NA,NA,NA,NA,NA,NA,NA,NA,NA,NA,NA,NA,NA,NA,NA,NA,NA,NA,NA,NA,NA,NA,NA,NA,NA,NA,NA,NA,NA,NA,NA,NA,NA,NA,NA,NA,NA,NA,NA,NA,NA,NA,NA,NA,NA,NA,NA,NA,NA,NA,NA,NA,NA,NA,NA,NA,NA,NA,NA,NA,NA,NA,NA,NA,NA,NA,NA,NA,NA,NA,NA,NA,NA,NA,NA,NA,NA,NA,NA,NA,NA,NA,NA,NA,NA,NA,NA,NA,NA,NA,NA,NA,NA,NA,NA,NA,NA,NA,NA,NA,NA,NA,NA,NA,NA,NA,NA,NA,NA,NA,NA,NA,NA,NA,NA,NA,NA,NA,NA,NA,NA,NA,iPf628ecad7b2c65cb,NA,NA,A,FALSE,FALSE,FALSE,FALSE,FALSE,FALSE,FALSE,0,3,0,23.066666666666663,0,0,0,1,0,0,1,80,90,80,80,80,70,70,80,70,80,70,50,70,60,80,70,80,70,80,80,50,90,80,100,60,80,70,60,70,70,70,70,70,60,30,70,60,30,50,50,80,70,70,70,60,80,80,70,80,80,70,90,90,70,80,80,80,60,70,70,60,70,100,60,70,NA,NA,NA,NA,NA,NA,NA,NA,NA,NA,NA,NA,NA,NA,NA,NA,NA,NA,NA,NA,NA,NA,NA,NA,NA,NA,NA,NA,NA,NA,NA,NA,NA,NA,NA,NA,NA,NA,NA,NA,NA,NA,NA,182,0,182,0,TRUE,TRUE,TRUE,FALSE,FALSE,FALSE,NA,NA,NA,NA,NA,NA,NA,NA,NA,NA,NA,70,0.1752980669315148,NA,NA,NA,NA,NA,NA,NA,NA,NA,NA,NA,NA,NA,NA,NA,NA,NA,NA,NA,NA,NA,NA,NA,TRUE,TRUE,No controls
7,1445,0,R_7B5toQZg40Lf2zN,NA,NA,NA,NA,NA,NA,NA,NA,NA,NA,NA,NA,NA,NA,NA,NA,NA,NA,NA,NA,NA,NA,NA,NA,NA,NA,NA,NA,NA,NA,NA,NA,NA,NA,NA,NA,NA,NA,NA,NA,NA,NA,NA,NA,NA,NA,NA,NA,NA,NA,NA,NA,NA,NA,NA,NA,NA,NA,NA,NA,NA,NA,NA,NA,NA,NA,NA,NA,NA,NA,NA,NA,NA,NA,NA,NA,NA,NA,NA,NA,NA,NA,NA,NA,NA,NA,NA,NA,NA,NA,NA,NA,NA,NA,NA,NA,NA,NA,NA,NA,NA,NA,NA,NA,NA,NA,NA,NA,NA,NA,NA,NA,NA,NA,NA,NA,NA,NA,NA,NA,NA,NA,NA,NA,NA,NA,NA,NA,NA,NA,NA,NA,NA,NA,NA,NA,NA,NA,NA,NA,NA,NA,NA,NA,NA,NA,NA,NA,NA,NA,NA,NA,NA,NA,NA,NA,NA,NA,NA,NA,NA,NA,NA,NA,NA,NA,NA,NA,NA,NA,NA,NA,NA,NA,NA,NA,NA,NA,NA,NA,NA,NA,NA,iPeddac2cae5ce8035,NA,NA,C,FALSE,FALSE,FALSE,FALSE,FALSE,FALSE,FALSE,0,3,0,24.083333333333332,0,0,0,1,0,0,1,NA,NA,NA,NA,NA,NA,NA,NA,NA,NA,NA,NA,NA,NA,NA,NA,NA,NA,NA,NA,NA,NA,NA,NA,NA,NA,NA,NA,NA,NA,NA,NA,NA,NA,NA,NA,NA,NA,NA,NA,NA,NA,NA,NA,NA,NA,NA,NA,NA,NA,NA,NA,NA,NA,NA,NA,NA,NA,NA,NA,NA,NA,NA,NA,NA,NA,NA,NA,NA,NA,NA,NA,NA,NA,NA,NA,NA,NA,NA,NA,NA,NA,NA,NA,NA,NA,NA,NA,NA,NA,NA,NA,NA,NA,NA,NA,NA,NA,NA,NA,NA,NA,NA,NA,NA,NA,NA,NA,224,22,246,0,TRUE,TRUE,TRUE,FALSE,FALSE,FALSE,NA,NA,NA,NA,NA,NA,NA,NA,NA,NA,NA,NA,NA,NA,NA,NA,NA,NA,NA,NA,NA,NA,NA,NA,NA,NA,NA,NA,NA,NA,NA,NA,NA,NA,NA,NA,TRUE,TRUE,No controls
8,845,0,R_6Qmr0WoZs0scADE,NA,NA,NA,NA,NA,NA,NA,NA,NA,NA,NA,NA,NA,NA,NA,NA,NA,NA,NA,NA,NA,NA,NA,NA,NA,NA,NA,NA,NA,NA,NA,NA,NA,NA,NA,NA,NA,NA,NA,NA,NA,NA,NA,NA,NA,NA,NA,NA,NA,NA,NA,NA,NA,NA,NA,NA,NA,NA,NA,NA,NA,NA,NA,NA,NA,NA,NA,NA,NA,NA,NA,NA,NA,NA,NA,NA,NA,NA,NA,NA,NA,NA,NA,NA,NA,NA,NA,NA,NA,NA,NA,NA,NA,NA,NA,NA,NA,NA,NA,NA,NA,NA,NA,NA,NA,NA,NA,NA,NA,NA,NA,NA,NA,NA,NA,NA,NA,NA,NA,NA,NA,NA,NA,NA,NA,NA,NA,NA,NA,NA,NA,NA,NA,NA,NA,NA,NA,NA,NA,NA,NA,NA,NA,NA,NA,NA,NA,NA,NA,NA,NA,NA,NA,NA,NA,NA,NA,NA,NA,NA,NA,NA,NA,NA,NA,NA,NA,NA,NA,NA,NA,NA,NA,NA,NA,NA,NA,NA,NA,NA,NA,NA,NA,iP161ffd57cb6c874d,NA,NA,A,FALSE,FALSE,FALSE,FALSE,FALSE,FALSE,FALSE,0,3,0,14.083333333333334,0,0,1,1,0,0,1,80,NA,NA,NA,NA,NA,NA,NA,NA,NA,NA,NA,NA,NA,NA,NA,NA,NA,NA,NA,NA,NA,NA,NA,NA,NA,NA,NA,NA,NA,NA,NA,NA,NA,NA,NA,NA,NA,NA,NA,NA,NA,NA,NA,NA,NA,NA,NA,NA,NA,NA,NA,NA,NA,NA,60,NA,NA,NA,80,NA,NA,NA,NA,NA,NA,NA,NA,NA,NA,NA,NA,NA,NA,NA,NA,NA,NA,NA,NA,NA,NA,NA,NA,NA,NA,NA,NA,NA,NA,NA,NA,NA,NA,NA,NA,NA,NA,NA,NA,NA,NA,NA,NA,NA,NA,NA,NA,223,21,244,0,TRUE,TRUE,TRUE,FALSE,FALSE,FALSE,NA,NA,NA,NA,NA,NA,NA,NA,NA,NA,NA,NA,NA,NA,NA,NA,NA,NA,NA,NA,NA,NA,NA,NA,NA,NA,NA,NA,NA,NA,NA,NA,NA,NA,NA,NA,TRUE,TRUE,No controls
18,250604,0,R_7eaCt8xmt7PdAE5,0,0,1,0,0,1,0,1,0,0,0,1,0,0,1,0,1,0,0,0,1,0,0,1,1,1,0,1,0,0,0,1,0,Never,Sometimes,Rarely,4,1,1,2,1,1,NA,NA,NA,NA,NA,NA,NA,NA,NA,NA,NA,NA,NA,NA,NA,NA,NA,NA,NA,NA,NA,NA,NA,NA,NA,NA,NA,NA,NA,NA,NA,NA,NA,NA,NA,NA,NA,NA,NA,NA,NA,NA,NA,NA,NA,NA,NA,NA,NA,NA,NA,NA,NA,NA,NA,NA,NA,NA,NA,NA,NA,NA,NA,NA,NA,NA,NA,NA,NA,NA,NA,NA,NA,NA,NA,NA,NA,NA,NA,NA,NA,NA,NA,NA,NA,NA,NA,NA,NA,NA,NA,NA,NA,NA,NA,NA,NA,NA,NA,NA,NA,NA,NA,NA,NA,NA,NA,NA,NA,NA,NA,NA,NA,NA,NA,NA,NA,NA,NA,NA,NA,NA,NA,NA,NA,NA,NA,NA,NA,NA,NA,NA,NA,NA,NA,NA,NA,NA,NA,NA,NA,iP48a7681e8ac8952a,NA,NA,A,TRUE,FALSE,FALSE,FALSE,TRUE,FALSE,FALSE,1,2,1,4176.733333333334,0,0,0,0,1,1,1,70,60,70,0,60,70,60,70,80,60,70,90,60,60,90,60,70,80,40,70,10,90,70,100,20,20,80,70,20,60,60,60,30,30,40,60,80,40,20,10,60,70,60,40,80,70,40,30,40,90,70,70,60,30,70,70,70,30,20,70,30,30,70,60,70,NA,NA,NA,NA,NA,NA,NA,NA,NA,NA,NA,NA,NA,NA,NA,NA,NA,NA,NA,NA,NA,NA,NA,NA,NA,NA,NA,NA,NA,NA,NA,NA,NA,NA,NA,NA,NA,NA,NA,NA,NA,NA,NA,140,0,140,0,TRUE,TRUE,TRUE,FALSE,FALSE,FALSE,0,0,1,0,0,NA,NA,NA,NA,NA,NA,63.333333333333336,-0.17265985982218188,NA,NA,NA,NA,NA,NA,NA,NA,NA,NA,NA,NA,NA,NA,NA,NA,NA,NA,NA,NA,NA,NA,NA,TRUE,TRUE,No controls
8,2505,0,R_1ESuYyeEjF9SpcB,NA,NA,NA,NA,NA,NA,NA,NA,NA,NA,NA,NA,NA,NA,NA,NA,NA,NA,NA,NA,NA,NA,NA,NA,NA,NA,NA,NA,NA,NA,NA,NA,NA,NA,NA,NA,NA,NA,NA,NA,NA,NA,NA,NA,NA,NA,NA,NA,NA,NA,NA,NA,NA,NA,NA,NA,NA,NA,NA,NA,NA,NA,NA,NA,NA,NA,NA,NA,NA,NA,NA,NA,NA,NA,NA,NA,NA,NA,NA,NA,NA,NA,NA,NA,NA,NA,NA,NA,NA,NA,NA,NA,NA,NA,NA,NA,NA,NA,NA,NA,NA,NA,NA,NA,NA,NA,NA,NA,NA,NA,NA,NA,NA,NA,NA,NA,NA,NA,NA,NA,NA,NA,NA,NA,NA,NA,NA,NA,NA,NA,NA,NA,NA,NA,NA,NA,NA,NA,NA,NA,NA,NA,NA,NA,NA,NA,NA,NA,NA,NA,NA,NA,NA,NA,NA,NA,NA,NA,NA,NA,NA,NA,NA,NA,NA,NA,NA,NA,NA,NA,NA,NA,NA,NA,NA,NA,NA,NA,NA,NA,NA,NA,NA,iP1a83df42f7f5b026,NA,NA,B,FALSE,FALSE,FALSE,FALSE,FALSE,FALSE,FALSE,0,3,0,41.75,0,0,0,0,0,0,1,60,60,55,55,50,55,50,50,65,50,50,50,50,50,50,50,65,50,60,50,40,65,60,75,40,50,70,55,50,50,50,55,55,55,0,50,50,5,40,25,40,50,NA,NA,NA,NA,NA,NA,NA,NA,NA,NA,NA,NA,NA,NA,NA,NA,NA,NA,NA,NA,NA,NA,NA,50,10,50,50,50,5,60,20,60,45,5,25,55,60,60,55,65,50,60,40,50,NA,NA,NA,NA,NA,NA,NA,NA,NA,NA,NA,NA,NA,NA,NA,NA,NA,NA,NA,NA,NA,NA,182,0,182,0,TRUE,TRUE,TRUE,FALSE,FALSE,FALSE,NA,NA,NA,NA,NA,NA,NA,NA,NA,NA,NA,54.44444444444444,-0.6366037621604446,NA,NA,NA,NA,NA,NA,NA,NA,NA,NA,NA,NA,NA,NA,NA,NA,NA,NA,NA,NA,NA,NA,NA,TRUE,TRUE,No controls
34,1187,0,R_1BOu9hnEItlkfOF,0,0,1,0,0,1,0,1,0,0,0,1,0,0,1,0,0,1,0,0,1,0,0,1,0,0,1,0,1,0,0,0,1,Never,Never,Never,4,1,1,1,1,1,8,8,9,10,9,1,1,1,3,3,4,2.5,Purple,2,2,3,3,3,2,1,1,2,1,1,1,1,1,1,3,1,3,4,3,3,5,5,3,NA,NA,NA,NA,NA,NA,NA,NA,NA,NA,NA,NA,NA,NA,NA,NA,NA,NA,NA,NA,NA,NA,NA,NA,NA,NA,NA,NA,NA,NA,NA,NA,NA,NA,NA,NA,NA,NA,NA,NA,NA,NA,NA,NA,NA,NA,NA,NA,NA,NA,NA,NA,NA,NA,NA,NA,NA,NA,NA,NA,NA,NA,NA,NA,NA,NA,NA,NA,NA,NA,NA,NA,NA,NA,NA,NA,NA,NA,NA,NA,NA,NA,NA,NA,NA,NA,NA,NA,NA,NA,NA,NA,NA,NA,NA,NA,NA,NA,NA,NA,NA,NA,NA,NA,iP155f266117fe2c49,NA,NA,A,TRUE,FALSE,TRUE,FALSE,TRUE,TRUE,FALSE,2,1,2,19.783333333333335,0,0,1,1,0,0,1,50,80,50,50,50,50,10,50,50,50,50,40,50,50,50,50,80,50,80,70,50,100,60,100,10,10,60,50,0,50,50,50,0,0,50,50,50,50,50,20,50,50,50,20,50,50,50,100,80,50,10,50,50,50,50,80,0,0,50,50,0,50,80,50,50,NA,NA,NA,NA,NA,NA,NA,NA,NA,NA,NA,NA,NA,NA,NA,NA,NA,NA,NA,NA,NA,NA,NA,NA,NA,NA,NA,NA,NA,NA,NA,NA,NA,NA,NA,NA,NA,NA,NA,NA,NA,NA,NA,103,0,103,0,TRUE,FALSE,TRUE,FALSE,FALSE,FALSE,0,0,1,0,0,NA,NA,NA,NA,NA,NA,51.111111111111114,-0.8105827255372927,1,7,Punish (7),4,1,2.5,2.375,3,3,3,3,3,2,3,3,4,4,4,3,3,4,5,4,TRUE,TRUE,No controls
7,265376,0,R_707Vf4Akcze2Vpj,NA,NA,NA,NA,NA,NA,NA,NA,NA,NA,NA,NA,NA,NA,NA,NA,NA,NA,NA,NA,NA,NA,NA,NA,NA,NA,NA,NA,NA,NA,NA,NA,NA,NA,NA,NA,NA,NA,NA,NA,NA,NA,NA,NA,NA,NA,NA,NA,NA,NA,NA,NA,NA,NA,NA,NA,NA,NA,NA,NA,NA,NA,NA,NA,NA,NA,NA,NA,NA,NA,NA,NA,NA,NA,NA,NA,NA,NA,NA,NA,NA,NA,NA,NA,NA,NA,NA,NA,NA,NA,NA,NA,NA,NA,NA,NA,NA,NA,NA,NA,NA,NA,NA,NA,NA,NA,NA,NA,NA,NA,NA,NA,NA,NA,NA,NA,NA,NA,NA,NA,NA,NA,NA,NA,NA,NA,NA,NA,NA,NA,NA,NA,NA,NA,NA,NA,NA,NA,NA,NA,NA,NA,NA,NA,NA,NA,NA,NA,NA,NA,NA,NA,NA,NA,NA,NA,NA,NA,NA,NA,NA,NA,NA,NA,NA,NA,NA,NA,NA,NA,NA,NA,NA,NA,NA,NA,NA,NA,NA,NA,NA,NA,NA,iPe1550287134992af,NA,NA,C,FALSE,FALSE,FALSE,FALSE,FALSE,FALSE,FALSE,0,3,0,4422.933333333333,0,0,0,0,1,1,1,NA,NA,NA,NA,NA,NA,NA,NA,NA,NA,NA,NA,NA,NA,NA,NA,NA,NA,NA,NA,NA,NA,NA,NA,NA,NA,NA,NA,NA,NA,NA,NA,NA,NA,NA,NA,NA,NA,NA,NA,NA,NA,NA,NA,NA,NA,NA,NA,NA,NA,NA,NA,NA,NA,NA,NA,NA,NA,NA,NA,NA,NA,NA,NA,NA,NA,NA,NA,NA,NA,NA,NA,NA,NA,NA,NA,NA,NA,NA,NA,NA,NA,NA,NA,NA,NA,NA,NA,NA,NA,NA,NA,NA,NA,NA,NA,NA,NA,NA,NA,NA,NA,NA,NA,NA,NA,NA,NA,224,22,246,0,TRUE,TRUE,TRUE,FALSE,FALSE,FALSE,NA,NA,NA,NA,NA,NA,NA,NA,NA,NA,NA,NA,NA,NA,NA,NA,NA,NA,NA,NA,NA,NA,NA,NA,NA,NA,NA,NA,NA,NA,NA,NA,NA,NA,NA,NA,TRUE,TRUE,No controls
8,855,0,R_1lGqhCithsf76yx,NA,NA,NA,NA,NA,NA,NA,NA,NA,NA,NA,NA,NA,NA,NA,NA,NA,NA,NA,NA,NA,NA,NA,NA,NA,NA,NA,NA,NA,NA,NA,NA,NA,NA,NA,NA,NA,NA,NA,NA,NA,NA,NA,NA,NA,NA,NA,NA,NA,NA,NA,NA,NA,NA,NA,NA,NA,NA,NA,NA,NA,NA,NA,NA,NA,NA,NA,NA,NA,NA,NA,NA,NA,NA,NA,NA,NA,NA,NA,NA,NA,NA,NA,NA,NA,NA,NA,NA,NA,NA,NA,NA,NA,NA,NA,NA,NA,NA,NA,NA,NA,NA,NA,NA,NA,NA,NA,NA,NA,NA,NA,NA,NA,NA,NA,NA,NA,NA,NA,NA,NA,NA,NA,NA,NA,NA,NA,NA,NA,NA,NA,NA,NA,NA,NA,NA,NA,NA,NA,NA,NA,NA,NA,NA,NA,NA,NA,NA,NA,NA,NA,NA,NA,NA,NA,NA,NA,NA,NA,NA,NA,NA,NA,NA,NA,NA,NA,NA,NA,NA,NA,NA,NA,NA,NA,NA,NA,NA,NA,NA,NA,NA,NA,iPc94885e544e5509a,NA,NA,A,FALSE,FALSE,FALSE,FALSE,FALSE,FALSE,FALSE,0,3,0,14.25,0,0,1,1,0,0,1,100,100,100,100,NA,NA,NA,100,100,100,80,100,NA,100,100,100,NA,NA,NA,100,50,100,10,100,10,NA,90,NA,100,70,100,100,100,100,10,NA,0,NA,NA,NA,100,NA,NA,NA,100,0,NA,70,70,40,NA,100,80,NA,100,100,NA,20,NA,100,NA,100,NA,100,70,NA,NA,NA,NA,NA,NA,NA,NA,NA,NA,NA,NA,NA,NA,NA,NA,NA,NA,NA,NA,NA,NA,NA,NA,NA,NA,NA,NA,NA,NA,NA,NA,NA,NA,NA,NA,NA,NA,NA,NA,NA,NA,NA,196,9,205,0,TRUE,TRUE,TRUE,FALSE,FALSE,FALSE,NA,NA,NA,NA,NA,NA,NA,NA,NA,NA,NA,98,1.6367213592970415,NA,NA,NA,NA,NA,NA,NA,NA,NA,NA,NA,NA,NA,NA,NA,NA,NA,NA,NA,NA,NA,NA,NA,TRUE,TRUE,No controls
30,877,0,R_1YypOuxQDeX5NT1,0,0,1,0,0,1,0,1,0,0,0,1,0,1,0,0,0,1,0,0,1,0,1,0,0,1,0,0,1,0,0,1,0,Never,Never,Never,4,2,1,1,1,1,9,10,10,10,9,4,5,2,2,3,1,2,Purple,2,3,3,4,2,3,4,1,4,2,NA,NA,NA,NA,NA,NA,NA,NA,NA,NA,NA,NA,NA,NA,NA,NA,NA,NA,NA,NA,NA,NA,NA,NA,NA,NA,NA,NA,NA,NA,NA,NA,NA,NA,NA,NA,NA,NA,NA,NA,NA,NA,NA,NA,NA,NA,NA,NA,NA,NA,NA,NA,NA,NA,NA,NA,NA,NA,NA,NA,NA,NA,NA,NA,NA,NA,NA,NA,NA,NA,NA,NA,NA,NA,NA,NA,NA,NA,NA,NA,NA,NA,NA,NA,NA,NA,NA,NA,NA,NA,NA,NA,NA,NA,NA,NA,NA,NA,NA,NA,NA,NA,NA,NA,NA,NA,NA,NA,NA,NA,NA,NA,NA,NA,NA,NA,NA,NA,iP66b8cf5f19bd630f,NA,NA,B,TRUE,FALSE,TRUE,FALSE,TRUE,TRUE,FALSE,2,1,2,14.616666666666667,0,0,1,1,0,0,1,98,99,98,98,96,98,78,96,77,50,50,50,95,97,50,98,98,50,86,79,50,96,50,100,50,50,87,64,47,93,77,99,96,100,50,51,50,50,50,50,64,68,NA,NA,NA,NA,NA,NA,NA,NA,NA,NA,NA,NA,NA,NA,NA,NA,NA,NA,NA,NA,NA,NA,NA,64,82,98,99,95,33,75,50,50,50,50,59,75,100,100,95,98,100,50,50,50,NA,NA,NA,NA,NA,NA,NA,NA,NA,NA,NA,NA,NA,NA,NA,NA,NA,NA,NA,NA,NA,NA,117,0,117,0,TRUE,FALSE,TRUE,FALSE,FALSE,FALSE,0,0,1,0,0,NA,NA,NA,NA,NA,NA,79.44444444444444,0.6682384631659185,4,4,Neutral (4),2.5,4,3.25,2.25,NA,NA,NA,NA,NA,NA,NA,NA,NA,NA,NA,4,5,5,5,4,TRUE,TRUE,No controls
23,1979,0,R_1mmtLlXQRqgRiAV,NA,NA,1,1,1,0,1,0,0,1,0,0,1,1,0,0,0,1,0,1,0,0,0,1,1,0,0,1,0,0,0,1,0,Frequently,Sometimes,Frequently,4,1,1,1,1,1,7,6,7,8,7,3,1,3,3,2.5,2,3,NA,NA,NA,NA,NA,NA,NA,NA,NA,NA,NA,NA,NA,NA,NA,NA,NA,NA,NA,NA,NA,NA,NA,NA,NA,NA,NA,NA,NA,NA,NA,NA,NA,NA,NA,NA,NA,NA,NA,NA,NA,NA,NA,NA,NA,NA,NA,NA,NA,NA,NA,NA,NA,NA,NA,NA,NA,NA,NA,NA,NA,NA,NA,NA,NA,NA,NA,NA,NA,NA,NA,NA,NA,NA,NA,NA,NA,NA,NA,NA,NA,NA,NA,NA,NA,NA,NA,NA,NA,NA,NA,NA,NA,NA,NA,NA,NA,NA,NA,NA,NA,NA,NA,NA,NA,NA,NA,NA,NA,NA,NA,NA,NA,NA,NA,NA,NA,NA,NA,NA,NA,NA,NA,NA,NA,NA,NA,NA,NA,iP2d5a2d45369df462,NA,NA,C,TRUE,FALSE,FALSE,FALSE,TRUE,FALSE,FALSE,1,2,1,32.983333333333334,0,0,0,0,0,0,1,50,50,50,50,55,50,50,45,100,50,46,77,65,71,56,50,75,35,50,72,50,86,78,100,36,40,81,24,13,55,100,50,50,50,34,0,50,0,0,0,56,100,NA,NA,NA,NA,NA,NA,NA,NA,NA,NA,NA,NA,NA,NA,NA,NA,NA,NA,NA,NA,NA,NA,NA,NA,NA,NA,NA,NA,NA,NA,NA,NA,NA,NA,NA,NA,NA,NA,NA,NA,NA,NA,NA,NA,100,100,100,50,100,50,59,100,88,0,100,0,49,71,62,73,100,50,100,50,50,50,128,0,128,0,TRUE,TRUE,TRUE,FALSE,FALSE,FALSE,1,NA,1,NA,1,NA,NA,NA,NA,NA,NA,54,-0.6598009572773575,3,5,Punish (5),4,3,3.5,2.875,NA,NA,NA,NA,NA,NA,NA,NA,NA,NA,NA,2,1,2,3,2,TRUE,TRUE,No controls
7,54243,0,R_3DOvL8w5MDKlVjX,NA,NA,NA,NA,NA,NA,NA,NA,NA,NA,NA,NA,NA,NA,NA,NA,NA,NA,NA,NA,NA,NA,NA,NA,NA,NA,NA,NA,NA,NA,NA,NA,NA,NA,NA,NA,NA,NA,NA,NA,NA,NA,NA,NA,NA,NA,NA,NA,NA,NA,NA,NA,NA,NA,NA,NA,NA,NA,NA,NA,NA,NA,NA,NA,NA,NA,NA,NA,NA,NA,NA,NA,NA,NA,NA,NA,NA,NA,NA,NA,NA,NA,NA,NA,NA,NA,NA,NA,NA,NA,NA,NA,NA,NA,NA,NA,NA,NA,NA,NA,NA,NA,NA,NA,NA,NA,NA,NA,NA,NA,NA,NA,NA,NA,NA,NA,NA,NA,NA,NA,NA,NA,NA,NA,NA,NA,NA,NA,NA,NA,NA,NA,NA,NA,NA,NA,NA,NA,NA,NA,NA,NA,NA,NA,NA,NA,NA,NA,NA,NA,NA,NA,NA,NA,NA,NA,NA,NA,NA,NA,NA,NA,NA,NA,NA,NA,NA,NA,NA,NA,NA,NA,NA,NA,NA,NA,NA,NA,NA,NA,NA,NA,NA,iPf0d58cb4fff22b46,NA,NA,A,FALSE,FALSE,FALSE,FALSE,FALSE,FALSE,FALSE,0,3,0,904.05,0,0,0,0,1,1,1,NA,NA,NA,NA,NA,NA,NA,NA,NA,NA,NA,NA,NA,NA,NA,NA,NA,NA,NA,NA,NA,NA,NA,NA,NA,NA,NA,NA,NA,NA,NA,NA,NA,NA,NA,NA,NA,NA,NA,NA,NA,NA,NA,NA,NA,NA,NA,NA,NA,NA,NA,NA,NA,NA,NA,NA,NA,NA,NA,NA,NA,NA,NA,NA,NA,NA,NA,NA,NA,NA,NA,NA,NA,NA,NA,NA,NA,NA,NA,NA,NA,NA,NA,NA,NA,NA,NA,NA,NA,NA,NA,NA,NA,NA,NA,NA,NA,NA,NA,NA,NA,NA,NA,NA,NA,NA,NA,NA,224,23,247,0,TRUE,TRUE,TRUE,FALSE,FALSE,FALSE,NA,NA,NA,NA,NA,NA,NA,NA,NA,NA,NA,NA,NA,NA,NA,NA,NA,NA,NA,NA,NA,NA,NA,NA,NA,NA,NA,NA,NA,NA,NA,NA,NA,NA,NA,NA,TRUE,TRUE,No controls
7,806,0,R_60Iq4l1C21gI7No,NA,NA,NA,NA,NA,NA,NA,NA,NA,NA,NA,NA,NA,NA,NA,NA,NA,NA,NA,NA,NA,NA,NA,NA,NA,NA,NA,NA,NA,NA,NA,NA,NA,NA,NA,NA,NA,NA,NA,NA,NA,NA,NA,NA,NA,NA,NA,NA,NA,NA,NA,NA,NA,NA,NA,NA,NA,NA,NA,NA,NA,NA,NA,NA,NA,NA,NA,NA,NA,NA,NA,NA,NA,NA,NA,NA,NA,NA,NA,NA,NA,NA,NA,NA,NA,NA,NA,NA,NA,NA,NA,NA,NA,NA,NA,NA,NA,NA,NA,NA,NA,NA,NA,NA,NA,NA,NA,NA,NA,NA,NA,NA,NA,NA,NA,NA,NA,NA,NA,NA,NA,NA,NA,NA,NA,NA,NA,NA,NA,NA,NA,NA,NA,NA,NA,NA,NA,NA,NA,NA,NA,NA,NA,NA,NA,NA,NA,NA,NA,NA,NA,NA,NA,NA,NA,NA,NA,NA,NA,NA,NA,NA,NA,NA,NA,NA,NA,NA,NA,NA,NA,NA,NA,NA,NA,NA,NA,NA,NA,NA,NA,NA,NA,iP19374f09cacb4385,NA,NA,C,FALSE,FALSE,FALSE,FALSE,FALSE,FALSE,FALSE,0,3,0,13.433333333333334,0,0,1,1,0,0,1,NA,NA,NA,NA,NA,NA,NA,NA,NA,NA,NA,NA,NA,NA,NA,NA,NA,NA,NA,NA,NA,NA,NA,NA,NA,NA,NA,NA,NA,NA,NA,NA,NA,NA,NA,NA,NA,NA,NA,NA,NA,NA,NA,NA,NA,NA,NA,NA,NA,NA,NA,NA,NA,NA,NA,NA,NA,NA,NA,NA,NA,NA,NA,NA,NA,NA,NA,NA,NA,NA,NA,NA,NA,NA,NA,NA,NA,NA,NA,NA,NA,NA,NA,NA,NA,NA,NA,NA,NA,NA,NA,NA,NA,NA,NA,NA,NA,NA,NA,NA,NA,NA,NA,NA,NA,NA,NA,NA,224,22,246,0,TRUE,TRUE,TRUE,FALSE,FALSE,FALSE,NA,NA,NA,NA,NA,NA,NA,NA,NA,NA,NA,NA,NA,NA,NA,NA,NA,NA,NA,NA,NA,NA,NA,NA,NA,NA,NA,NA,NA,NA,NA,NA,NA,NA,NA,NA,TRUE,TRUE,No controls
7,7876,0,R_3MGgY77CL09TqY9,NA,NA,NA,NA,NA,NA,NA,NA,NA,NA,NA,NA,NA,NA,NA,NA,NA,NA,NA,NA,NA,NA,NA,NA,NA,NA,NA,NA,NA,NA,NA,NA,NA,NA,NA,NA,NA,NA,NA,NA,NA,NA,NA,NA,NA,NA,NA,NA,NA,NA,NA,NA,NA,NA,NA,NA,NA,NA,NA,NA,NA,NA,NA,NA,NA,NA,NA,NA,NA,NA,NA,NA,NA,NA,NA,NA,NA,NA,NA,NA,NA,NA,NA,NA,NA,NA,NA,NA,NA,NA,NA,NA,NA,NA,NA,NA,NA,NA,NA,NA,NA,NA,NA,NA,NA,NA,NA,NA,NA,NA,NA,NA,NA,NA,NA,NA,NA,NA,NA,NA,NA,NA,NA,NA,NA,NA,NA,NA,NA,NA,NA,NA,NA,NA,NA,NA,NA,NA,NA,NA,NA,NA,NA,NA,NA,NA,NA,NA,NA,NA,NA,NA,NA,NA,NA,NA,NA,NA,NA,NA,NA,NA,NA,NA,NA,NA,NA,NA,NA,NA,NA,NA,NA,NA,NA,NA,NA,NA,NA,NA,NA,NA,NA,iPeec19fde2198da4b,NA,NA,B,FALSE,FALSE,FALSE,FALSE,FALSE,FALSE,FALSE,0,3,0,131.26666666666668,0,0,0,0,1,0,1,NA,NA,NA,NA,NA,NA,NA,NA,NA,NA,NA,NA,NA,NA,NA,NA,NA,NA,NA,NA,NA,NA,NA,NA,NA,NA,NA,NA,NA,NA,NA,NA,NA,NA,NA,NA,NA,NA,NA,NA,NA,NA,NA,NA,NA,NA,NA,NA,NA,NA,NA,NA,NA,NA,NA,NA,NA,NA,NA,NA,NA,NA,NA,NA,NA,NA,NA,NA,NA,NA,NA,NA,NA,NA,NA,NA,NA,NA,NA,NA,NA,NA,NA,NA,NA,NA,NA,NA,NA,NA,NA,NA,NA,NA,NA,NA,NA,NA,NA,NA,NA,NA,NA,NA,NA,NA,NA,NA,224,21,245,0,TRUE,TRUE,TRUE,FALSE,FALSE,FALSE,NA,NA,NA,NA,NA,NA,NA,NA,NA,NA,NA,NA,NA,NA,NA,NA,NA,NA,NA,NA,NA,NA,NA,NA,NA,NA,NA,NA,NA,NA,NA,NA,NA,NA,NA,NA,TRUE,TRUE,No controls
8,181660,0,R_1THRuz6XG0NmuZ1,NA,NA,NA,NA,NA,NA,NA,NA,NA,NA,NA,NA,NA,NA,NA,NA,NA,NA,NA,NA,NA,NA,NA,NA,NA,NA,NA,NA,NA,NA,NA,NA,NA,NA,NA,NA,NA,NA,NA,NA,NA,NA,NA,NA,NA,NA,NA,NA,NA,NA,NA,NA,NA,NA,NA,NA,NA,NA,NA,NA,NA,NA,NA,NA,NA,NA,NA,NA,NA,NA,NA,NA,NA,NA,NA,NA,NA,NA,NA,NA,NA,NA,NA,NA,NA,NA,NA,NA,NA,NA,NA,NA,NA,NA,NA,NA,NA,NA,NA,NA,NA,NA,NA,NA,NA,NA,NA,NA,NA,NA,NA,NA,NA,NA,NA,NA,NA,NA,NA,NA,NA,NA,NA,NA,NA,NA,NA,NA,NA,NA,NA,NA,NA,NA,NA,NA,NA,NA,NA,NA,NA,NA,NA,NA,NA,NA,NA,NA,NA,NA,NA,NA,NA,NA,NA,NA,NA,NA,NA,NA,NA,NA,NA,NA,NA,NA,NA,NA,NA,NA,NA,NA,NA,NA,NA,NA,NA,NA,NA,NA,NA,NA,NA,iP7394d18659bb389f,NA,NA,A,FALSE,FALSE,FALSE,FALSE,FALSE,FALSE,FALSE,0,3,0,3027.6666666666665,0,0,0,0,1,1,1,100,90,80,100,90,90,30,80,30,20,30,0,20,10,30,80,90,20,80,80,20,30,80,100,10,40,60,40,20,100,100,0,0,0,100,90,30,90,100,80,30,100,20,10,40,0,100,0,70,20,20,100,90,10,30,70,0,0,100,80,0,100,90,100,100,NA,NA,NA,NA,NA,NA,NA,NA,NA,NA,NA,NA,NA,NA,NA,NA,NA,NA,NA,NA,NA,NA,NA,NA,NA,NA,NA,NA,NA,NA,NA,NA,NA,NA,NA,NA,NA,NA,NA,NA,NA,NA,NA,182,0,182,0,TRUE,TRUE,TRUE,FALSE,FALSE,FALSE,NA,NA,NA,NA,NA,NA,NA,NA,NA,NA,NA,46.666666666666664,-1.0425546767064242,NA,NA,NA,NA,NA,NA,NA,NA,NA,NA,NA,NA,NA,NA,NA,NA,NA,NA,NA,NA,NA,NA,NA,TRUE,TRUE,No controls
42,2645,0,R_3LtFN2qBzUre209,0,0,1,0,0,1,0,1,0,0,0,1,0,0,1,0,1,0,0,1,0,0,1,0,0,1,0,0,1,0,0,0,1,Rarely,Rarely,Rarely,4,1,1,1,1,1,9,10,10,10,10,6,5,4,4,4,2,3,Purple,1,1,1,1,1,1,1,5,1,1,1,1,1,1,2,1,1,1,4,4,4,1,1,4,4,1,1,1,1,1,1,1,1,1,1,1,2,2,2,1,4,1,1,1,4,2,3,NA,NA,NA,NA,NA,NA,NA,NA,NA,NA,NA,NA,NA,NA,NA,NA,NA,NA,NA,NA,NA,NA,NA,NA,NA,NA,NA,NA,NA,NA,NA,NA,NA,NA,NA,NA,NA,NA,NA,NA,NA,NA,NA,NA,NA,NA,NA,NA,NA,NA,NA,NA,NA,NA,NA,NA,NA,NA,NA,NA,NA,NA,NA,NA,NA,NA,NA,NA,NA,NA,NA,NA,NA,NA,NA,NA,NA,NA,NA,NA,NA,iP94a1ab73af68ef5a,NA,NA,C,TRUE,FALSE,TRUE,FALSE,TRUE,TRUE,FALSE,2,1,2,44.083333333333336,0,0,0,0,0,0,1,100,100,100,100,50,100,90,100,100,100,100,100,100,100,100,100,100,100,25,100,14,100,82,100,20,80,100,100,100,10,100,100,100,100,0,0,50,0,20,0,65,86,NA,NA,NA,NA,NA,NA,NA,NA,NA,NA,NA,NA,NA,NA,NA,NA,NA,NA,NA,NA,NA,NA,NA,NA,NA,NA,NA,NA,NA,NA,NA,NA,NA,NA,NA,NA,NA,NA,NA,NA,NA,NA,NA,NA,100,100,83,100,80,75,100,100,80,0,100,0,50,67,100,100,100,100,100,100,100,100,80,0,80,0,TRUE,FALSE,TRUE,FALSE,FALSE,FALSE,0,0,1,0,0,NA,NA,NA,NA,NA,NA,100,1.7411087373231504,6,2,Rehab (2),2.5,3,2.75,3.75,3,3,3,3,1,3,3,3,4,4,4,4,5,5,5,5,TRUE,TRUE,No controls
7,268815,0,R_7tliWvYcplYsfbH,NA,NA,NA,NA,NA,NA,NA,NA,NA,NA,NA,NA,NA,NA,NA,NA,NA,NA,NA,NA,NA,NA,NA,NA,NA,NA,NA,NA,NA,NA,NA,NA,NA,NA,NA,NA,NA,NA,NA,NA,NA,NA,NA,NA,NA,NA,NA,NA,NA,NA,NA,NA,NA,NA,NA,NA,NA,NA,NA,NA,NA,NA,NA,NA,NA,NA,NA,NA,NA,NA,NA,NA,NA,NA,NA,NA,NA,NA,NA,NA,NA,NA,NA,NA,NA,NA,NA,NA,NA,NA,NA,NA,NA,NA,NA,NA,NA,NA,NA,NA,NA,NA,NA,NA,NA,NA,NA,NA,NA,NA,NA,NA,NA,NA,NA,NA,NA,NA,NA,NA,NA,NA,NA,NA,NA,NA,NA,NA,NA,NA,NA,NA,NA,NA,NA,NA,NA,NA,NA,NA,NA,NA,NA,NA,NA,NA,NA,NA,NA,NA,NA,NA,NA,NA,NA,NA,NA,NA,NA,NA,NA,NA,NA,NA,NA,NA,NA,NA,NA,NA,NA,NA,NA,NA,NA,NA,NA,NA,NA,NA,NA,NA,NA,iP188a5132f585d2c7,NA,NA,B,FALSE,FALSE,FALSE,FALSE,FALSE,FALSE,FALSE,0,3,0,4480.25,0,0,0,0,1,1,1,NA,NA,NA,NA,NA,NA,NA,NA,NA,NA,NA,NA,NA,NA,NA,NA,NA,NA,NA,NA,NA,NA,NA,NA,NA,NA,NA,NA,NA,NA,NA,NA,NA,NA,NA,NA,NA,NA,NA,NA,NA,NA,NA,NA,NA,NA,NA,NA,NA,NA,NA,NA,NA,NA,NA,NA,NA,NA,NA,NA,NA,NA,NA,NA,NA,NA,NA,NA,NA,NA,NA,NA,NA,NA,NA,NA,NA,NA,NA,NA,NA,NA,NA,NA,NA,NA,NA,NA,NA,NA,NA,NA,NA,NA,NA,NA,NA,NA,NA,NA,NA,NA,NA,NA,NA,NA,NA,NA,224,21,245,0,TRUE,TRUE,TRUE,FALSE,FALSE,FALSE,NA,NA,NA,NA,NA,NA,NA,NA,NA,NA,NA,NA,NA,NA,NA,NA,NA,NA,NA,NA,NA,NA,NA,NA,NA,NA,NA,NA,NA,NA,NA,NA,NA,NA,NA,NA,TRUE,TRUE,No controls
30,423413,0,R_18IqrsET4QDz4n8,NA,NA,1,1,0,0,0,0,1,0,0,1,1,0,0,0,0,1,1,0,0,0,0,1,1,0,0,0,0,1,0,0,1,Sometimes,Sometimes,Sometimes,4,1,1,1,1,4,8,7,8,8,7,4,2,3,1,2,2,3,purple,3,3,3,2,2,2,2,2,2,2,NA,NA,NA,NA,NA,NA,NA,NA,NA,NA,NA,NA,NA,NA,NA,NA,NA,NA,NA,NA,NA,NA,NA,NA,NA,NA,NA,NA,NA,NA,NA,NA,NA,NA,NA,NA,NA,NA,NA,NA,NA,NA,NA,NA,NA,NA,NA,NA,NA,NA,NA,NA,NA,NA,NA,NA,NA,NA,NA,NA,NA,NA,NA,NA,NA,NA,NA,NA,NA,NA,NA,NA,NA,NA,NA,NA,NA,NA,NA,NA,NA,NA,NA,NA,NA,NA,NA,NA,NA,NA,NA,NA,NA,NA,NA,NA,NA,NA,NA,NA,NA,NA,NA,NA,NA,NA,NA,NA,NA,NA,NA,NA,NA,NA,NA,NA,NA,NA,iPa1b78db55ef5761e,NA,NA,C,TRUE,FALSE,TRUE,FALSE,TRUE,TRUE,FALSE,2,1,2,7056.883333333333,0,0,0,0,1,1,1,10,59,50,50,50,50,50,85,50,50,50,32,65,76,64,34,71,63,50,62,34,94,41,97,0,4,50,50,26,19,49,50,50,62,1,50,42,12,38,5,34,91,NA,NA,NA,NA,NA,NA,NA,NA,NA,NA,NA,NA,NA,NA,NA,NA,NA,NA,NA,NA,NA,NA,NA,NA,NA,NA,NA,NA,NA,NA,NA,NA,NA,NA,NA,NA,NA,NA,NA,NA,NA,NA,NA,NA,70,65,50,50,69,50,68,99,69,0,89,0,35,80,50,75,84,50,50,47,50,50,117,0,117,0,TRUE,FALSE,TRUE,FALSE,FALSE,FALSE,1,NA,1,NA,1,NA,NA,NA,NA,NA,NA,55.22222222222222,-0.5960086707058465,4,4,Neutral (4),3,3,3,2.25,NA,NA,NA,NA,NA,NA,NA,NA,NA,NA,NA,3,2,3,3,2,TRUE,TRUE,No controls
7,1201,0,R_6tAjn5KxaPYaaKR,NA,NA,NA,NA,NA,NA,NA,NA,NA,NA,NA,NA,NA,NA,NA,NA,NA,NA,NA,NA,NA,NA,NA,NA,NA,NA,NA,NA,NA,NA,NA,NA,NA,NA,NA,NA,NA,NA,NA,NA,NA,NA,NA,NA,NA,NA,NA,NA,NA,NA,NA,NA,NA,NA,NA,NA,NA,NA,NA,NA,NA,NA,NA,NA,NA,NA,NA,NA,NA,NA,NA,NA,NA,NA,NA,NA,NA,NA,NA,NA,NA,NA,NA,NA,NA,NA,NA,NA,NA,NA,NA,NA,NA,NA,NA,NA,NA,NA,NA,NA,NA,NA,NA,NA,NA,NA,NA,NA,NA,NA,NA,NA,NA,NA,NA,NA,NA,NA,NA,NA,NA,NA,NA,NA,NA,NA,NA,NA,NA,NA,NA,NA,NA,NA,NA,NA,NA,NA,NA,NA,NA,NA,NA,NA,NA,NA,NA,NA,NA,NA,NA,NA,NA,NA,NA,NA,NA,NA,NA,NA,NA,NA,NA,NA,NA,NA,NA,NA,NA,NA,NA,NA,NA,NA,NA,NA,NA,NA,NA,NA,NA,NA,NA,iP1aff969e83b25055,NA,NA,C,FALSE,FALSE,FALSE,FALSE,FALSE,FALSE,FALSE,0,3,0,20.016666666666666,0,0,0,1,0,0,1,NA,NA,NA,NA,NA,NA,NA,NA,NA,NA,NA,NA,NA,NA,NA,NA,NA,NA,NA,NA,NA,NA,NA,NA,NA,NA,NA,NA,NA,NA,NA,NA,NA,NA,NA,NA,NA,NA,NA,NA,NA,NA,NA,NA,NA,NA,NA,NA,NA,NA,NA,NA,NA,NA,NA,NA,NA,NA,NA,NA,NA,NA,NA,NA,NA,NA,NA,NA,NA,NA,NA,NA,NA,NA,NA,NA,NA,NA,NA,NA,NA,NA,NA,NA,NA,NA,NA,NA,NA,NA,NA,NA,NA,NA,NA,NA,NA,NA,NA,NA,NA,NA,NA,NA,NA,NA,NA,NA,224,22,246,0,TRUE,TRUE,TRUE,FALSE,FALSE,FALSE,NA,NA,NA,NA,NA,NA,NA,NA,NA,NA,NA,NA,NA,NA,NA,NA,NA,NA,NA,NA,NA,NA,NA,NA,NA,NA,NA,NA,NA,NA,NA,NA,NA,NA,NA,NA,TRUE,TRUE,No controls
8,902,0,R_14HT05vqDPm1CHm,NA,NA,NA,NA,NA,NA,NA,NA,NA,NA,NA,NA,NA,NA,NA,NA,NA,NA,NA,NA,NA,NA,NA,NA,NA,NA,NA,NA,NA,NA,NA,NA,NA,NA,NA,NA,NA,NA,NA,NA,NA,NA,NA,NA,NA,NA,NA,NA,NA,NA,NA,NA,NA,NA,NA,NA,NA,NA,NA,NA,NA,NA,NA,NA,NA,NA,NA,NA,NA,NA,NA,NA,NA,NA,NA,NA,NA,NA,NA,NA,NA,NA,NA,NA,NA,NA,NA,NA,NA,NA,NA,NA,NA,NA,NA,NA,NA,NA,NA,NA,NA,NA,NA,NA,NA,NA,NA,NA,NA,NA,NA,NA,NA,NA,NA,NA,NA,NA,NA,NA,NA,NA,NA,NA,NA,NA,NA,NA,NA,NA,NA,NA,NA,NA,NA,NA,NA,NA,NA,NA,NA,NA,NA,NA,NA,NA,NA,NA,NA,NA,NA,NA,NA,NA,NA,NA,NA,NA,NA,NA,NA,NA,NA,NA,NA,NA,NA,NA,NA,NA,NA,NA,NA,NA,NA,NA,NA,NA,NA,NA,NA,NA,NA,iPa48ba01061a43cc3,NA,NA,A,FALSE,FALSE,FALSE,FALSE,FALSE,FALSE,FALSE,0,3,0,15.033333333333331,0,0,1,1,0,0,1,30,80,50,40,60,50,20,90,60,30,10,40,70,70,30,70,80,80,80,70,20,80,70,70,20,70,70,60,20,80,80,20,20,20,70,60,20,90,30,20,30,NA,20,30,30,10,60,70,80,40,30,60,30,90,80,70,20,10,30,100,20,30,90,20,30,NA,NA,NA,NA,NA,NA,NA,NA,NA,NA,NA,NA,NA,NA,NA,NA,NA,NA,NA,NA,NA,NA,NA,NA,NA,NA,NA,NA,NA,NA,NA,NA,NA,NA,NA,NA,NA,NA,NA,NA,NA,NA,NA,183,0,183,0,TRUE,TRUE,TRUE,FALSE,FALSE,FALSE,NA,NA,NA,NA,NA,NA,NA,NA,NA,NA,NA,65.55555555555556,-0.05667388423761632,NA,NA,NA,NA,NA,NA,NA,NA,NA,NA,NA,NA,NA,NA,NA,NA,NA,NA,NA,NA,NA,NA,NA,TRUE,TRUE,No controls
7,925,0,R_35A9VPxMgu9ckSt,NA,NA,NA,NA,NA,NA,NA,NA,NA,NA,NA,NA,NA,NA,NA,NA,NA,NA,NA,NA,NA,NA,NA,NA,NA,NA,NA,NA,NA,NA,NA,NA,NA,NA,NA,NA,NA,NA,NA,NA,NA,NA,NA,NA,NA,NA,NA,NA,NA,NA,NA,NA,NA,NA,NA,NA,NA,NA,NA,NA,NA,NA,NA,NA,NA,NA,NA,NA,NA,NA,NA,NA,NA,NA,NA,NA,NA,NA,NA,NA,NA,NA,NA,NA,NA,NA,NA,NA,NA,NA,NA,NA,NA,NA,NA,NA,NA,NA,NA,NA,NA,NA,NA,NA,NA,NA,NA,NA,NA,NA,NA,NA,NA,NA,NA,NA,NA,NA,NA,NA,NA,NA,NA,NA,NA,NA,NA,NA,NA,NA,NA,NA,NA,NA,NA,NA,NA,NA,NA,NA,NA,NA,NA,NA,NA,NA,NA,NA,NA,NA,NA,NA,NA,NA,NA,NA,NA,NA,NA,NA,NA,NA,NA,NA,NA,NA,NA,NA,NA,NA,NA,NA,NA,NA,NA,NA,NA,NA,NA,NA,NA,NA,NA,iP59089e249895b52e,NA,NA,C,FALSE,FALSE,FALSE,FALSE,FALSE,FALSE,FALSE,0,3,0,15.416666666666666,0,0,1,1,0,0,1,NA,NA,NA,NA,NA,NA,NA,NA,NA,NA,NA,NA,NA,NA,NA,NA,NA,NA,NA,NA,NA,NA,NA,NA,NA,NA,NA,NA,NA,NA,NA,NA,NA,NA,NA,NA,NA,NA,NA,NA,NA,NA,NA,NA,NA,NA,NA,NA,NA,NA,NA,NA,NA,NA,NA,NA,NA,NA,NA,NA,NA,NA,NA,NA,NA,NA,NA,NA,NA,NA,NA,NA,NA,NA,NA,NA,NA,NA,NA,NA,NA,NA,NA,NA,NA,NA,NA,NA,NA,NA,NA,NA,NA,NA,NA,NA,NA,NA,NA,NA,NA,NA,NA,NA,NA,NA,NA,NA,224,22,246,0,TRUE,TRUE,TRUE,FALSE,FALSE,FALSE,NA,NA,NA,NA,NA,NA,NA,NA,NA,NA,NA,NA,NA,NA,NA,NA,NA,NA,NA,NA,NA,NA,NA,NA,NA,NA,NA,NA,NA,NA,NA,NA,NA,NA,NA,NA,TRUE,TRUE,No controls
38,109331,0,R_3v1Hcjew0eil4js,0,0,1,0,0,1,0,0,1,0,0,1,0,0,1,0,0,1,0,0,1,0,0,1,1,0,0,0,0,1,0,0,1,Never,Sometimes,Sometimes,4,2,2,1,1,3,9,7,10,9,9,5,2,2,3,1,3,3,purple,5,5,6,4,4,4,4,5,4,5,1,2,1,1,1,1,3,1,4,3,4,2,5,4,2,3,3,1,1,1,2,2,3,2,2,2,2,2,2,NA,NA,NA,NA,NA,NA,NA,NA,NA,NA,NA,NA,NA,NA,NA,NA,NA,NA,NA,NA,NA,NA,NA,NA,NA,NA,NA,NA,NA,NA,NA,NA,NA,NA,NA,NA,NA,NA,NA,NA,NA,NA,NA,NA,NA,NA,NA,NA,NA,NA,NA,NA,NA,NA,NA,NA,NA,NA,NA,NA,NA,NA,NA,NA,NA,NA,NA,NA,NA,NA,NA,NA,NA,NA,NA,NA,NA,NA,NA,NA,NA,NA,NA,NA,NA,NA,NA,NA,NA,iP5eb056c7f22428c5,NA,NA,C,TRUE,FALSE,TRUE,FALSE,TRUE,TRUE,FALSE,2,1,2,1822.1833333333336,0,0,0,0,1,1,1,50,50,50,50,50,50,54,80,76,50,24,24,50,55,51,72,65,40,75,75,50,85,60,100,25,0,15,61,10,50,69,50,50,50,50,64,40,50,50,40,69,65,NA,NA,NA,NA,NA,NA,NA,NA,NA,NA,NA,NA,NA,NA,NA,NA,NA,NA,NA,NA,NA,NA,NA,NA,NA,NA,NA,NA,NA,NA,NA,NA,NA,NA,NA,NA,NA,NA,NA,NA,NA,NA,NA,NA,67,81,75,60,80,65,85,76,83,0,80,0,44,66,60,80,66,40,60,50,50,50,88,0,88,0,TRUE,FALSE,TRUE,FALSE,FALSE,FALSE,0,0,1,0,0,NA,NA,NA,NA,NA,NA,49.22222222222222,-0.9091708047841736,5,3,Rehab (3),3,2,2.5,2.25,3,1,3,3,3,3,2,1.5,1,2.5,1.75,4,2,5,4,4,TRUE,TRUE,No controls
17,842,0,R_6fChMkyoetpBNKZ,NA,NA,1,1,0,0,0,0,1,0,0,1,0,0,1,0,0,1,0,0,1,0,0,1,1,0,0,0,0,1,0,0,1,Never,Never,Sometimes,4,NA,NA,NA,NA,NA,NA,NA,NA,NA,NA,NA,NA,NA,NA,NA,NA,NA,NA,NA,NA,NA,NA,NA,NA,NA,NA,NA,NA,NA,NA,NA,NA,NA,NA,NA,NA,NA,NA,NA,NA,NA,NA,NA,NA,NA,NA,NA,NA,NA,NA,NA,NA,NA,NA,NA,NA,NA,NA,NA,NA,NA,NA,NA,NA,NA,NA,NA,NA,NA,NA,NA,NA,NA,NA,NA,NA,NA,NA,NA,NA,NA,NA,NA,NA,NA,NA,NA,NA,NA,NA,NA,NA,NA,NA,NA,NA,NA,NA,NA,NA,NA,NA,NA,NA,NA,NA,NA,NA,NA,NA,NA,NA,NA,NA,NA,NA,NA,NA,NA,NA,NA,NA,NA,NA,NA,NA,NA,NA,NA,NA,NA,NA,NA,NA,NA,NA,NA,NA,NA,NA,NA,NA,NA,NA,NA,NA,iPdb97dc1189273725,NA,NA,B,TRUE,FALSE,FALSE,FALSE,TRUE,FALSE,FALSE,1,2,1,14.033333333333331,0,0,1,1,0,0,1,80,80,80,100,100,80,50,100,90,80,80,100,50,50,100,70,84,50,50,60,50,90,84,75,100,50,15,100,100,50,50,91,80,100,50,100,50,60,84,100,80,90,NA,NA,NA,NA,NA,NA,NA,NA,NA,NA,NA,NA,NA,NA,NA,NA,NA,NA,NA,NA,NA,NA,NA,50,100,70,100,80,89,50,50,50,100,0,90,84,80,90,80,90,95,50,80,50,NA,NA,NA,NA,NA,NA,NA,NA,NA,NA,NA,NA,NA,NA,NA,NA,NA,NA,NA,NA,NA,NA,145,0,145,0,TRUE,TRUE,TRUE,FALSE,FALSE,FALSE,1,NA,1,NA,1,NA,NA,NA,NA,NA,NA,64.33333333333333,-0.12046617080912772,NA,NA,NA,NA,NA,NA,NA,NA,NA,NA,NA,NA,NA,NA,NA,NA,NA,NA,NA,NA,NA,NA,NA,TRUE,TRUE,No controls
38,6957,0,R_1QFpwpgMfhJzFMZ,NA,1,0,NA,0,1,0,1,0,0,0,1,0,0,1,0,0,1,0,0,1,0,0,1,0,1,0,0,0,1,0,0,1,Never,Rarely,Sometimes,4,1,1,2,2,2,9,10,9,10,8,7,5,4,2,3,5,3,Purple,1,2,1,4,2,3,4,5,4,6,1,1,1,2,1,3,3,1,3,4,4,5,4,1,2,1,1,1,1,1,2,2,2,2,2,2,2,2,2,NA,NA,NA,NA,NA,NA,NA,NA,NA,NA,NA,NA,NA,NA,NA,NA,NA,NA,NA,NA,NA,NA,NA,NA,NA,NA,NA,NA,NA,NA,NA,NA,NA,NA,NA,NA,NA,NA,NA,NA,NA,NA,NA,NA,NA,NA,NA,NA,NA,NA,NA,NA,NA,NA,NA,NA,NA,NA,NA,NA,NA,NA,NA,NA,NA,NA,NA,NA,NA,NA,NA,NA,NA,NA,NA,NA,NA,NA,NA,NA,NA,NA,NA,NA,NA,NA,NA,NA,NA,iP6cb169d9e218939b,NA,NA,B,TRUE,FALSE,TRUE,FALSE,TRUE,TRUE,FALSE,2,1,2,115.95,0,0,0,0,1,0,1,41,86,87,72,100,88,13,32,36,67,35,2,32,92,91,100,27,100,100,100,100,100,80,100,0,82,100,68,21,100,100,9,10,7,56,0,42,100,63,21,37,88,NA,NA,NA,NA,NA,NA,NA,NA,NA,NA,NA,NA,NA,NA,NA,NA,NA,NA,NA,NA,NA,NA,NA,38,84,95,100,53,19,25,98,0,56,32,63,100,100,98,90,100,100,0,100,74,NA,NA,NA,NA,NA,NA,NA,NA,NA,NA,NA,NA,NA,NA,NA,NA,NA,NA,NA,NA,NA,NA,88,0,88,0,TRUE,FALSE,TRUE,FALSE,FALSE,FALSE,1,NA,NA,1,NA,NA,NA,NA,NA,NA,NA,71.11111111111111,0.23329105472379777,7,1,Rehab (1),2.5,2.5,2.5,3,3,3,3,1,3,2,2,2.5,4,2.5,3.25,4,5,4,5,3,TRUE,TRUE,No controls
18,5546,0,R_7QzxzJ3RNgRtXCJ,0,0,1,0,0,1,1,0,0,0,0,1,1,0,0,0,0,1,0,0,1,0,0,1,1,0,0,0,0,1,0,0,1,Never,Never,Never,4,-99,-99,-99,-99,-99,NA,NA,NA,NA,NA,NA,NA,NA,NA,NA,NA,NA,NA,NA,NA,NA,NA,NA,NA,NA,NA,NA,NA,NA,NA,NA,NA,NA,NA,NA,NA,NA,NA,NA,NA,NA,NA,NA,NA,NA,NA,NA,NA,NA,NA,NA,NA,NA,NA,NA,NA,NA,NA,NA,NA,NA,NA,NA,NA,NA,NA,NA,NA,NA,NA,NA,NA,NA,NA,NA,NA,NA,NA,NA,NA,NA,NA,NA,NA,NA,NA,NA,NA,NA,NA,NA,NA,NA,NA,NA,NA,NA,NA,NA,NA,NA,NA,NA,NA,NA,NA,NA,NA,NA,NA,NA,NA,NA,NA,NA,NA,NA,NA,NA,NA,NA,NA,NA,NA,NA,NA,NA,NA,NA,NA,NA,NA,NA,NA,NA,NA,NA,NA,NA,NA,NA,NA,NA,NA,NA,NA,iP8b3ada6f7007f529,NA,NA,A,TRUE,FALSE,FALSE,FALSE,TRUE,FALSE,FALSE,1,2,1,92.43333333333334,0,0,0,0,1,0,1,50,50,50,50,50,50,50,50,50,50,70,0,50,50,50,50,50,50,50,50,50,50,50,50,50,50,50,50,50,50,50,50,50,50,50,50,40,50,40,40,50,50,50,50,50,50,50,50,50,50,50,50,50,50,50,50,40,50,50,50,50,50,50,50,50,NA,NA,NA,NA,NA,NA,NA,NA,NA,NA,NA,NA,NA,NA,NA,NA,NA,NA,NA,NA,NA,NA,NA,NA,NA,NA,NA,NA,NA,NA,NA,NA,NA,NA,NA,NA,NA,NA,NA,NA,NA,NA,NA,140,0,140,0,TRUE,TRUE,TRUE,FALSE,FALSE,FALSE,0,0,1,0,0,NA,NA,NA,NA,NA,NA,50,-0.8685757133295756,NA,NA,NA,NA,NA,NA,NA,NA,NA,NA,NA,NA,NA,NA,NA,NA,NA,NA,NA,NA,NA,NA,NA,TRUE,TRUE,No controls
49,25412,0,R_6gPCA7m4rRH8kE1,0,0,1,0,0,1,0,1,0,0,0,1,0,0,1,0,0,1,0,0,1,0,0,1,0,0,1,0,0,1,0,0,1,Never,Never,Rarely,4,1,1,1,1,1,9,9,10,10,10,4,3,4,4,4,1,3,purple,1,1,1,2,2,1,2,6,2,2,1,3,1,1,3,1,1,1,3,4,4,2,5,4,4,1,1,1,1,1,1,1,1,1,1,1,2,2,2,1,4,2,1,1,3,2,2,1,3,1,1,5,5,4,3,3,3,NA,NA,NA,NA,NA,NA,NA,NA,NA,NA,NA,NA,NA,NA,NA,NA,NA,NA,NA,NA,NA,NA,NA,NA,NA,NA,NA,NA,NA,NA,NA,NA,NA,NA,NA,NA,NA,NA,NA,NA,NA,NA,NA,NA,NA,NA,NA,NA,NA,NA,NA,NA,NA,NA,NA,NA,NA,NA,NA,NA,NA,NA,NA,NA,NA,NA,NA,NA,NA,NA,NA,iP34706d68545b6487,NA,NA,C,TRUE,FALSE,TRUE,FALSE,TRUE,TRUE,FALSE,2,1,2,423.53333333333336,0,0,0,0,1,1,1,100,100,100,93,100,91,75,100,91,100,100,100,90,93,83,95,95,74,19,95,45,97,97,100,6,65,93,96,70,50,96,100,100,100,41,16,39,7,8,4,67,75,NA,NA,NA,NA,NA,NA,NA,NA,NA,NA,NA,NA,NA,NA,NA,NA,NA,NA,NA,NA,NA,NA,NA,NA,NA,NA,NA,NA,NA,NA,NA,NA,NA,NA,NA,NA,NA,NA,NA,NA,NA,NA,NA,NA,93,92,89,96,96,82,93,86,75,0,100,0,57,90,95,100,100,89,84,94,100,100,70,0,70,0,TRUE,FALSE,TRUE,FALSE,FALSE,FALSE,0,0,1,0,0,NA,NA,NA,NA,NA,NA,89,1.1669781581795506,4,4,Neutral (4),2,4,3,3.75,3,2,3,3,2,3,3,2.5,2.5,4,3.25,4,4,5,5,5,TRUE,TRUE,No controls
8,417507,0,R_72sQrHs8dBAgoMu,NA,NA,NA,NA,NA,NA,NA,NA,NA,NA,NA,NA,NA,NA,NA,NA,NA,NA,NA,NA,NA,NA,NA,NA,NA,NA,NA,NA,NA,NA,NA,NA,NA,NA,NA,NA,NA,NA,NA,NA,NA,NA,NA,NA,NA,NA,NA,NA,NA,NA,NA,NA,NA,NA,NA,NA,NA,NA,NA,NA,NA,NA,NA,NA,NA,NA,NA,NA,NA,NA,NA,NA,NA,NA,NA,NA,NA,NA,NA,NA,NA,NA,NA,NA,NA,NA,NA,NA,NA,NA,NA,NA,NA,NA,NA,NA,NA,NA,NA,NA,NA,NA,NA,NA,NA,NA,NA,NA,NA,NA,NA,NA,NA,NA,NA,NA,NA,NA,NA,NA,NA,NA,NA,NA,NA,NA,NA,NA,NA,NA,NA,NA,NA,NA,NA,NA,NA,NA,NA,NA,NA,NA,NA,NA,NA,NA,NA,NA,NA,NA,NA,NA,NA,NA,NA,NA,NA,NA,NA,NA,NA,NA,NA,NA,NA,NA,NA,NA,NA,NA,NA,NA,NA,NA,NA,NA,NA,NA,NA,NA,NA,NA,NA,iP9da277626c168cd1,NA,NA,B,FALSE,FALSE,FALSE,FALSE,FALSE,FALSE,FALSE,0,3,0,6958.45,0,0,0,0,1,1,1,77,54,42,50,31,35,37,0,14,29,0,53,46,51,39,40,69,100,59,45,29,0,0,67,26,30,39,42,42,9,30,43,3,32,36,13,27,38,49,30,0,61,NA,NA,NA,NA,NA,NA,NA,NA,NA,NA,NA,NA,NA,NA,NA,NA,NA,NA,NA,NA,NA,NA,NA,8,11,58,25,50,9,10,45,0,0,0,28,55,83,76,39,40,47,46,19,0,NA,NA,NA,NA,NA,NA,NA,NA,NA,NA,NA,NA,NA,NA,NA,NA,NA,NA,NA,NA,NA,NA,182,0,182,0,TRUE,TRUE,TRUE,FALSE,FALSE,FALSE,NA,NA,NA,NA,NA,NA,NA,NA,NA,NA,NA,52.666666666666664,-0.729392542628097,NA,NA,NA,NA,NA,NA,NA,NA,NA,NA,NA,NA,NA,NA,NA,NA,NA,NA,NA,NA,NA,NA,NA,TRUE,TRUE,No controls
7,1539,0,R_5f6AHI7wQF8wS5z,NA,NA,NA,NA,NA,NA,NA,NA,NA,NA,NA,NA,NA,NA,NA,NA,NA,NA,NA,NA,NA,NA,NA,NA,NA,NA,NA,NA,NA,NA,NA,NA,NA,NA,NA,NA,NA,NA,NA,NA,NA,NA,NA,NA,NA,NA,NA,NA,NA,NA,NA,NA,NA,NA,NA,NA,NA,NA,NA,NA,NA,NA,NA,NA,NA,NA,NA,NA,NA,NA,NA,NA,NA,NA,NA,NA,NA,NA,NA,NA,NA,NA,NA,NA,NA,NA,NA,NA,NA,NA,NA,NA,NA,NA,NA,NA,NA,NA,NA,NA,NA,NA,NA,NA,NA,NA,NA,NA,NA,NA,NA,NA,NA,NA,NA,NA,NA,NA,NA,NA,NA,NA,NA,NA,NA,NA,NA,NA,NA,NA,NA,NA,NA,NA,NA,NA,NA,NA,NA,NA,NA,NA,NA,NA,NA,NA,NA,NA,NA,NA,NA,NA,NA,NA,NA,NA,NA,NA,NA,NA,NA,NA,NA,NA,NA,NA,NA,NA,NA,NA,NA,NA,NA,NA,NA,NA,NA,NA,NA,NA,NA,NA,NA,iP023df789d873cc65,NA,NA,C,FALSE,FALSE,FALSE,FALSE,FALSE,FALSE,FALSE,0,3,0,25.65,0,0,0,1,0,0,1,NA,NA,NA,NA,NA,NA,NA,NA,NA,NA,NA,NA,NA,NA,NA,NA,NA,NA,NA,NA,NA,NA,NA,NA,NA,NA,NA,NA,NA,NA,NA,NA,NA,NA,NA,NA,NA,NA,NA,NA,NA,NA,NA,NA,NA,NA,NA,NA,NA,NA,NA,NA,NA,NA,NA,NA,NA,NA,NA,NA,NA,NA,NA,NA,NA,NA,NA,NA,NA,NA,NA,NA,NA,NA,NA,NA,NA,NA,NA,NA,NA,NA,NA,NA,NA,NA,NA,NA,NA,NA,NA,NA,NA,NA,NA,NA,NA,NA,NA,NA,NA,NA,NA,NA,NA,NA,NA,NA,224,22,246,0,TRUE,TRUE,TRUE,FALSE,FALSE,FALSE,NA,NA,NA,NA,NA,NA,NA,NA,NA,NA,NA,NA,NA,NA,NA,NA,NA,NA,NA,NA,NA,NA,NA,NA,NA,NA,NA,NA,NA,NA,NA,NA,NA,NA,NA,NA,TRUE,TRUE,No controls
